part,config,rep,value
X1_rate,m150,0,0.029473782254978875
X1_rate,m150,1,0.031092900650667055
X1_rate,m150,2,0.023831877698131
X1_rate,m150,3,0.01621957448208944
X1_rate,m150,4,0.027814251013904556
X1_rate,m150,5,0.021574357511677356
X1_rate,m150,6,0.03249185064088511
X1_rate,m150,7,0.008646449935297618
X1_rate,m150,8,0.02635131113025002
X1_rate,m150,9,0.02413434517006774
X1_rate,m150,10,0.021933735033972557
X1_rate,m150,11,0.02069902097833154
X1_rate,m150,12,0.014549467824243933
X1_rate,m150,13,0.015767576710193687
X1_rate,m150,14,0.02464927537712347
X1_rate,m150,15,0.022768943635285588
X1_rate,m150,16,0.027598659528070613
X1_rate,m150,17,0.01692421258019472
X1_rate,m150,18,0.020962035788995692
X1_rate,m150,19,0.030457587983823142
X1_rate,m150,20,0.025470435546646186
X1_rate,m150,21,0.0224523220091144
X1_rate,m150,22,0.024374329696722707
X1_rate,m150,23,0.03684037151269903
X1_rate,m150,24,0.011434952400156906
X1_rate,m150,25,0.017796751000727085
X1_rate,m150,26,0.01153794652667317
X1_rate,m150,27,0.019248975730509876
X1_rate,m150,28,0.0233574596343038
X1_rate,m150,29,0.025771250097627707
X1_rate,m150,30,0.017850093892916696
X1_rate,m150,31,0.020736167221454327
X1_rate,m150,32,0.019746306714953032
X1_rate,m150,33,0.031746914077571464
X1_rate,m150,34,0.018571669863314266
X1_rate,m150,35,0.02607629848211923
X1_rate,m150,36,0.021295807938354283
X1_rate,m150,37,0.020617995049739157
X1_rate,m150,38,0.01957248754591756
X1_rate,m150,39,0.016565573503675157
X1_rate,m150,40,0.02739819366566998
X1_rate,m150,41,0.025692807180702548
X1_rate,m150,42,0.02722989662112818
X1_rate,m150,43,0.01587455215698519
X1_rate,m150,44,0.02652029271456291
X1_rate,m150,45,0.014773025219688485
X1_rate,m150,46,0.019548054866040943
X1_rate,m150,47,0.018854528274728555
X1_rate,m150,48,0.02598989491215198
X1_rate,m150,49,0.017569028373030537
X1_rate,m150,50,0.02357013626542237
X1_rate,m150,51,0.03550257892953068
X1_rate,m150,52,0.017799758240194752
X1_rate,m150,53,0.010509414749522161
X1_rate,m150,54,0.02189540389811029
X1_rate,m150,55,0.01408747272717914
X1_rate,m150,56,0.011809104445041019
X1_rate,m150,57,0.017374006587214552
X1_rate,m150,58,0.010465881602678806
X1_rate,m150,59,0.018942691124722355
X1_rate,m150,60,0.030462755244492712
X1_rate,m150,61,0.02448019485832642
X1_rate,m150,62,0.016649164344654466
X1_rate,m150,63,0.015456219042126573
X1_rate,m150,64,0.017969079728243464
X1_rate,m150,65,0.017627360989552532
X1_rate,m150,66,0.014610932044202496
X1_rate,m150,67,0.018306504693454517
X1_rate,m150,68,0.010235542273582698
X1_rate,m150,69,0.01822371711376869
X1_rate,m150,70,0.016137120290430573
X1_rate,m150,71,0.021970887485893265
X1_rate,m150,72,0.024208278135279038
X1_rate,m150,73,0.01932227843374168
X1_rate,m150,74,0.021326072047437084
X1_rate,m150,75,0.020153373368592575
X1_rate,m150,76,0.019422205334938436
X1_rate,m150,77,0.01769261444183412
X1_rate,m150,78,0.027007846506027722
X1_rate,m150,79,0.01537847771080525
X1_rate,m150,80,0.010386901959780648
X1_rate,m150,81,0.024376164813966206
X1_rate,m150,82,0.014493184462891495
X1_rate,m150,83,0.025757079471781186
X1_rate,m150,84,0.02293391746707618
X1_rate,m150,85,0.025047894969870033
X1_rate,m150,86,0.03464622444989063
X1_rate,m150,87,0.03727529166837584
X1_rate,m150,88,0.025744939899134955
X1_rate,m150,89,0.02381364941692654
X1_rate,m150,90,0.01941735938440292
X1_rate,m150,91,0.023029702907573224
X1_rate,m150,92,0.021708378284625685
X1_rate,m150,93,0.03023020981268587
X1_rate,m150,94,0.030166011673971926
X1_rate,m150,95,0.03164820821228975
X1_rate,m150,96,0.031208772616883262
X1_rate,m150,97,0.016944391927053104
X1_rate,m150,98,0.013384697751941843
X1_rate,m150,99,0.011605081994533695
X1_rate,m150,100,0.03630166606783458
X1_rate,m150,101,0.020049401076604578
X1_rate,m150,102,0.01924516234897755
X1_rate,m150,103,0.015209984848610691
X1_rate,m150,104,0.020995442358494376
X1_rate,m150,105,0.01763651674266642
X1_rate,m150,106,0.013339261604897068
X1_rate,m150,107,0.020656610853903246
X1_rate,m150,108,0.01781476399885573
X1_rate,m150,109,0.019271065460980452
X1_rate,m150,110,0.023506054861750503
X1_rate,m150,111,0.027613022845714763
X1_rate,m150,112,0.030041155241296913
X1_rate,m150,113,0.02786071411268143
X1_rate,m150,114,0.020753458534305658
X1_rate,m150,115,0.02932888931858102
X1_rate,m150,116,0.015153928526983051
X1_rate,m150,117,0.02047502789008071
X1_rate,m150,118,0.01507516403953435
X1_rate,m150,119,0.025262597901885897
X1_rate,m150,120,0.01943165823671844
X1_rate,m150,121,0.01617321424728546
X1_rate,m150,122,0.01717176683369681
X1_rate,m150,123,0.017497252279005338
X1_rate,m150,124,0.016661444569473716
X1_rate,m150,125,0.01943900824854694
X1_rate,m150,126,0.01949853784975275
X1_rate,m150,127,0.01778382811255863
X1_rate,m150,128,0.011049659448899796
X1_rate,m150,129,0.02672663915227469
X1_rate,m150,130,0.02422542148468132
X1_rate,m150,131,0.01597127489652106
X1_rate,m150,132,0.02195310132715056
X1_rate,m150,133,0.012154475486418459
X1_rate,m150,134,0.019561388235055155
X1_rate,m150,135,0.01899851801298791
X1_rate,m150,136,0.019128924430954708
X1_rate,m150,137,0.023221747507808477
X1_rate,m150,138,0.024049226319137418
X1_rate,m150,139,0.023628344256767075
X1_rate,m150,140,0.024168932227913054
X1_rate,m150,141,0.017406434770760093
X1_rate,m150,142,0.02645921556262154
X1_rate,m150,143,0.010285086910355457
X1_rate,m150,144,0.019332246777709727
X1_rate,m150,145,0.020155695490010395
X1_rate,m150,146,0.017461125224249585
X1_rate,m150,147,0.024237782971711752
X1_rate,m150,148,0.017816679482710818
X1_rate,m150,149,0.013583836450034692
X1_rate,m150,150,0.020919037391618822
X1_rate,m150,151,0.0130617043256267
X1_rate,m150,152,0.020321621138016166
X1_rate,m150,153,0.02470750502959307
X1_rate,m150,154,0.024140249946648762
X1_rate,m150,155,0.010000851587049109
X1_rate,m150,156,0.01713030745716093
X1_rate,m150,157,0.03232493892841104
X1_rate,m150,158,0.02590797555905322
X1_rate,m150,159,0.01938252356717074
X1_rate,m150,160,0.022795568748708916
X1_rate,m150,161,0.022969736224402126
X1_rate,m150,162,0.01861500561993612
X1_rate,m150,163,0.023438588402488136
X1_rate,m150,164,0.021484395802820355
X1_rate,m150,165,0.019254918014938838
X1_rate,m150,166,0.014964869889366739
X1_rate,m150,167,0.01918966473338024
X1_rate,m150,168,0.022885889372657786
X1_rate,m150,169,0.0248081667422011
X1_rate,m150,170,0.028168915390630822
X1_rate,m150,171,0.03895561492700228
X1_rate,m150,172,0.02005841329388014
X1_rate,m150,173,0.026267760236906135
X1_rate,m150,174,0.03024847695347166
X1_rate,m150,175,0.023350175512739213
X1_rate,m150,176,0.03370286943717149
X1_rate,m150,177,0.016661716668837645
X1_rate,m150,178,0.026040772240880194
X1_rate,m150,179,0.017786916306289147
X1_rate,m150,180,0.023381218282631178
X1_rate,m150,181,0.013154146663621802
X1_rate,m150,182,0.01763154904182418
X1_rate,m150,183,0.032092381771007705
X1_rate,m150,184,0.02414414237683493
X1_rate,m150,185,0.011587318270001923
X1_rate,m150,186,0.029054257469128597
X1_rate,m150,187,0.016158060110689654
X1_rate,m150,188,0.011612776557573312
X1_rate,m150,189,0.021308296630559553
X1_rate,m150,190,0.015445299217489161
X1_rate,m150,191,0.027885499364923128
X1_rate,m150,192,0.02790594664515922
X1_rate,m150,193,0.025296965812388272
X1_rate,m150,194,0.025071829401429824
X1_rate,m150,195,0.032544193418344136
X1_rate,m150,196,0.020067047730606635
X1_rate,m150,197,0.02977404755380242
X1_rate,m150,198,0.017364696728642937
X1_rate,m150,199,0.0284824035180411
X1_rate,m150,200,0.021448858503474
X1_rate,m150,201,0.02160033913949455
X1_rate,m150,202,0.02412203499023846
X1_rate,m150,203,0.01577201526695049
X1_rate,m150,204,0.0364391119565064
X1_rate,m150,205,0.02336903174147631
X1_rate,m150,206,0.013964611352045964
X1_rate,m150,207,0.014219975077869318
X1_rate,m150,208,0.03479158137519356
X1_rate,m150,209,0.015618887401636972
X1_rate,m150,210,0.022096591162161783
X1_rate,m150,211,0.018758448498871427
X1_rate,m150,212,0.018453826058600242
X1_rate,m150,213,0.0161196998395714
X1_rate,m150,214,0.032220062041092845
X1_rate,m150,215,0.023812329314158998
X1_rate,m150,216,0.03281152784920449
X1_rate,m150,217,0.02408579994350024
X1_rate,m150,218,0.016078673250941478
X1_rate,m150,219,0.019256353316829067
X1_rate,m150,220,0.030453157809711584
X1_rate,m150,221,0.02453902276463671
X1_rate,m150,222,0.029862619725394612
X1_rate,m150,223,0.022882310516051607
X1_rate,m150,224,0.018819812082571552
X1_rate,m150,225,0.01334060438200435
X1_rate,m150,226,0.016718778792929267
X1_rate,m150,227,0.027817255436757282
X1_rate,m150,228,0.01980684196614213
X1_rate,m150,229,0.025705663015902935
X1_rate,m150,230,0.013591592163672672
X1_rate,m150,231,0.027421856437912506
X1_rate,m150,232,0.019258734491562013
X1_rate,m150,233,0.02450719470320184
X1_rate,m150,234,0.025390226363901203
X1_rate,m150,235,0.01985019210966943
X1_rate,m150,236,0.019054499010108916
X1_rate,m150,237,0.026318819150549455
X1_rate,m150,238,0.012677512645999922
X1_rate,m150,239,0.012296075437949305
X1_rate,m150,240,0.024948239281614715
X1_rate,m150,241,0.014345604644049104
X1_rate,m150,242,0.022537348748700392
X1_rate,m150,243,0.013193829665964163
X1_rate,m150,244,0.013198958352764745
X1_rate,m150,245,0.03509930584002241
X1_rate,m150,246,0.029960146680253708
X1_rate,m150,247,0.02049961406361689
X1_rate,m150,248,0.03192240961354775
X1_rate,m150,249,0.006773248131880738
X1_rate,m150,250,0.015565015247850589
X1_rate,m150,251,0.013716421863568584
X1_rate,m150,252,0.026040452231967937
X1_rate,m150,253,0.02507074337986248
X1_rate,m150,254,0.014709855563014518
X1_rate,m150,255,0.013987164644805095
X1_rate,m150,256,0.015533395907895375
X1_rate,m150,257,0.030144583397718083
X1_rate,m150,258,0.017535099245263197
X1_rate,m150,259,0.021171053835443487
X1_rate,m150,260,0.015737193132114857
X1_rate,m150,261,0.019547571318731638
X1_rate,m150,262,0.027662010303057816
X1_rate,m150,263,0.015151821141467181
X1_rate,m150,264,0.018126490874345258
X1_rate,m150,265,0.031050573504322276
X1_rate,m150,266,0.026321672828338194
X1_rate,m150,267,0.03079578517356918
X1_rate,m150,268,0.012493570197192216
X1_rate,m150,269,0.019269758096746692
X1_rate,m150,270,0.015380231184314308
X1_rate,m150,271,0.02434018288919715
X1_rate,m150,272,0.020011359372322346
X1_rate,m150,273,0.019264084340778087
X1_rate,m150,274,0.03533004302119869
X1_rate,m150,275,0.023724985300197954
X1_rate,m150,276,0.01358326567344692
X1_rate,m150,277,0.02069552432752353
X1_rate,m150,278,0.02273317647878237
X1_rate,m150,279,0.014695798471317634
X1_rate,m150,280,0.016774233507530933
X1_rate,m150,281,0.009077664922417572
X1_rate,m150,282,0.016916198021792894
X1_rate,m150,283,0.024405671086250802
X1_rate,m150,284,0.013289552484341716
X1_rate,m150,285,0.021984859673547685
X1_rate,m150,286,0.016682255568288618
X1_rate,m150,287,0.018665672386431353
X1_rate,m150,288,0.020977868413901035
X1_rate,m150,289,0.028707698358423794
X1_rate,m150,290,0.01972950797863149
X1_rate,m150,291,0.020358123886800694
X1_rate,m150,292,0.014106674485798276
X1_rate,m150,293,0.016544540009802766
X1_rate,m150,294,0.028719487987936443
X1_rate,m150,295,0.03753163593294451
X1_rate,m150,296,0.02298008315462452
X1_rate,m150,297,0.01443164733339275
X1_rate,m150,298,0.013205148535626599
X1_rate,m150,299,0.017252358702451787
X1_rate,m150,300,0.009540169277908905
X1_rate,m150,301,0.029670223903902837
X1_rate,m150,302,0.03166595598583344
X1_rate,m150,303,0.028775012306644143
X1_rate,m150,304,0.014237735515219896
X1_rate,m150,305,0.023652463891367326
X1_rate,m150,306,0.008826876555203977
X1_rate,m150,307,0.020082591471545452
X1_rate,m150,308,0.03868773780490642
X1_rate,m150,309,0.01793118369213831
X1_rate,m150,310,0.01814340403036674
X1_rate,m150,311,0.028176590223621734
X1_rate,m150,312,0.016926320378944038
X1_rate,m150,313,0.02291417690559605
X1_rate,m150,314,0.03272994130948126
X1_rate,m150,315,0.026838793423299645
X1_rate,m150,316,0.014192135574172315
X1_rate,m150,317,0.018773201286886643
X1_rate,m150,318,0.022891708286862045
X1_rate,m150,319,0.02589535997194492
X1_rate,m150,320,0.02307995011242081
X1_rate,m150,321,0.016354482029063533
X1_rate,m150,322,0.010224385365703803
X1_rate,m150,323,0.02439715421904065
X1_rate,m150,324,0.03007053717490482
X1_rate,m150,325,0.017821231636088175
X1_rate,m150,326,0.023742668047399107
X1_rate,m150,327,0.01371611416498375
X1_rate,m150,328,0.01288620392901585
X1_rate,m150,329,0.011305110349114855
X1_rate,m150,330,0.02839138378810313
X1_rate,m150,331,0.013968982638337124
X1_rate,m150,332,0.02125056156106364
X1_rate,m150,333,0.028902782016651862
X1_rate,m150,334,0.03033678952331398
X1_rate,m150,335,0.03860524883968397
X1_rate,m150,336,0.026436043967719147
X1_rate,m150,337,0.020150447429791996
X1_rate,m150,338,0.009009728828676344
X1_rate,m150,339,0.027350695011850057
X1_rate,m150,340,0.020904321298701678
X1_rate,m150,341,0.015456581441573913
X1_rate,m150,342,0.012815738888876549
X1_rate,m150,343,0.02518808146122442
X1_rate,m150,344,0.023388263670585108
X1_rate,m150,345,0.015752205917019424
X1_rate,m150,346,0.019166631640651133
X1_rate,m150,347,0.01514312436305687
X1_rate,m150,348,0.03001744326292277
X1_rate,m150,349,0.015157417491892033
X1_rate,m150,350,0.010946142613400323
X1_rate,m150,351,0.014883865423306553
X1_rate,m150,352,0.03360336348040294
X1_rate,m150,353,0.02363550706563533
X1_rate,m150,354,0.02968913791984651
X1_rate,m150,355,0.03458072703349746
X1_rate,m150,356,0.017741936117392942
X1_rate,m150,357,0.014845909981274552
X1_rate,m150,358,0.02649524467729414
X1_rate,m150,359,0.014956950710315553
X1_rate,m150,360,0.017461134686201696
X1_rate,m150,361,0.040601537730595716
X1_rate,m150,362,0.016509349789882943
X1_rate,m150,363,0.021372290334444877
X1_rate,m150,364,0.023410054721646034
X1_rate,m150,365,0.03172543611152845
X1_rate,m150,366,0.01855049822138044
X1_rate,m150,367,0.017113707488876972
X1_rate,m150,368,0.012412821346147407
X1_rate,m150,369,0.018164361524330097
X1_rate,m150,370,0.015036070523096523
X1_rate,m150,371,0.02378780632799815
X1_rate,m150,372,0.0413465032748328
X1_rate,m150,373,0.01995452382486107
X1_rate,m150,374,0.01833962307912662
X1_rate,m150,375,0.017932882369399383
X1_rate,m150,376,0.017167066581608825
X1_rate,m150,377,0.019055266087282252
X1_rate,m150,378,0.021943614381475296
X1_rate,m150,379,0.017355309816921682
X1_rate,m150,380,0.022971891568700276
X1_rate,m150,381,0.020194635361062918
X1_rate,m150,382,0.020672963480276696
X1_rate,m150,383,0.02049879639719787
X1_rate,m150,384,0.009297973586304131
X1_rate,m150,385,0.020045509823899188
X1_rate,m150,386,0.020537018487912118
X1_rate,m150,387,0.017683739845590463
X1_rate,m150,388,0.02805646322324451
X1_rate,m150,389,0.014307510764555609
X1_rate,m150,390,0.02207813278379067
X1_rate,m150,391,0.021092033788370212
X1_rate,m150,392,0.016980602535579425
X1_rate,m150,393,0.02186341752806964
X1_rate,m150,394,0.022305800680518573
X1_rate,m150,395,0.013225855776914042
X1_rate,m150,396,0.011086515288944554
X1_rate,m150,397,0.01740793953616393
X1_rate,m150,398,0.025936421161534717
X1_rate,m150,399,0.013423359359734821
X1_rate,m150,400,0.016859031020850956
X1_rate,m150,401,0.02181426401139186
X1_rate,m150,402,0.025763546865188225
X1_rate,m150,403,0.015471932047117054
X1_rate,m150,404,0.025097792616697312
X1_rate,m150,405,0.02815901807344945
X1_rate,m150,406,0.010839021774992741
X1_rate,m150,407,0.015326142979932733
X1_rate,m150,408,0.019615663245518
X1_rate,m150,409,0.020103567425861613
X1_rate,m150,410,0.013322268305789642
X1_rate,m150,411,0.017526909280234815
X1_rate,m150,412,0.011729641432839166
X1_rate,m150,413,0.0198147787280889
X1_rate,m150,414,0.024115281501608354
X1_rate,m150,415,0.020938334514612578
X1_rate,m150,416,0.012917343164115191
X1_rate,m150,417,0.013355081199302177
X1_rate,m150,418,0.03229328898567685
X1_rate,m150,419,0.018988373474521758
X1_rate,m150,420,0.037521096784983055
X1_rate,m150,421,0.028213425735855058
X1_rate,m150,422,0.03400457630937881
X1_rate,m150,423,0.028239311276731627
X1_rate,m150,424,0.019349689934888836
X1_rate,m150,425,0.0219663425747747
X1_rate,m150,426,0.011644086262712072
X1_rate,m150,427,0.022107732284396775
X1_rate,m150,428,0.018986590493237365
X1_rate,m150,429,0.01278010823373954
X1_rate,m150,430,0.017395679416829513
X1_rate,m150,431,0.022187805794678717
X1_rate,m150,432,0.016182040859778812
X1_rate,m150,433,0.01961650783973523
X1_rate,m150,434,0.02032114081888592
X1_rate,m150,435,0.02991850340435276
X1_rate,m150,436,0.022129079981980215
X1_rate,m150,437,0.03044717348852677
X1_rate,m150,438,0.020382340816702538
X1_rate,m150,439,0.01860349693091834
X1_rate,m150,440,0.01470374765327076
X1_rate,m150,441,0.02796413788019958
X1_rate,m150,442,0.0272914378757112
X1_rate,m150,443,0.013850110644376024
X1_rate,m150,444,0.021845822055887698
X1_rate,m150,445,0.016208806838113876
X1_rate,m150,446,0.02436711842640804
X1_rate,m150,447,0.014055574349282729
X1_rate,m150,448,0.03108151911141821
X1_rate,m150,449,0.019775665620675564
X1_rate,m150,450,0.023090135059830708
X1_rate,m150,451,0.02431647884085608
X1_rate,m150,452,0.013659929494818535
X1_rate,m150,453,0.027118921093381765
X1_rate,m150,454,0.014477534291908345
X1_rate,m150,455,0.019596965043802594
X1_rate,m150,456,0.023766004439864652
X1_rate,m150,457,0.021230636829248084
X1_rate,m150,458,0.026458961251155877
X1_rate,m150,459,0.02530034790530733
X1_rate,m150,460,0.018782321945848057
X1_rate,m150,461,0.021005502104737506
X1_rate,m150,462,0.013863864163783823
X1_rate,m150,463,0.03213741326705977
X1_rate,m150,464,0.022172420609428034
X1_rate,m150,465,0.01813687215746862
X1_rate,m150,466,0.011577744558228353
X1_rate,m150,467,0.047122868330102374
X1_rate,m150,468,0.028189321199059147
X1_rate,m150,469,0.017953874077037302
X1_rate,m150,470,0.020783620260624414
X1_rate,m150,471,0.011956283440740734
X1_rate,m150,472,0.01865383687102984
X1_rate,m150,473,0.021208383937874054
X1_rate,m150,474,0.01252342540711604
X1_rate,m150,475,0.024394071719552102
X1_rate,m150,476,0.02376360548081946
X1_rate,m150,477,0.02466296146658431
X1_rate,m150,478,0.026848043154678702
X1_rate,m150,479,0.025392008690456436
X1_rate,m150,480,0.025508026380645088
X1_rate,m150,481,0.035651314326489825
X1_rate,m150,482,0.025556753860557446
X1_rate,m150,483,0.020678422717526956
X1_rate,m150,484,0.02713193140369441
X1_rate,m150,485,0.034929433619831585
X1_rate,m150,486,0.014227431222654019
X1_rate,m150,487,0.02161117369425547
X1_rate,m150,488,0.013947525705705122
X1_rate,m150,489,0.023546423856096066
X1_rate,m150,490,0.02504193092469187
X1_rate,m150,491,0.01675731911685574
X1_rate,m150,492,0.019043073247285935
X1_rate,m150,493,0.01810648573071294
X1_rate,m150,494,0.01730720320255319
X1_rate,m150,495,0.023292291823952205
X1_rate,m150,496,0.014375490937486912
X1_rate,m150,497,0.029623580211294076
X1_rate,m150,498,0.02227657744972067
X1_rate,m150,499,0.01880381367221773
X1_rate,m150,500,0.014671833004161972
X1_rate,m150,501,0.009835089131513985
X1_rate,m150,502,0.021473439102897007
X1_rate,m150,503,0.02721992461715228
X1_rate,m150,504,0.018578053503371716
X1_rate,m150,505,0.023787912365710984
X1_rate,m150,506,0.013141219698436402
X1_rate,m150,507,0.025355449881887093
X1_rate,m150,508,0.013976975091365862
X1_rate,m150,509,0.019043108670032893
X1_rate,m150,510,0.012839935833705685
X1_rate,m150,511,0.020579898566878363
X1_rate,m150,512,0.015215548650285626
X1_rate,m150,513,0.028081451136034552
X1_rate,m150,514,0.015258932388253044
X1_rate,m150,515,0.022652614552400863
X1_rate,m150,516,0.027276536094552384
X1_rate,m150,517,0.01254878780222235
X1_rate,m150,518,0.010535153888949988
X1_rate,m150,519,0.029422677556824706
X1_rate,m150,520,0.025207435506157783
X1_rate,m150,521,0.020671511069177306
X1_rate,m150,522,0.020656411726996282
X1_rate,m150,523,0.022404277302549236
X1_rate,m150,524,0.014266013159700996
X1_rate,m150,525,0.018451721926226128
X1_rate,m150,526,0.014302023947359466
X1_rate,m150,527,0.02254539084024465
X1_rate,m150,528,0.0479164429702279
X1_rate,m150,529,0.016112860221926706
X1_rate,m150,530,0.01456580576013522
X1_rate,m150,531,0.019918864885212884
X1_rate,m150,532,0.02431626847058599
X1_rate,m150,533,0.02670589525507605
X1_rate,m150,534,0.02145160008638891
X1_rate,m150,535,0.014756772569910037
X1_rate,m150,536,0.02132610743795471
X1_rate,m150,537,0.01602573569700727
X1_rate,m150,538,0.02607660198692585
X1_rate,m150,539,0.018711495922192345
X1_rate,m150,540,0.010722737271194216
X1_rate,m150,541,0.01406447518041487
X1_rate,m150,542,0.01314355350540275
X1_rate,m150,543,0.02746874573387359
X1_rate,m150,544,0.024856659068062115
X1_rate,m150,545,0.010845008474271722
X1_rate,m150,546,0.017862092499647098
X1_rate,m150,547,0.016074318494757378
X1_rate,m150,548,0.021178308201435403
X1_rate,m150,549,0.024524333819568866
X1_rate,m150,550,0.020793585651635027
X1_rate,m150,551,0.01769882831209202
X1_rate,m150,552,0.02666587341117399
X1_rate,m150,553,0.02632646317376075
X1_rate,m150,554,0.020645707404691294
X1_rate,m150,555,0.015081805703246243
X1_rate,m150,556,0.03148419728164864
X1_rate,m150,557,0.032305944796668484
X1_rate,m150,558,0.03184809651408438
X1_rate,m150,559,0.00973543820929157
X1_rate,m150,560,0.027189299863021876
X1_rate,m150,561,0.026531544559195375
X1_rate,m150,562,0.029221295174060913
X1_rate,m150,563,0.011397166161066341
X1_rate,m150,564,0.02375517544316219
X1_rate,m150,565,0.009626546986821527
X1_rate,m150,566,0.022174793564032846
X1_rate,m150,567,0.02793734312163254
X1_rate,m150,568,0.015371664165676258
X1_rate,m150,569,0.01865937705917231
X1_rate,m150,570,0.022547563307565355
X1_rate,m150,571,0.022837395562861573
X1_rate,m150,572,0.012354828898375914
X1_rate,m150,573,0.02278067852530352
X1_rate,m150,574,0.013174710454588734
X1_rate,m150,575,0.018840086005629253
X1_rate,m150,576,0.01602619200448574
X1_rate,m150,577,0.02634885012270516
X1_rate,m150,578,0.020467772801780804
X1_rate,m150,579,0.022249087005376644
X1_rate,m150,580,0.013966118491816726
X1_rate,m150,581,0.022745066320674745
X1_rate,m150,582,0.019915267798255254
X1_rate,m150,583,0.013103876420373695
X1_rate,m150,584,0.013089107553551749
X1_rate,m150,585,0.023322744301175646
X1_rate,m150,586,0.014781636712233759
X1_rate,m150,587,0.017014420584852363
X1_rate,m150,588,0.02134903463344484
X1_rate,m150,589,0.0212357426310259
X1_rate,m150,590,0.024850559178067666
X1_rate,m150,591,0.02318430360472501
X1_rate,m150,592,0.010824890380665142
X1_rate,m150,593,0.02020840674905955
X1_rate,m150,594,0.046859826132197746
X1_rate,m150,595,0.023927348438698814
X1_rate,m150,596,0.02188759000053686
X1_rate,m150,597,0.021929611043363106
X1_rate,m150,598,0.01598539234832863
X1_rate,m150,599,0.017205159340397458
X1_rate,m600,0,0.0037993372035960427
X1_rate,m600,1,0.007797547794100801
X1_rate,m600,2,0.002721346356910903
X1_rate,m600,3,0.0042530077128297705
X1_rate,m600,4,0.006468084594255963
X1_rate,m600,5,0.0024223262129581258
X1_rate,m600,6,0.004143574169526598
X1_rate,m600,7,0.0031110913403860074
X1_rate,m600,8,0.0026120057161560517
X1_rate,m600,9,0.006655880723426488
X1_rate,m600,10,0.004771972785084344
X1_rate,m600,11,0.006283785104667761
X1_rate,m600,12,0.0035292390211876246
X1_rate,m600,13,0.0099252077012002
X1_rate,m600,14,0.003681472621716253
X1_rate,m600,15,0.006046091455098601
X1_rate,m600,16,0.007316687520938281
X1_rate,m600,17,0.0061993129386479495
X1_rate,m600,18,0.006004963696323085
X1_rate,m600,19,0.0072470021993482625
X1_rate,m600,20,0.004974325514576439
X1_rate,m600,21,0.004906580384037795
X1_rate,m600,22,0.00576232146862532
X1_rate,m600,23,0.009284096482874649
X1_rate,m600,24,0.003402250804015239
X1_rate,m600,25,0.0070533863181516665
X1_rate,m600,26,0.003762821171527264
X1_rate,m600,27,0.0027144666205902723
X1_rate,m600,28,0.005999273809566219
X1_rate,m600,29,0.004653957328161429
X1_rate,m600,30,0.004041424222112955
X1_rate,m600,31,0.005415415978478055
X1_rate,m600,32,0.0024099828153265612
X1_rate,m600,33,0.00470300412483704
X1_rate,m600,34,0.002731809423951681
X1_rate,m600,35,0.006650720221997641
X1_rate,m600,36,0.004610948252186109
X1_rate,m600,37,0.0027229757373299357
X1_rate,m600,38,0.007850178527901708
X1_rate,m600,39,0.00837921331025493
X1_rate,m600,40,0.008302488907364847
X1_rate,m600,41,0.005823342230635742
X1_rate,m600,42,0.0028731619378228324
X1_rate,m600,43,0.0033376622628593644
X1_rate,m600,44,0.0053589786467989065
X1_rate,m600,45,0.009047811582813647
X1_rate,m600,46,0.006362348665428286
X1_rate,m600,47,0.005224802338331003
X1_rate,m600,48,0.0036088768589381814
X1_rate,m600,49,0.008645552172324322
X1_rate,m600,50,0.004216039030417118
X1_rate,m600,51,0.003458727523019789
X1_rate,m600,52,0.005455867259560598
X1_rate,m600,53,0.003512307550735727
X1_rate,m600,54,0.007100837626162981
X1_rate,m600,55,0.0038290505474085634
X1_rate,m600,56,0.006768570202060786
X1_rate,m600,57,0.0034999103634199002
X1_rate,m600,58,0.0037179266983469184
X1_rate,m600,59,0.0032613504242711144
X1_rate,m600,60,0.002380801505690311
X1_rate,m600,61,0.00602479951656365
X1_rate,m600,62,0.005380252980388356
X1_rate,m600,63,0.00783099486207206
X1_rate,m600,64,0.0031997038479119055
X1_rate,m600,65,0.004299528699592603
X1_rate,m600,66,0.007443520174415852
X1_rate,m600,67,0.005176620691998313
X1_rate,m600,68,0.00814843909161933
X1_rate,m600,69,0.005248911619601948
X1_rate,m600,70,0.006040069712149432
X1_rate,m600,71,0.011255139686982218
X1_rate,m600,72,0.006770872564465069
X1_rate,m600,73,0.005852934494665618
X1_rate,m600,74,0.006097366752138456
X1_rate,m600,75,0.005962667215250406
X1_rate,m600,76,0.0032277994521701103
X1_rate,m600,77,0.005881769502241951
X1_rate,m600,78,0.0022778318131937425
X1_rate,m600,79,0.004417647574526562
X1_rate,m600,80,0.005149557905791635
X1_rate,m600,81,0.004457372422278727
X1_rate,m600,82,0.006812300900706614
X1_rate,m600,83,0.00669867450128292
X1_rate,m600,84,0.006059337347679605
X1_rate,m600,85,0.007097045221543308
X1_rate,m600,86,0.006702398512698604
X1_rate,m600,87,0.006638138304392083
X1_rate,m600,88,0.0037040089668733955
X1_rate,m600,89,0.0038594454962588287
X1_rate,m600,90,0.006200723480827897
X1_rate,m600,91,0.004951004807089543
X1_rate,m600,92,0.007945246127344596
X1_rate,m600,93,0.005276086374208067
X1_rate,m600,94,0.0029621807261941413
X1_rate,m600,95,0.006840750507912219
X1_rate,m600,96,0.007154366008430557
X1_rate,m600,97,0.005559871784516446
X1_rate,m600,98,0.004009800422422938
X1_rate,m600,99,0.0035976428120725323
X1_rate,m600,100,0.007986031252160242
X1_rate,m600,101,0.002631981422327012
X1_rate,m600,102,0.004993314169923657
X1_rate,m600,103,0.007262673627331129
X1_rate,m600,104,0.00522221713334492
X1_rate,m600,105,0.0063474133492640306
X1_rate,m600,106,0.005540186659009905
X1_rate,m600,107,0.002908981461987814
X1_rate,m600,108,0.00447418452701287
X1_rate,m600,109,0.005870285421317067
X1_rate,m600,110,0.005517943365160427
X1_rate,m600,111,0.004837960500601923
X1_rate,m600,112,0.006472864107816445
X1_rate,m600,113,0.00939355198711489
X1_rate,m600,114,0.004646866788111659
X1_rate,m600,115,0.005413923258471787
X1_rate,m600,116,0.0063381140071792075
X1_rate,m600,117,0.0069116178563928266
X1_rate,m600,118,0.0064653195121975315
X1_rate,m600,119,0.004676411540785352
X1_rate,m600,120,0.005034787894834025
X1_rate,m600,121,0.00855204171853341
X1_rate,m600,122,0.004394096499350297
X1_rate,m600,123,0.004183626881261837
X1_rate,m600,124,0.004123279498376764
X1_rate,m600,125,0.006485526544354858
X1_rate,m600,126,0.005286330667222838
X1_rate,m600,127,0.005571124322976129
X1_rate,m600,128,0.0044785214427331965
X1_rate,m600,129,0.005088787217877755
X1_rate,m600,130,0.00583061400023821
X1_rate,m600,131,0.0064318308087703
X1_rate,m600,132,0.005858227654062631
X1_rate,m600,133,0.006870887213688892
X1_rate,m600,134,0.0065605275127160745
X1_rate,m600,135,0.0034140251642909014
X1_rate,m600,136,0.005931672122474918
X1_rate,m600,137,0.006984113103961853
X1_rate,m600,138,0.005380756585920743
X1_rate,m600,139,0.0034852901096615874
X1_rate,m600,140,0.004272078342898222
X1_rate,m600,141,0.00434177182555473
X1_rate,m600,142,0.00489157019073394
X1_rate,m600,143,0.004618671558591192
X1_rate,m600,144,0.003285622863342219
X1_rate,m600,145,0.003264298806449073
X1_rate,m600,146,0.004157040248969679
X1_rate,m600,147,0.006081130046744487
X1_rate,m600,148,0.006392287939807506
X1_rate,m600,149,0.002311464819812592
X1_rate,m600,150,0.0035707195198164676
X1_rate,m600,151,0.004295936675804413
X1_rate,m600,152,0.0034536878944160243
X1_rate,m600,153,0.0042445801860200305
X1_rate,m600,154,0.004501616283497878
X1_rate,m600,155,0.005005287837251515
X1_rate,m600,156,0.0047554223123085215
X1_rate,m600,157,0.01058083453964409
X1_rate,m600,158,0.004028151797559332
X1_rate,m600,159,0.0055512539237119185
X1_rate,m600,160,0.005062448156848198
X1_rate,m600,161,0.00536385622629032
X1_rate,m600,162,0.00476739401507853
X1_rate,m600,163,0.00375698561667015
X1_rate,m600,164,0.004649195871184286
X1_rate,m600,165,0.004236043155561475
X1_rate,m600,166,0.004416756196281124
X1_rate,m600,167,0.003927240283339017
X1_rate,m600,168,0.005363674667798968
X1_rate,m600,169,0.0037919525088327966
X1_rate,m600,170,0.004051243443300212
X1_rate,m600,171,0.007527518772871833
X1_rate,m600,172,0.004170463125904078
X1_rate,m600,173,0.006128228459118201
X1_rate,m600,174,0.0036503714611386684
X1_rate,m600,175,0.004336611549922598
X1_rate,m600,176,0.0031338410441086317
X1_rate,m600,177,0.007430293818134537
X1_rate,m600,178,0.004872438840361593
X1_rate,m600,179,0.009072212382058353
X1_rate,m600,180,0.0036171999294136725
X1_rate,m600,181,0.00413479691521923
X1_rate,m600,182,0.006189144983523409
X1_rate,m600,183,0.005375485085151954
X1_rate,m600,184,0.0076024534991918635
X1_rate,m600,185,0.004546008878754115
X1_rate,m600,186,0.0019607055692190123
X1_rate,m600,187,0.005052318873775885
X1_rate,m600,188,0.00275249497247243
X1_rate,m600,189,0.004899005438340875
X1_rate,m600,190,0.004734030157942826
X1_rate,m600,191,0.005278977743435664
X1_rate,m600,192,0.0075313197485420424
X1_rate,m600,193,0.005666657283468268
X1_rate,m600,194,0.005572091904530563
X1_rate,m600,195,0.004722507358331018
X1_rate,m600,196,0.0032090962689119706
X1_rate,m600,197,0.0038073675758041325
X1_rate,m600,198,0.0055615873741166055
X1_rate,m600,199,0.004627069539280271
X1_rate,m600,200,0.003353672986939671
X1_rate,m600,201,0.009902938328358868
X1_rate,m600,202,0.010669148413625873
X1_rate,m600,203,0.004879689378071372
X1_rate,m600,204,0.0055513499947807965
X1_rate,m600,205,0.004071545980969482
X1_rate,m600,206,0.003884275422294081
X1_rate,m600,207,0.0058866255417653335
X1_rate,m600,208,0.0021520635135527932
X1_rate,m600,209,0.0037339272231222687
X1_rate,m600,210,0.003014179181091148
X1_rate,m600,211,0.004901929571602182
X1_rate,m600,212,0.006312353762492506
X1_rate,m600,213,0.005047375199519699
X1_rate,m600,214,0.007700462178587664
X1_rate,m600,215,0.011594777463250772
X1_rate,m600,216,0.005568092092786969
X1_rate,m600,217,0.009127198086034571
X1_rate,m600,218,0.007191583380334876
X1_rate,m600,219,0.00809487821800925
X1_rate,m600,220,0.005924277443419612
X1_rate,m600,221,0.004795427477793268
X1_rate,m600,222,0.007513426622423491
X1_rate,m600,223,0.006897901147002283
X1_rate,m600,224,0.006557114010268705
X1_rate,m600,225,0.004939689026357108
X1_rate,m600,226,0.0050269848794202154
X1_rate,m600,227,0.004480967144181669
X1_rate,m600,228,0.0038142203669817576
X1_rate,m600,229,0.004224708202047456
X1_rate,m600,230,0.005012327495411029
X1_rate,m600,231,0.004832845486991477
X1_rate,m600,232,0.009457129850316992
X1_rate,m600,233,0.003708753395043285
X1_rate,m600,234,0.0029493912291034263
X1_rate,m600,235,0.0038777022737779276
X1_rate,m600,236,0.005918499727294968
X1_rate,m600,237,0.005040599891904751
X1_rate,m600,238,0.006920612089659883
X1_rate,m600,239,0.004168017848097172
X1_rate,m600,240,0.00734948012186365
X1_rate,m600,241,0.005263594580767972
X1_rate,m600,242,0.005962099695816292
X1_rate,m600,243,0.003108164209911557
X1_rate,m600,244,0.0038823099961722285
X1_rate,m600,245,0.006185398148893295
X1_rate,m600,246,0.0029184440817053847
X1_rate,m600,247,0.002929795002565516
X1_rate,m600,248,0.007449203496534551
X1_rate,m600,249,0.005543695552136629
X1_rate,m600,250,0.0052678448346314966
X1_rate,m600,251,0.007507474193833019
X1_rate,m600,252,0.00504699942512854
X1_rate,m600,253,0.0043658736991858405
X1_rate,m600,254,0.007449536224032993
X1_rate,m600,255,0.0035247459536087433
X1_rate,m600,256,0.004476409008068671
X1_rate,m600,257,0.004795739406861621
X1_rate,m600,258,0.0047463862550647384
X1_rate,m600,259,0.004803467204153922
X1_rate,m600,260,0.0031451094708532246
X1_rate,m600,261,0.008574790348820915
X1_rate,m600,262,0.0046575796662953195
X1_rate,m600,263,0.006738746170607435
X1_rate,m600,264,0.003560745494703532
X1_rate,m600,265,0.007353058109461852
X1_rate,m600,266,0.005808529001179785
X1_rate,m600,267,0.0092312618115864
X1_rate,m600,268,0.0058912041367378265
X1_rate,m600,269,0.0062775068149543145
X1_rate,m600,270,0.0041112977903257075
X1_rate,m600,271,0.006602469063532013
X1_rate,m600,272,0.00909808887600061
X1_rate,m600,273,0.0030372880066140695
X1_rate,m600,274,0.005073976046989337
X1_rate,m600,275,0.0037018980291212422
X1_rate,m600,276,0.008683523018176764
X1_rate,m600,277,0.00216443268851485
X1_rate,m600,278,0.005533497556470923
X1_rate,m600,279,0.006314242498843381
X1_rate,m600,280,0.003331307529402139
X1_rate,m600,281,0.006602696484346637
X1_rate,m600,282,0.004963081892797483
X1_rate,m600,283,0.0035121773375332843
X1_rate,m600,284,0.004170166468191905
X1_rate,m600,285,0.006144034914752794
X1_rate,m600,286,0.003929053114174685
X1_rate,m600,287,0.006445543270944931
X1_rate,m600,288,0.003565297995115735
X1_rate,m600,289,0.00312220584582823
X1_rate,m600,290,0.00392415554524872
X1_rate,m600,291,0.002231528953883455
X1_rate,m600,292,0.004048944698102908
X1_rate,m600,293,0.004052690667231129
X1_rate,m600,294,0.006767235048254605
X1_rate,m600,295,0.007963537756229488
X1_rate,m600,296,0.002513342102055116
X1_rate,m600,297,0.004280270676347175
X1_rate,m600,298,0.007109562464881591
X1_rate,m600,299,0.005615901519155031
X1_rate,m600,300,0.0038561096008673523
X1_rate,m600,301,0.004668554861371632
X1_rate,m600,302,0.004601264842938324
X1_rate,m600,303,0.006912296002655971
X1_rate,m600,304,0.006437557081062195
X1_rate,m600,305,0.006437003222147464
X1_rate,m600,306,0.005002807512074714
X1_rate,m600,307,0.0026880136940730104
X1_rate,m600,308,0.0035413118654261666
X1_rate,m600,309,0.005597874329057895
X1_rate,m600,310,0.00915835636730744
X1_rate,m600,311,0.0054646620007017255
X1_rate,m600,312,0.0018900465074311867
X1_rate,m600,313,0.0059668906195335936
X1_rate,m600,314,0.004727479446910099
X1_rate,m600,315,0.0045055664925692795
X1_rate,m600,316,0.0039015311260865992
X1_rate,m600,317,0.002671946839556849
X1_rate,m600,318,0.005415249651758991
X1_rate,m600,319,0.0072882129655580385
X1_rate,m600,320,0.007564653057404502
X1_rate,m600,321,0.011077663424591933
X1_rate,m600,322,0.0030635018935609715
X1_rate,m600,323,0.01008967622122059
X1_rate,m600,324,0.007403158831286838
X1_rate,m600,325,0.006112750766510633
X1_rate,m600,326,0.0028450198505232116
X1_rate,m600,327,0.005677133318935823
X1_rate,m600,328,0.004776512950408041
X1_rate,m600,329,0.006686824789395196
X1_rate,m600,330,0.004491601606495088
X1_rate,m600,331,0.002370707320111798
X1_rate,m600,332,0.005594423387379255
X1_rate,m600,333,0.005840191783035742
X1_rate,m600,334,0.004067622372248891
X1_rate,m600,335,0.008676217477149972
X1_rate,m600,336,0.0032953690269397207
X1_rate,m600,337,0.0036720957593785464
X1_rate,m600,338,0.004356241819373885
X1_rate,m600,339,0.003382671474486898
X1_rate,m600,340,0.004929270012626219
X1_rate,m600,341,0.008393715352838615
X1_rate,m600,342,0.006986330400587271
X1_rate,m600,343,0.00493200491184087
X1_rate,m600,344,0.007382337563956121
X1_rate,m600,345,0.00569951907252797
X1_rate,m600,346,0.005078027452564804
X1_rate,m600,347,0.008249112243294388
X1_rate,m600,348,0.0033479328102306027
X1_rate,m600,349,0.003519387041054589
X1_rate,m600,350,0.00464809989726378
X1_rate,m600,351,0.003554557142026571
X1_rate,m600,352,0.003958701745132576
X1_rate,m600,353,0.005653887500063348
X1_rate,m600,354,0.002607351977808481
X1_rate,m600,355,0.006274625548265966
X1_rate,m600,356,0.0065550735136787885
X1_rate,m600,357,0.005859177552214767
X1_rate,m600,358,0.005395233794276422
X1_rate,m600,359,0.00476504266962241
X1_rate,m600,360,0.004491000327676353
X1_rate,m600,361,0.006473593424983992
X1_rate,m600,362,0.006363478798218303
X1_rate,m600,363,0.004799212679493348
X1_rate,m600,364,0.004737673693491207
X1_rate,m600,365,0.004668086705213792
X1_rate,m600,366,0.006614647263329498
X1_rate,m600,367,0.0027169937077471396
X1_rate,m600,368,0.0035011192711822403
X1_rate,m600,369,0.006152230270668468
X1_rate,m600,370,0.007292739608140586
X1_rate,m600,371,0.0063690961100091315
X1_rate,m600,372,0.005264591570101285
X1_rate,m600,373,0.005348669432845288
X1_rate,m600,374,0.012285985357426199
X1_rate,m600,375,0.006765542839934913
X1_rate,m600,376,0.004794106739002046
X1_rate,m600,377,0.004276981750785502
X1_rate,m600,378,0.004407141757900579
X1_rate,m600,379,0.00663076918963279
X1_rate,m600,380,0.005732830210521733
X1_rate,m600,381,0.005375597636206653
X1_rate,m600,382,0.004528308773655176
X1_rate,m600,383,0.00668032134068941
X1_rate,m600,384,0.005032976106860598
X1_rate,m600,385,0.005618010817114438
X1_rate,m600,386,0.004520550116971389
X1_rate,m600,387,0.003800510891009523
X1_rate,m600,388,0.005132138382783147
X1_rate,m600,389,0.005585499659497728
X1_rate,m600,390,0.0055038478570219596
X1_rate,m600,391,0.00414739448361523
X1_rate,m600,392,0.005527858854679657
X1_rate,m600,393,0.006781115966544959
X1_rate,m600,394,0.005385759882262864
X1_rate,m600,395,0.010778107279862947
X1_rate,m600,396,0.004380279679677024
X1_rate,m600,397,0.004313501273146336
X1_rate,m600,398,0.004459534548745037
X1_rate,m600,399,0.005207279838327139
X1_rate,m600,400,0.008089130218523977
X1_rate,m600,401,0.007304109298004846
X1_rate,m600,402,0.004971360872008113
X1_rate,m600,403,0.00789961412879503
X1_rate,m600,404,0.005442196481847628
X1_rate,m600,405,0.0034919393935082255
X1_rate,m600,406,0.006614437558825514
X1_rate,m600,407,0.005523106520315846
X1_rate,m600,408,0.005021796562832304
X1_rate,m600,409,0.00403602469087172
X1_rate,m600,410,0.004068349093756751
X1_rate,m600,411,0.0074383651871823275
X1_rate,m600,412,0.006792659150901326
X1_rate,m600,413,0.004148772511754384
X1_rate,m600,414,0.009986975960262434
X1_rate,m600,415,0.00456441181974121
X1_rate,m600,416,0.0031854863983840076
X1_rate,m600,417,0.003480748660245059
X1_rate,m600,418,0.008880192266774056
X1_rate,m600,419,0.006313018002600312
X1_rate,m600,420,0.006429621035930033
X1_rate,m600,421,0.0020192818722692962
X1_rate,m600,422,0.005323910266739951
X1_rate,m600,423,0.0017463759459537265
X1_rate,m600,424,0.008125406250610645
X1_rate,m600,425,0.007630240908466757
X1_rate,m600,426,0.0035323060937040296
X1_rate,m600,427,0.0034894213337635094
X1_rate,m600,428,0.00537167920837911
X1_rate,m600,429,0.005702200931128942
X1_rate,m600,430,0.0046163940892851585
X1_rate,m600,431,0.008306953150447605
X1_rate,m600,432,0.004933438732305895
X1_rate,m600,433,0.003352171356135969
X1_rate,m600,434,0.005005705997496612
X1_rate,m600,435,0.008132128804472671
X1_rate,m600,436,0.0023364396155534095
X1_rate,m600,437,0.005197005203573912
X1_rate,m600,438,0.003865529271356749
X1_rate,m600,439,0.004743706261466585
X1_rate,m600,440,0.0030638528302500134
X1_rate,m600,441,0.004514165663130232
X1_rate,m600,442,0.0059283017578319885
X1_rate,m600,443,0.003502685767327929
X1_rate,m600,444,0.0074328843657083254
X1_rate,m600,445,0.0063520607663418716
X1_rate,m600,446,0.0024293611234988965
X1_rate,m600,447,0.004001762760712069
X1_rate,m600,448,0.004756189061680516
X1_rate,m600,449,0.003676035772071984
X1_rate,m600,450,0.00568226949873063
X1_rate,m600,451,0.006069020720518736
X1_rate,m600,452,0.00657072656760338
X1_rate,m600,453,0.008274040210278333
X1_rate,m600,454,0.0070400917381192585
X1_rate,m600,455,0.005233973579983342
X1_rate,m600,456,0.004338760638723738
X1_rate,m600,457,0.005961435415013039
X1_rate,m600,458,0.00529165058360892
X1_rate,m600,459,0.007199269011344267
X1_rate,m600,460,0.005132131081135416
X1_rate,m600,461,0.006344157091905167
X1_rate,m600,462,0.005339053590887488
X1_rate,m600,463,0.005474555758876676
X1_rate,m600,464,0.0029218531125456693
X1_rate,m600,465,0.0045497881100518
X1_rate,m600,466,0.003677857897246728
X1_rate,m600,467,0.006550658636829798
X1_rate,m600,468,0.007115535009139862
X1_rate,m600,469,0.006035723988407682
X1_rate,m600,470,0.004572983794178587
X1_rate,m600,471,0.0034444451480157845
X1_rate,m600,472,0.0059168943312588596
X1_rate,m600,473,0.004728279063591856
X1_rate,m600,474,0.0062236601154919136
X1_rate,m600,475,0.007959018041546528
X1_rate,m600,476,0.005202167181459938
X1_rate,m600,477,0.00494022817150519
X1_rate,m600,478,0.006842886332444564
X1_rate,m600,479,0.006308479570392045
X1_rate,m600,480,0.009100660554809181
X1_rate,m600,481,0.005888875050395814
X1_rate,m600,482,0.007040196187560355
X1_rate,m600,483,0.0027582478241741093
X1_rate,m600,484,0.003927045675725438
X1_rate,m600,485,0.004095428867229689
X1_rate,m600,486,0.00494197588967582
X1_rate,m600,487,0.006021108160051192
X1_rate,m600,488,0.0042044696758249955
X1_rate,m600,489,0.005624718284692687
X1_rate,m600,490,0.005694574360951332
X1_rate,m600,491,0.0078016670873441996
X1_rate,m600,492,0.004535127028028718
X1_rate,m600,493,0.003986123025068622
X1_rate,m600,494,0.007301659449153064
X1_rate,m600,495,0.0041209546139326925
X1_rate,m600,496,0.00422381612197098
X1_rate,m600,497,0.005482961865083791
X1_rate,m600,498,0.003926744468115917
X1_rate,m600,499,0.00690024766840347
X1_rate,m600,500,0.003738261091839057
X1_rate,m600,501,0.004408357478109526
X1_rate,m600,502,0.003725249269822317
X1_rate,m600,503,0.010785527836903785
X1_rate,m600,504,0.005824240563762739
X1_rate,m600,505,0.0029273012273738352
X1_rate,m600,506,0.004367858547771775
X1_rate,m600,507,0.004397129858783266
X1_rate,m600,508,0.004054075088279152
X1_rate,m600,509,0.0049979282737053765
X1_rate,m600,510,0.006357390236507943
X1_rate,m600,511,0.004149363814286211
X1_rate,m600,512,0.003842972391001176
X1_rate,m600,513,0.00486111604949091
X1_rate,m600,514,0.006140303197887942
X1_rate,m600,515,0.0038176858462866115
X1_rate,m600,516,0.00758704606913696
X1_rate,m600,517,0.005604039245770576
X1_rate,m600,518,0.0030430178291007692
X1_rate,m600,519,0.0029588037958623303
X1_rate,m600,520,0.004876393460716777
X1_rate,m600,521,0.009577865153135523
X1_rate,m600,522,0.006103512766894248
X1_rate,m600,523,0.007919429299379388
X1_rate,m600,524,0.004036628225139172
X1_rate,m600,525,0.006073524102921279
X1_rate,m600,526,0.00382839094901799
X1_rate,m600,527,0.003969023479445166
X1_rate,m600,528,0.0053171055584271265
X1_rate,m600,529,0.004205732743787216
X1_rate,m600,530,0.007206062666911706
X1_rate,m600,531,0.005940305967047088
X1_rate,m600,532,0.004985320195566523
X1_rate,m600,533,0.004756431946643769
X1_rate,m600,534,0.009544460685619427
X1_rate,m600,535,0.0032685556830003293
X1_rate,m600,536,0.004226001322662931
X1_rate,m600,537,0.005823851236419486
X1_rate,m600,538,0.005741229412991267
X1_rate,m600,539,0.003683108432098514
X1_rate,m600,540,0.0024803937039088453
X1_rate,m600,541,0.008064951512935625
X1_rate,m600,542,0.005118817565926026
X1_rate,m600,543,0.004426569478829023
X1_rate,m600,544,0.0037013656529731875
X1_rate,m600,545,0.0037448851003638595
X1_rate,m600,546,0.005719033968058618
X1_rate,m600,547,0.007052012949780639
X1_rate,m600,548,0.0026789289188076104
X1_rate,m600,549,0.0034672823173877987
X1_rate,m600,550,0.005295663606921686
X1_rate,m600,551,0.006613537477417886
X1_rate,m600,552,0.004020634814100976
X1_rate,m600,553,0.008834080151765455
X1_rate,m600,554,0.005603855257407364
X1_rate,m600,555,0.005273815884279998
X1_rate,m600,556,0.0041896031484038865
X1_rate,m600,557,0.006678917816313579
X1_rate,m600,558,0.0033953686935546123
X1_rate,m600,559,0.006214461980496022
X1_rate,m600,560,0.004274132420710508
X1_rate,m600,561,0.004319265632997116
X1_rate,m600,562,0.005438291726409528
X1_rate,m600,563,0.00872996526236225
X1_rate,m600,564,0.004095972785551183
X1_rate,m600,565,0.003097259867107738
X1_rate,m600,566,0.0032589080968228323
X1_rate,m600,567,0.005188047690025233
X1_rate,m600,568,0.00490529254906269
X1_rate,m600,569,0.002190258789924737
X1_rate,m600,570,0.00400572878683203
X1_rate,m600,571,0.006363693532995374
X1_rate,m600,572,0.006253482071690186
X1_rate,m600,573,0.006190471302591316
X1_rate,m600,574,0.005182819695757068
X1_rate,m600,575,0.009916017199643523
X1_rate,m600,576,0.005349119776441036
X1_rate,m600,577,0.006714066920254336
X1_rate,m600,578,0.004250745666271705
X1_rate,m600,579,0.005308220933243124
X1_rate,m600,580,0.004513603423558443
X1_rate,m600,581,0.0044714046931622065
X1_rate,m600,582,0.004330608890177778
X1_rate,m600,583,0.005040787008713021
X1_rate,m600,584,0.0049552967166750506
X1_rate,m600,585,0.0054663720957344175
X1_rate,m600,586,0.00572021325962524
X1_rate,m600,587,0.00884124502799244
X1_rate,m600,588,0.004865991273575787
X1_rate,m600,589,0.004583239702296904
X1_rate,m600,590,0.004267810001986838
X1_rate,m600,591,0.0047951131364132316
X1_rate,m600,592,0.00713578072032961
X1_rate,m600,593,0.004589854029752871
X1_rate,m600,594,0.0026123266838999903
X1_rate,m600,595,0.004095424732437181
X1_rate,m600,596,0.008088824946117068
X1_rate,m600,597,0.005190929576168735
X1_rate,m600,598,0.005810950006903237
X1_rate,m600,599,0.003755607278819628
X1_rate,m2400,0,0.0015871281278805327
X1_rate,m2400,1,0.0008865213452446952
X1_rate,m2400,2,0.0012239706978562914
X1_rate,m2400,3,0.001535146235193352
X1_rate,m2400,4,0.0006002624771914711
X1_rate,m2400,5,0.0011697832603072555
X1_rate,m2400,6,0.0013856426126932497
X1_rate,m2400,7,0.0008654436412474098
X1_rate,m2400,8,0.0023393364795514238
X1_rate,m2400,9,0.0010276371584079236
X1_rate,m2400,10,0.001402415859792061
X1_rate,m2400,11,0.0008726577636091193
X1_rate,m2400,12,0.0009503051480366231
X1_rate,m2400,13,0.0011272531475956526
X1_rate,m2400,14,0.0013959553718438933
X1_rate,m2400,15,0.0012371230706458292
X1_rate,m2400,16,0.0012902372000866968
X1_rate,m2400,17,0.0014253120901068783
X1_rate,m2400,18,0.002246952140324776
X1_rate,m2400,19,0.0016591811549835356
X1_rate,m2400,20,0.0009505796149693602
X1_rate,m2400,21,0.0011226854669397213
X1_rate,m2400,22,0.0015412216753385444
X1_rate,m2400,23,0.000952696032692657
X1_rate,m2400,24,0.0020037247121935664
X1_rate,m2400,25,0.0021230606688229514
X1_rate,m2400,26,0.0009438724327375247
X1_rate,m2400,27,0.0009606741265795193
X1_rate,m2400,28,0.0008838554368204576
X1_rate,m2400,29,0.001999975770127005
X1_rate,m2400,30,0.002180965470317986
X1_rate,m2400,31,0.0022344175385211607
X1_rate,m2400,32,0.0013474949263225788
X1_rate,m2400,33,0.0008190288217031494
X1_rate,m2400,34,0.002349790934071727
X1_rate,m2400,35,0.0011024645399864141
X1_rate,m2400,36,0.001406425323328353
X1_rate,m2400,37,0.0017029664614329754
X1_rate,m2400,38,0.0010920648736902905
X1_rate,m2400,39,0.0011345057770526523
X1_rate,m2400,40,0.0027047466905161244
X1_rate,m2400,41,0.0009444235183453387
X1_rate,m2400,42,0.0009620428196130959
X1_rate,m2400,43,0.001139657849990705
X1_rate,m2400,44,0.0012646116543457708
X1_rate,m2400,45,0.0011064575574368796
X1_rate,m2400,46,0.0020538153182205754
X1_rate,m2400,47,0.0012445038153190424
X1_rate,m2400,48,0.0015771949025924492
X1_rate,m2400,49,0.0016848823688926373
X1_rate,m2400,50,0.0012416934496664034
X1_rate,m2400,51,0.001550228306385737
X1_rate,m2400,52,0.0010425340400814775
X1_rate,m2400,53,0.0018434161901246249
X1_rate,m2400,54,0.0008772647941110989
X1_rate,m2400,55,0.0018507763682067413
X1_rate,m2400,56,0.0011894433506194346
X1_rate,m2400,57,0.0017279621447601201
X1_rate,m2400,58,0.0010476415912523684
X1_rate,m2400,59,0.0015063409439992625
X1_rate,m2400,60,0.0017911874839429132
X1_rate,m2400,61,0.0014901907248487944
X1_rate,m2400,62,0.002019232609554056
X1_rate,m2400,63,0.0016020935383003199
X1_rate,m2400,64,0.0014651068547304469
X1_rate,m2400,65,0.0009696923715210026
X1_rate,m2400,66,0.0014558217419464725
X1_rate,m2400,67,0.0009164086169963781
X1_rate,m2400,68,0.0007924477531995322
X1_rate,m2400,69,0.0015596370831039152
X1_rate,m2400,70,0.0008898302418178794
X1_rate,m2400,71,0.0010007802765805707
X1_rate,m2400,72,0.000962596765338386
X1_rate,m2400,73,0.0014505015483612382
X1_rate,m2400,74,0.0010372602318171609
X1_rate,m2400,75,0.0008788475211134461
X1_rate,m2400,76,0.001406589340115616
X1_rate,m2400,77,0.0018600870364364752
X1_rate,m2400,78,0.0013726126318065468
X1_rate,m2400,79,0.001398259259082657
X1_rate,m2400,80,0.0011622635308121687
X1_rate,m2400,81,0.0022140441955236234
X1_rate,m2400,82,0.0011700406098631433
X1_rate,m2400,83,0.0012759421063641696
X1_rate,m2400,84,0.0011806147732027483
X1_rate,m2400,85,0.0009746875679956801
X1_rate,m2400,86,0.001069037323599531
X1_rate,m2400,87,0.0016029775125394607
X1_rate,m2400,88,0.001423011468437707
X1_rate,m2400,89,0.0016088881370985852
X1_rate,m2400,90,0.0011033844496268763
X1_rate,m2400,91,0.0008813262029851998
X1_rate,m2400,92,0.0007602057102942261
X1_rate,m2400,93,0.0009679568209195466
X1_rate,m2400,94,0.0006176352043198996
X1_rate,m2400,95,0.0009445235062068846
X1_rate,m2400,96,0.0007985655112112688
X1_rate,m2400,97,0.0010348033530869216
X1_rate,m2400,98,0.0012630037717547005
X1_rate,m2400,99,0.001391852107715863
X1_rate,m2400,100,0.001436859085957476
X1_rate,m2400,101,0.0007993953879710247
X1_rate,m2400,102,0.0018641754696182566
X1_rate,m2400,103,0.0013128635842272196
X1_rate,m2400,104,0.0027986186069304253
X1_rate,m2400,105,0.0004965008187132192
X1_rate,m2400,106,0.00112152969571655
X1_rate,m2400,107,0.001960912143745386
X1_rate,m2400,108,0.0013643650371744087
X1_rate,m2400,109,0.0008419949980416064
X1_rate,m2400,110,0.0006559183211303221
X1_rate,m2400,111,0.0014448839112457534
X1_rate,m2400,112,0.0009036908801949295
X1_rate,m2400,113,0.0010237000584409905
X1_rate,m2400,114,0.0015981343768860512
X1_rate,m2400,115,0.0014804668174925872
X1_rate,m2400,116,0.0010853080499479972
X1_rate,m2400,117,0.0012113910744080414
X1_rate,m2400,118,0.001215319154403538
X1_rate,m2400,119,0.0014058916762689222
X1_rate,m2400,120,0.0006554875887574418
X1_rate,m2400,121,0.002592512583885931
X1_rate,m2400,122,0.001821119079251865
X1_rate,m2400,123,0.0008959167486981556
X1_rate,m2400,124,0.002029643076731702
X1_rate,m2400,125,0.0015542486306636683
X1_rate,m2400,126,0.0020496171156865195
X1_rate,m2400,127,0.001681557549694901
X1_rate,m2400,128,0.0011774870799938775
X1_rate,m2400,129,0.001997706059674975
X1_rate,m2400,130,0.0010356753726732393
X1_rate,m2400,131,0.0015079260618122703
X1_rate,m2400,132,0.0006122942689024136
X1_rate,m2400,133,0.0012016047327563228
X1_rate,m2400,134,0.001887182493140127
X1_rate,m2400,135,0.001386729989462765
X1_rate,m2400,136,0.0019195398196778513
X1_rate,m2400,137,0.0011553196523430564
X1_rate,m2400,138,0.0006282508783019836
X1_rate,m2400,139,0.0008123808836697499
X1_rate,m2400,140,0.0007940234889098896
X1_rate,m2400,141,0.000618873127172126
X1_rate,m2400,142,0.0014843918306919335
X1_rate,m2400,143,0.0012220112918672754
X1_rate,m2400,144,0.0011957459087414968
X1_rate,m2400,145,0.0009100690178400761
X1_rate,m2400,146,0.0010431109943884742
X1_rate,m2400,147,0.0013466344873367397
X1_rate,m2400,148,0.0008556048796219962
X1_rate,m2400,149,0.001354258609285175
X1_rate,m2400,150,0.001181297785580071
X1_rate,m2400,151,0.001782695343627072
X1_rate,m2400,152,0.001440987955815043
X1_rate,m2400,153,0.0008914076682646765
X1_rate,m2400,154,0.0012832835865994596
X1_rate,m2400,155,0.0011248434637942673
X1_rate,m2400,156,0.004072116293550643
X1_rate,m2400,157,0.0011296784629073464
X1_rate,m2400,158,0.001408097977485756
X1_rate,m2400,159,0.0011565944354581248
X1_rate,m2400,160,0.0011626067322438871
X1_rate,m2400,161,0.0011670716000069525
X1_rate,m2400,162,0.0014609657449273783
X1_rate,m2400,163,0.0017803428044684821
X1_rate,m2400,164,0.0011645530284103423
X1_rate,m2400,165,0.0009533178259264474
X1_rate,m2400,166,0.001193971992671905
X1_rate,m2400,167,0.002237240214735259
X1_rate,m2400,168,0.0018297966646816377
X1_rate,m2400,169,0.0012593707536749932
X1_rate,m2400,170,0.0018672112780930838
X1_rate,m2400,171,0.000691504232822826
X1_rate,m2400,172,0.0012758971361344074
X1_rate,m2400,173,0.0014014951187442115
X1_rate,m2400,174,0.0012729075818627145
X1_rate,m2400,175,0.0017560922062385131
X1_rate,m2400,176,0.00068873142983783
X1_rate,m2400,177,0.0008911758574581263
X1_rate,m2400,178,0.001931118698549561
X1_rate,m2400,179,0.0008506320769479103
X1_rate,m2400,180,0.0011169717337056184
X1_rate,m2400,181,0.002102759330866455
X1_rate,m2400,182,0.001296043582310169
X1_rate,m2400,183,0.0011533142957116382
X1_rate,m2400,184,0.0009762355877103168
X1_rate,m2400,185,0.0010682663812460191
X1_rate,m2400,186,0.0017400394006443776
X1_rate,m2400,187,0.0012584717005328372
X1_rate,m2400,188,0.0010469185617134613
X1_rate,m2400,189,0.0010974907963268166
X1_rate,m2400,190,0.0008262849737148414
X1_rate,m2400,191,0.0010806324527967703
X1_rate,m2400,192,0.0010806933614069258
X1_rate,m2400,193,0.0013173535796249247
X1_rate,m2400,194,0.0011149486518791107
X1_rate,m2400,195,0.0015862299708326866
X1_rate,m2400,196,0.0011279080449284606
X1_rate,m2400,197,0.0024977886416128747
X1_rate,m2400,198,0.001217227995904402
X1_rate,m2400,199,0.0014395073820017146
X1_rate,m2400,200,0.0009985120348399157
X1_rate,m2400,201,0.0013177952216709699
X1_rate,m2400,202,0.0009184350417958953
X1_rate,m2400,203,0.0010198850437408424
X1_rate,m2400,204,0.0013595815912563758
X1_rate,m2400,205,0.0011682723054158295
X1_rate,m2400,206,0.0012317636429095558
X1_rate,m2400,207,0.0009390541557472432
X1_rate,m2400,208,0.0012619290701785246
X1_rate,m2400,209,0.0013262696495424109
X1_rate,m2400,210,0.0015209085157477098
X1_rate,m2400,211,0.0014567448538533867
X1_rate,m2400,212,0.001299744469365205
X1_rate,m2400,213,0.0010391342138289517
X1_rate,m2400,214,0.0018146636961340334
X1_rate,m2400,215,0.0010583605690057674
X1_rate,m2400,216,0.0010543126602278186
X1_rate,m2400,217,0.0010557514313318528
X1_rate,m2400,218,0.0015951897828760941
X1_rate,m2400,219,0.000977361927466891
X1_rate,m2400,220,0.0008217484909440742
X1_rate,m2400,221,0.0018959195973917708
X1_rate,m2400,222,0.0014721001469335526
X1_rate,m2400,223,0.0007231716841005209
X1_rate,m2400,224,0.0013225440975119795
X1_rate,m2400,225,0.0009011902888014234
X1_rate,m2400,226,0.0018156452902884368
X1_rate,m2400,227,0.0015831731673872085
X1_rate,m2400,228,0.000941082097564383
X1_rate,m2400,229,0.001262858921669885
X1_rate,m2400,230,0.0019787723797874968
X1_rate,m2400,231,0.0012780358437147754
X1_rate,m2400,232,0.0012536933120346205
X1_rate,m2400,233,0.002067291481865574
X1_rate,m2400,234,0.001053307253681357
X1_rate,m2400,235,0.0012862209383444068
X1_rate,m2400,236,0.001558010157770795
X1_rate,m2400,237,0.0008863500189044693
X1_rate,m2400,238,0.002319248560821663
X1_rate,m2400,239,0.0013514439858268723
X1_rate,m2400,240,0.0007948716680159507
X1_rate,m2400,241,0.0010150693356609786
X1_rate,m2400,242,0.00146083434237676
X1_rate,m2400,243,0.0010071313561756945
X1_rate,m2400,244,0.001128067065096161
X1_rate,m2400,245,0.0009025639995252632
X1_rate,m2400,246,0.0013794310347501337
X1_rate,m2400,247,0.001728000978756583
X1_rate,m2400,248,0.0006830139809399505
X1_rate,m2400,249,0.0013486545139813622
X1_rate,m2400,250,0.0018126257228301412
X1_rate,m2400,251,0.0016695341826569177
X1_rate,m2400,252,0.0014374496445843654
X1_rate,m2400,253,0.0011317723248978062
X1_rate,m2400,254,0.0014700755215084627
X1_rate,m2400,255,0.001569252607469096
X1_rate,m2400,256,0.0006730807142685258
X1_rate,m2400,257,0.0012582562341698633
X1_rate,m2400,258,0.0015483571142218544
X1_rate,m2400,259,0.0009525947347839292
X1_rate,m2400,260,0.0006604260561071662
X1_rate,m2400,261,0.0009059865551446222
X1_rate,m2400,262,0.0013637594456765711
X1_rate,m2400,263,0.00103105073963361
X1_rate,m2400,264,0.0013482825976902646
X1_rate,m2400,265,0.000662628296466572
X1_rate,m2400,266,0.0008166293815992098
X1_rate,m2400,267,0.001451418533532589
X1_rate,m2400,268,0.0012356446444514724
X1_rate,m2400,269,0.0008152904132625594
X1_rate,m2400,270,0.0011296435585417264
X1_rate,m2400,271,0.0011581075026185772
X1_rate,m2400,272,0.0008593480465490799
X1_rate,m2400,273,0.0020015070429764137
X1_rate,m2400,274,0.0010863478945624117
X1_rate,m2400,275,0.0009217409126751619
X1_rate,m2400,276,0.0010190570954304867
X1_rate,m2400,277,0.0012839247804743437
X1_rate,m2400,278,0.0010803935642149654
X1_rate,m2400,279,0.0009516199866856923
X1_rate,m2400,280,0.003605278521530586
X1_rate,m2400,281,0.0011909676108565748
X1_rate,m2400,282,0.0013215032484645839
X1_rate,m2400,283,0.0009582744041884972
X1_rate,m2400,284,0.0007879232539087511
X1_rate,m2400,285,0.0016162466827629451
X1_rate,m2400,286,0.0007903329894829447
X1_rate,m2400,287,0.0015901031932794574
X1_rate,m2400,288,0.0009367700329989681
X1_rate,m2400,289,0.0008149383521875997
X1_rate,m2400,290,0.0012587484603563404
X1_rate,m2400,291,0.001299281724932655
X1_rate,m2400,292,0.0007454087837341916
X1_rate,m2400,293,0.0011518061210171737
X1_rate,m2400,294,0.001975346214566631
X1_rate,m2400,295,0.001092396177409416
X1_rate,m2400,296,0.0014262789505794515
X1_rate,m2400,297,0.0009718722107416866
X1_rate,m2400,298,0.0015693077667751076
X1_rate,m2400,299,0.001294156992557749
X1_rate,m2400,300,0.0014046903723019533
X1_rate,m2400,301,0.0018914802607015169
X1_rate,m2400,302,0.0008454692251014251
X1_rate,m2400,303,0.002240250232520946
X1_rate,m2400,304,0.0009578969318653208
X1_rate,m2400,305,0.002710506428676762
X1_rate,m2400,306,0.0011350654186483844
X1_rate,m2400,307,0.0008139399807305381
X1_rate,m2400,308,0.0012312227388577845
X1_rate,m2400,309,0.0016098030473110647
X1_rate,m2400,310,0.0008960137495579445
X1_rate,m2400,311,0.0012113954663877102
X1_rate,m2400,312,0.0012457660769493728
X1_rate,m2400,313,0.0016942041886540693
X1_rate,m2400,314,0.0014050346591432117
X1_rate,m2400,315,0.0006955306987390664
X1_rate,m2400,316,0.0012106363089197103
X1_rate,m2400,317,0.0006871526213494406
X1_rate,m2400,318,0.001536939632461376
X1_rate,m2400,319,0.001107409494168099
X1_rate,m2400,320,0.0013036310198990542
X1_rate,m2400,321,0.0012797461849700653
X1_rate,m2400,322,0.0016107665032372154
X1_rate,m2400,323,0.0014214229740279194
X1_rate,m2400,324,0.001464652137190825
X1_rate,m2400,325,0.0013791895389538844
X1_rate,m2400,326,0.0011485158250024163
X1_rate,m2400,327,0.0009507986082883946
X1_rate,m2400,328,0.002364387494004916
X1_rate,m2400,329,0.0008746065872324849
X1_rate,m2400,330,0.0012730362326092148
X1_rate,m2400,331,0.0006093895258842963
X1_rate,m2400,332,0.0014190583402609036
X1_rate,m2400,333,0.0028358488516109226
X1_rate,m2400,334,0.0010975005384237235
X1_rate,m2400,335,0.0010110126520621598
X1_rate,m2400,336,0.001507502507747116
X1_rate,m2400,337,0.002001082273389354
X1_rate,m2400,338,0.0017677797968165265
X1_rate,m2400,339,0.0010857492887201836
X1_rate,m2400,340,0.0016317266168952571
X1_rate,m2400,341,0.001991700293840548
X1_rate,m2400,342,0.0015618477334031766
X1_rate,m2400,343,0.0018919270974788738
X1_rate,m2400,344,0.0022701883072300255
X1_rate,m2400,345,0.002346256973974281
X1_rate,m2400,346,0.001330183273384744
X1_rate,m2400,347,0.0012250489938478992
X1_rate,m2400,348,0.0009711013981190675
X1_rate,m2400,349,0.0013609933464708845
X1_rate,m2400,350,0.0013676135906801612
X1_rate,m2400,351,0.0012130368557268234
X1_rate,m2400,352,0.0008983244528977252
X1_rate,m2400,353,0.0009450406594471161
X1_rate,m2400,354,0.0009438777146844046
X1_rate,m2400,355,0.0012499102622389735
X1_rate,m2400,356,0.0011485169811820128
X1_rate,m2400,357,0.0017396564446787721
X1_rate,m2400,358,0.001566209770899718
X1_rate,m2400,359,0.0009060326601009194
X1_rate,m2400,360,0.0011956091825275905
X1_rate,m2400,361,0.0010547873603381497
X1_rate,m2400,362,0.0010236487883807932
X1_rate,m2400,363,0.0012713369961443455
X1_rate,m2400,364,0.0009528428400056299
X1_rate,m2400,365,0.0014597076314100121
X1_rate,m2400,366,0.0013183022997060867
X1_rate,m2400,367,0.0015766326086432692
X1_rate,m2400,368,0.00080958709063772
X1_rate,m2400,369,0.000770900812032238
X1_rate,m2400,370,0.0011998844614367066
X1_rate,m2400,371,0.0019630951243261308
X1_rate,m2400,372,0.0013797944394999817
X1_rate,m2400,373,0.0018404347510871943
X1_rate,m2400,374,0.0007907861459948151
X1_rate,m2400,375,0.0012957350208138152
X1_rate,m2400,376,0.0007313287781736122
X1_rate,m2400,377,0.0007586262291963131
X1_rate,m2400,378,0.001137997441789551
X1_rate,m2400,379,0.0008458995258244784
X1_rate,m2400,380,0.0011951464810850965
X1_rate,m2400,381,0.0008990523334899692
X1_rate,m2400,382,0.0010131924239398238
X1_rate,m2400,383,0.0008944186671451249
X1_rate,m2400,384,0.0013452719304503091
X1_rate,m2400,385,0.0011930956624617295
X1_rate,m2400,386,0.0019753966313120763
X1_rate,m2400,387,0.0015452824880815008
X1_rate,m2400,388,0.00089528572432096
X1_rate,m2400,389,0.0015282906771800775
X1_rate,m2400,390,0.0005757158456365374
X1_rate,m2400,391,0.0008755241431868122
X1_rate,m2400,392,0.0010114451718727935
X1_rate,m2400,393,0.0006461232273875517
X1_rate,m2400,394,0.0013669315066873189
X1_rate,m2400,395,0.0012931099439881244
X1_rate,m2400,396,0.00165447418055642
X1_rate,m2400,397,0.0015223496853149499
X1_rate,m2400,398,0.00202323361411727
X1_rate,m2400,399,0.0004734379536719402
X1_rate,m2400,400,0.0015170213528201693
X1_rate,m2400,401,0.0010432198426499895
X1_rate,m2400,402,0.001998757951663155
X1_rate,m2400,403,0.0008465557299155435
X1_rate,m2400,404,0.0009778050137150274
X1_rate,m2400,405,0.0017152889732314769
X1_rate,m2400,406,0.0017842674907813105
X1_rate,m2400,407,0.002118773296926779
X1_rate,m2400,408,0.0007982791546545798
X1_rate,m2400,409,0.0016351976923827394
X1_rate,m2400,410,0.0008922428209965361
X1_rate,m2400,411,0.0015534648737460799
X1_rate,m2400,412,0.0024727884233177733
X1_rate,m2400,413,0.0013479760941961239
X1_rate,m2400,414,0.0014883128357197073
X1_rate,m2400,415,0.001372410569085325
X1_rate,m2400,416,0.0010896301544267573
X1_rate,m2400,417,0.0016297724746952014
X1_rate,m2400,418,0.001157128312753386
X1_rate,m2400,419,0.002517396434849495
X1_rate,m2400,420,0.001548227805554525
X1_rate,m2400,421,0.0014545546013207122
X1_rate,m2400,422,0.001156057592733184
X1_rate,m2400,423,0.0008009693802137896
X1_rate,m2400,424,0.0014635766931996308
X1_rate,m2400,425,0.0016785002493215906
X1_rate,m2400,426,0.0008305372929546806
X1_rate,m2400,427,0.0014888948688591697
X1_rate,m2400,428,0.0008467574186279414
X1_rate,m2400,429,0.002383834690574904
X1_rate,m2400,430,0.0014506557052298419
X1_rate,m2400,431,0.000742807176195015
X1_rate,m2400,432,0.0007609664030328034
X1_rate,m2400,433,0.0011685515179697958
X1_rate,m2400,434,0.0013828223470824241
X1_rate,m2400,435,0.0006514963154637954
X1_rate,m2400,436,0.0010192143267815368
X1_rate,m2400,437,0.0012752905281323557
X1_rate,m2400,438,0.0017634367533654327
X1_rate,m2400,439,0.0015336234211162925
X1_rate,m2400,440,0.001666280252933916
X1_rate,m2400,441,0.0015243839349250443
X1_rate,m2400,442,0.0014333766211063192
X1_rate,m2400,443,0.001579392217486042
X1_rate,m2400,444,0.0016148940359488329
X1_rate,m2400,445,0.0009564015176675156
X1_rate,m2400,446,0.001323064193727852
X1_rate,m2400,447,0.001103173714191552
X1_rate,m2400,448,0.0011984273655158972
X1_rate,m2400,449,0.0009285626133239688
X1_rate,m2400,450,0.0014565931000118937
X1_rate,m2400,451,0.001372912692852335
X1_rate,m2400,452,0.0011692142736672295
X1_rate,m2400,453,0.0014259783978882723
X1_rate,m2400,454,0.0022124271348440416
X1_rate,m2400,455,0.001698159541254629
X1_rate,m2400,456,0.0017310984310499045
X1_rate,m2400,457,0.0017728095989588688
X1_rate,m2400,458,0.002261753037212433
X1_rate,m2400,459,0.001958422495518697
X1_rate,m2400,460,0.000646325333395481
X1_rate,m2400,461,0.0007501291025611145
X1_rate,m2400,462,0.0013978640905549788
X1_rate,m2400,463,0.0011382150417329484
X1_rate,m2400,464,0.0007746473425886968
X1_rate,m2400,465,0.0008238767396022695
X1_rate,m2400,466,0.001409163762875032
X1_rate,m2400,467,0.0011135002349971224
X1_rate,m2400,468,0.0010720342134042937
X1_rate,m2400,469,0.0010194575018394048
X1_rate,m2400,470,0.0016002726136945533
X1_rate,m2400,471,0.00132158027851359
X1_rate,m2400,472,0.001395765016418693
X1_rate,m2400,473,0.001105210742903484
X1_rate,m2400,474,0.0016609542622587625
X1_rate,m2400,475,0.0015605271025269651
X1_rate,m2400,476,0.0007966721826857537
X1_rate,m2400,477,0.0016335960090914092
X1_rate,m2400,478,0.000701483579705453
X1_rate,m2400,479,0.0011117192371625784
X1_rate,m2400,480,0.0008302757128544336
X1_rate,m2400,481,0.0006385219831597233
X1_rate,m2400,482,0.0013361402502996
X1_rate,m2400,483,0.0008638907181124367
X1_rate,m2400,484,0.0011271801473196064
X1_rate,m2400,485,0.000805732149512739
X1_rate,m2400,486,0.0020457001055067536
X1_rate,m2400,487,0.0014597622033671875
X1_rate,m2400,488,0.0021231103748249325
X1_rate,m2400,489,0.0009794868246184585
X1_rate,m2400,490,0.0008031083211745838
X1_rate,m2400,491,0.0012119567942234788
X1_rate,m2400,492,0.0008865367267896218
X1_rate,m2400,493,0.0008093523570829042
X1_rate,m2400,494,0.0008800941781399452
X1_rate,m2400,495,0.0007644272647016059
X1_rate,m2400,496,0.0009238993796367723
X1_rate,m2400,497,0.0010091135291587783
X1_rate,m2400,498,0.0017791750164066755
X1_rate,m2400,499,0.0027118775985375265
X1_rate,m2400,500,0.001479803189621709
X1_rate,m2400,501,0.0018889367698466941
X1_rate,m2400,502,0.0010315478670097633
X1_rate,m2400,503,0.0015946034719216406
X1_rate,m2400,504,0.0015218356356174745
X1_rate,m2400,505,0.0014813085253946312
X1_rate,m2400,506,0.001567623818437891
X1_rate,m2400,507,0.0013989000434317944
X1_rate,m2400,508,0.0010501366927413436
X1_rate,m2400,509,0.0011362726163999248
X1_rate,m2400,510,0.0013972337433387771
X1_rate,m2400,511,0.0012797279409775264
X1_rate,m2400,512,0.0012896621957607657
X1_rate,m2400,513,0.0011956615699895146
X1_rate,m2400,514,0.001167725440650802
X1_rate,m2400,515,0.0012944314172727012
X1_rate,m2400,516,0.001435315109899804
X1_rate,m2400,517,0.0011014851580402052
X1_rate,m2400,518,0.0006614329251046769
X1_rate,m2400,519,0.0013366711044398016
X1_rate,m2400,520,0.001629220492651573
X1_rate,m2400,521,0.0011632347437871005
X1_rate,m2400,522,0.0015409235728385262
X1_rate,m2400,523,0.0012734386055477387
X1_rate,m2400,524,0.0013166870668510633
X1_rate,m2400,525,0.0017135829836387728
X1_rate,m2400,526,0.0007960570083183072
X1_rate,m2400,527,0.0016231082229825056
X1_rate,m2400,528,0.001600827151270856
X1_rate,m2400,529,0.0014746006959098779
X1_rate,m2400,530,0.0019513893458289466
X1_rate,m2400,531,0.0011246849868622455
X1_rate,m2400,532,0.0008767998310368341
X1_rate,m2400,533,0.0008362169943545439
X1_rate,m2400,534,0.0008889971441417011
X1_rate,m2400,535,0.0018876089473756075
X1_rate,m2400,536,0.0014906002042032185
X1_rate,m2400,537,0.0009176762292506524
X1_rate,m2400,538,0.0017361535206776857
X1_rate,m2400,539,0.0009417505537858695
X1_rate,m2400,540,0.0010066887722075535
X1_rate,m2400,541,0.001865580200723027
X1_rate,m2400,542,0.001598333225991233
X1_rate,m2400,543,0.0011801256960919382
X1_rate,m2400,544,0.0010608057427310413
X1_rate,m2400,545,0.0019787937370918662
X1_rate,m2400,546,0.0015510238355656014
X1_rate,m2400,547,0.0018035355854086887
X1_rate,m2400,548,0.0005869009991021912
X1_rate,m2400,549,0.0008606666561359333
X1_rate,m2400,550,0.001659295337661515
X1_rate,m2400,551,0.0008853265781190167
X1_rate,m2400,552,0.0007450671652415863
X1_rate,m2400,553,0.0011093835914013361
X1_rate,m2400,554,0.0013945546464189107
X1_rate,m2400,555,0.0022371740901281356
X1_rate,m2400,556,0.0009890082423691382
X1_rate,m2400,557,0.0019587683484587615
X1_rate,m2400,558,0.0006285418707472346
X1_rate,m2400,559,0.001406274387500961
X1_rate,m2400,560,0.0006216815807706944
X1_rate,m2400,561,0.001023157477010983
X1_rate,m2400,562,0.0017752770804406737
X1_rate,m2400,563,0.0011607825988733111
X1_rate,m2400,564,0.001580057084879627
X1_rate,m2400,565,0.0018322493403495344
X1_rate,m2400,566,0.001032726542772533
X1_rate,m2400,567,0.0009347029264450413
X1_rate,m2400,568,0.0014075943370412958
X1_rate,m2400,569,0.0017163919901577174
X1_rate,m2400,570,0.0007584916237024508
X1_rate,m2400,571,0.0024997619074236255
X1_rate,m2400,572,0.0010928337034936675
X1_rate,m2400,573,0.0006854653946746225
X1_rate,m2400,574,0.001845321988249271
X1_rate,m2400,575,0.0006919933489708541
X1_rate,m2400,576,0.001961947227814509
X1_rate,m2400,577,0.0013660288227526074
X1_rate,m2400,578,0.0013393496741942457
X1_rate,m2400,579,0.0010774490887430765
X1_rate,m2400,580,0.0010600266608613573
X1_rate,m2400,581,0.001496906156446709
X1_rate,m2400,582,0.0009968090703997845
X1_rate,m2400,583,0.001344001592735733
X1_rate,m2400,584,0.0007015412259443465
X1_rate,m2400,585,0.0012474860176463487
X1_rate,m2400,586,0.0008502445227009936
X1_rate,m2400,587,0.0008310066650589754
X1_rate,m2400,588,0.001281437955792608
X1_rate,m2400,589,0.001385663100957668
X1_rate,m2400,590,0.0010399480230427471
X1_rate,m2400,591,0.0019949723938745834
X1_rate,m2400,592,0.0008215073811927986
X1_rate,m2400,593,0.002398966806488989
X1_rate,m2400,594,0.001469098562594695
X1_rate,m2400,595,0.0034421702454272562
X1_rate,m2400,596,0.0016107180050006775
X1_rate,m2400,597,0.001232124761451736
X1_rate,m2400,598,0.001354954427250643
X1_rate,m2400,599,0.0017806096102872537
X3_drift,dependence_r0.7|scale8,0,0.05534004577933893
X3_drift,dependence_r0.7|scale8,1,0.03256970716008545
X3_drift,dependence_r0.7|scale8,2,0.05348229275188032
X3_drift,dependence_r0.7|scale8,3,0.05751048496825084
X3_drift,dependence_r0.7|scale8,4,0.03069528241513675
X3_drift,dependence_r0.7|scale8,5,0.011987612543364445
X3_drift,dependence_r0.7|scale8,6,0.06121031475537331
X3_drift,dependence_r0.7|scale8,7,0.05231326488395305
X3_drift,dependence_r0.7|scale8,8,0.07066715369723942
X3_drift,dependence_r0.7|scale8,9,0.0008347209590482407
X3_drift,dependence_r0.7|scale8,10,0.020872013156213454
X3_drift,dependence_r0.7|scale8,11,0.06626330752524767
X3_drift,dependence_r0.7|scale8,12,0.0035125111324256775
X3_drift,dependence_r0.7|scale8,13,0.023769951178420623
X3_drift,dependence_r0.7|scale8,14,0.06434969169829419
X3_drift,dependence_r0.7|scale8,15,0.00837017885484359
X3_drift,dependence_r0.7|scale8,16,0.00424072625827332
X3_drift,dependence_r0.7|scale8,17,0.012528219354311254
X3_drift,dependence_r0.7|scale8,18,0.09870853168979843
X3_drift,dependence_r0.7|scale8,19,0.01713460801082478
X3_drift,dependence_r0.7|scale8,20,0.01595869893311863
X3_drift,dependence_r0.7|scale8,21,0.04501261157583558
X3_drift,dependence_r0.7|scale8,22,0.04849607955657875
X3_drift,dependence_r0.7|scale8,23,0.01535252487893124
X3_drift,dependence_r0.7|scale8,24,0.025053438671641448
X3_drift,dependence_r0.7|scale8,25,0.040954432300317034
X3_drift,dependence_r0.7|scale8,26,0.030028316282941114
X3_drift,dependence_r0.7|scale8,27,0.006670397897755587
X3_drift,dependence_r0.7|scale8,28,0.01053208432681485
X3_drift,dependence_r0.7|scale8,29,0.01803572255332586
X3_drift,dependence_r0.7|scale8,30,0.008388178204096874
X3_drift,dependence_r0.7|scale8,31,0.02170912946075143
X3_drift,dependence_r0.7|scale8,32,0.019672393737404148
X3_drift,dependence_r0.7|scale8,33,0.028356011371470258
X3_drift,dependence_r0.7|scale8,34,0.020606185572071833
X3_drift,dependence_r0.7|scale8,35,0.003682247985455245
X3_drift,dependence_r0.7|scale8,36,0.0338403075016791
X3_drift,dependence_r0.7|scale8,37,0.002816384666784577
X3_drift,dependence_r0.7|scale8,38,0.006413013512484467
X3_drift,dependence_r0.7|scale8,39,0.03417797448037918
X3_drift,dependence_r0.7|scale8,40,0.0331246776848102
X3_drift,dependence_r0.7|scale8,41,0.0009826443114802075
X3_drift,dependence_r0.7|scale8,42,0.008263530300189448
X3_drift,dependence_r0.7|scale8,43,0.018703177141727867
X3_drift,dependence_r0.7|scale8,44,0.0418095553387976
X3_drift,dependence_r0.7|scale8,45,0.0033759056703690504
X3_drift,dependence_r0.7|scale8,46,0.009873453775878005
X3_drift,dependence_r0.7|scale8,47,0.025838486822098883
X3_drift,dependence_r0.7|scale8,48,0.006860603943769306
X3_drift,dependence_r0.7|scale8,49,0.029759368071747394
X3_drift,dependence_r0.7|scale8,50,0.013322285945918999
X3_drift,dependence_r0.7|scale8,51,0.055414064255780104
X3_drift,dependence_r0.7|scale8,52,0.029864754712945363
X3_drift,dependence_r0.7|scale8,53,0.06170556850980491
X3_drift,dependence_r0.7|scale8,54,0.07582533089622134
X3_drift,dependence_r0.7|scale8,55,0.016499359655093082
X3_drift,dependence_r0.7|scale8,56,0.05897105745826248
X3_drift,dependence_r0.7|scale8,57,0.013383179814762336
X3_drift,dependence_r0.7|scale8,58,0.005981281078034195
X3_drift,dependence_r0.7|scale8,59,0.023652964862189263
X3_drift,dependence_r0.7|scale8,60,0.017995650650821426
X3_drift,dependence_r0.7|scale8,61,0.04337915575506113
X3_drift,dependence_r0.7|scale8,62,0.016667639579419413
X3_drift,dependence_r0.7|scale8,63,0.06937323728589107
X3_drift,dependence_r0.7|scale8,64,0.03163307830494855
X3_drift,dependence_r0.7|scale8,65,0.004472009095250362
X3_drift,dependence_r0.7|scale8,66,0.035070792417547736
X3_drift,dependence_r0.7|scale8,67,0.03346560395555298
X3_drift,dependence_r0.7|scale8,68,0.034889757786791264
X3_drift,dependence_r0.7|scale8,69,0.016700796955867014
X3_drift,dependence_r0.7|scale8,70,0.04119490875185705
X3_drift,dependence_r0.7|scale8,71,0.09141796925739443
X3_drift,dependence_r0.7|scale8,72,0.03689491558494695
X3_drift,dependence_r0.7|scale8,73,0.052522938321089674
X3_drift,dependence_r0.7|scale8,74,0.04548018841639512
X3_drift,dependence_r0.7|scale8,75,0.04374397996287693
X3_drift,dependence_r0.7|scale8,76,0.03461449811410122
X3_drift,dependence_r0.7|scale8,77,0.017825963234721076
X3_drift,dependence_r0.7|scale8,78,0.005544473752626677
X3_drift,dependence_r0.7|scale8,79,0.012991378001310006
X3_drift,dependence_r0.7|scale8,80,0.03375435422038153
X3_drift,dependence_r0.7|scale8,81,0.009052070941677037
X3_drift,dependence_r0.7|scale8,82,0.07029722427206142
X3_drift,dependence_r0.7|scale8,83,0.018762063099813986
X3_drift,dependence_r0.7|scale8,84,0.04308964517705527
X3_drift,dependence_r0.7|scale8,85,0.08048015531206887
X3_drift,dependence_r0.7|scale8,86,0.0036647444963966436
X3_drift,dependence_r0.7|scale8,87,0.005629129190113158
X3_drift,dependence_r0.7|scale8,88,0.011586289351140255
X3_drift,dependence_r0.7|scale8,89,0.05648482446643266
X3_drift,dependence_r0.7|scale8,90,0.03759261366797784
X3_drift,dependence_r0.7|scale8,91,0.02189004302143216
X3_drift,dependence_r0.7|scale8,92,0.02888824680357538
X3_drift,dependence_r0.7|scale8,93,0.029932714969841623
X3_drift,dependence_r0.7|scale8,94,0.001916668329628557
X3_drift,dependence_r0.7|scale8,95,0.013774628321191473
X3_drift,dependence_r0.7|scale8,96,0.002267998826695372
X3_drift,dependence_r0.7|scale8,97,0.026453066511505252
X3_drift,dependence_r0.7|scale8,98,0.04548193343709617
X3_drift,dependence_r0.7|scale8,99,0.026259477601292325
X3_drift,dependence_r0.7|scale8,100,0.04329701711894707
X3_drift,dependence_r0.7|scale8,101,0.02913358172179059
X3_drift,dependence_r0.7|scale8,102,0.026325308598939223
X3_drift,dependence_r0.7|scale8,103,0.023827956551937035
X3_drift,dependence_r0.7|scale8,104,0.011359178329993558
X3_drift,dependence_r0.7|scale8,105,0.026460047184284186
X3_drift,dependence_r0.7|scale8,106,0.007170917658025244
X3_drift,dependence_r0.7|scale8,107,0.06293301358657577
X3_drift,dependence_r0.7|scale8,108,0.022686748755921915
X3_drift,dependence_r0.7|scale8,109,0.015168517452218033
X3_drift,dependence_r0.7|scale8,110,0.022217841764481605
X3_drift,dependence_r0.7|scale8,111,0.016836619497635263
X3_drift,dependence_r0.7|scale8,112,0.011531711724773519
X3_drift,dependence_r0.7|scale8,113,0.006738969683286022
X3_drift,dependence_r0.7|scale8,114,0.031778689947963734
X3_drift,dependence_r0.7|scale8,115,0.02033382727619082
X3_drift,dependence_r0.7|scale8,116,0.0420350783121064
X3_drift,dependence_r0.7|scale8,117,0.07051376201986681
X3_drift,dependence_r0.7|scale8,118,0.022371297684105285
X3_drift,dependence_r0.7|scale8,119,0.03133313269837368
X3_drift,dependence_r0.7|scale8,120,0.06821611805593575
X3_drift,dependence_r0.7|scale8,121,0.017943777091993462
X3_drift,dependence_r0.7|scale8,122,0.012542038099512043
X3_drift,dependence_r0.7|scale8,123,0.019719840581540193
X3_drift,dependence_r0.7|scale8,124,0.07118968740232856
X3_drift,dependence_r0.7|scale8,125,0.007568900222646668
X3_drift,dependence_r0.7|scale8,126,0.0728198204289261
X3_drift,dependence_r0.7|scale8,127,0.021399362087225038
X3_drift,dependence_r0.7|scale8,128,0.05275108573854492
X3_drift,dependence_r0.7|scale8,129,0.06283909773337482
X3_drift,dependence_r0.7|scale8,130,0.04124807948790643
X3_drift,dependence_r0.7|scale8,131,0.044241357595435016
X3_drift,dependence_r0.7|scale8,132,0.022877394048461674
X3_drift,dependence_r0.7|scale8,133,0.05993166059314703
X3_drift,dependence_r0.7|scale8,134,0.034507424614663273
X3_drift,dependence_r0.7|scale8,135,0.011844858484141074
X3_drift,dependence_r0.7|scale8,136,0.02280815983076634
X3_drift,dependence_r0.7|scale8,137,0.013523541858320609
X3_drift,dependence_r0.7|scale8,138,0.010663733400583686
X3_drift,dependence_r0.7|scale8,139,0.0062874368494727495
X3_drift,dependence_r0.7|scale8,140,0.026013576198583577
X3_drift,dependence_r0.7|scale8,141,0.05687146428352574
X3_drift,dependence_r0.7|scale8,142,0.028653285941290685
X3_drift,dependence_r0.7|scale8,143,0.03887719177454585
X3_drift,dependence_r0.7|scale8,144,0.007273807640766572
X3_drift,dependence_r0.7|scale8,145,0.054979293635036175
X3_drift,dependence_r0.7|scale8,146,0.027552060915537968
X3_drift,dependence_r0.7|scale8,147,0.03563038502584681
X3_drift,dependence_r0.7|scale8,148,0.012080918709135968
X3_drift,dependence_r0.7|scale8,149,0.022624796344344222
X3_drift,dependence_r0.7|scale8,150,0.06316143361494264
X3_drift,dependence_r0.7|scale8,151,0.02791903489730485
X3_drift,dependence_r0.7|scale8,152,0.004164540764712843
X3_drift,dependence_r0.7|scale8,153,0.04512945367160848
X3_drift,dependence_r0.7|scale8,154,0.021775707299244162
X3_drift,dependence_r0.7|scale8,155,0.022978910100372563
X3_drift,dependence_r0.7|scale8,156,0.005072651239168113
X3_drift,dependence_r0.7|scale8,157,0.05567248035553973
X3_drift,dependence_r0.7|scale8,158,0.030820551155115616
X3_drift,dependence_r0.7|scale8,159,0.0123082099107501
X3_drift,dependence_r0.7|scale8,160,0.005153452499023103
X3_drift,dependence_r0.7|scale8,161,0.0622402159984865
X3_drift,dependence_r0.7|scale8,162,0.05090378012375907
X3_drift,dependence_r0.7|scale8,163,0.01892971026130863
X3_drift,dependence_r0.7|scale8,164,0.04340641530490652
X3_drift,dependence_r0.7|scale8,165,0.0073361012370896095
X3_drift,dependence_r0.7|scale8,166,0.027484744432582087
X3_drift,dependence_r0.7|scale8,167,0.04266249630443508
X3_drift,dependence_r0.7|scale8,168,0.008625203803341197
X3_drift,dependence_r0.7|scale8,169,0.01592100617631509
X3_drift,dependence_r0.7|scale8,170,0.08131836920103952
X3_drift,dependence_r0.7|scale8,171,0.04148205927891402
X3_drift,dependence_r0.7|scale8,172,0.019634039081081633
X3_drift,dependence_r0.7|scale8,173,0.018642954217118257
X3_drift,dependence_r0.7|scale8,174,0.00022667085603500503
X3_drift,dependence_r0.7|scale8,175,0.03520392538735373
X3_drift,dependence_r0.7|scale8,176,0.00303215318542005
X3_drift,dependence_r0.7|scale8,177,0.02037008969321996
X3_drift,dependence_r0.7|scale8,178,0.021749345225583028
X3_drift,dependence_r0.7|scale8,179,0.048320584356923435
X3_drift,dependence_r0.7|scale8,180,0.038180687589629114
X3_drift,dependence_r0.7|scale8,181,0.025866662900756898
X3_drift,dependence_r0.7|scale8,182,0.04533163004010654
X3_drift,dependence_r0.7|scale8,183,0.007131581371972562
X3_drift,dependence_r0.7|scale8,184,0.04179954863199997
X3_drift,dependence_r0.7|scale8,185,0.028542667465396132
X3_drift,dependence_r0.7|scale8,186,0.03448123254093893
X3_drift,dependence_r0.7|scale8,187,0.005554458101297177
X3_drift,dependence_r0.7|scale8,188,0.019035082056190644
X3_drift,dependence_r0.7|scale8,189,0.004750767778449516
X3_drift,dependence_r0.7|scale8,190,0.04588450901565477
X3_drift,dependence_r0.7|scale8,191,0.03384375611334023
X3_drift,dependence_r0.7|scale8,192,0.047949670107404474
X3_drift,dependence_r0.7|scale8,193,0.04195313290598546
X3_drift,dependence_r0.7|scale8,194,0.02598717173523246
X3_drift,dependence_r0.7|scale8,195,0.08589708492130366
X3_drift,dependence_r0.7|scale8,196,0.03676625404542433
X3_drift,dependence_r0.7|scale8,197,0.02603511335651465
X3_drift,dependence_r0.7|scale8,198,0.029528508492015826
X3_drift,dependence_r0.7|scale8,199,0.0421719389706412
X3_drift,dependence_r0.7|scale8,200,0.014838677248279808
X3_drift,dependence_r0.7|scale8,201,0.01999691477326282
X3_drift,dependence_r0.7|scale8,202,0.021384565161745694
X3_drift,dependence_r0.7|scale8,203,0.04488918545903231
X3_drift,dependence_r0.7|scale8,204,0.009048473110050415
X3_drift,dependence_r0.7|scale8,205,0.013046529740258883
X3_drift,dependence_r0.7|scale8,206,0.03491693053456202
X3_drift,dependence_r0.7|scale8,207,0.0010393313725982622
X3_drift,dependence_r0.7|scale8,208,0.022700118009792325
X3_drift,dependence_r0.7|scale8,209,0.037701902766129836
X3_drift,dependence_r0.7|scale8,210,0.023294234595745422
X3_drift,dependence_r0.7|scale8,211,0.02618211904075829
X3_drift,dependence_r0.7|scale8,212,0.014129097379027344
X3_drift,dependence_r0.7|scale8,213,0.05566885445054992
X3_drift,dependence_r0.7|scale8,214,0.036435755254888624
X3_drift,dependence_r0.7|scale8,215,0.05456854415216705
X3_drift,dependence_r0.7|scale8,216,0.05045620201957046
X3_drift,dependence_r0.7|scale8,217,0.05878266603535298
X3_drift,dependence_r0.7|scale8,218,0.052954215120814
X3_drift,dependence_r0.7|scale8,219,0.005042481039060354
X3_drift,dependence_r0.7|scale8,220,0.006083730883938543
X3_drift,dependence_r0.7|scale8,221,0.014553309827409322
X3_drift,dependence_r0.7|scale8,222,0.035978727149658773
X3_drift,dependence_r0.7|scale8,223,0.0037655657973616474
X3_drift,dependence_r0.7|scale8,224,0.027852332615313058
X3_drift,dependence_r0.7|scale8,225,0.025113054690266035
X3_drift,dependence_r0.7|scale8,226,0.049010325138600264
X3_drift,dependence_r0.7|scale8,227,0.061593310728817796
X3_drift,dependence_r0.7|scale8,228,0.028451194023389803
X3_drift,dependence_r0.7|scale8,229,0.011518838561339173
X3_drift,dependence_r0.7|scale8,230,0.0003556643155786521
X3_drift,dependence_r0.7|scale8,231,0.03753621376252281
X3_drift,dependence_r0.7|scale8,232,0.02274239372998199
X3_drift,dependence_r0.7|scale8,233,0.04030852842652788
X3_drift,dependence_r0.7|scale8,234,0.009285598390408767
X3_drift,dependence_r0.7|scale8,235,0.0025479551215366048
X3_drift,dependence_r0.7|scale8,236,0.015268130206437913
X3_drift,dependence_r0.7|scale8,237,0.01984423112010547
X3_drift,dependence_r0.7|scale8,238,0.013807222318541923
X3_drift,dependence_r0.7|scale8,239,0.07190036264724187
X3_drift,dependence_r0.7|scale8,240,0.0014682225491182699
X3_drift,dependence_r0.7|scale8,241,0.0033524032945249083
X3_drift,dependence_r0.7|scale8,242,0.0015709600022961734
X3_drift,dependence_r0.7|scale8,243,0.024646618925305175
X3_drift,dependence_r0.7|scale8,244,0.051165693763089326
X3_drift,dependence_r0.7|scale8,245,0.035968123444286126
X3_drift,dependence_r0.7|scale8,246,0.07257723698580953
X3_drift,dependence_r0.7|scale8,247,0.008620968614848623
X3_drift,dependence_r0.7|scale8,248,0.006613092038613377
X3_drift,dependence_r0.7|scale8,249,0.0272192786148564
X3_drift,dependence_r0.7|scale8,250,0.03397313036692462
X3_drift,dependence_r0.7|scale8,251,0.017058024824334828
X3_drift,dependence_r0.7|scale8,252,0.02506815841061938
X3_drift,dependence_r0.7|scale8,253,0.014008916604584254
X3_drift,dependence_r0.7|scale8,254,0.0033323104185747354
X3_drift,dependence_r0.7|scale8,255,0.06015676201389253
X3_drift,dependence_r0.7|scale8,256,0.05433756038123527
X3_drift,dependence_r0.7|scale8,257,0.03428826494515946
X3_drift,dependence_r0.7|scale8,258,0.06497579326437486
X3_drift,dependence_r0.7|scale8,259,0.05480912889702161
X3_drift,dependence_r0.7|scale8,260,0.005000404125112601
X3_drift,dependence_r0.7|scale8,261,0.025224449770369972
X3_drift,dependence_r0.7|scale8,262,0.0034402215090085786
X3_drift,dependence_r0.7|scale8,263,0.03468736658984195
X3_drift,dependence_r0.7|scale8,264,0.012516577404981355
X3_drift,dependence_r0.7|scale8,265,0.06685749833103993
X3_drift,dependence_r0.7|scale8,266,0.023219806819564592
X3_drift,dependence_r0.7|scale8,267,0.017895111528007712
X3_drift,dependence_r0.7|scale8,268,0.049106474400229416
X3_drift,dependence_r0.7|scale8,269,0.05441468644917835
X3_drift,dependence_r0.7|scale8,270,0.04795169372240071
X3_drift,dependence_r0.7|scale8,271,0.015190246019341824
X3_drift,dependence_r0.7|scale8,272,0.036842904444682745
X3_drift,dependence_r0.7|scale8,273,0.03157516547728112
X3_drift,dependence_r0.7|scale8,274,0.05104280821958307
X3_drift,dependence_r0.7|scale8,275,0.0032600507399669354
X3_drift,dependence_r0.7|scale8,276,0.0899135564224045
X3_drift,dependence_r0.7|scale8,277,0.023293378447494684
X3_drift,dependence_r0.7|scale8,278,0.018703683548107808
X3_drift,dependence_r0.7|scale8,279,0.0049133626898465455
X3_drift,dependence_r0.7|scale8,280,0.006887772205764753
X3_drift,dependence_r0.7|scale8,281,0.025851979174754014
X3_drift,dependence_r0.7|scale8,282,0.06060273833646779
X3_drift,dependence_r0.7|scale8,283,0.0282961651817053
X3_drift,dependence_r0.7|scale8,284,0.05667166981089933
X3_drift,dependence_r0.7|scale8,285,0.012897667979303806
X3_drift,dependence_r0.7|scale8,286,0.0035951439106163274
X3_drift,dependence_r0.7|scale8,287,0.019063541677570184
X3_drift,dependence_r0.7|scale8,288,0.05606732803395609
X3_drift,dependence_r0.7|scale8,289,0.00475152825288383
X3_drift,dependence_r0.7|scale8,290,0.020617414654642063
X3_drift,dependence_r0.7|scale8,291,0.04293980102631534
X3_drift,dependence_r0.7|scale8,292,0.019308282593064607
X3_drift,dependence_r0.7|scale8,293,0.05070092891572697
X3_drift,dependence_r0.7|scale8,294,0.028148180947785484
X3_drift,dependence_r0.7|scale8,295,0.052208702452237965
X3_drift,dependence_r0.7|scale8,296,0.021149375220660405
X3_drift,dependence_r0.7|scale8,297,0.025185465561910148
X3_drift,dependence_r0.7|scale8,298,0.036808220974517525
X3_drift,dependence_r0.7|scale8,299,0.03510188845957907
X3_drift,dependence_r0.7|scale8,300,0.08337485217800111
X3_drift,dependence_r0.7|scale8,301,0.016157334493406506
X3_drift,dependence_r0.7|scale8,302,0.0004469326601992396
X3_drift,dependence_r0.7|scale8,303,0.02538159875793755
X3_drift,dependence_r0.7|scale8,304,0.0736367482197342
X3_drift,dependence_r0.7|scale8,305,0.010005791397100783
X3_drift,dependence_r0.7|scale8,306,0.028754131510161596
X3_drift,dependence_r0.7|scale8,307,0.0707921932741511
X3_drift,dependence_r0.7|scale8,308,0.007641635724792373
X3_drift,dependence_r0.7|scale8,309,0.008338477212677553
X3_drift,dependence_r0.7|scale8,310,0.043456231838591375
X3_drift,dependence_r0.7|scale8,311,0.0015592177083192382
X3_drift,dependence_r0.7|scale8,312,0.04901523604170133
X3_drift,dependence_r0.7|scale8,313,0.020297103205975553
X3_drift,dependence_r0.7|scale8,314,0.05312726341160179
X3_drift,dependence_r0.7|scale8,315,0.03342881602626968
X3_drift,dependence_r0.7|scale8,316,0.03187843855387862
X3_drift,dependence_r0.7|scale8,317,0.01360947950107394
X3_drift,dependence_r0.7|scale8,318,0.03646427869675395
X3_drift,dependence_r0.7|scale8,319,0.06042913446500253
X3_drift,dependence_r0.7|scale8,320,0.04984409965268499
X3_drift,dependence_r0.7|scale8,321,0.01677523765857325
X3_drift,dependence_r0.7|scale8,322,0.0355460367438849
X3_drift,dependence_r0.7|scale8,323,0.05774223933293898
X3_drift,dependence_r0.7|scale8,324,0.060302903132104735
X3_drift,dependence_r0.7|scale8,325,0.01664412458748532
X3_drift,dependence_r0.7|scale8,326,0.001089411493073733
X3_drift,dependence_r0.7|scale8,327,0.04881206614987588
X3_drift,dependence_r0.7|scale8,328,0.0018595944370234374
X3_drift,dependence_r0.7|scale8,329,0.005800353558501392
X3_drift,dependence_r0.7|scale8,330,0.023070524774764012
X3_drift,dependence_r0.7|scale8,331,0.03388522505755498
X3_drift,dependence_r0.7|scale8,332,0.036271611759825184
X3_drift,dependence_r0.7|scale8,333,0.036159232210628334
X3_drift,dependence_r0.7|scale8,334,0.035202280015831144
X3_drift,dependence_r0.7|scale8,335,0.004574822120486655
X3_drift,dependence_r0.7|scale8,336,0.022778112947273943
X3_drift,dependence_r0.7|scale8,337,0.03982809292320133
X3_drift,dependence_r0.7|scale8,338,0.05601251003268559
X3_drift,dependence_r0.7|scale8,339,0.057822465327722394
X3_drift,dependence_r0.7|scale8,340,0.02699548921761208
X3_drift,dependence_r0.7|scale8,341,0.0426475460835638
X3_drift,dependence_r0.7|scale8,342,0.06332265913381097
X3_drift,dependence_r0.7|scale8,343,0.019449154323664786
X3_drift,dependence_r0.7|scale8,344,0.023573470980249533
X3_drift,dependence_r0.7|scale8,345,0.07141206188410854
X3_drift,dependence_r0.7|scale8,346,0.03961886205195708
X3_drift,dependence_r0.7|scale8,347,0.055540844157416114
X3_drift,dependence_r0.7|scale8,348,0.01959684382456328
X3_drift,dependence_r0.7|scale8,349,0.0076239987894595185
X3_drift,dependence_r0.7|scale8,350,0.01717167145254228
X3_drift,dependence_r0.7|scale8,351,0.06974917384313128
X3_drift,dependence_r0.7|scale8,352,0.0113603447814834
X3_drift,dependence_r0.7|scale8,353,0.03867725158965496
X3_drift,dependence_r0.7|scale8,354,0.05254979300832319
X3_drift,dependence_r0.7|scale8,355,0.01056941753168461
X3_drift,dependence_r0.7|scale8,356,0.04529711765399447
X3_drift,dependence_r0.7|scale8,357,0.0076591079930801165
X3_drift,dependence_r0.7|scale8,358,0.09492728289026964
X3_drift,dependence_r0.7|scale8,359,0.04573946373465487
X3_drift,dependence_r0.7|scale8,360,0.08606292070597554
X3_drift,dependence_r0.7|scale8,361,0.011602091629432598
X3_drift,dependence_r0.7|scale8,362,0.032253151893542054
X3_drift,dependence_r0.7|scale8,363,0.0413685633935339
X3_drift,dependence_r0.7|scale8,364,0.0566797152805103
X3_drift,dependence_r0.7|scale8,365,0.0062583048178634915
X3_drift,dependence_r0.7|scale8,366,0.017318171990549525
X3_drift,dependence_r0.7|scale8,367,0.019378732175576285
X3_drift,dependence_r0.7|scale8,368,0.0023557811774230775
X3_drift,dependence_r0.7|scale8,369,0.023215948282488297
X3_drift,dependence_r0.7|scale8,370,0.06348512584063348
X3_drift,dependence_r0.7|scale8,371,0.07531159367429496
X3_drift,dependence_r0.7|scale8,372,0.012258408269456345
X3_drift,dependence_r0.7|scale8,373,0.04103590168984095
X3_drift,dependence_r0.7|scale8,374,0.012820760161745826
X3_drift,dependence_r0.7|scale8,375,0.1024384685272679
X3_drift,dependence_r0.7|scale8,376,0.00730832249788782
X3_drift,dependence_r0.7|scale8,377,0.06837542294289412
X3_drift,dependence_r0.7|scale8,378,0.01440176416496497
X3_drift,dependence_r0.7|scale8,379,0.053402422417152096
X3_drift,dependence_r0.7|scale8,380,0.048826022127012925
X3_drift,dependence_r0.7|scale8,381,0.054876291420438594
X3_drift,dependence_r0.7|scale8,382,0.020499339724468157
X3_drift,dependence_r0.7|scale8,383,0.03775424577368347
X3_drift,dependence_r0.7|scale8,384,0.06399175038366911
X3_drift,dependence_r0.7|scale8,385,0.0004746272555524733
X3_drift,dependence_r0.7|scale8,386,0.004667645862452385
X3_drift,dependence_r0.7|scale8,387,0.030925373663257094
X3_drift,dependence_r0.7|scale8,388,0.0014820417839971345
X3_drift,dependence_r0.7|scale8,389,0.0050580820349468425
X3_drift,dependence_r0.7|scale8,390,0.04701915120092548
X3_drift,dependence_r0.7|scale8,391,0.021026450832808408
X3_drift,dependence_r0.7|scale8,392,0.028637493143404802
X3_drift,dependence_r0.7|scale8,393,0.030795550617894296
X3_drift,dependence_r0.7|scale8,394,0.03695188697350593
X3_drift,dependence_r0.7|scale8,395,0.023286486857105437
X3_drift,dependence_r0.7|scale8,396,0.04692321884401496
X3_drift,dependence_r0.7|scale8,397,0.01226964179385015
X3_drift,dependence_r0.7|scale8,398,0.02858567945779522
X3_drift,dependence_r0.7|scale8,399,0.0425796131631464
X3_drift,dependence_r0.7|tanh,0,0.0441688937095015
X3_drift,dependence_r0.7|tanh,1,0.0025671406041145595
X3_drift,dependence_r0.7|tanh,2,0.029240742341083648
X3_drift,dependence_r0.7|tanh,3,0.014082372686509359
X3_drift,dependence_r0.7|tanh,4,0.0659682212514694
X3_drift,dependence_r0.7|tanh,5,0.019433188779627963
X3_drift,dependence_r0.7|tanh,6,0.0948262942069138
X3_drift,dependence_r0.7|tanh,7,0.015011773215061863
X3_drift,dependence_r0.7|tanh,8,0.08013035657959144
X3_drift,dependence_r0.7|tanh,9,0.02590251884833883
X3_drift,dependence_r0.7|tanh,10,0.04868458929058561
X3_drift,dependence_r0.7|tanh,11,0.047194769746329523
X3_drift,dependence_r0.7|tanh,12,0.033311653721250334
X3_drift,dependence_r0.7|tanh,13,0.045545864613999454
X3_drift,dependence_r0.7|tanh,14,0.01923613279041092
X3_drift,dependence_r0.7|tanh,15,0.027384360340849456
X3_drift,dependence_r0.7|tanh,16,0.020554552640419832
X3_drift,dependence_r0.7|tanh,17,0.03686252463683726
X3_drift,dependence_r0.7|tanh,18,0.0691861240477849
X3_drift,dependence_r0.7|tanh,19,0.04603253291596987
X3_drift,dependence_r0.7|tanh,20,0.03616935782231767
X3_drift,dependence_r0.7|tanh,21,0.07492382532227171
X3_drift,dependence_r0.7|tanh,22,0.019760790122362204
X3_drift,dependence_r0.7|tanh,23,0.014064981960732359
X3_drift,dependence_r0.7|tanh,24,0.004272698021304144
X3_drift,dependence_r0.7|tanh,25,0.021504298176643122
X3_drift,dependence_r0.7|tanh,26,0.023036957074352937
X3_drift,dependence_r0.7|tanh,27,0.03360710264988054
X3_drift,dependence_r0.7|tanh,28,0.013100155138299208
X3_drift,dependence_r0.7|tanh,29,0.0012605985166138645
X3_drift,dependence_r0.7|tanh,30,0.03434434216182081
X3_drift,dependence_r0.7|tanh,31,0.029838129638029676
X3_drift,dependence_r0.7|tanh,32,0.047268719502681744
X3_drift,dependence_r0.7|tanh,33,0.0027484115270257625
X3_drift,dependence_r0.7|tanh,34,0.00014252863364605517
X3_drift,dependence_r0.7|tanh,35,0.027990299947891817
X3_drift,dependence_r0.7|tanh,36,0.008010841776759037
X3_drift,dependence_r0.7|tanh,37,0.017982724615262846
X3_drift,dependence_r0.7|tanh,38,0.030110980969919154
X3_drift,dependence_r0.7|tanh,39,0.00799642288046054
X3_drift,dependence_r0.7|tanh,40,0.002633149023000936
X3_drift,dependence_r0.7|tanh,41,0.024592190570831285
X3_drift,dependence_r0.7|tanh,42,0.029191721243461366
X3_drift,dependence_r0.7|tanh,43,0.0019886489792364515
X3_drift,dependence_r0.7|tanh,44,0.06900587750874454
X3_drift,dependence_r0.7|tanh,45,0.03678277015529874
X3_drift,dependence_r0.7|tanh,46,0.04476937995526531
X3_drift,dependence_r0.7|tanh,47,0.05845467228645096
X3_drift,dependence_r0.7|tanh,48,0.007698581927843895
X3_drift,dependence_r0.7|tanh,49,0.0706534089580817
X3_drift,dependence_r0.7|tanh,50,0.06217291592439844
X3_drift,dependence_r0.7|tanh,51,0.03759807350933553
X3_drift,dependence_r0.7|tanh,52,0.003233828787048587
X3_drift,dependence_r0.7|tanh,53,0.03428798468415151
X3_drift,dependence_r0.7|tanh,54,0.03328953425186887
X3_drift,dependence_r0.7|tanh,55,0.04428401273479521
X3_drift,dependence_r0.7|tanh,56,0.03261010450589508
X3_drift,dependence_r0.7|tanh,57,0.02282922405426091
X3_drift,dependence_r0.7|tanh,58,0.05652902459408371
X3_drift,dependence_r0.7|tanh,59,0.0067937759523597485
X3_drift,dependence_r0.7|tanh,60,0.03244950619364895
X3_drift,dependence_r0.7|tanh,61,0.022282140162235287
X3_drift,dependence_r0.7|tanh,62,0.042867831430071
X3_drift,dependence_r0.7|tanh,63,0.04917262003402589
X3_drift,dependence_r0.7|tanh,64,0.011262440190240586
X3_drift,dependence_r0.7|tanh,65,0.02143877182291387
X3_drift,dependence_r0.7|tanh,66,0.004108390900854797
X3_drift,dependence_r0.7|tanh,67,0.0001951297849664968
X3_drift,dependence_r0.7|tanh,68,0.0060409620321828505
X3_drift,dependence_r0.7|tanh,69,0.02046475800101044
X3_drift,dependence_r0.7|tanh,70,0.06313349779072386
X3_drift,dependence_r0.7|tanh,71,0.07093378379313697
X3_drift,dependence_r0.7|tanh,72,0.00945632911242611
X3_drift,dependence_r0.7|tanh,73,0.021069609315393922
X3_drift,dependence_r0.7|tanh,74,0.006661106634466174
X3_drift,dependence_r0.7|tanh,75,0.0017502526192711976
X3_drift,dependence_r0.7|tanh,76,0.0039975060736898715
X3_drift,dependence_r0.7|tanh,77,0.011507136258666062
X3_drift,dependence_r0.7|tanh,78,0.01439140091786939
X3_drift,dependence_r0.7|tanh,79,0.03488309609253437
X3_drift,dependence_r0.7|tanh,80,0.0714546703288228
X3_drift,dependence_r0.7|tanh,81,0.030066915037321618
X3_drift,dependence_r0.7|tanh,82,0.0421564539760273
X3_drift,dependence_r0.7|tanh,83,0.006903728025549949
X3_drift,dependence_r0.7|tanh,84,0.018087295191253183
X3_drift,dependence_r0.7|tanh,85,0.06415172587602158
X3_drift,dependence_r0.7|tanh,86,0.02565915035430577
X3_drift,dependence_r0.7|tanh,87,0.02367294477361881
X3_drift,dependence_r0.7|tanh,88,0.0004917627048930395
X3_drift,dependence_r0.7|tanh,89,0.032329967998991904
X3_drift,dependence_r0.7|tanh,90,0.0026643260489485066
X3_drift,dependence_r0.7|tanh,91,0.011611256722093177
X3_drift,dependence_r0.7|tanh,92,0.014380615904787675
X3_drift,dependence_r0.7|tanh,93,0.00781559778507157
X3_drift,dependence_r0.7|tanh,94,0.041911802717358615
X3_drift,dependence_r0.7|tanh,95,0.04001061763348912
X3_drift,dependence_r0.7|tanh,96,0.03490448827105053
X3_drift,dependence_r0.7|tanh,97,0.046531601858887495
X3_drift,dependence_r0.7|tanh,98,0.007362726032618561
X3_drift,dependence_r0.7|tanh,99,0.07077178655169147
X3_drift,dependence_r0.7|tanh,100,0.012999180869050164
X3_drift,dependence_r0.7|tanh,101,0.016158113821622244
X3_drift,dependence_r0.7|tanh,102,0.000503734132378586
X3_drift,dependence_r0.7|tanh,103,0.0026266745986816
X3_drift,dependence_r0.7|tanh,104,0.050621653467189054
X3_drift,dependence_r0.7|tanh,105,0.0014915626202902654
X3_drift,dependence_r0.7|tanh,106,0.02330398908149167
X3_drift,dependence_r0.7|tanh,107,0.037426346740354166
X3_drift,dependence_r0.7|tanh,108,0.04291746048665912
X3_drift,dependence_r0.7|tanh,109,0.049506055100802415
X3_drift,dependence_r0.7|tanh,110,0.00792375958376823
X3_drift,dependence_r0.7|tanh,111,0.05599937044689263
X3_drift,dependence_r0.7|tanh,112,0.02716890899433988
X3_drift,dependence_r0.7|tanh,113,0.016190085863252435
X3_drift,dependence_r0.7|tanh,114,0.0068479845619939805
X3_drift,dependence_r0.7|tanh,115,0.04740954028429689
X3_drift,dependence_r0.7|tanh,116,0.009084498452450962
X3_drift,dependence_r0.7|tanh,117,0.05762487859435006
X3_drift,dependence_r0.7|tanh,118,0.004217358996170706
X3_drift,dependence_r0.7|tanh,119,0.015853481035855488
X3_drift,dependence_r0.7|tanh,120,0.04646883210793051
X3_drift,dependence_r0.7|tanh,121,0.013979629815748407
X3_drift,dependence_r0.7|tanh,122,0.007327854312517923
X3_drift,dependence_r0.7|tanh,123,0.04818099280652044
X3_drift,dependence_r0.7|tanh,124,0.03175550030660346
X3_drift,dependence_r0.7|tanh,125,0.037999528298858776
X3_drift,dependence_r0.7|tanh,126,0.0430562722043919
X3_drift,dependence_r0.7|tanh,127,0.0010939718767353224
X3_drift,dependence_r0.7|tanh,128,0.025906428404425696
X3_drift,dependence_r0.7|tanh,129,0.04006367788698162
X3_drift,dependence_r0.7|tanh,130,0.016034582821354837
X3_drift,dependence_r0.7|tanh,131,0.07751481026036866
X3_drift,dependence_r0.7|tanh,132,0.03668232754426093
X3_drift,dependence_r0.7|tanh,133,0.05490993657973142
X3_drift,dependence_r0.7|tanh,134,0.0033577684849663836
X3_drift,dependence_r0.7|tanh,135,0.007597478038627203
X3_drift,dependence_r0.7|tanh,136,0.05882380577112878
X3_drift,dependence_r0.7|tanh,137,0.044816066770715146
X3_drift,dependence_r0.7|tanh,138,0.025147287699331722
X3_drift,dependence_r0.7|tanh,139,0.028234362398488866
X3_drift,dependence_r0.7|tanh,140,0.00740699999094252
X3_drift,dependence_r0.7|tanh,141,0.04313638557672217
X3_drift,dependence_r0.7|tanh,142,0.01813984416962633
X3_drift,dependence_r0.7|tanh,143,0.014995228803099003
X3_drift,dependence_r0.7|tanh,144,0.03160010049478146
X3_drift,dependence_r0.7|tanh,145,0.07482320505757478
X3_drift,dependence_r0.7|tanh,146,0.011006797513405164
X3_drift,dependence_r0.7|tanh,147,0.017438381350278975
X3_drift,dependence_r0.7|tanh,148,0.030196767071891673
X3_drift,dependence_r0.7|tanh,149,0.05851661381004147
X3_drift,dependence_r0.7|tanh,150,0.0348888167053234
X3_drift,dependence_r0.7|tanh,151,0.0074585728583853594
X3_drift,dependence_r0.7|tanh,152,0.04140710381814072
X3_drift,dependence_r0.7|tanh,153,0.06998426606658681
X3_drift,dependence_r0.7|tanh,154,0.002971880867249199
X3_drift,dependence_r0.7|tanh,155,0.011220149830122761
X3_drift,dependence_r0.7|tanh,156,0.015233501916713577
X3_drift,dependence_r0.7|tanh,157,0.07893349900933311
X3_drift,dependence_r0.7|tanh,158,0.00034593673060445695
X3_drift,dependence_r0.7|tanh,159,0.025839127354220004
X3_drift,dependence_r0.7|tanh,160,0.03296412091942691
X3_drift,dependence_r0.7|tanh,161,0.03881194199899518
X3_drift,dependence_r0.7|tanh,162,0.028008038619150355
X3_drift,dependence_r0.7|tanh,163,0.050934322900622275
X3_drift,dependence_r0.7|tanh,164,0.004892728391205914
X3_drift,dependence_r0.7|tanh,165,0.015676906305297056
X3_drift,dependence_r0.7|tanh,166,0.05794384837816713
X3_drift,dependence_r0.7|tanh,167,0.004406787415045743
X3_drift,dependence_r0.7|tanh,168,0.048579501891263366
X3_drift,dependence_r0.7|tanh,169,0.00679832365831845
X3_drift,dependence_r0.7|tanh,170,0.03932711336145989
X3_drift,dependence_r0.7|tanh,171,0.07941252291597345
X3_drift,dependence_r0.7|tanh,172,0.0011989956248905642
X3_drift,dependence_r0.7|tanh,173,0.005774090431290846
X3_drift,dependence_r0.7|tanh,174,0.025062105777574395
X3_drift,dependence_r0.7|tanh,175,0.0012431511159922692
X3_drift,dependence_r0.7|tanh,176,0.02928178504902923
X3_drift,dependence_r0.7|tanh,177,0.06211795338111292
X3_drift,dependence_r0.7|tanh,178,0.007289235508328495
X3_drift,dependence_r0.7|tanh,179,0.0043489581623270546
X3_drift,dependence_r0.7|tanh,180,0.030046857787644043
X3_drift,dependence_r0.7|tanh,181,0.05545177562550174
X3_drift,dependence_r0.7|tanh,182,0.008659798051051881
X3_drift,dependence_r0.7|tanh,183,0.013414833241774282
X3_drift,dependence_r0.7|tanh,184,0.0023421036148758567
X3_drift,dependence_r0.7|tanh,185,0.004527934508322673
X3_drift,dependence_r0.7|tanh,186,0.007828002068339668
X3_drift,dependence_r0.7|tanh,187,0.022918823752178463
X3_drift,dependence_r0.7|tanh,188,0.05104226362557718
X3_drift,dependence_r0.7|tanh,189,0.022155670551280426
X3_drift,dependence_r0.7|tanh,190,0.007239058567161338
X3_drift,dependence_r0.7|tanh,191,0.004112176121473077
X3_drift,dependence_r0.7|tanh,192,0.010223340870644027
X3_drift,dependence_r0.7|tanh,193,0.0988905839257157
X3_drift,dependence_r0.7|tanh,194,0.07204320726914037
X3_drift,dependence_r0.7|tanh,195,0.04844107927180952
X3_drift,dependence_r0.7|tanh,196,0.00777926856520228
X3_drift,dependence_r0.7|tanh,197,0.003948198960845417
X3_drift,dependence_r0.7|tanh,198,0.0066286287537864474
X3_drift,dependence_r0.7|tanh,199,0.016910373545521606
X3_drift,dependence_r0.7|tanh,200,0.048544001613038734
X3_drift,dependence_r0.7|tanh,201,0.042180086320458665
X3_drift,dependence_r0.7|tanh,202,0.0012743341799179575
X3_drift,dependence_r0.7|tanh,203,0.08293243240329629
X3_drift,dependence_r0.7|tanh,204,0.01408445868264474
X3_drift,dependence_r0.7|tanh,205,0.04031679568929514
X3_drift,dependence_r0.7|tanh,206,0.07816845835972619
X3_drift,dependence_r0.7|tanh,207,0.05275727728797164
X3_drift,dependence_r0.7|tanh,208,0.01217105342561009
X3_drift,dependence_r0.7|tanh,209,0.00928414251719789
X3_drift,dependence_r0.7|tanh,210,0.004977071269505862
X3_drift,dependence_r0.7|tanh,211,0.010740454121551002
X3_drift,dependence_r0.7|tanh,212,0.02283948410881531
X3_drift,dependence_r0.7|tanh,213,0.024746897194440898
X3_drift,dependence_r0.7|tanh,214,0.014081739459992804
X3_drift,dependence_r0.7|tanh,215,0.07914742650582118
X3_drift,dependence_r0.7|tanh,216,0.031893769358020796
X3_drift,dependence_r0.7|tanh,217,0.025560373999927055
X3_drift,dependence_r0.7|tanh,218,0.024482750046899593
X3_drift,dependence_r0.7|tanh,219,0.017233411510183982
X3_drift,dependence_r0.7|tanh,220,0.03796011906785046
X3_drift,dependence_r0.7|tanh,221,0.02011540275039536
X3_drift,dependence_r0.7|tanh,222,0.0031182118809289783
X3_drift,dependence_r0.7|tanh,223,0.0301025205619736
X3_drift,dependence_r0.7|tanh,224,0.015173122564207109
X3_drift,dependence_r0.7|tanh,225,0.059395021322517616
X3_drift,dependence_r0.7|tanh,226,0.029112064431097595
X3_drift,dependence_r0.7|tanh,227,0.01991903225071212
X3_drift,dependence_r0.7|tanh,228,0.002105292575121487
X3_drift,dependence_r0.7|tanh,229,0.013411752445267489
X3_drift,dependence_r0.7|tanh,230,0.03315072700269983
X3_drift,dependence_r0.7|tanh,231,0.019200875018539953
X3_drift,dependence_r0.7|tanh,232,0.0034566551360433184
X3_drift,dependence_r0.7|tanh,233,0.019461734917399554
X3_drift,dependence_r0.7|tanh,234,0.03292898698262148
X3_drift,dependence_r0.7|tanh,235,0.04065436552477819
X3_drift,dependence_r0.7|tanh,236,0.03595054043477197
X3_drift,dependence_r0.7|tanh,237,0.009583574884916901
X3_drift,dependence_r0.7|tanh,238,0.014061239476753862
X3_drift,dependence_r0.7|tanh,239,0.05497669092617441
X3_drift,dependence_r0.7|tanh,240,0.02456451949203453
X3_drift,dependence_r0.7|tanh,241,0.008175063293689888
X3_drift,dependence_r0.7|tanh,242,0.02908619269861834
X3_drift,dependence_r0.7|tanh,243,0.004205326290312561
X3_drift,dependence_r0.7|tanh,244,0.018088736149100004
X3_drift,dependence_r0.7|tanh,245,0.004074867156360629
X3_drift,dependence_r0.7|tanh,246,0.03858816498396567
X3_drift,dependence_r0.7|tanh,247,0.0324474780965196
X3_drift,dependence_r0.7|tanh,248,0.00991468976409604
X3_drift,dependence_r0.7|tanh,249,0.009319755098270655
X3_drift,dependence_r0.7|tanh,250,0.007777041763842085
X3_drift,dependence_r0.7|tanh,251,0.02852275437987073
X3_drift,dependence_r0.7|tanh,252,0.05158328261521894
X3_drift,dependence_r0.7|tanh,253,0.01798019237433346
X3_drift,dependence_r0.7|tanh,254,0.02469726354471624
X3_drift,dependence_r0.7|tanh,255,0.028715638628628026
X3_drift,dependence_r0.7|tanh,256,0.029139715033868585
X3_drift,dependence_r0.7|tanh,257,0.0015514364658613111
X3_drift,dependence_r0.7|tanh,258,0.05529162820728328
X3_drift,dependence_r0.7|tanh,259,0.030870458939569856
X3_drift,dependence_r0.7|tanh,260,0.011287892102840313
X3_drift,dependence_r0.7|tanh,261,0.004956768397007538
X3_drift,dependence_r0.7|tanh,262,0.020489146159122118
X3_drift,dependence_r0.7|tanh,263,0.05585849778970475
X3_drift,dependence_r0.7|tanh,264,0.00605109199213727
X3_drift,dependence_r0.7|tanh,265,0.033674161914049705
X3_drift,dependence_r0.7|tanh,266,0.007433190094733089
X3_drift,dependence_r0.7|tanh,267,0.047130775000483904
X3_drift,dependence_r0.7|tanh,268,0.012158209934546749
X3_drift,dependence_r0.7|tanh,269,0.013090927267233265
X3_drift,dependence_r0.7|tanh,270,0.029578003237317407
X3_drift,dependence_r0.7|tanh,271,0.002505214684446866
X3_drift,dependence_r0.7|tanh,272,0.004347662935862973
X3_drift,dependence_r0.7|tanh,273,0.004523281319577244
X3_drift,dependence_r0.7|tanh,274,0.008563845257411273
X3_drift,dependence_r0.7|tanh,275,0.04842729691556169
X3_drift,dependence_r0.7|tanh,276,0.0575667782673579
X3_drift,dependence_r0.7|tanh,277,0.0074975251310498425
X3_drift,dependence_r0.7|tanh,278,0.06009642861465725
X3_drift,dependence_r0.7|tanh,279,0.023933881002969892
X3_drift,dependence_r0.7|tanh,280,0.025062554786198454
X3_drift,dependence_r0.7|tanh,281,0.006672459739255787
X3_drift,dependence_r0.7|tanh,282,0.043626254433944744
X3_drift,dependence_r0.7|tanh,283,0.001734895395225644
X3_drift,dependence_r0.7|tanh,284,0.0316808739259935
X3_drift,dependence_r0.7|tanh,285,0.046849037900717594
X3_drift,dependence_r0.7|tanh,286,0.033467525892423966
X3_drift,dependence_r0.7|tanh,287,0.014355289804255822
X3_drift,dependence_r0.7|tanh,288,0.0227861778362084
X3_drift,dependence_r0.7|tanh,289,0.030153759339432762
X3_drift,dependence_r0.7|tanh,290,0.002286312506136756
X3_drift,dependence_r0.7|tanh,291,0.014220174853139866
X3_drift,dependence_r0.7|tanh,292,0.04384029525590272
X3_drift,dependence_r0.7|tanh,293,0.04169360118273735
X3_drift,dependence_r0.7|tanh,294,0.008531147311378273
X3_drift,dependence_r0.7|tanh,295,0.021727083765239463
X3_drift,dependence_r0.7|tanh,296,0.04183516903195739
X3_drift,dependence_r0.7|tanh,297,0.0015827162528725403
X3_drift,dependence_r0.7|tanh,298,0.012655194491077548
X3_drift,dependence_r0.7|tanh,299,0.0008531768437634035
X3_drift,dependence_r0.7|tanh,300,0.04492820140907883
X3_drift,dependence_r0.7|tanh,301,0.001127057603290016
X3_drift,dependence_r0.7|tanh,302,0.038951662184328883
X3_drift,dependence_r0.7|tanh,303,0.0016212188504731717
X3_drift,dependence_r0.7|tanh,304,0.029250008630490543
X3_drift,dependence_r0.7|tanh,305,0.011320896483393739
X3_drift,dependence_r0.7|tanh,306,0.004424682509061917
X3_drift,dependence_r0.7|tanh,307,0.042500943559056426
X3_drift,dependence_r0.7|tanh,308,0.0265100240800904
X3_drift,dependence_r0.7|tanh,309,0.04329149072300531
X3_drift,dependence_r0.7|tanh,310,0.029322493600231647
X3_drift,dependence_r0.7|tanh,311,0.02423312628205343
X3_drift,dependence_r0.7|tanh,312,0.03786628656995794
X3_drift,dependence_r0.7|tanh,313,0.01434002639175369
X3_drift,dependence_r0.7|tanh,314,0.009918346069118567
X3_drift,dependence_r0.7|tanh,315,0.0009042705736495016
X3_drift,dependence_r0.7|tanh,316,0.014660133080040438
X3_drift,dependence_r0.7|tanh,317,0.05122541269557179
X3_drift,dependence_r0.7|tanh,318,0.04965660324140475
X3_drift,dependence_r0.7|tanh,319,0.04932310743954127
X3_drift,dependence_r0.7|tanh,320,0.035944409068107586
X3_drift,dependence_r0.7|tanh,321,0.008332146843660126
X3_drift,dependence_r0.7|tanh,322,0.0679395392323936
X3_drift,dependence_r0.7|tanh,323,0.0334700323579149
X3_drift,dependence_r0.7|tanh,324,0.05613744146328736
X3_drift,dependence_r0.7|tanh,325,0.013744497971185377
X3_drift,dependence_r0.7|tanh,326,0.02739323502181401
X3_drift,dependence_r0.7|tanh,327,0.009663778835182324
X3_drift,dependence_r0.7|tanh,328,0.042557314698704385
X3_drift,dependence_r0.7|tanh,329,0.03288950425969639
X3_drift,dependence_r0.7|tanh,330,0.05194585842307764
X3_drift,dependence_r0.7|tanh,331,0.011121980089809247
X3_drift,dependence_r0.7|tanh,332,0.012421519853842877
X3_drift,dependence_r0.7|tanh,333,0.0017357247760365624
X3_drift,dependence_r0.7|tanh,334,0.0010096573052031932
X3_drift,dependence_r0.7|tanh,335,0.0347695106352055
X3_drift,dependence_r0.7|tanh,336,0.0011085765374199141
X3_drift,dependence_r0.7|tanh,337,0.08254858531587184
X3_drift,dependence_r0.7|tanh,338,0.04084392618121102
X3_drift,dependence_r0.7|tanh,339,0.03870922798410392
X3_drift,dependence_r0.7|tanh,340,0.0052799280180364505
X3_drift,dependence_r0.7|tanh,341,0.019447421171668422
X3_drift,dependence_r0.7|tanh,342,0.09852575929508234
X3_drift,dependence_r0.7|tanh,343,0.018069360572493087
X3_drift,dependence_r0.7|tanh,344,0.012233134956226133
X3_drift,dependence_r0.7|tanh,345,0.04993261121585335
X3_drift,dependence_r0.7|tanh,346,0.008758653705331909
X3_drift,dependence_r0.7|tanh,347,0.021502167218921286
X3_drift,dependence_r0.7|tanh,348,0.040966377843982604
X3_drift,dependence_r0.7|tanh,349,0.026533924782359497
X3_drift,dependence_r0.7|tanh,350,0.017627396262370087
X3_drift,dependence_r0.7|tanh,351,0.038284666095097286
X3_drift,dependence_r0.7|tanh,352,0.029152776608184494
X3_drift,dependence_r0.7|tanh,353,0.002857721361463117
X3_drift,dependence_r0.7|tanh,354,0.02157931504995214
X3_drift,dependence_r0.7|tanh,355,0.02733570079724945
X3_drift,dependence_r0.7|tanh,356,0.009939711589107336
X3_drift,dependence_r0.7|tanh,357,0.024818307428149833
X3_drift,dependence_r0.7|tanh,358,0.0729084511215734
X3_drift,dependence_r0.7|tanh,359,0.02402775534435464
X3_drift,dependence_r0.7|tanh,360,0.04692993173055937
X3_drift,dependence_r0.7|tanh,361,0.04987602455550366
X3_drift,dependence_r0.7|tanh,362,0.005152101549970922
X3_drift,dependence_r0.7|tanh,363,0.01230872864542043
X3_drift,dependence_r0.7|tanh,364,0.023341404682362343
X3_drift,dependence_r0.7|tanh,365,0.032724748851828966
X3_drift,dependence_r0.7|tanh,366,0.017144312250270133
X3_drift,dependence_r0.7|tanh,367,0.023984925315762906
X3_drift,dependence_r0.7|tanh,368,0.026288324282904174
X3_drift,dependence_r0.7|tanh,369,0.0034278556463425147
X3_drift,dependence_r0.7|tanh,370,0.04200074954678845
X3_drift,dependence_r0.7|tanh,371,0.03484135804417354
X3_drift,dependence_r0.7|tanh,372,0.025178944917429114
X3_drift,dependence_r0.7|tanh,373,0.062352965576606856
X3_drift,dependence_r0.7|tanh,374,0.01961832023386334
X3_drift,dependence_r0.7|tanh,375,0.07358056922213141
X3_drift,dependence_r0.7|tanh,376,0.008663836033644401
X3_drift,dependence_r0.7|tanh,377,0.023309293422839605
X3_drift,dependence_r0.7|tanh,378,0.047869783625469786
X3_drift,dependence_r0.7|tanh,379,0.08517365863060489
X3_drift,dependence_r0.7|tanh,380,0.015840985226772464
X3_drift,dependence_r0.7|tanh,381,0.02543571392199251
X3_drift,dependence_r0.7|tanh,382,0.046423203649419875
X3_drift,dependence_r0.7|tanh,383,0.011966575434778193
X3_drift,dependence_r0.7|tanh,384,0.019802306073857245
X3_drift,dependence_r0.7|tanh,385,0.02398706794325456
X3_drift,dependence_r0.7|tanh,386,0.02343732557960343
X3_drift,dependence_r0.7|tanh,387,0.0006154306928645159
X3_drift,dependence_r0.7|tanh,388,0.023992189593130764
X3_drift,dependence_r0.7|tanh,389,0.020255199803100865
X3_drift,dependence_r0.7|tanh,390,0.012942460879702189
X3_drift,dependence_r0.7|tanh,391,0.017114417198367038
X3_drift,dependence_r0.7|tanh,392,0.010950007769430892
X3_drift,dependence_r0.7|tanh,393,0.02151136661190156
X3_drift,dependence_r0.7|tanh,394,0.002885098192333846
X3_drift,dependence_r0.7|tanh,395,0.05145729847853531
X3_drift,dependence_r0.7|tanh,396,0.012779218229627132
X3_drift,dependence_r0.7|tanh,397,0.0321624408765413
X3_drift,dependence_r0.7|tanh,398,0.013545842103516836
X3_drift,dependence_r0.7|tanh,399,0.006050127565167651
X3_drift,independent_M1_control|scale8,0,0.001869817997731671
X3_drift,independent_M1_control|scale8,1,0.0004608860383412683
X3_drift,independent_M1_control|scale8,2,0.004465526841978873
X3_drift,independent_M1_control|scale8,3,0.010427097713888722
X3_drift,independent_M1_control|scale8,4,0.008992873269161095
X3_drift,independent_M1_control|scale8,5,0.0008395512183332343
X3_drift,independent_M1_control|scale8,6,0.0029753812689059522
X3_drift,independent_M1_control|scale8,7,0.007566417516467583
X3_drift,independent_M1_control|scale8,8,0.00403383918559852
X3_drift,independent_M1_control|scale8,9,0.00029345415995130075
X3_drift,independent_M1_control|scale8,10,0.0010040277127727482
X3_drift,independent_M1_control|scale8,11,0.00212696923929645
X3_drift,independent_M1_control|scale8,12,0.00429357897193583
X3_drift,independent_M1_control|scale8,13,0.006190678264439864
X3_drift,independent_M1_control|scale8,14,0.0088976755291994
X3_drift,independent_M1_control|scale8,15,0.0005545173953771521
X3_drift,independent_M1_control|scale8,16,0.0013955140743791006
X3_drift,independent_M1_control|scale8,17,0.001977463322019757
X3_drift,independent_M1_control|scale8,18,0.0038994980798483514
X3_drift,independent_M1_control|scale8,19,0.004713654247787469
X3_drift,independent_M1_control|scale8,20,0.0038936468529138235
X3_drift,independent_M1_control|scale8,21,0.007489734970248962
X3_drift,independent_M1_control|scale8,22,0.0025335353445348208
X3_drift,independent_M1_control|scale8,23,0.005359519896953824
X3_drift,independent_M1_control|scale8,24,0.005939183789875013
X3_drift,independent_M1_control|scale8,25,0.007169319753301817
X3_drift,independent_M1_control|scale8,26,0.0053805699173079535
X3_drift,independent_M1_control|scale8,27,0.008724768423508333
X3_drift,independent_M1_control|scale8,28,0.001349840104182487
X3_drift,independent_M1_control|scale8,29,0.0022799015095684716
X3_drift,independent_M1_control|scale8,30,0.004923820562539261
X3_drift,independent_M1_control|scale8,31,0.0035207053135986044
X3_drift,independent_M1_control|scale8,32,0.005792516230638256
X3_drift,independent_M1_control|scale8,33,0.0010162307027659079
X3_drift,independent_M1_control|scale8,34,0.0015009133729992907
X3_drift,independent_M1_control|scale8,35,0.004613230208151187
X3_drift,independent_M1_control|scale8,36,0.006553258133996209
X3_drift,independent_M1_control|scale8,37,0.0018922761480892891
X3_drift,independent_M1_control|scale8,38,0.013203164284259383
X3_drift,independent_M1_control|scale8,39,0.004028628685658564
X3_drift,independent_M1_control|scale8,40,0.002347252204036643
X3_drift,independent_M1_control|scale8,41,0.004242350482330348
X3_drift,independent_M1_control|scale8,42,0.005731179415410237
X3_drift,independent_M1_control|scale8,43,0.0034947384806955917
X3_drift,independent_M1_control|scale8,44,0.00945366761772104
X3_drift,independent_M1_control|scale8,45,0.0010243274754724307
X3_drift,independent_M1_control|scale8,46,0.005346277421893975
X3_drift,independent_M1_control|scale8,47,0.004089864159154466
X3_drift,independent_M1_control|scale8,48,0.008048419189506717
X3_drift,independent_M1_control|scale8,49,0.000904369239637326
X3_drift,independent_M1_control|scale8,50,0.0011404072843892443
X3_drift,independent_M1_control|scale8,51,0.0007176526618553059
X3_drift,independent_M1_control|scale8,52,0.0037052596728179843
X3_drift,independent_M1_control|scale8,53,0.004258567905939037
X3_drift,independent_M1_control|scale8,54,0.007018690634880587
X3_drift,independent_M1_control|scale8,55,0.008592186267784907
X3_drift,independent_M1_control|scale8,56,0.004926886494861726
X3_drift,independent_M1_control|scale8,57,0.004160914541434524
X3_drift,independent_M1_control|scale8,58,0.0017004020284239196
X3_drift,independent_M1_control|scale8,59,0.0037840038179486335
X3_drift,independent_M1_control|scale8,60,0.00064760640142425
X3_drift,independent_M1_control|scale8,61,0.006572789219400299
X3_drift,independent_M1_control|scale8,62,5.484122796173274e-05
X3_drift,independent_M1_control|scale8,63,0.008223249194550197
X3_drift,independent_M1_control|scale8,64,0.007771425355355577
X3_drift,independent_M1_control|scale8,65,0.0012607226041159159
X3_drift,independent_M1_control|scale8,66,0.0045888123141404336
X3_drift,independent_M1_control|scale8,67,0.0010872013947160752
X3_drift,independent_M1_control|scale8,68,0.00020369427453981181
X3_drift,independent_M1_control|scale8,69,0.001139545745512116
X3_drift,independent_M1_control|scale8,70,0.00148764808632329
X3_drift,independent_M1_control|scale8,71,0.00011479929139146527
X3_drift,independent_M1_control|scale8,72,0.001208446680812214
X3_drift,independent_M1_control|scale8,73,0.002347782937591081
X3_drift,independent_M1_control|scale8,74,0.002977981492116033
X3_drift,independent_M1_control|scale8,75,0.001157750327472007
X3_drift,independent_M1_control|scale8,76,0.0021320618547391312
X3_drift,independent_M1_control|scale8,77,0.0015588546072542453
X3_drift,independent_M1_control|scale8,78,0.005034574566848082
X3_drift,independent_M1_control|scale8,79,0.004251314417935692
X3_drift,independent_M1_control|scale8,80,0.008706180682595432
X3_drift,independent_M1_control|scale8,81,0.0038045531526909038
X3_drift,independent_M1_control|scale8,82,0.0075496770647274225
X3_drift,independent_M1_control|scale8,83,0.0016058092735158347
X3_drift,independent_M1_control|scale8,84,0.004598891899302959
X3_drift,independent_M1_control|scale8,85,0.0018495272621197323
X3_drift,independent_M1_control|scale8,86,0.0072089142073485935
X3_drift,independent_M1_control|scale8,87,0.0004216986772533904
X3_drift,independent_M1_control|scale8,88,0.0007142746323469673
X3_drift,independent_M1_control|scale8,89,0.0008725149215733641
X3_drift,independent_M1_control|scale8,90,0.0009382882006572224
X3_drift,independent_M1_control|scale8,91,0.005836721737404904
X3_drift,independent_M1_control|scale8,92,0.01302190942357706
X3_drift,independent_M1_control|scale8,93,0.004329598566331416
X3_drift,independent_M1_control|scale8,94,0.0009352591025038048
X3_drift,independent_M1_control|scale8,95,0.0007087703130250755
X3_drift,independent_M1_control|scale8,96,0.0008866196753734013
X3_drift,independent_M1_control|scale8,97,0.004848835818531683
X3_drift,independent_M1_control|scale8,98,0.004816429666751221
X3_drift,independent_M1_control|scale8,99,0.00900190111378385
X3_drift,independent_M1_control|scale8,100,0.0046739470680092765
X3_drift,independent_M1_control|scale8,101,0.009207734392482791
X3_drift,independent_M1_control|scale8,102,0.0024249841131294136
X3_drift,independent_M1_control|scale8,103,0.003649461546372912
X3_drift,independent_M1_control|scale8,104,0.00033939663806359377
X3_drift,independent_M1_control|scale8,105,0.0020740770217513305
X3_drift,independent_M1_control|scale8,106,0.002427462807226277
X3_drift,independent_M1_control|scale8,107,0.0008971352010236355
X3_drift,independent_M1_control|scale8,108,0.0012920260112512238
X3_drift,independent_M1_control|scale8,109,0.0015477570182333977
X3_drift,independent_M1_control|scale8,110,0.0007645156849083179
X3_drift,independent_M1_control|scale8,111,0.0025113637571365643
X3_drift,independent_M1_control|scale8,112,0.005103598682864696
X3_drift,independent_M1_control|scale8,113,0.0032379434722424882
X3_drift,independent_M1_control|scale8,114,0.0010790467547558968
X3_drift,independent_M1_control|scale8,115,0.009235857211221221
X3_drift,independent_M1_control|scale8,116,0.000336722654120436
X3_drift,independent_M1_control|scale8,117,0.004316679496928044
X3_drift,independent_M1_control|scale8,118,0.0033491237915384
X3_drift,independent_M1_control|scale8,119,0.0028409461623428722
X3_drift,independent_M1_control|scale8,120,0.0028623092782842363
X3_drift,independent_M1_control|scale8,121,0.0004934423333218252
X3_drift,independent_M1_control|scale8,122,0.005673768005192814
X3_drift,independent_M1_control|scale8,123,0.0032255498136615213
X3_drift,independent_M1_control|scale8,124,0.014593465541261175
X3_drift,independent_M1_control|scale8,125,0.008551748718790497
X3_drift,independent_M1_control|scale8,126,0.007220119458348551
X3_drift,independent_M1_control|scale8,127,0.006627426790818847
X3_drift,independent_M1_control|scale8,128,0.007841307208660275
X3_drift,independent_M1_control|scale8,129,0.007669302362436126
X3_drift,independent_M1_control|scale8,130,0.0018840714563179706
X3_drift,independent_M1_control|scale8,131,0.007240214388563038
X3_drift,independent_M1_control|scale8,132,0.0027592165075769337
X3_drift,independent_M1_control|scale8,133,0.0013481505337893385
X3_drift,independent_M1_control|scale8,134,0.003754136235835759
X3_drift,independent_M1_control|scale8,135,0.0008986429288979636
X3_drift,independent_M1_control|scale8,136,0.0008959159084349633
X3_drift,independent_M1_control|scale8,137,0.019552312191605692
X3_drift,independent_M1_control|scale8,138,0.008034195092992524
X3_drift,independent_M1_control|scale8,139,0.009202147059967025
X3_drift,independent_M1_control|scale8,140,0.0024648596351621865
X3_drift,independent_M1_control|scale8,141,0.004512713387661682
X3_drift,independent_M1_control|scale8,142,0.0008108717490058481
X3_drift,independent_M1_control|scale8,143,0.001710040703334803
X3_drift,independent_M1_control|scale8,144,0.008760550069605078
X3_drift,independent_M1_control|scale8,145,0.011312534733140645
X3_drift,independent_M1_control|scale8,146,0.0038427039730692947
X3_drift,independent_M1_control|scale8,147,0.008856113174304125
X3_drift,independent_M1_control|scale8,148,0.013021600113382714
X3_drift,independent_M1_control|scale8,149,0.005639808020239334
X3_drift,independent_M1_control|scale8,150,0.0027972454609355157
X3_drift,independent_M1_control|scale8,151,0.007407919820101139
X3_drift,independent_M1_control|scale8,152,0.0023188959048541236
X3_drift,independent_M1_control|scale8,153,0.007120828382612077
X3_drift,independent_M1_control|scale8,154,0.004764105687357301
X3_drift,independent_M1_control|scale8,155,0.0005993828325168149
X3_drift,independent_M1_control|scale8,156,0.0014330787925025401
X3_drift,independent_M1_control|scale8,157,0.0006039472902419352
X3_drift,independent_M1_control|scale8,158,0.002577288493915253
X3_drift,independent_M1_control|scale8,159,0.00570424812116932
X3_drift,independent_M1_control|scale8,160,0.0008109310577957274
X3_drift,independent_M1_control|scale8,161,0.011595604682957505
X3_drift,independent_M1_control|scale8,162,0.004793517517055035
X3_drift,independent_M1_control|scale8,163,0.008587666086236068
X3_drift,independent_M1_control|scale8,164,0.012606037209506704
X3_drift,independent_M1_control|scale8,165,0.006272110310001855
X3_drift,independent_M1_control|scale8,166,0.0010384499799906965
X3_drift,independent_M1_control|scale8,167,0.007159844005495852
X3_drift,independent_M1_control|scale8,168,0.0008631826346401361
X3_drift,independent_M1_control|scale8,169,0.001817807093608348
X3_drift,independent_M1_control|scale8,170,0.005556919389144266
X3_drift,independent_M1_control|scale8,171,0.0031894931058396025
X3_drift,independent_M1_control|scale8,172,0.0009888069567580704
X3_drift,independent_M1_control|scale8,173,0.011495969989418597
X3_drift,independent_M1_control|scale8,174,0.0003607318441765095
X3_drift,independent_M1_control|scale8,175,0.0143188945847057
X3_drift,independent_M1_control|scale8,176,0.0003441423805441435
X3_drift,independent_M1_control|scale8,177,0.0010591305983598254
X3_drift,independent_M1_control|scale8,178,0.014170943532496594
X3_drift,independent_M1_control|scale8,179,0.006658320195735756
X3_drift,independent_M1_control|scale8,180,0.001155553095113282
X3_drift,independent_M1_control|scale8,181,0.0003734744887884389
X3_drift,independent_M1_control|scale8,182,0.005110234253785206
X3_drift,independent_M1_control|scale8,183,0.004555646252356826
X3_drift,independent_M1_control|scale8,184,0.01202072974481938
X3_drift,independent_M1_control|scale8,185,0.0024133410384623577
X3_drift,independent_M1_control|scale8,186,0.0013821870610397635
X3_drift,independent_M1_control|scale8,187,0.003241171791834585
X3_drift,independent_M1_control|scale8,188,0.0035605146174251256
X3_drift,independent_M1_control|scale8,189,0.002729339833970945
X3_drift,independent_M1_control|scale8,190,0.001591154899676539
X3_drift,independent_M1_control|scale8,191,0.004539671360028974
X3_drift,independent_M1_control|scale8,192,0.0064812301531640415
X3_drift,independent_M1_control|scale8,193,0.00733394443134916
X3_drift,independent_M1_control|scale8,194,0.0014645233554173576
X3_drift,independent_M1_control|scale8,195,0.004616465598385355
X3_drift,independent_M1_control|scale8,196,0.00493323827340153
X3_drift,independent_M1_control|scale8,197,0.0028338232391609264
X3_drift,independent_M1_control|scale8,198,0.004257704309564847
X3_drift,independent_M1_control|scale8,199,0.006334107142539125
X3_drift,independent_M1_control|scale8,200,0.007085932580011667
X3_drift,independent_M1_control|scale8,201,0.0017239723862192413
X3_drift,independent_M1_control|scale8,202,0.004422835180881712
X3_drift,independent_M1_control|scale8,203,0.002568600530995946
X3_drift,independent_M1_control|scale8,204,0.003654907898372528
X3_drift,independent_M1_control|scale8,205,0.0007257653915546669
X3_drift,independent_M1_control|scale8,206,0.006609187563618724
X3_drift,independent_M1_control|scale8,207,0.001884303596028758
X3_drift,independent_M1_control|scale8,208,0.002112752638974147
X3_drift,independent_M1_control|scale8,209,0.0034592983235803842
X3_drift,independent_M1_control|scale8,210,0.004470569387254875
X3_drift,independent_M1_control|scale8,211,0.0022631373907875396
X3_drift,independent_M1_control|scale8,212,0.010591909479125583
X3_drift,independent_M1_control|scale8,213,0.00610925476288271
X3_drift,independent_M1_control|scale8,214,0.001921569613420715
X3_drift,independent_M1_control|scale8,215,0.010299208143821348
X3_drift,independent_M1_control|scale8,216,0.0006764700488497422
X3_drift,independent_M1_control|scale8,217,0.011686348343461939
X3_drift,independent_M1_control|scale8,218,0.00249166100750009
X3_drift,independent_M1_control|scale8,219,0.0011001970839530362
X3_drift,independent_M1_control|scale8,220,0.0028831023488080643
X3_drift,independent_M1_control|scale8,221,0.0027128181043576394
X3_drift,independent_M1_control|scale8,222,0.002973762846747885
X3_drift,independent_M1_control|scale8,223,0.007121651783950522
X3_drift,independent_M1_control|scale8,224,0.0020355236952152023
X3_drift,independent_M1_control|scale8,225,0.004951947744775254
X3_drift,independent_M1_control|scale8,226,0.004528453618102279
X3_drift,independent_M1_control|scale8,227,0.005501472694959375
X3_drift,independent_M1_control|scale8,228,0.0009293683856741453
X3_drift,independent_M1_control|scale8,229,0.00699845787807063
X3_drift,independent_M1_control|scale8,230,0.0011871660967146536
X3_drift,independent_M1_control|scale8,231,0.00838062125388861
X3_drift,independent_M1_control|scale8,232,0.0014946263000346072
X3_drift,independent_M1_control|scale8,233,0.0041717183769567345
X3_drift,independent_M1_control|scale8,234,0.008251786386036963
X3_drift,independent_M1_control|scale8,235,0.004917707192645615
X3_drift,independent_M1_control|scale8,236,0.009292693015305442
X3_drift,independent_M1_control|scale8,237,0.0016675586440817458
X3_drift,independent_M1_control|scale8,238,0.002600089719478449
X3_drift,independent_M1_control|scale8,239,0.0023632893293590307
X3_drift,independent_M1_control|scale8,240,0.0008765436379674085
X3_drift,independent_M1_control|scale8,241,0.002830996527930729
X3_drift,independent_M1_control|scale8,242,0.004661414502364458
X3_drift,independent_M1_control|scale8,243,0.005298415814907198
X3_drift,independent_M1_control|scale8,244,0.0029962025722571894
X3_drift,independent_M1_control|scale8,245,0.000399018624945624
X3_drift,independent_M1_control|scale8,246,0.0015871934340399019
X3_drift,independent_M1_control|scale8,247,0.002894704059056119
X3_drift,independent_M1_control|scale8,248,0.0033733770153387965
X3_drift,independent_M1_control|scale8,249,0.0010786747614577319
X3_drift,independent_M1_control|scale8,250,0.0008912387684478773
X3_drift,independent_M1_control|scale8,251,0.004136556928937329
X3_drift,independent_M1_control|scale8,252,0.0003537355837690548
X3_drift,independent_M1_control|scale8,253,0.003540918191475395
X3_drift,independent_M1_control|scale8,254,0.0033647134872343276
X3_drift,independent_M1_control|scale8,255,0.005503168669255043
X3_drift,independent_M1_control|scale8,256,0.0031690919093025904
X3_drift,independent_M1_control|scale8,257,0.0011780807757859613
X3_drift,independent_M1_control|scale8,258,0.002220600637805381
X3_drift,independent_M1_control|scale8,259,0.013159922460459939
X3_drift,independent_M1_control|scale8,260,0.0012028045629066675
X3_drift,independent_M1_control|scale8,261,0.006747481376847775
X3_drift,independent_M1_control|scale8,262,0.00038821792360566043
X3_drift,independent_M1_control|scale8,263,4.433386767899172e-05
X3_drift,independent_M1_control|scale8,264,0.0028545224373035527
X3_drift,independent_M1_control|scale8,265,0.0028699492866546272
X3_drift,independent_M1_control|scale8,266,0.0009134287831624732
X3_drift,independent_M1_control|scale8,267,0.0016398551446392684
X3_drift,independent_M1_control|scale8,268,0.001817102454527042
X3_drift,independent_M1_control|scale8,269,0.0017845165542498265
X3_drift,independent_M1_control|scale8,270,0.004767298854228663
X3_drift,independent_M1_control|scale8,271,0.0016606085919916858
X3_drift,independent_M1_control|scale8,272,0.0026909390276523837
X3_drift,independent_M1_control|scale8,273,0.002576490400684861
X3_drift,independent_M1_control|scale8,274,0.0051695195604501976
X3_drift,independent_M1_control|scale8,275,0.0018053293537367843
X3_drift,independent_M1_control|scale8,276,0.002069079581245692
X3_drift,independent_M1_control|scale8,277,0.006965262817691498
X3_drift,independent_M1_control|scale8,278,0.0012788586741356855
X3_drift,independent_M1_control|scale8,279,0.00355380448924536
X3_drift,independent_M1_control|scale8,280,0.010293139431258425
X3_drift,independent_M1_control|scale8,281,0.0010536807472323328
X3_drift,independent_M1_control|scale8,282,0.004355575222789065
X3_drift,independent_M1_control|scale8,283,0.005982045092789656
X3_drift,independent_M1_control|scale8,284,0.012089833960169383
X3_drift,independent_M1_control|scale8,285,0.004378724904003484
X3_drift,independent_M1_control|scale8,286,0.004183917619413391
X3_drift,independent_M1_control|scale8,287,0.0031570080785336962
X3_drift,independent_M1_control|scale8,288,0.00429057273286193
X3_drift,independent_M1_control|scale8,289,9.346618375549731e-05
X3_drift,independent_M1_control|scale8,290,0.00013181039233045588
X3_drift,independent_M1_control|scale8,291,0.00775761293361632
X3_drift,independent_M1_control|scale8,292,0.009357894550769519
X3_drift,independent_M1_control|scale8,293,0.0014704823489646301
X3_drift,independent_M1_control|scale8,294,0.0027472973955031676
X3_drift,independent_M1_control|scale8,295,0.000800633778817117
X3_drift,independent_M1_control|scale8,296,0.004539367380309356
X3_drift,independent_M1_control|scale8,297,0.010238590375540202
X3_drift,independent_M1_control|scale8,298,0.002193590654250732
X3_drift,independent_M1_control|scale8,299,0.011731442844867601
X3_drift,independent_M1_control|scale8,300,0.0019367555419740334
X3_drift,independent_M1_control|scale8,301,0.006093256653289192
X3_drift,independent_M1_control|scale8,302,0.0020258878840979655
X3_drift,independent_M1_control|scale8,303,0.0017508708127405015
X3_drift,independent_M1_control|scale8,304,7.909074024547991e-05
X3_drift,independent_M1_control|scale8,305,0.006456158299742221
X3_drift,independent_M1_control|scale8,306,0.006671475288461792
X3_drift,independent_M1_control|scale8,307,0.0014819486623318667
X3_drift,independent_M1_control|scale8,308,0.0032831727575330927
X3_drift,independent_M1_control|scale8,309,0.003040424652662299
X3_drift,independent_M1_control|scale8,310,0.006096739298814269
X3_drift,independent_M1_control|scale8,311,0.002554812369723658
X3_drift,independent_M1_control|scale8,312,0.00431091882354373
X3_drift,independent_M1_control|scale8,313,0.004938072445248798
X3_drift,independent_M1_control|scale8,314,0.01120884789183485
X3_drift,independent_M1_control|scale8,315,0.009161652410415666
X3_drift,independent_M1_control|scale8,316,0.005567095057000149
X3_drift,independent_M1_control|scale8,317,0.0014358688632658545
X3_drift,independent_M1_control|scale8,318,0.003283389945200721
X3_drift,independent_M1_control|scale8,319,0.0011099699056957846
X3_drift,independent_M1_control|scale8,320,0.008476525338962926
X3_drift,independent_M1_control|scale8,321,0.004601122021211879
X3_drift,independent_M1_control|scale8,322,0.005391990641823385
X3_drift,independent_M1_control|scale8,323,0.009368456593877417
X3_drift,independent_M1_control|scale8,324,0.002949442548292769
X3_drift,independent_M1_control|scale8,325,0.004934026032832328
X3_drift,independent_M1_control|scale8,326,0.0067003805932976945
X3_drift,independent_M1_control|scale8,327,0.009616570485718512
X3_drift,independent_M1_control|scale8,328,0.002208618846489818
X3_drift,independent_M1_control|scale8,329,0.011784115960286279
X3_drift,independent_M1_control|scale8,330,0.004678003418078669
X3_drift,independent_M1_control|scale8,331,0.0007574358253812363
X3_drift,independent_M1_control|scale8,332,0.005859615232614024
X3_drift,independent_M1_control|scale8,333,0.0001477754668632869
X3_drift,independent_M1_control|scale8,334,0.0031164368730445258
X3_drift,independent_M1_control|scale8,335,0.0012826252485034217
X3_drift,independent_M1_control|scale8,336,0.006949767508022342
X3_drift,independent_M1_control|scale8,337,0.010919885154128783
X3_drift,independent_M1_control|scale8,338,0.003927842875102838
X3_drift,independent_M1_control|scale8,339,0.00566434951762762
X3_drift,independent_M1_control|scale8,340,0.006004280800320672
X3_drift,independent_M1_control|scale8,341,0.005160231951289118
X3_drift,independent_M1_control|scale8,342,0.001208335731151866
X3_drift,independent_M1_control|scale8,343,0.0009171768652775913
X3_drift,independent_M1_control|scale8,344,0.0026850306804035995
X3_drift,independent_M1_control|scale8,345,0.002380116044265135
X3_drift,independent_M1_control|scale8,346,0.0014560000480214885
X3_drift,independent_M1_control|scale8,347,0.0007504981813575284
X3_drift,independent_M1_control|scale8,348,0.0005958733444355602
X3_drift,independent_M1_control|scale8,349,0.003111278773968662
X3_drift,independent_M1_control|scale8,350,0.005257704230251958
X3_drift,independent_M1_control|scale8,351,0.01137353520047757
X3_drift,independent_M1_control|scale8,352,0.004671560101309424
X3_drift,independent_M1_control|scale8,353,0.001176801496007407
X3_drift,independent_M1_control|scale8,354,0.004223166217788732
X3_drift,independent_M1_control|scale8,355,0.001231699116186702
X3_drift,independent_M1_control|scale8,356,0.004912766410338554
X3_drift,independent_M1_control|scale8,357,0.0022340167506391673
X3_drift,independent_M1_control|scale8,358,0.00598448371333804
X3_drift,independent_M1_control|scale8,359,0.0007025293781142139
X3_drift,independent_M1_control|scale8,360,0.011595124422710823
X3_drift,independent_M1_control|scale8,361,0.004621192364113513
X3_drift,independent_M1_control|scale8,362,0.0012709077696766435
X3_drift,independent_M1_control|scale8,363,0.008356726777276613
X3_drift,independent_M1_control|scale8,364,0.0013333567560809279
X3_drift,independent_M1_control|scale8,365,0.004265584804013844
X3_drift,independent_M1_control|scale8,366,0.005173165948242353
X3_drift,independent_M1_control|scale8,367,0.004685603955717266
X3_drift,independent_M1_control|scale8,368,0.005563615712329328
X3_drift,independent_M1_control|scale8,369,0.0071887474174112675
X3_drift,independent_M1_control|scale8,370,0.00852056850392735
X3_drift,independent_M1_control|scale8,371,0.00985743869306499
X3_drift,independent_M1_control|scale8,372,0.0009807743357654886
X3_drift,independent_M1_control|scale8,373,0.008946230966379254
X3_drift,independent_M1_control|scale8,374,0.0033591102252654714
X3_drift,independent_M1_control|scale8,375,0.00451381712282628
X3_drift,independent_M1_control|scale8,376,0.006266756433926934
X3_drift,independent_M1_control|scale8,377,0.003929876791573639
X3_drift,independent_M1_control|scale8,378,0.022820795479264966
X3_drift,independent_M1_control|scale8,379,0.0004273719257026354
X3_drift,independent_M1_control|scale8,380,0.009154411168103893
X3_drift,independent_M1_control|scale8,381,0.004661632557522832
X3_drift,independent_M1_control|scale8,382,0.005277629682867824
X3_drift,independent_M1_control|scale8,383,0.0002237155475244279
X3_drift,independent_M1_control|scale8,384,0.002399118053358018
X3_drift,independent_M1_control|scale8,385,0.005272021277159533
X3_drift,independent_M1_control|scale8,386,0.004493384988345728
X3_drift,independent_M1_control|scale8,387,0.0024800561935482968
X3_drift,independent_M1_control|scale8,388,0.005492485969354588
X3_drift,independent_M1_control|scale8,389,0.0029868828259689284
X3_drift,independent_M1_control|scale8,390,0.004194068920464922
X3_drift,independent_M1_control|scale8,391,0.0034609887853584986
X3_drift,independent_M1_control|scale8,392,0.002624162931259999
X3_drift,independent_M1_control|scale8,393,0.002118778506960961
X3_drift,independent_M1_control|scale8,394,0.0031924822272977327
X3_drift,independent_M1_control|scale8,395,0.00035974171151975654
X3_drift,independent_M1_control|scale8,396,0.0032893712601285152
X3_drift,independent_M1_control|scale8,397,0.007608451515765946
X3_drift,independent_M1_control|scale8,398,0.0022103933313104562
X3_drift,independent_M1_control|scale8,399,0.006515467553928733
X3_drift,independent_M1_control|tanh,0,0.003049758459895635
X3_drift,independent_M1_control|tanh,1,0.011694393623221444
X3_drift,independent_M1_control|tanh,2,0.006304343764822917
X3_drift,independent_M1_control|tanh,3,0.007678966831227818
X3_drift,independent_M1_control|tanh,4,0.0042239192902227
X3_drift,independent_M1_control|tanh,5,0.006908056655447137
X3_drift,independent_M1_control|tanh,6,0.0026627436005779437
X3_drift,independent_M1_control|tanh,7,0.0033220770216479956
X3_drift,independent_M1_control|tanh,8,0.0004996985949512478
X3_drift,independent_M1_control|tanh,9,0.008165754936134029
X3_drift,independent_M1_control|tanh,10,0.005767752164100415
X3_drift,independent_M1_control|tanh,11,0.0022065494545726594
X3_drift,independent_M1_control|tanh,12,0.0001662655721528239
X3_drift,independent_M1_control|tanh,13,0.0011932461107999615
X3_drift,independent_M1_control|tanh,14,0.0017985994690876694
X3_drift,independent_M1_control|tanh,15,0.00699053984685305
X3_drift,independent_M1_control|tanh,16,0.008046160699041405
X3_drift,independent_M1_control|tanh,17,0.001739149261636097
X3_drift,independent_M1_control|tanh,18,0.0019521659585746143
X3_drift,independent_M1_control|tanh,19,0.0011265479865580907
X3_drift,independent_M1_control|tanh,20,0.00042116822028148704
X3_drift,independent_M1_control|tanh,21,0.0020273645165751475
X3_drift,independent_M1_control|tanh,22,0.003087055516581838
X3_drift,independent_M1_control|tanh,23,0.0010331324118726393
X3_drift,independent_M1_control|tanh,24,0.0036814850221071893
X3_drift,independent_M1_control|tanh,25,0.001770864424259777
X3_drift,independent_M1_control|tanh,26,0.0009402994808729304
X3_drift,independent_M1_control|tanh,27,0.003943977552965272
X3_drift,independent_M1_control|tanh,28,0.0003559791035629978
X3_drift,independent_M1_control|tanh,29,0.0021481478086817773
X3_drift,independent_M1_control|tanh,30,0.0033255230657918133
X3_drift,independent_M1_control|tanh,31,0.006750429801994251
X3_drift,independent_M1_control|tanh,32,0.00015138055106334036
X3_drift,independent_M1_control|tanh,33,0.005798978011305245
X3_drift,independent_M1_control|tanh,34,0.0038352153005489775
X3_drift,independent_M1_control|tanh,35,0.0024638958204685757
X3_drift,independent_M1_control|tanh,36,0.00010789327465499099
X3_drift,independent_M1_control|tanh,37,0.00045067984804836314
X3_drift,independent_M1_control|tanh,38,0.0036019379910881
X3_drift,independent_M1_control|tanh,39,0.0006832076369023277
X3_drift,independent_M1_control|tanh,40,0.0038921148390977933
X3_drift,independent_M1_control|tanh,41,0.0011367255794278996
X3_drift,independent_M1_control|tanh,42,0.002419352435663491
X3_drift,independent_M1_control|tanh,43,0.0034878306382637447
X3_drift,independent_M1_control|tanh,44,0.0060585535915063105
X3_drift,independent_M1_control|tanh,45,0.007382518639299285
X3_drift,independent_M1_control|tanh,46,0.0018023234223498719
X3_drift,independent_M1_control|tanh,47,0.0032667326124449225
X3_drift,independent_M1_control|tanh,48,0.0021945995821437414
X3_drift,independent_M1_control|tanh,49,0.0006802062608000092
X3_drift,independent_M1_control|tanh,50,0.004138543082474744
X3_drift,independent_M1_control|tanh,51,0.0030598759280691112
X3_drift,independent_M1_control|tanh,52,0.002298209372035398
X3_drift,independent_M1_control|tanh,53,0.006778458780325902
X3_drift,independent_M1_control|tanh,54,0.0006193103972651492
X3_drift,independent_M1_control|tanh,55,0.00034246737255472226
X3_drift,independent_M1_control|tanh,56,0.0031722320681892846
X3_drift,independent_M1_control|tanh,57,0.004362764604691538
X3_drift,independent_M1_control|tanh,58,0.0011501983154280637
X3_drift,independent_M1_control|tanh,59,0.0032049022277447214
X3_drift,independent_M1_control|tanh,60,0.0047794393108056
X3_drift,independent_M1_control|tanh,61,0.0025678067804610905
X3_drift,independent_M1_control|tanh,62,0.006267072470150126
X3_drift,independent_M1_control|tanh,63,0.001208862167412228
X3_drift,independent_M1_control|tanh,64,0.005006515383021881
X3_drift,independent_M1_control|tanh,65,0.0075161904612581765
X3_drift,independent_M1_control|tanh,66,0.0012524151498469749
X3_drift,independent_M1_control|tanh,67,0.0033621448641460994
X3_drift,independent_M1_control|tanh,68,0.0043938445531757075
X3_drift,independent_M1_control|tanh,69,0.010902739007196072
X3_drift,independent_M1_control|tanh,70,0.007040513419203087
X3_drift,independent_M1_control|tanh,71,0.003932873151215599
X3_drift,independent_M1_control|tanh,72,0.006890923648562808
X3_drift,independent_M1_control|tanh,73,0.004550362537961039
X3_drift,independent_M1_control|tanh,74,0.011636174455526227
X3_drift,independent_M1_control|tanh,75,0.0025210691257648854
X3_drift,independent_M1_control|tanh,76,0.009044267255000626
X3_drift,independent_M1_control|tanh,77,0.007695667966438169
X3_drift,independent_M1_control|tanh,78,0.001979991479069021
X3_drift,independent_M1_control|tanh,79,0.0035825358477787894
X3_drift,independent_M1_control|tanh,80,0.0029594175307807724
X3_drift,independent_M1_control|tanh,81,0.0011732403976147943
X3_drift,independent_M1_control|tanh,82,0.0005018371524401211
X3_drift,independent_M1_control|tanh,83,0.0019090258253910974
X3_drift,independent_M1_control|tanh,84,0.0008210742635070822
X3_drift,independent_M1_control|tanh,85,0.008974731727212415
X3_drift,independent_M1_control|tanh,86,0.0018427256955422244
X3_drift,independent_M1_control|tanh,87,0.012764380793131469
X3_drift,independent_M1_control|tanh,88,0.004897754179519431
X3_drift,independent_M1_control|tanh,89,0.006708511511040793
X3_drift,independent_M1_control|tanh,90,0.0021145816866030565
X3_drift,independent_M1_control|tanh,91,0.003886566815327619
X3_drift,independent_M1_control|tanh,92,0.008205774329002491
X3_drift,independent_M1_control|tanh,93,0.0009755657131207407
X3_drift,independent_M1_control|tanh,94,0.002610982398227879
X3_drift,independent_M1_control|tanh,95,0.003807428127633017
X3_drift,independent_M1_control|tanh,96,0.0025713828081590506
X3_drift,independent_M1_control|tanh,97,0.0019169824510276712
X3_drift,independent_M1_control|tanh,98,0.00047842510320306175
X3_drift,independent_M1_control|tanh,99,0.0023303632696638488
X3_drift,independent_M1_control|tanh,100,0.002387610513146843
X3_drift,independent_M1_control|tanh,101,0.017524560138257872
X3_drift,independent_M1_control|tanh,102,0.004860751941000885
X3_drift,independent_M1_control|tanh,103,0.008727691876348587
X3_drift,independent_M1_control|tanh,104,0.0026504877428394913
X3_drift,independent_M1_control|tanh,105,0.00863224511717764
X3_drift,independent_M1_control|tanh,106,0.002215379779897386
X3_drift,independent_M1_control|tanh,107,0.009531459502771789
X3_drift,independent_M1_control|tanh,108,0.001438102921392126
X3_drift,independent_M1_control|tanh,109,0.006084216255418884
X3_drift,independent_M1_control|tanh,110,0.00365155686742602
X3_drift,independent_M1_control|tanh,111,0.00026107732364399894
X3_drift,independent_M1_control|tanh,112,0.0008569427905982252
X3_drift,independent_M1_control|tanh,113,0.00010139815697263188
X3_drift,independent_M1_control|tanh,114,0.0029098480477647293
X3_drift,independent_M1_control|tanh,115,0.008155538733760181
X3_drift,independent_M1_control|tanh,116,0.003954904139727322
X3_drift,independent_M1_control|tanh,117,0.0026851434380108508
X3_drift,independent_M1_control|tanh,118,0.001405409484279474
X3_drift,independent_M1_control|tanh,119,0.004727281391418536
X3_drift,independent_M1_control|tanh,120,0.002823372256815837
X3_drift,independent_M1_control|tanh,121,0.0026814735740097184
X3_drift,independent_M1_control|tanh,122,0.002532720349538664
X3_drift,independent_M1_control|tanh,123,0.00010820527894539467
X3_drift,independent_M1_control|tanh,124,0.005644153986528178
X3_drift,independent_M1_control|tanh,125,0.005768658405751914
X3_drift,independent_M1_control|tanh,126,0.004193594532088785
X3_drift,independent_M1_control|tanh,127,0.0056834105755951825
X3_drift,independent_M1_control|tanh,128,0.0014554407055475949
X3_drift,independent_M1_control|tanh,129,0.0029194155205223282
X3_drift,independent_M1_control|tanh,130,0.011036028150876565
X3_drift,independent_M1_control|tanh,131,0.0009877874916592866
X3_drift,independent_M1_control|tanh,132,0.005753807254928578
X3_drift,independent_M1_control|tanh,133,0.003596188866128891
X3_drift,independent_M1_control|tanh,134,0.012222510011978827
X3_drift,independent_M1_control|tanh,135,0.011171762639509364
X3_drift,independent_M1_control|tanh,136,0.008112789230995343
X3_drift,independent_M1_control|tanh,137,0.013552807265379663
X3_drift,independent_M1_control|tanh,138,0.0026361153716232266
X3_drift,independent_M1_control|tanh,139,0.00039314874058993254
X3_drift,independent_M1_control|tanh,140,0.00215105522968706
X3_drift,independent_M1_control|tanh,141,0.004097708828557867
X3_drift,independent_M1_control|tanh,142,0.008642516168224201
X3_drift,independent_M1_control|tanh,143,0.00027602389682801487
X3_drift,independent_M1_control|tanh,144,0.0015100556454217262
X3_drift,independent_M1_control|tanh,145,0.008049444621977209
X3_drift,independent_M1_control|tanh,146,0.0005593904088363466
X3_drift,independent_M1_control|tanh,147,0.004718197591261575
X3_drift,independent_M1_control|tanh,148,0.00897048530399669
X3_drift,independent_M1_control|tanh,149,0.0030927261485271806
X3_drift,independent_M1_control|tanh,150,0.011276548473593273
X3_drift,independent_M1_control|tanh,151,0.0011621005949584706
X3_drift,independent_M1_control|tanh,152,0.0008132271797229862
X3_drift,independent_M1_control|tanh,153,0.0038027553987061147
X3_drift,independent_M1_control|tanh,154,0.004934383389675556
X3_drift,independent_M1_control|tanh,155,0.007901437262719302
X3_drift,independent_M1_control|tanh,156,0.00310763901548583
X3_drift,independent_M1_control|tanh,157,0.00835433565731547
X3_drift,independent_M1_control|tanh,158,0.0015307728242679453
X3_drift,independent_M1_control|tanh,159,0.00452227780748693
X3_drift,independent_M1_control|tanh,160,0.006041156777860657
X3_drift,independent_M1_control|tanh,161,0.004691212676686263
X3_drift,independent_M1_control|tanh,162,0.0009859276863783961
X3_drift,independent_M1_control|tanh,163,0.0013627021723117139
X3_drift,independent_M1_control|tanh,164,0.0018171844526055914
X3_drift,independent_M1_control|tanh,165,0.0031968225435261566
X3_drift,independent_M1_control|tanh,166,0.0048419353864970205
X3_drift,independent_M1_control|tanh,167,0.01743868448996322
X3_drift,independent_M1_control|tanh,168,0.003927554943794931
X3_drift,independent_M1_control|tanh,169,0.0019844287201773447
X3_drift,independent_M1_control|tanh,170,0.0020444177971912225
X3_drift,independent_M1_control|tanh,171,0.0024819678880074747
X3_drift,independent_M1_control|tanh,172,0.003935175316929218
X3_drift,independent_M1_control|tanh,173,0.00685260330362647
X3_drift,independent_M1_control|tanh,174,0.0019519033737060987
X3_drift,independent_M1_control|tanh,175,0.009717875480907079
X3_drift,independent_M1_control|tanh,176,0.004459459006310951
X3_drift,independent_M1_control|tanh,177,0.0013095117425647729
X3_drift,independent_M1_control|tanh,178,0.0015750001344487785
X3_drift,independent_M1_control|tanh,179,0.009780973522775849
X3_drift,independent_M1_control|tanh,180,0.004202241318104871
X3_drift,independent_M1_control|tanh,181,0.002559547950550467
X3_drift,independent_M1_control|tanh,182,0.001958599996736421
X3_drift,independent_M1_control|tanh,183,0.0025604054882135685
X3_drift,independent_M1_control|tanh,184,0.0014498178079307422
X3_drift,independent_M1_control|tanh,185,0.0040704666676392165
X3_drift,independent_M1_control|tanh,186,0.0012741273136427367
X3_drift,independent_M1_control|tanh,187,0.009717658442062405
X3_drift,independent_M1_control|tanh,188,0.00177119732854214
X3_drift,independent_M1_control|tanh,189,0.006888754343272296
X3_drift,independent_M1_control|tanh,190,0.008924543102124094
X3_drift,independent_M1_control|tanh,191,0.0020069362785832823
X3_drift,independent_M1_control|tanh,192,0.0028407397816403446
X3_drift,independent_M1_control|tanh,193,0.006139354127599805
X3_drift,independent_M1_control|tanh,194,0.007690533409938638
X3_drift,independent_M1_control|tanh,195,0.0016826009823325272
X3_drift,independent_M1_control|tanh,196,0.0012097565354420858
X3_drift,independent_M1_control|tanh,197,0.0022898296500799553
X3_drift,independent_M1_control|tanh,198,0.0013102227434926839
X3_drift,independent_M1_control|tanh,199,0.00015781931280489658
X3_drift,independent_M1_control|tanh,200,0.0025781708948424686
X3_drift,independent_M1_control|tanh,201,0.008030027313384647
X3_drift,independent_M1_control|tanh,202,0.00295597997345709
X3_drift,independent_M1_control|tanh,203,0.005285093956298503
X3_drift,independent_M1_control|tanh,204,0.002458941756948718
X3_drift,independent_M1_control|tanh,205,0.006765881423981934
X3_drift,independent_M1_control|tanh,206,0.0014774206533942902
X3_drift,independent_M1_control|tanh,207,0.004920385833421026
X3_drift,independent_M1_control|tanh,208,0.010576303732313885
X3_drift,independent_M1_control|tanh,209,0.0041396358539467215
X3_drift,independent_M1_control|tanh,210,0.0038822776970142137
X3_drift,independent_M1_control|tanh,211,0.0027656537782623225
X3_drift,independent_M1_control|tanh,212,0.0013213524350721428
X3_drift,independent_M1_control|tanh,213,0.0011468375108809603
X3_drift,independent_M1_control|tanh,214,0.0018868418215358673
X3_drift,independent_M1_control|tanh,215,0.005344185494695619
X3_drift,independent_M1_control|tanh,216,0.0057759733785873735
X3_drift,independent_M1_control|tanh,217,0.006305010282745993
X3_drift,independent_M1_control|tanh,218,0.013764132248581973
X3_drift,independent_M1_control|tanh,219,0.0023595925857797795
X3_drift,independent_M1_control|tanh,220,0.0026683384157668577
X3_drift,independent_M1_control|tanh,221,0.004467469760763176
X3_drift,independent_M1_control|tanh,222,0.007216062664451517
X3_drift,independent_M1_control|tanh,223,0.00129564645058311
X3_drift,independent_M1_control|tanh,224,0.002181002712489555
X3_drift,independent_M1_control|tanh,225,0.0002976817848554525
X3_drift,independent_M1_control|tanh,226,0.0014958789936758699
X3_drift,independent_M1_control|tanh,227,0.0018716199943282774
X3_drift,independent_M1_control|tanh,228,0.004565373914680038
X3_drift,independent_M1_control|tanh,229,0.0015026432645273147
X3_drift,independent_M1_control|tanh,230,0.001922882003352555
X3_drift,independent_M1_control|tanh,231,0.005030174637843388
X3_drift,independent_M1_control|tanh,232,0.0024972704320469497
X3_drift,independent_M1_control|tanh,233,0.002201377225937051
X3_drift,independent_M1_control|tanh,234,0.006368987438589713
X3_drift,independent_M1_control|tanh,235,0.0007950787129589187
X3_drift,independent_M1_control|tanh,236,0.004222935759962798
X3_drift,independent_M1_control|tanh,237,0.002012267135789614
X3_drift,independent_M1_control|tanh,238,0.0017210051817140304
X3_drift,independent_M1_control|tanh,239,0.0022565703383166102
X3_drift,independent_M1_control|tanh,240,0.006679424933046629
X3_drift,independent_M1_control|tanh,241,0.0025715291348271663
X3_drift,independent_M1_control|tanh,242,0.0007955936044994338
X3_drift,independent_M1_control|tanh,243,0.002623935899411123
X3_drift,independent_M1_control|tanh,244,0.0019466722734859943
X3_drift,independent_M1_control|tanh,245,0.0065059807373515355
X3_drift,independent_M1_control|tanh,246,0.0035463069303673933
X3_drift,independent_M1_control|tanh,247,0.0074330743478649985
X3_drift,independent_M1_control|tanh,248,0.0073053120098207636
X3_drift,independent_M1_control|tanh,249,0.001731745290900033
X3_drift,independent_M1_control|tanh,250,0.001878875594553353
X3_drift,independent_M1_control|tanh,251,0.0007692069480986774
X3_drift,independent_M1_control|tanh,252,0.005153254438573285
X3_drift,independent_M1_control|tanh,253,0.006372573448075514
X3_drift,independent_M1_control|tanh,254,0.0006385853893084992
X3_drift,independent_M1_control|tanh,255,0.001070596100164245
X3_drift,independent_M1_control|tanh,256,0.008028744168552038
X3_drift,independent_M1_control|tanh,257,0.007399374059742669
X3_drift,independent_M1_control|tanh,258,0.001868039686852896
X3_drift,independent_M1_control|tanh,259,0.011319904229658562
X3_drift,independent_M1_control|tanh,260,0.0005063700291536577
X3_drift,independent_M1_control|tanh,261,0.0030747277413536445
X3_drift,independent_M1_control|tanh,262,0.00693978831088593
X3_drift,independent_M1_control|tanh,263,0.008048578198860845
X3_drift,independent_M1_control|tanh,264,0.0031736082664295395
X3_drift,independent_M1_control|tanh,265,0.0021233088417025314
X3_drift,independent_M1_control|tanh,266,0.0007494625754693729
X3_drift,independent_M1_control|tanh,267,0.0017909140868122009
X3_drift,independent_M1_control|tanh,268,0.002142850367230942
X3_drift,independent_M1_control|tanh,269,0.005958139772267224
X3_drift,independent_M1_control|tanh,270,0.0009661515087420192
X3_drift,independent_M1_control|tanh,271,0.004040273563461039
X3_drift,independent_M1_control|tanh,272,0.0014391065219743204
X3_drift,independent_M1_control|tanh,273,0.0011025576613858945
X3_drift,independent_M1_control|tanh,274,0.000398394390697554
X3_drift,independent_M1_control|tanh,275,0.009851526335091787
X3_drift,independent_M1_control|tanh,276,0.004494865876551568
X3_drift,independent_M1_control|tanh,277,4.195539231988121e-05
X3_drift,independent_M1_control|tanh,278,0.0008686195879019643
X3_drift,independent_M1_control|tanh,279,0.006408835427062609
X3_drift,independent_M1_control|tanh,280,0.0058770233520650805
X3_drift,independent_M1_control|tanh,281,0.0016023225544192776
X3_drift,independent_M1_control|tanh,282,0.00025898390747780553
X3_drift,independent_M1_control|tanh,283,0.002300861257350739
X3_drift,independent_M1_control|tanh,284,0.004502750137983735
X3_drift,independent_M1_control|tanh,285,0.0006661363065210146
X3_drift,independent_M1_control|tanh,286,0.01190547662766095
X3_drift,independent_M1_control|tanh,287,0.008643293735485447
X3_drift,independent_M1_control|tanh,288,0.0007415573211679849
X3_drift,independent_M1_control|tanh,289,0.006802205512767223
X3_drift,independent_M1_control|tanh,290,0.00570622142845556
X3_drift,independent_M1_control|tanh,291,0.006614205068326662
X3_drift,independent_M1_control|tanh,292,0.0013686594946844544
X3_drift,independent_M1_control|tanh,293,0.00019503795491404574
X3_drift,independent_M1_control|tanh,294,0.002750837089042779
X3_drift,independent_M1_control|tanh,295,0.005592507712182115
X3_drift,independent_M1_control|tanh,296,0.0011772694056886301
X3_drift,independent_M1_control|tanh,297,0.003949096292211962
X3_drift,independent_M1_control|tanh,298,0.0021188876561106795
X3_drift,independent_M1_control|tanh,299,0.0033159393020159023
X3_drift,independent_M1_control|tanh,300,0.004101749357146467
X3_drift,independent_M1_control|tanh,301,0.000806608233656636
X3_drift,independent_M1_control|tanh,302,0.00937704367563974
X3_drift,independent_M1_control|tanh,303,0.004043094045711015
X3_drift,independent_M1_control|tanh,304,0.007643126921570431
X3_drift,independent_M1_control|tanh,305,0.01352119393408735
X3_drift,independent_M1_control|tanh,306,0.006173936593160345
X3_drift,independent_M1_control|tanh,307,0.004234858645614459
X3_drift,independent_M1_control|tanh,308,0.002567620287735828
X3_drift,independent_M1_control|tanh,309,0.009106643930464564
X3_drift,independent_M1_control|tanh,310,0.0020873004045354193
X3_drift,independent_M1_control|tanh,311,0.00039603017482825464
X3_drift,independent_M1_control|tanh,312,4.4490960541043734e-05
X3_drift,independent_M1_control|tanh,313,0.0008942994071001742
X3_drift,independent_M1_control|tanh,314,0.004000091076893586
X3_drift,independent_M1_control|tanh,315,0.004453939207057278
X3_drift,independent_M1_control|tanh,316,0.0018596749228785292
X3_drift,independent_M1_control|tanh,317,0.008303808920635536
X3_drift,independent_M1_control|tanh,318,0.0013168198837423262
X3_drift,independent_M1_control|tanh,319,0.0011073890600785674
X3_drift,independent_M1_control|tanh,320,0.004816097969766453
X3_drift,independent_M1_control|tanh,321,0.00021817818193614613
X3_drift,independent_M1_control|tanh,322,0.00801151742195172
X3_drift,independent_M1_control|tanh,323,0.0032466968063644686
X3_drift,independent_M1_control|tanh,324,0.005712871771684114
X3_drift,independent_M1_control|tanh,325,0.0029670165972239815
X3_drift,independent_M1_control|tanh,326,0.0012258822707180705
X3_drift,independent_M1_control|tanh,327,0.0005448963113265926
X3_drift,independent_M1_control|tanh,328,0.002767966820856671
X3_drift,independent_M1_control|tanh,329,0.003975539047201604
X3_drift,independent_M1_control|tanh,330,0.001978465213185121
X3_drift,independent_M1_control|tanh,331,0.005833813627648343
X3_drift,independent_M1_control|tanh,332,0.0019121701121651569
X3_drift,independent_M1_control|tanh,333,0.006759051365494262
X3_drift,independent_M1_control|tanh,334,0.012217237321227703
X3_drift,independent_M1_control|tanh,335,0.005579419948266828
X3_drift,independent_M1_control|tanh,336,0.0031547428062816962
X3_drift,independent_M1_control|tanh,337,0.0050504020660020466
X3_drift,independent_M1_control|tanh,338,0.007895295497817312
X3_drift,independent_M1_control|tanh,339,0.0037743375775045607
X3_drift,independent_M1_control|tanh,340,0.0010480178274936414
X3_drift,independent_M1_control|tanh,341,5.606441827676889e-06
X3_drift,independent_M1_control|tanh,342,0.0043843128273390874
X3_drift,independent_M1_control|tanh,343,0.010161397900636082
X3_drift,independent_M1_control|tanh,344,0.0014233387902677919
X3_drift,independent_M1_control|tanh,345,0.00484804664078764
X3_drift,independent_M1_control|tanh,346,0.0007618376382279024
X3_drift,independent_M1_control|tanh,347,0.007720184131315921
X3_drift,independent_M1_control|tanh,348,0.002093318999235816
X3_drift,independent_M1_control|tanh,349,0.0005144229917517507
X3_drift,independent_M1_control|tanh,350,0.002070478579311086
X3_drift,independent_M1_control|tanh,351,0.0005376613958416598
X3_drift,independent_M1_control|tanh,352,0.0011677334793529504
X3_drift,independent_M1_control|tanh,353,0.0073479016642630235
X3_drift,independent_M1_control|tanh,354,0.0009344895708185419
X3_drift,independent_M1_control|tanh,355,0.0012768519640338205
X3_drift,independent_M1_control|tanh,356,0.0019093286886802119
X3_drift,independent_M1_control|tanh,357,0.0011851804402169819
X3_drift,independent_M1_control|tanh,358,0.00015755242911952294
X3_drift,independent_M1_control|tanh,359,0.0050661822266491185
X3_drift,independent_M1_control|tanh,360,0.004595355446435967
X3_drift,independent_M1_control|tanh,361,0.007698132670287627
X3_drift,independent_M1_control|tanh,362,0.0016842050317560364
X3_drift,independent_M1_control|tanh,363,0.004822906741368982
X3_drift,independent_M1_control|tanh,364,0.007557106521803192
X3_drift,independent_M1_control|tanh,365,0.0008328491200546573
X3_drift,independent_M1_control|tanh,366,0.002240269876852885
X3_drift,independent_M1_control|tanh,367,0.0018262341005366167
X3_drift,independent_M1_control|tanh,368,0.0018280188487489468
X3_drift,independent_M1_control|tanh,369,0.0005312254455724919
X3_drift,independent_M1_control|tanh,370,0.0019419496701735817
X3_drift,independent_M1_control|tanh,371,0.006855099260492992
X3_drift,independent_M1_control|tanh,372,0.004851311536114178
X3_drift,independent_M1_control|tanh,373,0.005124986180573554
X3_drift,independent_M1_control|tanh,374,0.0031584442404781754
X3_drift,independent_M1_control|tanh,375,0.0003724520940080467
X3_drift,independent_M1_control|tanh,376,0.005879615066985977
X3_drift,independent_M1_control|tanh,377,0.012968891613692968
X3_drift,independent_M1_control|tanh,378,0.013070312784100757
X3_drift,independent_M1_control|tanh,379,0.007399593624832779
X3_drift,independent_M1_control|tanh,380,0.0020254633363387953
X3_drift,independent_M1_control|tanh,381,8.990899204475156e-05
X3_drift,independent_M1_control|tanh,382,0.0012323444475290657
X3_drift,independent_M1_control|tanh,383,0.003220141794205933
X3_drift,independent_M1_control|tanh,384,0.002026276343542577
X3_drift,independent_M1_control|tanh,385,0.0024713533441151903
X3_drift,independent_M1_control|tanh,386,0.01884874663963032
X3_drift,independent_M1_control|tanh,387,0.00632764398007124
X3_drift,independent_M1_control|tanh,388,0.008892079881768211
X3_drift,independent_M1_control|tanh,389,0.0023856410611236
X3_drift,independent_M1_control|tanh,390,0.0028032813751153185
X3_drift,independent_M1_control|tanh,391,0.005882705691459655
X3_drift,independent_M1_control|tanh,392,0.0001408455912721429
X3_drift,independent_M1_control|tanh,393,0.003359723684777549
X3_drift,independent_M1_control|tanh,394,6.870596472419166e-05
X3_drift,independent_M1_control|tanh,395,0.004852084676310486
X3_drift,independent_M1_control|tanh,396,0.004266009674418925
X3_drift,independent_M1_control|tanh,397,0.009110125617805664
X3_drift,independent_M1_control|tanh,398,0.004102968965860043
X3_drift,independent_M1_control|tanh,399,0.004150188938418342
