table,file,scen,level,method,mode,rate,value,printed
T6,04_DAOU/EXPERIMENT/ng_suite_A/results.csv,G1,8.0,DOMI,gs,power,0.006,0.01
T6,04_DAOU/EXPERIMENT/ng_suite_gfull_G1/results.csv,G1,8.0,matmi-a1,gs,power,0.008,0.01
T6,04_DAOU/EXPERIMENT/ng_suite_A/results.csv,G1,8.0,HSIC-diff,gs,power,0.004,0.00
T6,04_DAOU/EXPERIMENT/ng_suite_A/results.csv,G1,8.0,dCor-diff,gs,power,0.004,0.00
T6,04_DAOU/EXPERIMENT/ng_suite_A/results.csv,G1,8.0,Spearman-diff,g,power,0.004,0.00
T6,04_DAOU/EXPERIMENT/cvm_subsample/results.csv,G1,8.0,CvM-sub,g,power,0.008,0.01
T6,04_DAOU/EXPERIMENT/ng_suite_A/results.csv,G1,4.0,DOMI,gs,power,0.03,0.03
T6,04_DAOU/EXPERIMENT/ng_suite_gfull_G1/results.csv,G1,4.0,matmi-a1,gs,power,0.052,0.05
T6,04_DAOU/EXPERIMENT/ng_suite_A/results.csv,G1,4.0,HSIC-diff,gs,power,0.004,0.00
T6,04_DAOU/EXPERIMENT/ng_suite_A/results.csv,G1,4.0,dCor-diff,gs,power,0.002,0.00
T6,04_DAOU/EXPERIMENT/ng_suite_A/results.csv,G1,4.0,Spearman-diff,g,power,0.004,0.00
T6,04_DAOU/EXPERIMENT/cvm_subsample/results.csv,G1,4.0,CvM-sub,g,power,0.01,0.01
T6,04_DAOU/EXPERIMENT/ng_suite_A/results.csv,G1,2.0,DOMI,gs,power,0.332,0.33
T6,04_DAOU/EXPERIMENT/ng_suite_gfull_G1/results.csv,G1,2.0,matmi-a1,gs,power,0.436,0.44
T6,04_DAOU/EXPERIMENT/ng_suite_A/results.csv,G1,2.0,HSIC-diff,gs,power,0.034,0.03
T6,04_DAOU/EXPERIMENT/ng_suite_A/results.csv,G1,2.0,dCor-diff,gs,power,0.01,0.01
T6,04_DAOU/EXPERIMENT/ng_suite_A/results.csv,G1,2.0,Spearman-diff,g,power,0.002,0.00
T6,04_DAOU/EXPERIMENT/cvm_subsample/results.csv,G1,2.0,CvM-sub,g,power,0.014,0.01
T6,04_DAOU/EXPERIMENT/ng_suite_A/results.csv,G2,0.2,DOMI,gs,power,0.724,0.72
T6,04_DAOU/EXPERIMENT/ng_suite_gfull_G2/results.csv,G2,0.2,matmi-a1,gs,power,0.79,0.79
T6,04_DAOU/EXPERIMENT/ng_suite_A/results.csv,G2,0.2,HSIC-diff,gs,power,0.452,0.45
T6,04_DAOU/EXPERIMENT/ng_suite_A/results.csv,G2,0.2,dCor-diff,gs,power,0.48,0.48
T6,04_DAOU/EXPERIMENT/ng_suite_A/results.csv,G2,0.2,Spearman-diff,g,power,0.51,0.51
T6,04_DAOU/EXPERIMENT/cvm_subsample/results.csv,G2,0.2,CvM-sub,g,power,0.598,0.60
T6,04_DAOU/EXPERIMENT/ng_suite_A/results.csv,G2,0.35,DOMI,gs,power,0.97,0.97
T6,04_DAOU/EXPERIMENT/ng_suite_gfull_G2/results.csv,G2,0.35,matmi-a1,gs,power,0.998,1.00
T6,04_DAOU/EXPERIMENT/ng_suite_A/results.csv,G2,0.35,HSIC-diff,gs,power,0.648,0.65
T6,04_DAOU/EXPERIMENT/ng_suite_A/results.csv,G2,0.35,dCor-diff,gs,power,0.682,0.68
T6,04_DAOU/EXPERIMENT/ng_suite_A/results.csv,G2,0.35,Spearman-diff,g,power,0.88,0.88
T6,04_DAOU/EXPERIMENT/cvm_subsample/results.csv,G2,0.35,CvM-sub,g,power,0.912,0.91
T6,04_DAOU/EXPERIMENT/ng_suite_A/results.csv,G2,0.5,DOMI,gs,power,0.998,1.00
T6,04_DAOU/EXPERIMENT/ng_suite_gfull_G2/results.csv,G2,0.5,matmi-a1,gs,power,0.998,1.00
T6,04_DAOU/EXPERIMENT/ng_suite_A/results.csv,G2,0.5,HSIC-diff,gs,power,0.764,0.76
T6,04_DAOU/EXPERIMENT/ng_suite_A/results.csv,G2,0.5,dCor-diff,gs,power,0.84,0.84
T6,04_DAOU/EXPERIMENT/ng_suite_A/results.csv,G2,0.5,Spearman-diff,g,power,0.986,0.99
T6,04_DAOU/EXPERIMENT/cvm_subsample/results.csv,G2,0.5,CvM-sub,g,power,0.992,0.99
T6,04_DAOU/EXPERIMENT/ng_suite_A/results.csv,G3,0.2,DOMI,gs,power,0.72,0.72
T6,04_DAOU/EXPERIMENT/ng_suite_gfull_G3/results.csv,G3,0.2,matmi-a1,gs,power,0.862,0.86
T6,04_DAOU/EXPERIMENT/ng_suite_A/results.csv,G3,0.2,HSIC-diff,gs,power,0.652,0.65
T6,04_DAOU/EXPERIMENT/ng_suite_A/results.csv,G3,0.2,dCor-diff,gs,power,0.556,0.56
T6,04_DAOU/EXPERIMENT/ng_suite_A/results.csv,G3,0.2,Spearman-diff,g,power,0.55,0.55
T6,04_DAOU/EXPERIMENT/cvm_subsample/results.csv,G3,0.2,CvM-sub,g,power,0.634,0.63
T6,04_DAOU/EXPERIMENT/ng_suite_A/results.csv,G3,0.35,DOMI,gs,power,0.97,0.97
T6,04_DAOU/EXPERIMENT/ng_suite_gfull_G3/results.csv,G3,0.35,matmi-a1,gs,power,1.0,1.00
T6,04_DAOU/EXPERIMENT/ng_suite_A/results.csv,G3,0.35,HSIC-diff,gs,power,0.88,0.88
T6,04_DAOU/EXPERIMENT/ng_suite_A/results.csv,G3,0.35,dCor-diff,gs,power,0.778,0.78
T6,04_DAOU/EXPERIMENT/ng_suite_A/results.csv,G3,0.35,Spearman-diff,g,power,0.918,0.92
T6,04_DAOU/EXPERIMENT/cvm_subsample/results.csv,G3,0.35,CvM-sub,g,power,0.936,0.94
T6,04_DAOU/EXPERIMENT/ng_suite_A/results.csv,G3,0.5,DOMI,gs,power,0.994,0.99
T6,04_DAOU/EXPERIMENT/ng_suite_gfull_G3/results.csv,G3,0.5,matmi-a1,gs,power,1.0,1.00
T6,04_DAOU/EXPERIMENT/ng_suite_A/results.csv,G3,0.5,HSIC-diff,gs,power,0.964,0.96
T6,04_DAOU/EXPERIMENT/ng_suite_A/results.csv,G3,0.5,dCor-diff,gs,power,0.874,0.87
T6,04_DAOU/EXPERIMENT/ng_suite_A/results.csv,G3,0.5,Spearman-diff,g,power,0.982,0.98
T6,04_DAOU/EXPERIMENT/cvm_subsample/results.csv,G3,0.5,CvM-sub,g,power,0.994,0.99
T6,04_DAOU/EXPERIMENT/ng_suite_B/results.csv,G4,0.5,DOMI,gs,power,0.968,0.97
T6,04_DAOU/EXPERIMENT/ng_suite_gfull_G4/results.csv,G4,0.5,matmi-a1,gs,power,0.984,0.98
T6,04_DAOU/EXPERIMENT/ng_suite_B/results.csv,G4,0.5,HSIC-diff,gs,power,0.77,0.77
T6,04_DAOU/EXPERIMENT/ng_suite_B/results.csv,G4,0.5,dCor-diff,gs,power,0.518,0.52
T6,04_DAOU/EXPERIMENT/ng_suite_B/results.csv,G4,0.5,Spearman-diff,g,power,0.008,0.01
T6,04_DAOU/EXPERIMENT/cvm_subsample/results.csv,G4,0.5,CvM-sub,g,power,0.356,0.36
T6,04_DAOU/EXPERIMENT/ng_suite_B/results.csv,G4,0.7,DOMI,gs,power,1.0,1.00
T6,04_DAOU/EXPERIMENT/ng_suite_gfull_G4/results.csv,G4,0.7,matmi-a1,gs,power,1.0,1.00
T6,04_DAOU/EXPERIMENT/ng_suite_B/results.csv,G4,0.7,HSIC-diff,gs,power,0.91,0.91
T6,04_DAOU/EXPERIMENT/ng_suite_B/results.csv,G4,0.7,dCor-diff,gs,power,0.858,0.86
T6,04_DAOU/EXPERIMENT/ng_suite_B/results.csv,G4,0.7,Spearman-diff,g,power,0.008,0.01
T6,04_DAOU/EXPERIMENT/cvm_subsample/results.csv,G4,0.7,CvM-sub,g,power,0.838,0.84
T6,04_DAOU/EXPERIMENT/ng_suite_B/results.csv,G4,0.9,DOMI,gs,power,1.0,1.00
T6,04_DAOU/EXPERIMENT/ng_suite_gfull_G4/results.csv,G4,0.9,matmi-a1,gs,power,1.0,1.00
T6,04_DAOU/EXPERIMENT/ng_suite_B/results.csv,G4,0.9,HSIC-diff,gs,power,0.998,1.00
T6,04_DAOU/EXPERIMENT/ng_suite_B/results.csv,G4,0.9,dCor-diff,gs,power,0.988,0.99
T6,04_DAOU/EXPERIMENT/ng_suite_B/results.csv,G4,0.9,Spearman-diff,g,power,0.012,0.01
T6,04_DAOU/EXPERIMENT/cvm_subsample/results.csv,G4,0.9,CvM-sub,g,power,0.986,0.99
T6,04_DAOU/EXPERIMENT/ng_suite_B/results.csv,G5,0.5,DOMI,gs,power,0.938,0.94
T6,04_DAOU/EXPERIMENT/ng_suite_gfull_G5/results.csv,G5,0.5,matmi-a1,gs,power,0.978,0.98
T6,04_DAOU/EXPERIMENT/ng_suite_B/results.csv,G5,0.5,HSIC-diff,gs,power,0.772,0.77
T6,04_DAOU/EXPERIMENT/ng_suite_B/results.csv,G5,0.5,dCor-diff,gs,power,0.494,0.49
T6,04_DAOU/EXPERIMENT/ng_suite_B/results.csv,G5,0.5,Spearman-diff,g,power,0.004,0.00
T6,04_DAOU/EXPERIMENT/cvm_subsample/results.csv,G5,0.5,CvM-sub,g,power,0.216,0.22
T6,04_DAOU/EXPERIMENT/ng_suite_B/results.csv,G5,0.7,DOMI,gs,power,0.998,1.00
T6,04_DAOU/EXPERIMENT/ng_suite_gfull_G5/results.csv,G5,0.7,matmi-a1,gs,power,1.0,1.00
T6,04_DAOU/EXPERIMENT/ng_suite_B/results.csv,G5,0.7,HSIC-diff,gs,power,0.97,0.97
T6,04_DAOU/EXPERIMENT/ng_suite_B/results.csv,G5,0.7,dCor-diff,gs,power,0.922,0.92
T6,04_DAOU/EXPERIMENT/ng_suite_B/results.csv,G5,0.7,Spearman-diff,g,power,0.012,0.01
T6,04_DAOU/EXPERIMENT/cvm_subsample/results.csv,G5,0.7,CvM-sub,g,power,0.798,0.80
T6,04_DAOU/EXPERIMENT/ng_suite_B/results.csv,G5,0.9,DOMI,gs,power,1.0,1.00
T6,04_DAOU/EXPERIMENT/ng_suite_gfull_G5/results.csv,G5,0.9,matmi-a1,gs,power,1.0,1.00
T6,04_DAOU/EXPERIMENT/ng_suite_B/results.csv,G5,0.9,HSIC-diff,gs,power,0.994,0.99
T6,04_DAOU/EXPERIMENT/ng_suite_B/results.csv,G5,0.9,dCor-diff,gs,power,0.986,0.99
T6,04_DAOU/EXPERIMENT/ng_suite_B/results.csv,G5,0.9,Spearman-diff,g,power,0.008,0.01
T6,04_DAOU/EXPERIMENT/cvm_subsample/results.csv,G5,0.9,CvM-sub,g,power,0.968,0.97
T6,04_DAOU/EXPERIMENT/ng_suite_B/results.csv,G6,0.3,DOMI,gs,power,0.488,0.49
T6,04_DAOU/EXPERIMENT/ng_suite_gfull_G6/results.csv,G6,0.3,matmi-a1,gs,power,0.654,0.65
T6,04_DAOU/EXPERIMENT/ng_suite_B/results.csv,G6,0.3,HSIC-diff,gs,power,0.162,0.16
T6,04_DAOU/EXPERIMENT/ng_suite_B/results.csv,G6,0.3,dCor-diff,gs,power,0.184,0.18
T6,04_DAOU/EXPERIMENT/ng_suite_B/results.csv,G6,0.3,Spearman-diff,g,power,0.0,0.00
T6,04_DAOU/EXPERIMENT/cvm_subsample/results.csv,G6,0.3,CvM-sub,g,power,0.102,0.10
T6,04_DAOU/EXPERIMENT/ng_suite_B/results.csv,G6,0.5,DOMI,gs,power,0.856,0.86
T6,04_DAOU/EXPERIMENT/ng_suite_gfull_G6/results.csv,G6,0.5,matmi-a1,gs,power,0.912,0.91
T6,04_DAOU/EXPERIMENT/ng_suite_B/results.csv,G6,0.5,HSIC-diff,gs,power,0.598,0.60
T6,04_DAOU/EXPERIMENT/ng_suite_B/results.csv,G6,0.5,dCor-diff,gs,power,0.728,0.73
T6,04_DAOU/EXPERIMENT/ng_suite_B/results.csv,G6,0.5,Spearman-diff,g,power,0.006,0.01
T6,04_DAOU/EXPERIMENT/cvm_subsample/results.csv,G6,0.5,CvM-sub,g,power,0.588,0.59
T6,04_DAOU/EXPERIMENT/ng_suite_B/results.csv,G6,0.8,DOMI,gs,power,0.944,0.94
T6,04_DAOU/EXPERIMENT/ng_suite_gfull_G6/results.csv,G6,0.8,matmi-a1,gs,power,0.974,0.97
T6,04_DAOU/EXPERIMENT/ng_suite_B/results.csv,G6,0.8,HSIC-diff,gs,power,0.744,0.74
T6,04_DAOU/EXPERIMENT/ng_suite_B/results.csv,G6,0.8,dCor-diff,gs,power,0.946,0.95
T6,04_DAOU/EXPERIMENT/ng_suite_B/results.csv,G6,0.8,Spearman-diff,g,power,0.012,0.01
T6,04_DAOU/EXPERIMENT/cvm_subsample/results.csv,G6,0.8,CvM-sub,g,power,0.952,0.95
B4,04_DAOU/EXPERIMENT/ng_suite_A/results.csv,G1,8.0,DOMI,g,power,0.0,0.00
B4,04_DAOU/EXPERIMENT/ng_suite_A/results.csv,G1,8.0,DOMI,gs,power,0.006,0.01
B4,04_DAOU/EXPERIMENT/ng_suite_gfull_G1/results.csv,G1,8.0,matmi-a1,g,power,0.0,0.00
B4,04_DAOU/EXPERIMENT/ng_suite_gfull_G1/results.csv,G1,8.0,matmi-a1,gs,power,0.008,0.01
B4,04_DAOU/EXPERIMENT/ng_suite_gfull_G1/results.csv,G1,8.0,matmi-r2,g,power,0.0,0.00
B4,04_DAOU/EXPERIMENT/ng_suite_gfull_G1/results.csv,G1,8.0,matmi-r2,gs,power,0.014,0.01
B4,04_DAOU/EXPERIMENT/ng_suite_A/results.csv,G1,8.0,HSIC-diff,g,power,0.0,0.00
B4,04_DAOU/EXPERIMENT/ng_suite_A/results.csv,G1,8.0,HSIC-diff,gs,power,0.004,0.00
B4,04_DAOU/EXPERIMENT/ng_suite_A/results.csv,G1,8.0,dCor-diff,g,power,0.0,0.00
B4,04_DAOU/EXPERIMENT/ng_suite_A/results.csv,G1,8.0,dCor-diff,gs,power,0.004,0.00
B4,04_DAOU/EXPERIMENT/ng_suite_A/results.csv,G1,8.0,Spearman-diff,g,power,0.004,0.00
B4,04_DAOU/EXPERIMENT/ng_suite_A/results.csv,G1,8.0,Spearman-diff,gs,power,0.004,0.00
B4,04_DAOU/EXPERIMENT/cvm_subsample/results.csv,G1,8.0,CvM-sub,g,power,0.008,0.01
B4,04_DAOU/EXPERIMENT/cvm_subsample/results.csv,G1,8.0,CvM-sub,gs,power,0.002,0.00
B4,04_DAOU/EXPERIMENT/ng_suite_A/results.csv,G1,8.0,CopulaCvM,g,power,0.002,0.00
B4,04_DAOU/EXPERIMENT/ng_suite_A/results.csv,G1,8.0,CopulaCvM,gs,power,0.002,0.00
B4,04_DAOU/EXPERIMENT/ng_suite_A/results.csv,G1,4.0,DOMI,g,power,0.0,0.00
B4,04_DAOU/EXPERIMENT/ng_suite_A/results.csv,G1,4.0,DOMI,gs,power,0.03,0.03
B4,04_DAOU/EXPERIMENT/ng_suite_gfull_G1/results.csv,G1,4.0,matmi-a1,g,power,0.0,0.00
B4,04_DAOU/EXPERIMENT/ng_suite_gfull_G1/results.csv,G1,4.0,matmi-a1,gs,power,0.052,0.05
B4,04_DAOU/EXPERIMENT/ng_suite_gfull_G1/results.csv,G1,4.0,matmi-r2,g,power,0.0,0.00
B4,04_DAOU/EXPERIMENT/ng_suite_gfull_G1/results.csv,G1,4.0,matmi-r2,gs,power,0.08,0.08
B4,04_DAOU/EXPERIMENT/ng_suite_A/results.csv,G1,4.0,HSIC-diff,g,power,0.0,0.00
B4,04_DAOU/EXPERIMENT/ng_suite_A/results.csv,G1,4.0,HSIC-diff,gs,power,0.004,0.00
B4,04_DAOU/EXPERIMENT/ng_suite_A/results.csv,G1,4.0,dCor-diff,g,power,0.0,0.00
B4,04_DAOU/EXPERIMENT/ng_suite_A/results.csv,G1,4.0,dCor-diff,gs,power,0.002,0.00
B4,04_DAOU/EXPERIMENT/ng_suite_A/results.csv,G1,4.0,Spearman-diff,g,power,0.004,0.00
B4,04_DAOU/EXPERIMENT/ng_suite_A/results.csv,G1,4.0,Spearman-diff,gs,power,0.002,0.00
B4,04_DAOU/EXPERIMENT/cvm_subsample/results.csv,G1,4.0,CvM-sub,g,power,0.01,0.01
B4,04_DAOU/EXPERIMENT/cvm_subsample/results.csv,G1,4.0,CvM-sub,gs,power,0.004,0.00
B4,04_DAOU/EXPERIMENT/ng_suite_A/results.csv,G1,4.0,CopulaCvM,g,power,0.002,0.00
B4,04_DAOU/EXPERIMENT/ng_suite_A/results.csv,G1,4.0,CopulaCvM,gs,power,0.002,0.00
B4,04_DAOU/EXPERIMENT/ng_suite_A/results.csv,G1,2.0,DOMI,g,power,0.0,0.00
B4,04_DAOU/EXPERIMENT/ng_suite_A/results.csv,G1,2.0,DOMI,gs,power,0.332,0.33
B4,04_DAOU/EXPERIMENT/ng_suite_gfull_G1/results.csv,G1,2.0,matmi-a1,g,power,0.0,0.00
B4,04_DAOU/EXPERIMENT/ng_suite_gfull_G1/results.csv,G1,2.0,matmi-a1,gs,power,0.436,0.44
B4,04_DAOU/EXPERIMENT/ng_suite_gfull_G1/results.csv,G1,2.0,matmi-r2,g,power,0.008,0.01
B4,04_DAOU/EXPERIMENT/ng_suite_gfull_G1/results.csv,G1,2.0,matmi-r2,gs,power,0.494,0.49
B4,04_DAOU/EXPERIMENT/ng_suite_A/results.csv,G1,2.0,HSIC-diff,g,power,0.0,0.00
B4,04_DAOU/EXPERIMENT/ng_suite_A/results.csv,G1,2.0,HSIC-diff,gs,power,0.034,0.03
B4,04_DAOU/EXPERIMENT/ng_suite_A/results.csv,G1,2.0,dCor-diff,g,power,0.0,0.00
B4,04_DAOU/EXPERIMENT/ng_suite_A/results.csv,G1,2.0,dCor-diff,gs,power,0.01,0.01
B4,04_DAOU/EXPERIMENT/ng_suite_A/results.csv,G1,2.0,Spearman-diff,g,power,0.002,0.00
B4,04_DAOU/EXPERIMENT/ng_suite_A/results.csv,G1,2.0,Spearman-diff,gs,power,0.004,0.00
B4,04_DAOU/EXPERIMENT/cvm_subsample/results.csv,G1,2.0,CvM-sub,g,power,0.014,0.01
B4,04_DAOU/EXPERIMENT/cvm_subsample/results.csv,G1,2.0,CvM-sub,gs,power,0.008,0.01
B4,04_DAOU/EXPERIMENT/ng_suite_A/results.csv,G1,2.0,CopulaCvM,g,power,0.006,0.01
B4,04_DAOU/EXPERIMENT/ng_suite_A/results.csv,G1,2.0,CopulaCvM,gs,power,0.006,0.01
B4,04_DAOU/EXPERIMENT/ng_suite_A/results.csv,G2,0.2,DOMI,g,power,0.014,0.01
B4,04_DAOU/EXPERIMENT/ng_suite_A/results.csv,G2,0.2,DOMI,gs,power,0.724,0.72
B4,04_DAOU/EXPERIMENT/ng_suite_gfull_G2/results.csv,G2,0.2,matmi-a1,g,power,0.004,0.00
B4,04_DAOU/EXPERIMENT/ng_suite_gfull_G2/results.csv,G2,0.2,matmi-a1,gs,power,0.79,0.79
B4,04_DAOU/EXPERIMENT/ng_suite_gfull_G2/results.csv,G2,0.2,matmi-r2,g,power,0.028,0.03
B4,04_DAOU/EXPERIMENT/ng_suite_gfull_G2/results.csv,G2,0.2,matmi-r2,gs,power,0.54,0.54
B4,04_DAOU/EXPERIMENT/ng_suite_A/results.csv,G2,0.2,HSIC-diff,g,power,0.034,0.03
B4,04_DAOU/EXPERIMENT/ng_suite_A/results.csv,G2,0.2,HSIC-diff,gs,power,0.452,0.45
B4,04_DAOU/EXPERIMENT/ng_suite_A/results.csv,G2,0.2,dCor-diff,g,power,0.266,0.27
B4,04_DAOU/EXPERIMENT/ng_suite_A/results.csv,G2,0.2,dCor-diff,gs,power,0.48,0.48
B4,04_DAOU/EXPERIMENT/ng_suite_A/results.csv,G2,0.2,Spearman-diff,g,power,0.51,0.51
B4,04_DAOU/EXPERIMENT/ng_suite_A/results.csv,G2,0.2,Spearman-diff,gs,power,0.38,0.38
B4,04_DAOU/EXPERIMENT/cvm_subsample/results.csv,G2,0.2,CvM-sub,g,power,0.598,0.60
B4,04_DAOU/EXPERIMENT/cvm_subsample/results.csv,G2,0.2,CvM-sub,gs,power,0.356,0.36
B4,04_DAOU/EXPERIMENT/ng_suite_A/results.csv,G2,0.2,CopulaCvM,g,power,0.052,0.05
B4,04_DAOU/EXPERIMENT/ng_suite_A/results.csv,G2,0.2,CopulaCvM,gs,power,0.066,0.07
B4,04_DAOU/EXPERIMENT/ng_suite_A/results.csv,G2,0.35,DOMI,g,power,0.29,0.29
B4,04_DAOU/EXPERIMENT/ng_suite_A/results.csv,G2,0.35,DOMI,gs,power,0.97,0.97
B4,04_DAOU/EXPERIMENT/ng_suite_gfull_G2/results.csv,G2,0.35,matmi-a1,g,power,0.208,0.21
B4,04_DAOU/EXPERIMENT/ng_suite_gfull_G2/results.csv,G2,0.35,matmi-a1,gs,power,0.998,1.00
B4,04_DAOU/EXPERIMENT/ng_suite_gfull_G2/results.csv,G2,0.35,matmi-r2,g,power,0.358,0.36
B4,04_DAOU/EXPERIMENT/ng_suite_gfull_G2/results.csv,G2,0.35,matmi-r2,gs,power,0.732,0.73
B4,04_DAOU/EXPERIMENT/ng_suite_A/results.csv,G2,0.35,HSIC-diff,g,power,0.354,0.35
B4,04_DAOU/EXPERIMENT/ng_suite_A/results.csv,G2,0.35,HSIC-diff,gs,power,0.648,0.65
B4,04_DAOU/EXPERIMENT/ng_suite_A/results.csv,G2,0.35,dCor-diff,g,power,0.62,0.62
B4,04_DAOU/EXPERIMENT/ng_suite_A/results.csv,G2,0.35,dCor-diff,gs,power,0.682,0.68
B4,04_DAOU/EXPERIMENT/ng_suite_A/results.csv,G2,0.35,Spearman-diff,g,power,0.88,0.88
B4,04_DAOU/EXPERIMENT/ng_suite_A/results.csv,G2,0.35,Spearman-diff,gs,power,0.676,0.68
B4,04_DAOU/EXPERIMENT/cvm_subsample/results.csv,G2,0.35,CvM-sub,g,power,0.912,0.91
B4,04_DAOU/EXPERIMENT/cvm_subsample/results.csv,G2,0.35,CvM-sub,gs,power,0.69,0.69
B4,04_DAOU/EXPERIMENT/ng_suite_A/results.csv,G2,0.35,CopulaCvM,g,power,0.22,0.22
B4,04_DAOU/EXPERIMENT/ng_suite_A/results.csv,G2,0.35,CopulaCvM,gs,power,0.236,0.24
B4,04_DAOU/EXPERIMENT/ng_suite_A/results.csv,G2,0.5,DOMI,g,power,0.488,0.49
B4,04_DAOU/EXPERIMENT/ng_suite_A/results.csv,G2,0.5,DOMI,gs,power,0.998,1.00
B4,04_DAOU/EXPERIMENT/ng_suite_gfull_G2/results.csv,G2,0.5,matmi-a1,g,power,0.484,0.48
B4,04_DAOU/EXPERIMENT/ng_suite_gfull_G2/results.csv,G2,0.5,matmi-a1,gs,power,0.998,1.00
B4,04_DAOU/EXPERIMENT/ng_suite_gfull_G2/results.csv,G2,0.5,matmi-r2,g,power,0.608,0.61
B4,04_DAOU/EXPERIMENT/ng_suite_gfull_G2/results.csv,G2,0.5,matmi-r2,gs,power,0.886,0.89
B4,04_DAOU/EXPERIMENT/ng_suite_A/results.csv,G2,0.5,HSIC-diff,g,power,0.506,0.51
B4,04_DAOU/EXPERIMENT/ng_suite_A/results.csv,G2,0.5,HSIC-diff,gs,power,0.764,0.76
B4,04_DAOU/EXPERIMENT/ng_suite_A/results.csv,G2,0.5,dCor-diff,g,power,0.82,0.82
B4,04_DAOU/EXPERIMENT/ng_suite_A/results.csv,G2,0.5,dCor-diff,gs,power,0.84,0.84
B4,04_DAOU/EXPERIMENT/ng_suite_A/results.csv,G2,0.5,Spearman-diff,g,power,0.986,0.99
B4,04_DAOU/EXPERIMENT/ng_suite_A/results.csv,G2,0.5,Spearman-diff,gs,power,0.824,0.82
B4,04_DAOU/EXPERIMENT/cvm_subsample/results.csv,G2,0.5,CvM-sub,g,power,0.992,0.99
B4,04_DAOU/EXPERIMENT/cvm_subsample/results.csv,G2,0.5,CvM-sub,gs,power,0.856,0.86
B4,04_DAOU/EXPERIMENT/ng_suite_A/results.csv,G2,0.5,CopulaCvM,g,power,0.5,0.50
B4,04_DAOU/EXPERIMENT/ng_suite_A/results.csv,G2,0.5,CopulaCvM,gs,power,0.538,0.54
B4,04_DAOU/EXPERIMENT/ng_suite_A/results.csv,G3,0.2,DOMI,g,power,0.014,0.01
B4,04_DAOU/EXPERIMENT/ng_suite_A/results.csv,G3,0.2,DOMI,gs,power,0.72,0.72
B4,04_DAOU/EXPERIMENT/ng_suite_gfull_G3/results.csv,G3,0.2,matmi-a1,g,power,0.012,0.01
B4,04_DAOU/EXPERIMENT/ng_suite_gfull_G3/results.csv,G3,0.2,matmi-a1,gs,power,0.862,0.86
B4,04_DAOU/EXPERIMENT/ng_suite_gfull_G3/results.csv,G3,0.2,matmi-r2,g,power,0.064,0.06
B4,04_DAOU/EXPERIMENT/ng_suite_gfull_G3/results.csv,G3,0.2,matmi-r2,gs,power,0.63,0.63
B4,04_DAOU/EXPERIMENT/ng_suite_A/results.csv,G3,0.2,HSIC-diff,g,power,0.104,0.10
B4,04_DAOU/EXPERIMENT/ng_suite_A/results.csv,G3,0.2,HSIC-diff,gs,power,0.652,0.65
B4,04_DAOU/EXPERIMENT/ng_suite_A/results.csv,G3,0.2,dCor-diff,g,power,0.286,0.29
B4,04_DAOU/EXPERIMENT/ng_suite_A/results.csv,G3,0.2,dCor-diff,gs,power,0.556,0.56
B4,04_DAOU/EXPERIMENT/ng_suite_A/results.csv,G3,0.2,Spearman-diff,g,power,0.55,0.55
B4,04_DAOU/EXPERIMENT/ng_suite_A/results.csv,G3,0.2,Spearman-diff,gs,power,0.524,0.52
B4,04_DAOU/EXPERIMENT/cvm_subsample/results.csv,G3,0.2,CvM-sub,g,power,0.634,0.63
B4,04_DAOU/EXPERIMENT/cvm_subsample/results.csv,G3,0.2,CvM-sub,gs,power,0.572,0.57
B4,04_DAOU/EXPERIMENT/ng_suite_A/results.csv,G3,0.2,CopulaCvM,g,power,0.044,0.04
B4,04_DAOU/EXPERIMENT/ng_suite_A/results.csv,G3,0.2,CopulaCvM,gs,power,0.042,0.04
B4,04_DAOU/EXPERIMENT/ng_suite_A/results.csv,G3,0.35,DOMI,g,power,0.302,0.30
B4,04_DAOU/EXPERIMENT/ng_suite_A/results.csv,G3,0.35,DOMI,gs,power,0.97,0.97
B4,04_DAOU/EXPERIMENT/ng_suite_gfull_G3/results.csv,G3,0.35,matmi-a1,g,power,0.27,0.27
B4,04_DAOU/EXPERIMENT/ng_suite_gfull_G3/results.csv,G3,0.35,matmi-a1,gs,power,1.0,1.00
B4,04_DAOU/EXPERIMENT/ng_suite_gfull_G3/results.csv,G3,0.35,matmi-r2,g,power,0.382,0.38
B4,04_DAOU/EXPERIMENT/ng_suite_gfull_G3/results.csv,G3,0.35,matmi-r2,gs,power,0.89,0.89
B4,04_DAOU/EXPERIMENT/ng_suite_A/results.csv,G3,0.35,HSIC-diff,g,power,0.378,0.38
B4,04_DAOU/EXPERIMENT/ng_suite_A/results.csv,G3,0.35,HSIC-diff,gs,power,0.88,0.88
B4,04_DAOU/EXPERIMENT/ng_suite_A/results.csv,G3,0.35,dCor-diff,g,power,0.64,0.64
B4,04_DAOU/EXPERIMENT/ng_suite_A/results.csv,G3,0.35,dCor-diff,gs,power,0.778,0.78
B4,04_DAOU/EXPERIMENT/ng_suite_A/results.csv,G3,0.35,Spearman-diff,g,power,0.918,0.92
B4,04_DAOU/EXPERIMENT/ng_suite_A/results.csv,G3,0.35,Spearman-diff,gs,power,0.888,0.89
B4,04_DAOU/EXPERIMENT/cvm_subsample/results.csv,G3,0.35,CvM-sub,g,power,0.936,0.94
B4,04_DAOU/EXPERIMENT/cvm_subsample/results.csv,G3,0.35,CvM-sub,gs,power,0.908,0.91
B4,04_DAOU/EXPERIMENT/ng_suite_A/results.csv,G3,0.35,CopulaCvM,g,power,0.216,0.22
B4,04_DAOU/EXPERIMENT/ng_suite_A/results.csv,G3,0.35,CopulaCvM,gs,power,0.198,0.20
B4,04_DAOU/EXPERIMENT/ng_suite_A/results.csv,G3,0.5,DOMI,g,power,0.466,0.47
B4,04_DAOU/EXPERIMENT/ng_suite_A/results.csv,G3,0.5,DOMI,gs,power,0.994,0.99
B4,04_DAOU/EXPERIMENT/ng_suite_gfull_G3/results.csv,G3,0.5,matmi-a1,g,power,0.454,0.45
B4,04_DAOU/EXPERIMENT/ng_suite_gfull_G3/results.csv,G3,0.5,matmi-a1,gs,power,1.0,1.00
B4,04_DAOU/EXPERIMENT/ng_suite_gfull_G3/results.csv,G3,0.5,matmi-r2,g,power,0.598,0.60
B4,04_DAOU/EXPERIMENT/ng_suite_gfull_G3/results.csv,G3,0.5,matmi-r2,gs,power,0.976,0.98
B4,04_DAOU/EXPERIMENT/ng_suite_A/results.csv,G3,0.5,HSIC-diff,g,power,0.462,0.46
B4,04_DAOU/EXPERIMENT/ng_suite_A/results.csv,G3,0.5,HSIC-diff,gs,power,0.964,0.96
B4,04_DAOU/EXPERIMENT/ng_suite_A/results.csv,G3,0.5,dCor-diff,g,power,0.822,0.82
B4,04_DAOU/EXPERIMENT/ng_suite_A/results.csv,G3,0.5,dCor-diff,gs,power,0.874,0.87
B4,04_DAOU/EXPERIMENT/ng_suite_A/results.csv,G3,0.5,Spearman-diff,g,power,0.982,0.98
B4,04_DAOU/EXPERIMENT/ng_suite_A/results.csv,G3,0.5,Spearman-diff,gs,power,0.982,0.98
B4,04_DAOU/EXPERIMENT/cvm_subsample/results.csv,G3,0.5,CvM-sub,g,power,0.994,0.99
B4,04_DAOU/EXPERIMENT/cvm_subsample/results.csv,G3,0.5,CvM-sub,gs,power,0.996,1.00
B4,04_DAOU/EXPERIMENT/ng_suite_A/results.csv,G3,0.5,CopulaCvM,g,power,0.49,0.49
B4,04_DAOU/EXPERIMENT/ng_suite_A/results.csv,G3,0.5,CopulaCvM,gs,power,0.462,0.46
B4,04_DAOU/EXPERIMENT/ng_suite_B/results.csv,G4,0.5,DOMI,g,power,0.066,0.07
B4,04_DAOU/EXPERIMENT/ng_suite_B/results.csv,G4,0.5,DOMI,gs,power,0.968,0.97
B4,04_DAOU/EXPERIMENT/ng_suite_gfull_G4/results.csv,G4,0.5,matmi-a1,g,power,0.022,0.02
B4,04_DAOU/EXPERIMENT/ng_suite_gfull_G4/results.csv,G4,0.5,matmi-a1,gs,power,0.984,0.98
B4,04_DAOU/EXPERIMENT/ng_suite_gfull_G4/results.csv,G4,0.5,matmi-r2,g,power,0.054,0.05
B4,04_DAOU/EXPERIMENT/ng_suite_gfull_G4/results.csv,G4,0.5,matmi-r2,gs,power,0.826,0.83
B4,04_DAOU/EXPERIMENT/ng_suite_B/results.csv,G4,0.5,HSIC-diff,g,power,0.082,0.08
B4,04_DAOU/EXPERIMENT/ng_suite_B/results.csv,G4,0.5,HSIC-diff,gs,power,0.77,0.77
B4,04_DAOU/EXPERIMENT/ng_suite_B/results.csv,G4,0.5,dCor-diff,g,power,0.012,0.01
B4,04_DAOU/EXPERIMENT/ng_suite_B/results.csv,G4,0.5,dCor-diff,gs,power,0.518,0.52
B4,04_DAOU/EXPERIMENT/ng_suite_B/results.csv,G4,0.5,Spearman-diff,g,power,0.008,0.01
B4,04_DAOU/EXPERIMENT/ng_suite_B/results.csv,G4,0.5,Spearman-diff,gs,power,0.008,0.01
B4,04_DAOU/EXPERIMENT/cvm_subsample/results.csv,G4,0.5,CvM-sub,g,power,0.356,0.36
B4,04_DAOU/EXPERIMENT/cvm_subsample/results.csv,G4,0.5,CvM-sub,gs,power,0.108,0.11
B4,04_DAOU/EXPERIMENT/ng_suite_B/results.csv,G4,0.5,CopulaCvM,g,power,0.004,0.00
B4,04_DAOU/EXPERIMENT/ng_suite_B/results.csv,G4,0.5,CopulaCvM,gs,power,0.004,0.00
B4,04_DAOU/EXPERIMENT/ng_suite_B/results.csv,G4,0.7,DOMI,g,power,0.306,0.31
B4,04_DAOU/EXPERIMENT/ng_suite_B/results.csv,G4,0.7,DOMI,gs,power,1.0,1.00
B4,04_DAOU/EXPERIMENT/ng_suite_gfull_G4/results.csv,G4,0.7,matmi-a1,g,power,0.254,0.25
B4,04_DAOU/EXPERIMENT/ng_suite_gfull_G4/results.csv,G4,0.7,matmi-a1,gs,power,1.0,1.00
B4,04_DAOU/EXPERIMENT/ng_suite_gfull_G4/results.csv,G4,0.7,matmi-r2,g,power,0.332,0.33
B4,04_DAOU/EXPERIMENT/ng_suite_gfull_G4/results.csv,G4,0.7,matmi-r2,gs,power,0.966,0.97
B4,04_DAOU/EXPERIMENT/ng_suite_B/results.csv,G4,0.7,HSIC-diff,g,power,0.298,0.30
B4,04_DAOU/EXPERIMENT/ng_suite_B/results.csv,G4,0.7,HSIC-diff,gs,power,0.91,0.91
B4,04_DAOU/EXPERIMENT/ng_suite_B/results.csv,G4,0.7,dCor-diff,g,power,0.352,0.35
B4,04_DAOU/EXPERIMENT/ng_suite_B/results.csv,G4,0.7,dCor-diff,gs,power,0.858,0.86
B4,04_DAOU/EXPERIMENT/ng_suite_B/results.csv,G4,0.7,Spearman-diff,g,power,0.008,0.01
B4,04_DAOU/EXPERIMENT/ng_suite_B/results.csv,G4,0.7,Spearman-diff,gs,power,0.01,0.01
B4,04_DAOU/EXPERIMENT/cvm_subsample/results.csv,G4,0.7,CvM-sub,g,power,0.838,0.84
B4,04_DAOU/EXPERIMENT/cvm_subsample/results.csv,G4,0.7,CvM-sub,gs,power,0.576,0.58
B4,04_DAOU/EXPERIMENT/ng_suite_B/results.csv,G4,0.7,CopulaCvM,g,power,0.01,0.01
B4,04_DAOU/EXPERIMENT/ng_suite_B/results.csv,G4,0.7,CopulaCvM,gs,power,0.01,0.01
B4,04_DAOU/EXPERIMENT/ng_suite_B/results.csv,G4,0.9,DOMI,g,power,0.578,0.58
B4,04_DAOU/EXPERIMENT/ng_suite_B/results.csv,G4,0.9,DOMI,gs,power,1.0,1.00
B4,04_DAOU/EXPERIMENT/ng_suite_gfull_G4/results.csv,G4,0.9,matmi-a1,g,power,0.564,0.56
B4,04_DAOU/EXPERIMENT/ng_suite_gfull_G4/results.csv,G4,0.9,matmi-a1,gs,power,1.0,1.00
B4,04_DAOU/EXPERIMENT/ng_suite_gfull_G4/results.csv,G4,0.9,matmi-r2,g,power,0.634,0.63
B4,04_DAOU/EXPERIMENT/ng_suite_gfull_G4/results.csv,G4,0.9,matmi-r2,gs,power,1.0,1.00
B4,04_DAOU/EXPERIMENT/ng_suite_B/results.csv,G4,0.9,HSIC-diff,g,power,0.504,0.50
B4,04_DAOU/EXPERIMENT/ng_suite_B/results.csv,G4,0.9,HSIC-diff,gs,power,0.998,1.00
B4,04_DAOU/EXPERIMENT/ng_suite_B/results.csv,G4,0.9,dCor-diff,g,power,0.682,0.68
B4,04_DAOU/EXPERIMENT/ng_suite_B/results.csv,G4,0.9,dCor-diff,gs,power,0.988,0.99
B4,04_DAOU/EXPERIMENT/ng_suite_B/results.csv,G4,0.9,Spearman-diff,g,power,0.012,0.01
B4,04_DAOU/EXPERIMENT/ng_suite_B/results.csv,G4,0.9,Spearman-diff,gs,power,0.012,0.01
B4,04_DAOU/EXPERIMENT/cvm_subsample/results.csv,G4,0.9,CvM-sub,g,power,0.986,0.99
B4,04_DAOU/EXPERIMENT/cvm_subsample/results.csv,G4,0.9,CvM-sub,gs,power,0.872,0.87
B4,04_DAOU/EXPERIMENT/ng_suite_B/results.csv,G4,0.9,CopulaCvM,g,power,0.05,0.05
B4,04_DAOU/EXPERIMENT/ng_suite_B/results.csv,G4,0.9,CopulaCvM,gs,power,0.06,0.06
B4,04_DAOU/EXPERIMENT/ng_suite_B/results.csv,G5,0.5,DOMI,g,power,0.004,0.00
B4,04_DAOU/EXPERIMENT/ng_suite_B/results.csv,G5,0.5,DOMI,gs,power,0.938,0.94
B4,04_DAOU/EXPERIMENT/ng_suite_gfull_G5/results.csv,G5,0.5,matmi-a1,g,power,0.002,0.00
B4,04_DAOU/EXPERIMENT/ng_suite_gfull_G5/results.csv,G5,0.5,matmi-a1,gs,power,0.978,0.98
B4,04_DAOU/EXPERIMENT/ng_suite_gfull_G5/results.csv,G5,0.5,matmi-r2,g,power,0.034,0.03
B4,04_DAOU/EXPERIMENT/ng_suite_gfull_G5/results.csv,G5,0.5,matmi-r2,gs,power,0.904,0.90
B4,04_DAOU/EXPERIMENT/ng_suite_B/results.csv,G5,0.5,HSIC-diff,g,power,0.01,0.01
B4,04_DAOU/EXPERIMENT/ng_suite_B/results.csv,G5,0.5,HSIC-diff,gs,power,0.772,0.77
B4,04_DAOU/EXPERIMENT/ng_suite_B/results.csv,G5,0.5,dCor-diff,g,power,0.006,0.01
B4,04_DAOU/EXPERIMENT/ng_suite_B/results.csv,G5,0.5,dCor-diff,gs,power,0.494,0.49
B4,04_DAOU/EXPERIMENT/ng_suite_B/results.csv,G5,0.5,Spearman-diff,g,power,0.004,0.00
B4,04_DAOU/EXPERIMENT/ng_suite_B/results.csv,G5,0.5,Spearman-diff,gs,power,0.004,0.00
B4,04_DAOU/EXPERIMENT/cvm_subsample/results.csv,G5,0.5,CvM-sub,g,power,0.216,0.22
B4,04_DAOU/EXPERIMENT/cvm_subsample/results.csv,G5,0.5,CvM-sub,gs,power,0.12,0.12
B4,04_DAOU/EXPERIMENT/ng_suite_B/results.csv,G5,0.5,CopulaCvM,g,power,0.004,0.00
B4,04_DAOU/EXPERIMENT/ng_suite_B/results.csv,G5,0.5,CopulaCvM,gs,power,0.006,0.01
B4,04_DAOU/EXPERIMENT/ng_suite_B/results.csv,G5,0.7,DOMI,g,power,0.148,0.15
B4,04_DAOU/EXPERIMENT/ng_suite_B/results.csv,G5,0.7,DOMI,gs,power,0.998,1.00
B4,04_DAOU/EXPERIMENT/ng_suite_gfull_G5/results.csv,G5,0.7,matmi-a1,g,power,0.2,0.20
B4,04_DAOU/EXPERIMENT/ng_suite_gfull_G5/results.csv,G5,0.7,matmi-a1,gs,power,1.0,1.00
B4,04_DAOU/EXPERIMENT/ng_suite_gfull_G5/results.csv,G5,0.7,matmi-r2,g,power,0.316,0.32
B4,04_DAOU/EXPERIMENT/ng_suite_gfull_G5/results.csv,G5,0.7,matmi-r2,gs,power,0.992,0.99
B4,04_DAOU/EXPERIMENT/ng_suite_B/results.csv,G5,0.7,HSIC-diff,g,power,0.174,0.17
B4,04_DAOU/EXPERIMENT/ng_suite_B/results.csv,G5,0.7,HSIC-diff,gs,power,0.97,0.97
B4,04_DAOU/EXPERIMENT/ng_suite_B/results.csv,G5,0.7,dCor-diff,g,power,0.222,0.22
B4,04_DAOU/EXPERIMENT/ng_suite_B/results.csv,G5,0.7,dCor-diff,gs,power,0.922,0.92
B4,04_DAOU/EXPERIMENT/ng_suite_B/results.csv,G5,0.7,Spearman-diff,g,power,0.012,0.01
B4,04_DAOU/EXPERIMENT/ng_suite_B/results.csv,G5,0.7,Spearman-diff,gs,power,0.006,0.01
B4,04_DAOU/EXPERIMENT/cvm_subsample/results.csv,G5,0.7,CvM-sub,g,power,0.798,0.80
B4,04_DAOU/EXPERIMENT/cvm_subsample/results.csv,G5,0.7,CvM-sub,gs,power,0.672,0.67
B4,04_DAOU/EXPERIMENT/ng_suite_B/results.csv,G5,0.7,CopulaCvM,g,power,0.012,0.01
B4,04_DAOU/EXPERIMENT/ng_suite_B/results.csv,G5,0.7,CopulaCvM,gs,power,0.016,0.02
B4,04_DAOU/EXPERIMENT/ng_suite_B/results.csv,G5,0.9,DOMI,g,power,0.414,0.41
B4,04_DAOU/EXPERIMENT/ng_suite_B/results.csv,G5,0.9,DOMI,gs,power,1.0,1.00
B4,04_DAOU/EXPERIMENT/ng_suite_gfull_G5/results.csv,G5,0.9,matmi-a1,g,power,0.486,0.49
B4,04_DAOU/EXPERIMENT/ng_suite_gfull_G5/results.csv,G5,0.9,matmi-a1,gs,power,1.0,1.00
B4,04_DAOU/EXPERIMENT/ng_suite_gfull_G5/results.csv,G5,0.9,matmi-r2,g,power,0.528,0.53
B4,04_DAOU/EXPERIMENT/ng_suite_gfull_G5/results.csv,G5,0.9,matmi-r2,gs,power,1.0,1.00
B4,04_DAOU/EXPERIMENT/ng_suite_B/results.csv,G5,0.9,HSIC-diff,g,power,0.362,0.36
B4,04_DAOU/EXPERIMENT/ng_suite_B/results.csv,G5,0.9,HSIC-diff,gs,power,0.994,0.99
B4,04_DAOU/EXPERIMENT/ng_suite_B/results.csv,G5,0.9,dCor-diff,g,power,0.56,0.56
B4,04_DAOU/EXPERIMENT/ng_suite_B/results.csv,G5,0.9,dCor-diff,gs,power,0.986,0.99
B4,04_DAOU/EXPERIMENT/ng_suite_B/results.csv,G5,0.9,Spearman-diff,g,power,0.008,0.01
B4,04_DAOU/EXPERIMENT/ng_suite_B/results.csv,G5,0.9,Spearman-diff,gs,power,0.008,0.01
B4,04_DAOU/EXPERIMENT/cvm_subsample/results.csv,G5,0.9,CvM-sub,g,power,0.968,0.97
B4,04_DAOU/EXPERIMENT/cvm_subsample/results.csv,G5,0.9,CvM-sub,gs,power,0.972,0.97
B4,04_DAOU/EXPERIMENT/ng_suite_B/results.csv,G5,0.9,CopulaCvM,g,power,0.024,0.02
B4,04_DAOU/EXPERIMENT/ng_suite_B/results.csv,G5,0.9,CopulaCvM,gs,power,0.036,0.04
B4,04_DAOU/EXPERIMENT/ng_suite_B/results.csv,G6,0.3,DOMI,g,power,0.0,0.00
B4,04_DAOU/EXPERIMENT/ng_suite_B/results.csv,G6,0.3,DOMI,gs,power,0.488,0.49
B4,04_DAOU/EXPERIMENT/ng_suite_gfull_G6/results.csv,G6,0.3,matmi-a1,g,power,0.0,0.00
B4,04_DAOU/EXPERIMENT/ng_suite_gfull_G6/results.csv,G6,0.3,matmi-a1,gs,power,0.654,0.65
B4,04_DAOU/EXPERIMENT/ng_suite_gfull_G6/results.csv,G6,0.3,matmi-r2,g,power,0.002,0.00
B4,04_DAOU/EXPERIMENT/ng_suite_gfull_G6/results.csv,G6,0.3,matmi-r2,gs,power,0.36,0.36
B4,04_DAOU/EXPERIMENT/ng_suite_B/results.csv,G6,0.3,HSIC-diff,g,power,0.0,0.00
B4,04_DAOU/EXPERIMENT/ng_suite_B/results.csv,G6,0.3,HSIC-diff,gs,power,0.162,0.16
B4,04_DAOU/EXPERIMENT/ng_suite_B/results.csv,G6,0.3,dCor-diff,g,power,0.0,0.00
B4,04_DAOU/EXPERIMENT/ng_suite_B/results.csv,G6,0.3,dCor-diff,gs,power,0.184,0.18
B4,04_DAOU/EXPERIMENT/ng_suite_B/results.csv,G6,0.3,Spearman-diff,g,power,0.0,0.00
B4,04_DAOU/EXPERIMENT/ng_suite_B/results.csv,G6,0.3,Spearman-diff,gs,power,0.0,0.00
B4,04_DAOU/EXPERIMENT/cvm_subsample/results.csv,G6,0.3,CvM-sub,g,power,0.102,0.10
B4,04_DAOU/EXPERIMENT/cvm_subsample/results.csv,G6,0.3,CvM-sub,gs,power,0.018,0.02
B4,04_DAOU/EXPERIMENT/ng_suite_B/results.csv,G6,0.3,CopulaCvM,g,power,0.004,0.00
B4,04_DAOU/EXPERIMENT/ng_suite_B/results.csv,G6,0.3,CopulaCvM,gs,power,0.01,0.01
B4,04_DAOU/EXPERIMENT/ng_suite_B/results.csv,G6,0.5,DOMI,g,power,0.1,0.10
B4,04_DAOU/EXPERIMENT/ng_suite_B/results.csv,G6,0.5,DOMI,gs,power,0.856,0.86
B4,04_DAOU/EXPERIMENT/ng_suite_gfull_G6/results.csv,G6,0.5,matmi-a1,g,power,0.086,0.09
B4,04_DAOU/EXPERIMENT/ng_suite_gfull_G6/results.csv,G6,0.5,matmi-a1,gs,power,0.912,0.91
B4,04_DAOU/EXPERIMENT/ng_suite_gfull_G6/results.csv,G6,0.5,matmi-r2,g,power,0.142,0.14
B4,04_DAOU/EXPERIMENT/ng_suite_gfull_G6/results.csv,G6,0.5,matmi-r2,gs,power,0.784,0.78
B4,04_DAOU/EXPERIMENT/ng_suite_B/results.csv,G6,0.5,HSIC-diff,g,power,0.04,0.04
B4,04_DAOU/EXPERIMENT/ng_suite_B/results.csv,G6,0.5,HSIC-diff,gs,power,0.598,0.60
B4,04_DAOU/EXPERIMENT/ng_suite_B/results.csv,G6,0.5,dCor-diff,g,power,0.052,0.05
B4,04_DAOU/EXPERIMENT/ng_suite_B/results.csv,G6,0.5,dCor-diff,gs,power,0.728,0.73
B4,04_DAOU/EXPERIMENT/ng_suite_B/results.csv,G6,0.5,Spearman-diff,g,power,0.006,0.01
B4,04_DAOU/EXPERIMENT/ng_suite_B/results.csv,G6,0.5,Spearman-diff,gs,power,0.002,0.00
B4,04_DAOU/EXPERIMENT/cvm_subsample/results.csv,G6,0.5,CvM-sub,g,power,0.588,0.59
B4,04_DAOU/EXPERIMENT/cvm_subsample/results.csv,G6,0.5,CvM-sub,gs,power,0.266,0.27
B4,04_DAOU/EXPERIMENT/ng_suite_B/results.csv,G6,0.5,CopulaCvM,g,power,0.012,0.01
B4,04_DAOU/EXPERIMENT/ng_suite_B/results.csv,G6,0.5,CopulaCvM,gs,power,0.016,0.02
B4,04_DAOU/EXPERIMENT/ng_suite_B/results.csv,G6,0.8,DOMI,g,power,0.382,0.38
B4,04_DAOU/EXPERIMENT/ng_suite_B/results.csv,G6,0.8,DOMI,gs,power,0.944,0.94
B4,04_DAOU/EXPERIMENT/ng_suite_gfull_G6/results.csv,G6,0.8,matmi-a1,g,power,0.368,0.37
B4,04_DAOU/EXPERIMENT/ng_suite_gfull_G6/results.csv,G6,0.8,matmi-a1,gs,power,0.974,0.97
B4,04_DAOU/EXPERIMENT/ng_suite_gfull_G6/results.csv,G6,0.8,matmi-r2,g,power,0.456,0.46
B4,04_DAOU/EXPERIMENT/ng_suite_gfull_G6/results.csv,G6,0.8,matmi-r2,gs,power,0.938,0.94
B4,04_DAOU/EXPERIMENT/ng_suite_B/results.csv,G6,0.8,HSIC-diff,g,power,0.324,0.32
B4,04_DAOU/EXPERIMENT/ng_suite_B/results.csv,G6,0.8,HSIC-diff,gs,power,0.744,0.74
B4,04_DAOU/EXPERIMENT/ng_suite_B/results.csv,G6,0.8,dCor-diff,g,power,0.56,0.56
B4,04_DAOU/EXPERIMENT/ng_suite_B/results.csv,G6,0.8,dCor-diff,gs,power,0.946,0.95
B4,04_DAOU/EXPERIMENT/ng_suite_B/results.csv,G6,0.8,Spearman-diff,g,power,0.012,0.01
B4,04_DAOU/EXPERIMENT/ng_suite_B/results.csv,G6,0.8,Spearman-diff,gs,power,0.004,0.00
B4,04_DAOU/EXPERIMENT/cvm_subsample/results.csv,G6,0.8,CvM-sub,g,power,0.952,0.95
B4,04_DAOU/EXPERIMENT/cvm_subsample/results.csv,G6,0.8,CvM-sub,gs,power,0.712,0.71
B4,04_DAOU/EXPERIMENT/ng_suite_B/results.csv,G6,0.8,CopulaCvM,g,power,0.028,0.03
B4,04_DAOU/EXPERIMENT/ng_suite_B/results.csv,G6,0.8,CopulaCvM,gs,power,0.036,0.04
B3,04_DAOU/EXPERIMENT/matmi_baseline/results.csv,D1,0.35,DOMI,gs,power,0.604,0.60
B3,04_DAOU/EXPERIMENT/matmi_baseline/results.csv,D2,0.7,DOMI,gs,power,0.352,0.35
B3,04_DAOU/EXPERIMENT/matmi_baseline/results.csv,D2,0.9,DOMI,gs,power,0.872,0.87
B3,04_DAOU/EXPERIMENT/matmi_baseline_matched_D8/results.csv,D3,0.5,DOMI,gs,power,0.008,0.01
B3,04_DAOU/EXPERIMENT/matmi_baseline_matched_D8/results.csv,D4,0.7,DOMI,gs,power,0.086,0.09
B3,04_DAOU/EXPERIMENT/matmi_baseline_matched_D8/results.csv,D4,0.85,DOMI,gs,power,0.548,0.55
B3,04_DAOU/EXPERIMENT/matmi_baseline/results.csv,M1,2.0,DOMI,gs,detect_rate,0.052,0.05
B3,04_DAOU/EXPERIMENT/matmi_baseline_D16/results.csv,D2,0.7,DOMI,gs,power,0.43,0.43
B3,04_DAOU/EXPERIMENT/matmi_baseline_D16/results.csv,D2,0.9,DOMI,gs,power,0.978,0.98
B3,04_DAOU/EXPERIMENT/matmi_baseline_matched_D16/results.csv,D3,0.5,DOMI,gs,power,0.016,0.02
B3,04_DAOU/EXPERIMENT/matmi_baseline_matched_D16/results.csv,D4,0.7,DOMI,gs,power,0.074,0.07
B3,04_DAOU/EXPERIMENT/matmi_baseline_matched_D16/results.csv,D4,0.85,DOMI,gs,power,0.528,0.53
B3,04_DAOU/EXPERIMENT/matmi_baseline_full_T1a/results.csv,D1,0.35,matmi-a1,gs,power,0.82,0.82
B3,04_DAOU/EXPERIMENT/matmi_baseline_full_T1a/results.csv,D2,0.7,matmi-a1,gs,power,0.578,0.58
B3,04_DAOU/EXPERIMENT/matmi_baseline_full_T1a/results.csv,D2,0.9,matmi-a1,gs,power,0.984,0.98
B3,04_DAOU/EXPERIMENT/matmi_baseline_full_T1b/results.csv,D3,0.5,matmi-a1,gs,power,0.014,0.01
B3,04_DAOU/EXPERIMENT/matmi_baseline_full_T1b/results.csv,D4,0.7,matmi-a1,gs,power,0.118,0.12
B3,04_DAOU/EXPERIMENT/matmi_baseline_full_T1b/results.csv,D4,0.85,matmi-a1,gs,power,0.548,0.55
B3,04_DAOU/EXPERIMENT/matmi_baseline_full_T1a/results.csv,M1,2.0,matmi-a1,gs,detect_rate,0.036,0.04
B3,04_DAOU/EXPERIMENT/matmi_baseline_full_T1a/results.csv,D1,0.35,matmi-r2,gs,power,0.476,0.48
B3,04_DAOU/EXPERIMENT/matmi_baseline_full_T1a/results.csv,D2,0.7,matmi-r2,gs,power,0.62,0.62
B3,04_DAOU/EXPERIMENT/matmi_baseline_full_T1a/results.csv,D2,0.9,matmi-r2,gs,power,0.968,0.97
B3,04_DAOU/EXPERIMENT/matmi_baseline_full_T1b/results.csv,D3,0.5,matmi-r2,gs,power,0.014,0.01
B3,04_DAOU/EXPERIMENT/matmi_baseline_full_T1b/results.csv,D4,0.7,matmi-r2,gs,power,0.12,0.12
B3,04_DAOU/EXPERIMENT/matmi_baseline_full_T1b/results.csv,D4,0.85,matmi-r2,gs,power,0.612,0.61
B3,04_DAOU/EXPERIMENT/matmi_baseline_full_T1a/results.csv,M1,2.0,matmi-r2,gs,detect_rate,0.046,0.05
T5,04_DAOU/EXPERIMENT/scaling/scaling.csv,D2,0.7,primal-D8,n=600,scan_sec,0.14,0.1
T5,04_DAOU/EXPERIMENT/scaling/scaling.csv,D2,0.7,primal-D8,n=1200,scan_sec,0.32,0.3
T5,04_DAOU/EXPERIMENT/scaling/scaling.csv,D2,0.7,primal-D8,n=2400,scan_sec,0.7,0.7
T5,04_DAOU/EXPERIMENT/scaling/scaling.csv,D2,0.7,primal-D8,n=4800,scan_sec,1.46,1.5
T5,04_DAOU/EXPERIMENT/scaling/scaling.csv,D2,0.7,primal-D8,n=9600,scan_sec,2.95,3.0
T5,04_DAOU/EXPERIMENT/scaling/scaling.csv,D2,0.7,primal-D8,n=19200,scan_sec,5.91,5.9
T5,04_DAOU/EXPERIMENT/scaling/scaling.csv,D2,0.7,primal-D16,n=600,scan_sec,2.03,2.0
T5,04_DAOU/EXPERIMENT/scaling/scaling.csv,D2,0.7,primal-D16,n=1200,scan_sec,4.43,4.4
T5,04_DAOU/EXPERIMENT/scaling/scaling.csv,D2,0.7,primal-D16,n=2400,scan_sec,9.06,9.1
T5,04_DAOU/EXPERIMENT/scaling/scaling.csv,D2,0.7,primal-D16,n=4800,scan_sec,18.24,18.2
T5,04_DAOU/EXPERIMENT/scaling/scaling.csv,D2,0.7,primal-D16,n=9600,scan_sec,37.48,37.5
T5,04_DAOU/EXPERIMENT/scaling/scaling.csv,D2,0.7,primal-D16,n=19200,scan_sec,75.98,76.0
T5,04_DAOU/EXPERIMENT/scaling/scaling.csv,D2,0.7,dual-full,n=600,scan_sec,10.78,10.8
T5,04_DAOU/EXPERIMENT/scaling/scaling.csv,D2,0.7,dual-full,n=1200,scan_sec,233.19,233$^{*}$
T5,04_DAOU/EXPERIMENT/scaling/scaling.csv,D2,0.7,dual-full,n=2400,scan_sec,3809.32,"3,809$^{*}$"
T5,04_DAOU/EXPERIMENT/scaling/scaling.csv,D2,0.7,dual-full,n=4800,scan_sec,78510.42,"78,510$^{*}$"
T1c,04_DAOU/EXPERIMENT/e1_matched_null/table1.csv,D1,0.35,DOMI (studentised),as printed,power,0.604,0.60
T1c,04_DAOU/EXPERIMENT/matmi_baseline_full_T1a/results.csv,D1,0.35,matmi-a1,gs,power,0.82,0.82
T1c,04_DAOU/EXPERIMENT/e1_matched_null/table1.csv,D1,0.35,HSIC difference,as printed,power,0.568,0.57
T1c,04_DAOU/EXPERIMENT/e1_matched_null/table1.csv,D1,0.35,Distance correlation,as printed,power,0.598,0.60
T1c,04_DAOU/EXPERIMENT/e1_matched_null/table1.csv,D1,0.35,Spearman difference,as printed,power,0.65,0.65
T1c,04_DAOU/EXPERIMENT/cvm_subsample/results.csv,D1,0.35,CvM-sub,g,power,0.718,0.72
T1c,04_DAOU/EXPERIMENT/e1_matched_null/table1.csv,D2,0.7,DOMI (studentised),as printed,power,0.352,0.35
T1c,04_DAOU/EXPERIMENT/matmi_baseline_full_T1a/results.csv,D2,0.7,matmi-a1,gs,power,0.578,0.58
T1c,04_DAOU/EXPERIMENT/e1_matched_null/table1.csv,D2,0.7,HSIC difference,as printed,power,0.062,0.06
T1c,04_DAOU/EXPERIMENT/e1_matched_null/table1.csv,D2,0.7,Distance correlation,as printed,power,0.012,0.01
T1c,04_DAOU/EXPERIMENT/e1_matched_null/table1.csv,D2,0.7,Spearman difference,as printed,power,0.004,0.00
T1c,04_DAOU/EXPERIMENT/cvm_subsample/results.csv,D2,0.7,CvM-sub,g,power,0.03,0.03
T1c,04_DAOU/EXPERIMENT/e1_matched_null/table1.csv,D2,0.9,DOMI (studentised),as printed,power,0.872,0.87
T1c,04_DAOU/EXPERIMENT/matmi_baseline_full_T1a/results.csv,D2,0.9,matmi-a1,gs,power,0.984,0.98
T1c,04_DAOU/EXPERIMENT/e1_matched_null/table1.csv,D2,0.9,HSIC difference,as printed,power,0.658,0.66
T1c,04_DAOU/EXPERIMENT/e1_matched_null/table1.csv,D2,0.9,Distance correlation,as printed,power,0.066,0.07
T1c,04_DAOU/EXPERIMENT/e1_matched_null/table1.csv,D2,0.9,Spearman difference,as printed,power,0.004,0.00
T1c,04_DAOU/EXPERIMENT/cvm_subsample/results.csv,D2,0.9,CvM-sub,g,power,0.05,0.05
T1c,04_DAOU/EXPERIMENT/e1_matched_null/table1.csv,D3,0.5,DOMI (studentised),as printed,power,0.008,0.01
T1c,04_DAOU/EXPERIMENT/matmi_baseline_full_T1b/results.csv,D3,0.5,matmi-a1,gs,power,0.014,0.01
T1c,04_DAOU/EXPERIMENT/e1_matched_null/table1.csv,D3,0.5,HSIC difference,as printed,power,0.016,0.02
T1c,04_DAOU/EXPERIMENT/e1_matched_null/table1.csv,D3,0.5,Distance correlation,as printed,power,0.01,0.01
T1c,04_DAOU/EXPERIMENT/e1_matched_null/table1.csv,D3,0.5,Spearman difference,as printed,power,0.004,0.00
T1c,04_DAOU/EXPERIMENT/cvm_subsample/results.csv,D3,0.5,CvM-sub,g,power,0.34,0.34
T1c,04_DAOU/EXPERIMENT/e1_matched_null/table1.csv,D4,0.7,DOMI (studentised),as printed,power,0.086,0.09
T1c,04_DAOU/EXPERIMENT/matmi_baseline_full_T1b/results.csv,D4,0.7,matmi-a1,gs,power,0.118,0.12
T1c,04_DAOU/EXPERIMENT/e1_matched_null/table1.csv,D4,0.7,HSIC difference,as printed,power,0.014,0.01
T1c,04_DAOU/EXPERIMENT/e1_matched_null/table1.csv,D4,0.7,Distance correlation,as printed,power,0.012,0.01
T1c,04_DAOU/EXPERIMENT/e1_matched_null/table1.csv,D4,0.7,Spearman difference,as printed,power,0.002,0.00
T1c,04_DAOU/EXPERIMENT/cvm_subsample/results.csv,D4,0.7,CvM-sub,g,power,0.016,0.02
T1c,04_DAOU/EXPERIMENT/e1_matched_null/table1.csv,D4,0.85,DOMI (studentised),as printed,power,0.548,0.55
T1c,04_DAOU/EXPERIMENT/matmi_baseline_full_T1b/results.csv,D4,0.85,matmi-a1,gs,power,0.548,0.55
T1c,04_DAOU/EXPERIMENT/e1_matched_null/table1.csv,D4,0.85,HSIC difference,as printed,power,0.392,0.39
T1c,04_DAOU/EXPERIMENT/e1_matched_null/table1.csv,D4,0.85,Distance correlation,as printed,power,0.238,0.24
T1c,04_DAOU/EXPERIMENT/e1_matched_null/table1.csv,D4,0.85,Spearman difference,as printed,power,0.0,0.00
T1c,04_DAOU/EXPERIMENT/cvm_subsample/results.csv,D4,0.85,CvM-sub,g,power,0.014,0.01
T1c,04_DAOU/EXPERIMENT/e1_matched_null/table1.csv,M1,2.0,DOMI (studentised),as printed,detect_rate,0.052,0.05
T1c,04_DAOU/EXPERIMENT/matmi_baseline_full_T1a/results.csv,M1,2.0,matmi-a1,gs,detect_rate,0.036,0.04
T1c,04_DAOU/EXPERIMENT/e1_matched_null/table1.csv,M1,2.0,HSIC difference,as printed,detect_rate,0.068,0.07
T1c,04_DAOU/EXPERIMENT/e1_matched_null/table1.csv,M1,2.0,Distance correlation,as printed,detect_rate,0.036,0.04
T1c,04_DAOU/EXPERIMENT/e1_matched_null/table1.csv,M1,2.0,Spearman difference,as printed,detect_rate,0.032,0.03
T1c,04_DAOU/EXPERIMENT/cvm_subsample/results.csv,M1,2.0,CvM-sub,g,detect_rate,0.046,0.05
B-jointref,04_DAOU/EXPERIMENT/e1_matched_null/table1.csv,D1,0.35,Joint-state Holevo,as printed,power,0.384,0.38
B-jointref,04_DAOU/EXPERIMENT/e1_matched_null/table1.csv,D2,0.7,Joint-state Holevo,as printed,power,0.088,0.09
B-jointref,04_DAOU/EXPERIMENT/e1_matched_null/table1.csv,D2,0.9,Joint-state Holevo,as printed,power,0.806,0.81
B-jointref,04_DAOU/EXPERIMENT/e1_matched_null/table1.csv,D3,0.5,Joint-state Holevo,as printed,power,0.09,0.09
B-jointref,04_DAOU/EXPERIMENT/e1_matched_null/table1.csv,D4,0.7,Joint-state Holevo,as printed,power,0.22,0.22
B-jointref,04_DAOU/EXPERIMENT/e1_matched_null/table1.csv,D4,0.85,Joint-state Holevo,as printed,power,0.868,0.87
B-jointref,04_DAOU/EXPERIMENT/e1_matched_null/table1.csv,M1,2.0,Joint-state Holevo,as printed,detect_rate,1.0,1.00
B-jointref,04_DAOU/EXPERIMENT/e1_matched_null/table1.csv,D1,0.35,Empirical-copula CvM,as printed,power,0.098,0.10
B-jointref,04_DAOU/EXPERIMENT/e1_matched_null/table1.csv,D2,0.7,Empirical-copula CvM,as printed,power,0.004,0.00
B-jointref,04_DAOU/EXPERIMENT/e1_matched_null/table1.csv,D2,0.9,Empirical-copula CvM,as printed,power,0.016,0.02
B-jointref,04_DAOU/EXPERIMENT/e1_matched_null/table1.csv,D3,0.5,Empirical-copula CvM,as printed,power,0.008,0.01
B-jointref,04_DAOU/EXPERIMENT/e1_matched_null/table1.csv,D4,0.7,Empirical-copula CvM,as printed,power,0.004,0.00
B-jointref,04_DAOU/EXPERIMENT/e1_matched_null/table1.csv,D4,0.85,Empirical-copula CvM,as printed,power,0.004,0.00
B-jointref,04_DAOU/EXPERIMENT/e1_matched_null/table1.csv,M1,2.0,Empirical-copula CvM,as printed,detect_rate,0.808,0.81
B-jointref,04_DAOU/EXPERIMENT/e1_matched_null/table1.csv,D1,0.35,MMD (median bandwidth),as printed,power,0.088,0.09
B-jointref,04_DAOU/EXPERIMENT/e1_matched_null/table1.csv,D2,0.7,MMD (median bandwidth),as printed,power,0.04,0.04
B-jointref,04_DAOU/EXPERIMENT/e1_matched_null/table1.csv,D2,0.9,MMD (median bandwidth),as printed,power,0.342,0.34
B-jointref,04_DAOU/EXPERIMENT/e1_matched_null/table1.csv,D3,0.5,MMD (median bandwidth),as printed,power,0.01,0.01
B-jointref,04_DAOU/EXPERIMENT/e1_matched_null/table1.csv,D4,0.7,MMD (median bandwidth),as printed,power,0.024,0.02
B-jointref,04_DAOU/EXPERIMENT/e1_matched_null/table1.csv,D4,0.85,MMD (median bandwidth),as printed,power,0.132,0.13
B-jointref,04_DAOU/EXPERIMENT/e1_matched_null/table1.csv,M1,2.0,MMD (median bandwidth),as printed,detect_rate,1.0,1.00
B-jointref,04_DAOU/EXPERIMENT/e1_matched_null/table1.csv,D1,0.35,Gaussian likelihood ratio,as printed,power,0.568,0.57
B-jointref,04_DAOU/EXPERIMENT/e1_matched_null/table1.csv,D2,0.7,Gaussian likelihood ratio,as printed,power,0.008,0.01
B-jointref,04_DAOU/EXPERIMENT/e1_matched_null/table1.csv,D2,0.9,Gaussian likelihood ratio,as printed,power,0.024,0.02
B-jointref,04_DAOU/EXPERIMENT/e1_matched_null/table1.csv,D3,0.5,Gaussian likelihood ratio,as printed,power,0.008,0.01
B-jointref,04_DAOU/EXPERIMENT/e1_matched_null/table1.csv,D4,0.7,Gaussian likelihood ratio,as printed,power,0.004,0.00
B-jointref,04_DAOU/EXPERIMENT/e1_matched_null/table1.csv,D4,0.85,Gaussian likelihood ratio,as printed,power,0.002,0.00
B-jointref,04_DAOU/EXPERIMENT/e1_matched_null/table1.csv,M1,2.0,Gaussian likelihood ratio,as printed,detect_rate,1.0,1.00
B7-seg,04_DAOU/EXPERIMENT/mb_location/results.csv,MB,0.9,Holevo-partition,,all3_within_90,0.45,0.450
B7-seg,04_DAOU/EXPERIMENT/seg_baselines/results.csv,null,,Holevo-partition,,any_detection,0.0,0.000
B7-seg,04_DAOU/EXPERIMENT/seg_baselines/results.csv,MB,0.9,Holevo-partition,,k_correct,0.475,0.475
B7-seg,04_DAOU/EXPERIMENT/seg_baselines/results.csv,MB,0.9,Holevo-partition,,hausdorff_median,665.0,665
B7-seg,04_DAOU/EXPERIMENT/seg_baselines/results.csv,MB,0.9,Holevo-partition,,ari_mean,0.6198707372996154,0.62
B7-seg,04_DAOU/EXPERIMENT/seg_baselines/results.csv,MB,0.8,Holevo-partition,,k_correct,0.01,0.010
B7-seg,04_DAOU/EXPERIMENT/seg_baselines/results.csv,M1,1.6,Holevo-partition,,any_detection,0.975,0.975
B7-seg,04_DAOU/EXPERIMENT/mb_location/results.csv,MB,0.9,KCP-raw,,all3_within_90,0.115,0.115
B7-seg,04_DAOU/EXPERIMENT/seg_baselines/results.csv,null,,KCP-raw,,any_detection,0.05,0.050
B7-seg,04_DAOU/EXPERIMENT/seg_baselines/results.csv,MB,0.9,KCP-raw,,k_correct,0.175,0.175
B7-seg,04_DAOU/EXPERIMENT/seg_baselines/results.csv,MB,0.9,KCP-raw,,hausdorff_median,890.0,890
B7-seg,04_DAOU/EXPERIMENT/seg_baselines/results.csv,MB,0.9,KCP-raw,,ari_mean,0.44399965440648687,0.44
B7-seg,04_DAOU/EXPERIMENT/seg_baselines/results.csv,MB,0.8,KCP-raw,,k_correct,0.025,0.025
B7-seg,04_DAOU/EXPERIMENT/seg_baselines/results.csv,M1,1.6,KCP-raw,,any_detection,1.0,1.000
B7-seg,04_DAOU/EXPERIMENT/mb_location/results.csv,MB,0.9,KCP-rank,,all3_within_90,0.015,0.015
B7-seg,04_DAOU/EXPERIMENT/seg_baselines/results.csv,null,,KCP-rank,,any_detection,0.05,0.050
B7-seg,04_DAOU/EXPERIMENT/seg_baselines/results.csv,MB,0.9,KCP-rank,,k_correct,0.03,0.030
B7-seg,04_DAOU/EXPERIMENT/seg_baselines/results.csv,MB,0.9,KCP-rank,,hausdorff_median,900.0,900
B7-seg,04_DAOU/EXPERIMENT/seg_baselines/results.csv,MB,0.9,KCP-rank,,ari_mean,0.33275231473376876,0.33
B7-seg,04_DAOU/EXPERIMENT/seg_baselines/results.csv,MB,0.8,KCP-rank,,k_correct,0.01,0.010
B7-seg,04_DAOU/EXPERIMENT/seg_baselines/results.csv,M1,1.6,KCP-rank,,any_detection,0.69,0.690
B7-seg,04_DAOU/EXPERIMENT/mb_location/results.csv,MB,0.9,edivisive-raw,,all3_within_90,0.0,0.000
B7-seg,04_DAOU/EXPERIMENT/seg_baselines/results.csv,null,,edivisive-raw,,any_detection,0.055,0.055
B7-seg,04_DAOU/EXPERIMENT/seg_baselines/results.csv,MB,0.9,edivisive-raw,,k_correct,0.015,0.015
B7-seg,04_DAOU/EXPERIMENT/seg_baselines/results.csv,MB,0.9,edivisive-raw,,hausdorff_median,1800.0,1800
B7-seg,04_DAOU/EXPERIMENT/seg_baselines/results.csv,MB,0.9,edivisive-raw,,ari_mean,0.07065324559667321,0.07
B7-seg,04_DAOU/EXPERIMENT/seg_baselines/results.csv,MB,0.8,edivisive-raw,,k_correct,0.005,0.005
B7-seg,04_DAOU/EXPERIMENT/seg_baselines/results.csv,M1,1.6,edivisive-raw,,any_detection,0.865,0.865
B7-seg,04_DAOU/EXPERIMENT/mb_location/results.csv,MB,0.9,edivisive-rank,,all3_within_90,0.0,0.000
B7-seg,04_DAOU/EXPERIMENT/seg_baselines/results.csv,null,,edivisive-rank,,any_detection,0.06,0.060
B7-seg,04_DAOU/EXPERIMENT/seg_baselines/results.csv,MB,0.9,edivisive-rank,,k_correct,0.0,0.000
B7-seg,04_DAOU/EXPERIMENT/seg_baselines/results.csv,MB,0.9,edivisive-rank,,hausdorff_median,1800.0,1800
B7-seg,04_DAOU/EXPERIMENT/seg_baselines/results.csv,MB,0.9,edivisive-rank,,ari_mean,0.11802104018271456,0.12
B7-seg,04_DAOU/EXPERIMENT/seg_baselines/results.csv,MB,0.8,edivisive-rank,,k_correct,0.0,0.000
B7-seg,04_DAOU/EXPERIMENT/seg_baselines/results.csv,M1,1.6,edivisive-rank,,any_detection,0.145,0.145
B7-seg,04_DAOU/EXPERIMENT/mb_location/results.csv,MB,0.9,Holevo-partition+DOMI,,all3_within_90,0.45,0.450
B7-seg,04_DAOU/EXPERIMENT/seg_baselines/results.csv,null,,Holevo-partition+DOMI,,any_detection,0.0,0.000
B7-seg,04_DAOU/EXPERIMENT/seg_baselines/results.csv,MB,0.9,Holevo-partition+DOMI,,k_correct,0.47,0.470
B7-seg,04_DAOU/EXPERIMENT/seg_baselines/results.csv,MB,0.9,Holevo-partition+DOMI,,hausdorff_median,665.0,665
B7-seg,04_DAOU/EXPERIMENT/seg_baselines/results.csv,MB,0.9,Holevo-partition+DOMI,,ari_mean,0.6197846308560463,0.62
B7-seg,04_DAOU/EXPERIMENT/seg_baselines/results.csv,MB,0.8,Holevo-partition+DOMI,,k_correct,0.01,0.010
B7-seg,04_DAOU/EXPERIMENT/seg_baselines/results.csv,M1,1.6,Holevo-partition+DOMI,,any_detection,0.13,0.130
B7-seg,04_DAOU/EXPERIMENT/mb_location/results.csv,MB,0.9,KCP-rank+DOMI,,all3_within_90,0.015,0.015
B7-seg,04_DAOU/EXPERIMENT/seg_baselines/results.csv,null,,KCP-rank+DOMI,,any_detection,0.005,0.005
B7-seg,04_DAOU/EXPERIMENT/seg_baselines/results.csv,MB,0.9,KCP-rank+DOMI,,k_correct,0.015,0.015
B7-seg,04_DAOU/EXPERIMENT/seg_baselines/results.csv,MB,0.9,KCP-rank+DOMI,,hausdorff_median,900.0,900
B7-seg,04_DAOU/EXPERIMENT/seg_baselines/results.csv,MB,0.9,KCP-rank+DOMI,,ari_mean,0.3239805177910941,0.32
B7-seg,04_DAOU/EXPERIMENT/seg_baselines/results.csv,MB,0.8,KCP-rank+DOMI,,k_correct,0.0,0.000
B7-seg,04_DAOU/EXPERIMENT/seg_baselines/results.csv,M1,1.6,KCP-rank+DOMI,,any_detection,0.09,0.090
B7-seg,04_DAOU/EXPERIMENT/mb_location/results.csv,MB,0.9,edivisive-rank+DOMI,,all3_within_90,0.0,0.000
B7-seg,04_DAOU/EXPERIMENT/seg_baselines/results.csv,null,,edivisive-rank+DOMI,,any_detection,0.005,0.005
B7-seg,04_DAOU/EXPERIMENT/seg_baselines/results.csv,MB,0.9,edivisive-rank+DOMI,,k_correct,0.005,0.005
B7-seg,04_DAOU/EXPERIMENT/seg_baselines/results.csv,MB,0.9,edivisive-rank+DOMI,,hausdorff_median,1800.0,1800
B7-seg,04_DAOU/EXPERIMENT/seg_baselines/results.csv,MB,0.9,edivisive-rank+DOMI,,ari_mean,0.11579932028358918,0.12
B7-seg,04_DAOU/EXPERIMENT/seg_baselines/results.csv,MB,0.8,edivisive-rank+DOMI,,k_correct,0.0,0.000
B7-seg,04_DAOU/EXPERIMENT/seg_baselines/results.csv,M1,1.6,edivisive-rank+DOMI,,any_detection,0.02,0.020
B-bmctc,04_DAOU/EXPERIMENT/bmctc/results.csv,S1_r0.35,,BMCTC-a1.01,raw,power_localised,0.114,0.11
B-bmctc,04_DAOU/EXPERIMENT/bmctc/results.csv,S1_r0.35,,BMCTC-a1.01,studentised,power_localised,0.166,0.17
B-bmctc,04_DAOU/EXPERIMENT/bmctc/results.csv,S1_r0.35,,BMCTC-a2,raw,power_localised,0.08,0.08
B-bmctc,04_DAOU/EXPERIMENT/bmctc/results.csv,S1_r0.35,,BMCTC-a1.01,BG-rule,detect_rate,1.0,1.00
B-bmctc,04_DAOU/EXPERIMENT/bmctc/results.csv,S2_a0.7,,BMCTC-a1.01,raw,power_localised,0.222,0.22
B-bmctc,04_DAOU/EXPERIMENT/bmctc/results.csv,S2_a0.7,,BMCTC-a1.01,studentised,power_localised,0.24,0.24
B-bmctc,04_DAOU/EXPERIMENT/bmctc/results.csv,S2_a0.7,,BMCTC-a2,raw,power_localised,0.262,0.26
B-bmctc,04_DAOU/EXPERIMENT/bmctc/results.csv,S2_a0.7,,BMCTC-a1.01,BG-rule,detect_rate,1.0,1.00
B-bmctc,04_DAOU/EXPERIMENT/bmctc/results.csv,S2_a0.9,,BMCTC-a1.01,raw,power_localised,0.672,0.67
B-bmctc,04_DAOU/EXPERIMENT/bmctc/results.csv,S2_a0.9,,BMCTC-a1.01,studentised,power_localised,0.714,0.71
B-bmctc,04_DAOU/EXPERIMENT/bmctc/results.csv,S2_a0.9,,BMCTC-a2,raw,power_localised,0.694,0.69
B-bmctc,04_DAOU/EXPERIMENT/bmctc/results.csv,S2_a0.9,,BMCTC-a1.01,BG-rule,detect_rate,1.0,1.00
B-bmctc,04_DAOU/EXPERIMENT/bmctc/results.csv,S3_tau0.5,,BMCTC-a1.01,raw,power_localised,0.024,0.02
B-bmctc,04_DAOU/EXPERIMENT/bmctc/results.csv,S3_tau0.5,,BMCTC-a1.01,studentised,power_localised,0.02,0.02
B-bmctc,04_DAOU/EXPERIMENT/bmctc/results.csv,S3_tau0.5,,BMCTC-a2,raw,power_localised,0.018,0.02
B-bmctc,04_DAOU/EXPERIMENT/bmctc/results.csv,S3_tau0.5,,BMCTC-a1.01,BG-rule,detect_rate,1.0,1.00
B-bmctc,04_DAOU/EXPERIMENT/bmctc/results.csv,S4_r0.7,,BMCTC-a1.01,raw,power_localised,0.33,0.33
B-bmctc,04_DAOU/EXPERIMENT/bmctc/results.csv,S4_r0.7,,BMCTC-a1.01,studentised,power_localised,0.232,0.23
B-bmctc,04_DAOU/EXPERIMENT/bmctc/results.csv,S4_r0.7,,BMCTC-a2,raw,power_localised,0.574,0.57
B-bmctc,04_DAOU/EXPERIMENT/bmctc/results.csv,S4_r0.7,,BMCTC-a1.01,BG-rule,detect_rate,1.0,1.00
B-bmctc,04_DAOU/EXPERIMENT/bmctc/results.csv,S4_r0.85,,BMCTC-a1.01,raw,power_localised,0.86,0.86
B-bmctc,04_DAOU/EXPERIMENT/bmctc/results.csv,S4_r0.85,,BMCTC-a1.01,studentised,power_localised,0.798,0.80
B-bmctc,04_DAOU/EXPERIMENT/bmctc/results.csv,S4_r0.85,,BMCTC-a2,raw,power_localised,0.94,0.94
B-bmctc,04_DAOU/EXPERIMENT/bmctc/results.csv,S4_r0.85,,BMCTC-a1.01,BG-rule,detect_rate,1.0,1.00
B-bmctc,04_DAOU/EXPERIMENT/bmctc/results.csv,G1_nu2,,BMCTC-a1.01,raw,power_localised,0.276,0.28
B-bmctc,04_DAOU/EXPERIMENT/bmctc/results.csv,G1_nu2,,BMCTC-a1.01,studentised,power_localised,0.214,0.21
B-bmctc,04_DAOU/EXPERIMENT/bmctc/results.csv,G1_nu2,,BMCTC-a2,raw,power_localised,0.394,0.39
B-bmctc,04_DAOU/EXPERIMENT/bmctc/results.csv,G1_nu2,,BMCTC-a1.01,BG-rule,detect_rate,1.0,1.00
B-bmctc,04_DAOU/EXPERIMENT/bmctc/results.csv,G2_tau0.2,,BMCTC-a1.01,raw,power_localised,0.126,0.13
B-bmctc,04_DAOU/EXPERIMENT/bmctc/results.csv,G2_tau0.2,,BMCTC-a1.01,studentised,power_localised,0.1,0.10
B-bmctc,04_DAOU/EXPERIMENT/bmctc/results.csv,G2_tau0.2,,BMCTC-a2,raw,power_localised,0.13,0.13
B-bmctc,04_DAOU/EXPERIMENT/bmctc/results.csv,G2_tau0.2,,BMCTC-a1.01,BG-rule,detect_rate,1.0,1.00
B-bmctc,04_DAOU/EXPERIMENT/bmctc/results.csv,G4_a0.5,,BMCTC-a1.01,raw,power_localised,0.262,0.26
B-bmctc,04_DAOU/EXPERIMENT/bmctc/results.csv,G4_a0.5,,BMCTC-a1.01,studentised,power_localised,0.256,0.26
B-bmctc,04_DAOU/EXPERIMENT/bmctc/results.csv,G4_a0.5,,BMCTC-a2,raw,power_localised,0.248,0.25
B-bmctc,04_DAOU/EXPERIMENT/bmctc/results.csv,G4_a0.5,,BMCTC-a1.01,BG-rule,detect_rate,1.0,1.00
B-bmctc,04_DAOU/EXPERIMENT/bmctc/results.csv,G6_b0.3,,BMCTC-a1.01,raw,power_localised,0.058,0.06
B-bmctc,04_DAOU/EXPERIMENT/bmctc/results.csv,G6_b0.3,,BMCTC-a1.01,studentised,power_localised,0.05,0.05
B-bmctc,04_DAOU/EXPERIMENT/bmctc/results.csv,G6_b0.3,,BMCTC-a2,raw,power_localised,0.036,0.04
B-bmctc,04_DAOU/EXPERIMENT/bmctc/results.csv,G6_b0.3,,BMCTC-a1.01,BG-rule,detect_rate,1.0,1.00
B-bmctc,04_DAOU/EXPERIMENT/bmctc/results.csv,G6_b0.5,,BMCTC-a1.01,raw,power_localised,0.402,0.40
B-bmctc,04_DAOU/EXPERIMENT/bmctc/results.csv,G6_b0.5,,BMCTC-a1.01,studentised,power_localised,0.382,0.38
B-bmctc,04_DAOU/EXPERIMENT/bmctc/results.csv,G6_b0.5,,BMCTC-a2,raw,power_localised,0.224,0.22
B-bmctc,04_DAOU/EXPERIMENT/bmctc/results.csv,G6_b0.5,,BMCTC-a1.01,BG-rule,detect_rate,1.0,1.00
B-bmctc,04_DAOU/EXPERIMENT/bmctc/results.csv,M1_s2,,BMCTC-a1.01,raw,detect_rate,0.056,0.06
B-bmctc,04_DAOU/EXPERIMENT/bmctc/results.csv,M1_s2,,BMCTC-a1.01,studentised,detect_rate,0.072,0.07
B-bmctc,04_DAOU/EXPERIMENT/bmctc/results.csv,M1_s2,,BMCTC-a2,raw,detect_rate,0.054,0.05
B-bmctc,04_DAOU/EXPERIMENT/bmctc/results.csv,M1_s2,,BMCTC-a1.01,BG-rule,detect_rate,1.0,1.00
B10-detect,04_DAOU/EXPERIMENT/detect_rates/table1_detect.csv,D1,0.35,DOMI,gs,detect_rate,0.988,0.99
B10-detect,04_DAOU/EXPERIMENT/detect_rates/table1_detect.csv,D1,0.35,Gram,gs,detect_rate,0.992,0.99
B10-detect,04_DAOU/EXPERIMENT/detect_rates/table1_detect.csv,D1,0.35,HSIC,gs,detect_rate,0.99,0.99
B10-detect,04_DAOU/EXPERIMENT/detect_rates/table1_detect.csv,D1,0.35,dCor,gs,detect_rate,0.996,1.00
B10-detect,04_DAOU/EXPERIMENT/detect_rates/table1_detect.csv,D1,0.35,Spearman,g,detect_rate,0.936,0.94
B10-detect,04_DAOU/EXPERIMENT/cvm_subsample/results.csv,D1,0.35,CvM-sub,g,detect_rate,0.962,0.96
B10-detect,04_DAOU/EXPERIMENT/detect_rates/table1_detect.csv,D2,0.7,DOMI,gs,detect_rate,0.584,0.58
B10-detect,04_DAOU/EXPERIMENT/detect_rates/table1_detect.csv,D2,0.7,Gram,gs,detect_rate,0.728,0.73
B10-detect,04_DAOU/EXPERIMENT/detect_rates/table1_detect.csv,D2,0.7,HSIC,gs,detect_rate,0.164,0.16
B10-detect,04_DAOU/EXPERIMENT/detect_rates/table1_detect.csv,D2,0.7,dCor,gs,detect_rate,0.09,0.09
B10-detect,04_DAOU/EXPERIMENT/detect_rates/table1_detect.csv,D2,0.7,Spearman,g,detect_rate,0.118,0.12
B10-detect,04_DAOU/EXPERIMENT/cvm_subsample/results.csv,D2,0.7,CvM-sub,g,detect_rate,0.128,0.13
B10-detect,04_DAOU/EXPERIMENT/detect_rates/table1_detect.csv,D2,0.9,DOMI,gs,detect_rate,1.0,1.00
B10-detect,04_DAOU/EXPERIMENT/detect_rates/table1_detect.csv,D2,0.9,Gram,gs,detect_rate,1.0,1.00
B10-detect,04_DAOU/EXPERIMENT/detect_rates/table1_detect.csv,D2,0.9,HSIC,gs,detect_rate,0.896,0.90
B10-detect,04_DAOU/EXPERIMENT/detect_rates/table1_detect.csv,D2,0.9,dCor,gs,detect_rate,0.184,0.18
B10-detect,04_DAOU/EXPERIMENT/detect_rates/table1_detect.csv,D2,0.9,Spearman,g,detect_rate,0.124,0.12
B10-detect,04_DAOU/EXPERIMENT/cvm_subsample/results.csv,D2,0.9,CvM-sub,g,detect_rate,0.186,0.19
B10-detect,04_DAOU/EXPERIMENT/detect_rates/table1_detect.csv,D3,0.5,DOMI,gs,detect_rate,0.092,0.09
B10-detect,04_DAOU/EXPERIMENT/detect_rates/table1_detect.csv,D3,0.5,Gram,gs,detect_rate,0.108,0.11
B10-detect,04_DAOU/EXPERIMENT/detect_rates/table1_detect.csv,D3,0.5,HSIC,gs,detect_rate,0.148,0.15
B10-detect,04_DAOU/EXPERIMENT/detect_rates/table1_detect.csv,D3,0.5,dCor,gs,detect_rate,0.064,0.06
B10-detect,04_DAOU/EXPERIMENT/detect_rates/table1_detect.csv,D3,0.5,Spearman,g,detect_rate,0.056,0.06
B10-detect,04_DAOU/EXPERIMENT/cvm_subsample/results.csv,D3,0.5,CvM-sub,g,detect_rate,0.516,0.52
B10-detect,04_DAOU/EXPERIMENT/detect_rates/table1_detect.csv,D4,0.7,DOMI,gs,detect_rate,0.358,0.36
B10-detect,04_DAOU/EXPERIMENT/detect_rates/table1_detect.csv,D4,0.7,Gram,gs,detect_rate,0.448,0.45
B10-detect,04_DAOU/EXPERIMENT/detect_rates/table1_detect.csv,D4,0.7,HSIC,gs,detect_rate,0.14,0.14
B10-detect,04_DAOU/EXPERIMENT/detect_rates/table1_detect.csv,D4,0.7,dCor,gs,detect_rate,0.1,0.10
B10-detect,04_DAOU/EXPERIMENT/detect_rates/table1_detect.csv,D4,0.7,Spearman,g,detect_rate,0.026,0.03
B10-detect,04_DAOU/EXPERIMENT/cvm_subsample/results.csv,D4,0.7,CvM-sub,g,detect_rate,0.024,0.02
B10-detect,04_DAOU/EXPERIMENT/detect_rates/table1_detect.csv,D4,0.85,DOMI,gs,detect_rate,0.992,0.99
B10-detect,04_DAOU/EXPERIMENT/detect_rates/table1_detect.csv,D4,0.85,Gram,gs,detect_rate,1.0,1.00
B10-detect,04_DAOU/EXPERIMENT/detect_rates/table1_detect.csv,D4,0.85,HSIC,gs,detect_rate,0.7,0.70
B10-detect,04_DAOU/EXPERIMENT/detect_rates/table1_detect.csv,D4,0.85,dCor,gs,detect_rate,0.56,0.56
B10-detect,04_DAOU/EXPERIMENT/detect_rates/table1_detect.csv,D4,0.85,Spearman,g,detect_rate,0.022,0.02
B10-detect,04_DAOU/EXPERIMENT/cvm_subsample/results.csv,D4,0.85,CvM-sub,g,detect_rate,0.04,0.04
B10-detect,04_DAOU/EXPERIMENT/detect_rates/table1_detect.csv,M1,2.0,DOMI,gs,detect_rate,0.052,0.05
B10-detect,04_DAOU/EXPERIMENT/detect_rates/table1_detect.csv,M1,2.0,Gram,gs,detect_rate,0.036,0.04
B10-detect,04_DAOU/EXPERIMENT/detect_rates/table1_detect.csv,M1,2.0,HSIC,gs,detect_rate,0.068,0.07
B10-detect,04_DAOU/EXPERIMENT/detect_rates/table1_detect.csv,M1,2.0,dCor,gs,detect_rate,0.036,0.04
B10-detect,04_DAOU/EXPERIMENT/detect_rates/table1_detect.csv,M1,2.0,Spearman,g,detect_rate,0.032,0.03
B10-detect,04_DAOU/EXPERIMENT/cvm_subsample/results.csv,M1,2.0,CvM-sub,g,detect_rate,0.046,0.05
B10-detect,04_DAOU/EXPERIMENT/detect_rates/table1_detect.csv,G1,8.0,DOMI,gs,detect_rate,0.04,0.04
B10-detect,04_DAOU/EXPERIMENT/detect_rates/table1_detect.csv,G1,8.0,Gram,gs,detect_rate,0.062,0.06
B10-detect,04_DAOU/EXPERIMENT/detect_rates/table1_detect.csv,G1,8.0,HSIC,gs,detect_rate,0.036,0.04
B10-detect,04_DAOU/EXPERIMENT/detect_rates/table1_detect.csv,G1,8.0,dCor,gs,detect_rate,0.04,0.04
B10-detect,04_DAOU/EXPERIMENT/detect_rates/table1_detect.csv,G1,8.0,Spearman,g,detect_rate,0.046,0.05
B10-detect,04_DAOU/EXPERIMENT/cvm_subsample/results.csv,G1,8.0,CvM-sub,g,detect_rate,0.034,0.03
B10-detect,04_DAOU/EXPERIMENT/detect_rates/table1_detect.csv,G1,4.0,DOMI,gs,detect_rate,0.118,0.12
B10-detect,04_DAOU/EXPERIMENT/detect_rates/table1_detect.csv,G1,4.0,Gram,gs,detect_rate,0.202,0.20
B10-detect,04_DAOU/EXPERIMENT/detect_rates/table1_detect.csv,G1,4.0,HSIC,gs,detect_rate,0.036,0.04
B10-detect,04_DAOU/EXPERIMENT/detect_rates/table1_detect.csv,G1,4.0,dCor,gs,detect_rate,0.042,0.04
B10-detect,04_DAOU/EXPERIMENT/detect_rates/table1_detect.csv,G1,4.0,Spearman,g,detect_rate,0.05,0.05
B10-detect,04_DAOU/EXPERIMENT/cvm_subsample/results.csv,G1,4.0,CvM-sub,g,detect_rate,0.054,0.05
B10-detect,04_DAOU/EXPERIMENT/detect_rates/table1_detect.csv,G1,2.0,DOMI,gs,detect_rate,0.704,0.70
B10-detect,04_DAOU/EXPERIMENT/detect_rates/table1_detect.csv,G1,2.0,Gram,gs,detect_rate,0.86,0.86
B10-detect,04_DAOU/EXPERIMENT/detect_rates/table1_detect.csv,G1,2.0,HSIC,gs,detect_rate,0.204,0.20
B10-detect,04_DAOU/EXPERIMENT/detect_rates/table1_detect.csv,G1,2.0,dCor,gs,detect_rate,0.088,0.09
B10-detect,04_DAOU/EXPERIMENT/detect_rates/table1_detect.csv,G1,2.0,Spearman,g,detect_rate,0.076,0.08
B10-detect,04_DAOU/EXPERIMENT/cvm_subsample/results.csv,G1,2.0,CvM-sub,g,detect_rate,0.084,0.08
B10-detect,04_DAOU/EXPERIMENT/detect_rates/table1_detect.csv,G2,0.2,DOMI,gs,detect_rate,0.98,0.98
B10-detect,04_DAOU/EXPERIMENT/detect_rates/table1_detect.csv,G2,0.2,Gram,gs,detect_rate,0.972,0.97
B10-detect,04_DAOU/EXPERIMENT/detect_rates/table1_detect.csv,G2,0.2,HSIC,gs,detect_rate,0.936,0.94
B10-detect,04_DAOU/EXPERIMENT/detect_rates/table1_detect.csv,G2,0.2,dCor,gs,detect_rate,0.972,0.97
B10-detect,04_DAOU/EXPERIMENT/detect_rates/table1_detect.csv,G2,0.2,Spearman,g,detect_rate,0.81,0.81
B10-detect,04_DAOU/EXPERIMENT/cvm_subsample/results.csv,G2,0.2,CvM-sub,g,detect_rate,0.892,0.89
B10-detect,04_DAOU/EXPERIMENT/detect_rates/table1_detect.csv,G2,0.35,DOMI,gs,detect_rate,1.0,1.00
B10-detect,04_DAOU/EXPERIMENT/detect_rates/table1_detect.csv,G2,0.35,Gram,gs,detect_rate,1.0,1.00
B10-detect,04_DAOU/EXPERIMENT/detect_rates/table1_detect.csv,G2,0.35,HSIC,gs,detect_rate,1.0,1.00
B10-detect,04_DAOU/EXPERIMENT/detect_rates/table1_detect.csv,G2,0.35,dCor,gs,detect_rate,1.0,1.00
B10-detect,04_DAOU/EXPERIMENT/detect_rates/table1_detect.csv,G2,0.35,Spearman,g,detect_rate,1.0,1.00
B10-detect,04_DAOU/EXPERIMENT/cvm_subsample/results.csv,G2,0.35,CvM-sub,g,detect_rate,1.0,1.00
B10-detect,04_DAOU/EXPERIMENT/detect_rates/table1_detect.csv,G2,0.5,DOMI,gs,detect_rate,1.0,1.00
B10-detect,04_DAOU/EXPERIMENT/detect_rates/table1_detect.csv,G2,0.5,Gram,gs,detect_rate,1.0,1.00
B10-detect,04_DAOU/EXPERIMENT/detect_rates/table1_detect.csv,G2,0.5,HSIC,gs,detect_rate,1.0,1.00
B10-detect,04_DAOU/EXPERIMENT/detect_rates/table1_detect.csv,G2,0.5,dCor,gs,detect_rate,1.0,1.00
B10-detect,04_DAOU/EXPERIMENT/detect_rates/table1_detect.csv,G2,0.5,Spearman,g,detect_rate,1.0,1.00
B10-detect,04_DAOU/EXPERIMENT/cvm_subsample/results.csv,G2,0.5,CvM-sub,g,detect_rate,1.0,1.00
B10-detect,04_DAOU/EXPERIMENT/detect_rates/table1_detect.csv,G3,0.2,DOMI,gs,detect_rate,0.97,0.97
B10-detect,04_DAOU/EXPERIMENT/detect_rates/table1_detect.csv,G3,0.2,Gram,gs,detect_rate,0.98,0.98
B10-detect,04_DAOU/EXPERIMENT/detect_rates/table1_detect.csv,G3,0.2,HSIC,gs,detect_rate,0.972,0.97
B10-detect,04_DAOU/EXPERIMENT/detect_rates/table1_detect.csv,G3,0.2,dCor,gs,detect_rate,0.984,0.98
B10-detect,04_DAOU/EXPERIMENT/detect_rates/table1_detect.csv,G3,0.2,Spearman,g,detect_rate,0.85,0.85
B10-detect,04_DAOU/EXPERIMENT/cvm_subsample/results.csv,G3,0.2,CvM-sub,g,detect_rate,0.896,0.90
B10-detect,04_DAOU/EXPERIMENT/detect_rates/table1_detect.csv,G3,0.35,DOMI,gs,detect_rate,1.0,1.00
B10-detect,04_DAOU/EXPERIMENT/detect_rates/table1_detect.csv,G3,0.35,Gram,gs,detect_rate,1.0,1.00
B10-detect,04_DAOU/EXPERIMENT/detect_rates/table1_detect.csv,G3,0.35,HSIC,gs,detect_rate,1.0,1.00
B10-detect,04_DAOU/EXPERIMENT/detect_rates/table1_detect.csv,G3,0.35,dCor,gs,detect_rate,1.0,1.00
B10-detect,04_DAOU/EXPERIMENT/detect_rates/table1_detect.csv,G3,0.35,Spearman,g,detect_rate,1.0,1.00
B10-detect,04_DAOU/EXPERIMENT/cvm_subsample/results.csv,G3,0.35,CvM-sub,g,detect_rate,1.0,1.00
B10-detect,04_DAOU/EXPERIMENT/detect_rates/table1_detect.csv,G3,0.5,DOMI,gs,detect_rate,1.0,1.00
B10-detect,04_DAOU/EXPERIMENT/detect_rates/table1_detect.csv,G3,0.5,Gram,gs,detect_rate,1.0,1.00
B10-detect,04_DAOU/EXPERIMENT/detect_rates/table1_detect.csv,G3,0.5,HSIC,gs,detect_rate,1.0,1.00
B10-detect,04_DAOU/EXPERIMENT/detect_rates/table1_detect.csv,G3,0.5,dCor,gs,detect_rate,1.0,1.00
B10-detect,04_DAOU/EXPERIMENT/detect_rates/table1_detect.csv,G3,0.5,Spearman,g,detect_rate,1.0,1.00
B10-detect,04_DAOU/EXPERIMENT/cvm_subsample/results.csv,G3,0.5,CvM-sub,g,detect_rate,1.0,1.00
B10-detect,04_DAOU/EXPERIMENT/detect_rates/table1_detect.csv,G4,0.5,DOMI,gs,detect_rate,0.998,1.00
B10-detect,04_DAOU/EXPERIMENT/detect_rates/table1_detect.csv,G4,0.5,Gram,gs,detect_rate,1.0,1.00
B10-detect,04_DAOU/EXPERIMENT/detect_rates/table1_detect.csv,G4,0.5,HSIC,gs,detect_rate,0.972,0.97
B10-detect,04_DAOU/EXPERIMENT/detect_rates/table1_detect.csv,G4,0.5,dCor,gs,detect_rate,0.742,0.74
B10-detect,04_DAOU/EXPERIMENT/detect_rates/table1_detect.csv,G4,0.5,Spearman,g,detect_rate,0.056,0.06
B10-detect,04_DAOU/EXPERIMENT/cvm_subsample/results.csv,G4,0.5,CvM-sub,g,detect_rate,0.536,0.54
B10-detect,04_DAOU/EXPERIMENT/detect_rates/table1_detect.csv,G4,0.7,DOMI,gs,detect_rate,1.0,1.00
B10-detect,04_DAOU/EXPERIMENT/detect_rates/table1_detect.csv,G4,0.7,Gram,gs,detect_rate,1.0,1.00
B10-detect,04_DAOU/EXPERIMENT/detect_rates/table1_detect.csv,G4,0.7,HSIC,gs,detect_rate,1.0,1.00
B10-detect,04_DAOU/EXPERIMENT/detect_rates/table1_detect.csv,G4,0.7,dCor,gs,detect_rate,0.992,0.99
B10-detect,04_DAOU/EXPERIMENT/detect_rates/table1_detect.csv,G4,0.7,Spearman,g,detect_rate,0.084,0.08
B10-detect,04_DAOU/EXPERIMENT/cvm_subsample/results.csv,G4,0.7,CvM-sub,g,detect_rate,0.978,0.98
B10-detect,04_DAOU/EXPERIMENT/detect_rates/table1_detect.csv,G4,0.9,DOMI,gs,detect_rate,1.0,1.00
B10-detect,04_DAOU/EXPERIMENT/detect_rates/table1_detect.csv,G4,0.9,Gram,gs,detect_rate,1.0,1.00
B10-detect,04_DAOU/EXPERIMENT/detect_rates/table1_detect.csv,G4,0.9,HSIC,gs,detect_rate,1.0,1.00
B10-detect,04_DAOU/EXPERIMENT/detect_rates/table1_detect.csv,G4,0.9,dCor,gs,detect_rate,1.0,1.00
B10-detect,04_DAOU/EXPERIMENT/detect_rates/table1_detect.csv,G4,0.9,Spearman,g,detect_rate,0.092,0.09
B10-detect,04_DAOU/EXPERIMENT/cvm_subsample/results.csv,G4,0.9,CvM-sub,g,detect_rate,1.0,1.00
B10-detect,04_DAOU/EXPERIMENT/detect_rates/table1_detect.csv,G5,0.5,DOMI,gs,detect_rate,0.992,0.99
B10-detect,04_DAOU/EXPERIMENT/detect_rates/table1_detect.csv,G5,0.5,Gram,gs,detect_rate,1.0,1.00
B10-detect,04_DAOU/EXPERIMENT/detect_rates/table1_detect.csv,G5,0.5,HSIC,gs,detect_rate,0.914,0.91
B10-detect,04_DAOU/EXPERIMENT/detect_rates/table1_detect.csv,G5,0.5,dCor,gs,detect_rate,0.614,0.61
B10-detect,04_DAOU/EXPERIMENT/detect_rates/table1_detect.csv,G5,0.5,Spearman,g,detect_rate,0.052,0.05
B10-detect,04_DAOU/EXPERIMENT/cvm_subsample/results.csv,G5,0.5,CvM-sub,g,detect_rate,0.386,0.39
B10-detect,04_DAOU/EXPERIMENT/detect_rates/table1_detect.csv,G5,0.7,DOMI,gs,detect_rate,1.0,1.00
B10-detect,04_DAOU/EXPERIMENT/detect_rates/table1_detect.csv,G5,0.7,Gram,gs,detect_rate,1.0,1.00
B10-detect,04_DAOU/EXPERIMENT/detect_rates/table1_detect.csv,G5,0.7,HSIC,gs,detect_rate,1.0,1.00
B10-detect,04_DAOU/EXPERIMENT/detect_rates/table1_detect.csv,G5,0.7,dCor,gs,detect_rate,0.98,0.98
B10-detect,04_DAOU/EXPERIMENT/detect_rates/table1_detect.csv,G5,0.7,Spearman,g,detect_rate,0.068,0.07
B10-detect,04_DAOU/EXPERIMENT/cvm_subsample/results.csv,G5,0.7,CvM-sub,g,detect_rate,0.956,0.96
B10-detect,04_DAOU/EXPERIMENT/detect_rates/table1_detect.csv,G5,0.9,DOMI,gs,detect_rate,1.0,1.00
B10-detect,04_DAOU/EXPERIMENT/detect_rates/table1_detect.csv,G5,0.9,Gram,gs,detect_rate,1.0,1.00
B10-detect,04_DAOU/EXPERIMENT/detect_rates/table1_detect.csv,G5,0.9,HSIC,gs,detect_rate,1.0,1.00
B10-detect,04_DAOU/EXPERIMENT/detect_rates/table1_detect.csv,G5,0.9,dCor,gs,detect_rate,1.0,1.00
B10-detect,04_DAOU/EXPERIMENT/detect_rates/table1_detect.csv,G5,0.9,Spearman,g,detect_rate,0.056,0.06
B10-detect,04_DAOU/EXPERIMENT/cvm_subsample/results.csv,G5,0.9,CvM-sub,g,detect_rate,1.0,1.00
B10-detect,04_DAOU/EXPERIMENT/detect_rates/table1_detect.csv,G6,0.3,DOMI,gs,detect_rate,0.848,0.85
B10-detect,04_DAOU/EXPERIMENT/detect_rates/table1_detect.csv,G6,0.3,Gram,gs,detect_rate,0.922,0.92
B10-detect,04_DAOU/EXPERIMENT/detect_rates/table1_detect.csv,G6,0.3,HSIC,gs,detect_rate,0.424,0.42
B10-detect,04_DAOU/EXPERIMENT/detect_rates/table1_detect.csv,G6,0.3,dCor,gs,detect_rate,0.364,0.36
B10-detect,04_DAOU/EXPERIMENT/detect_rates/table1_detect.csv,G6,0.3,Spearman,g,detect_rate,0.062,0.06
B10-detect,04_DAOU/EXPERIMENT/cvm_subsample/results.csv,G6,0.3,CvM-sub,g,detect_rate,0.19,0.19
B10-detect,04_DAOU/EXPERIMENT/detect_rates/table1_detect.csv,G6,0.5,DOMI,gs,detect_rate,1.0,1.00
B10-detect,04_DAOU/EXPERIMENT/detect_rates/table1_detect.csv,G6,0.5,Gram,gs,detect_rate,1.0,1.00
B10-detect,04_DAOU/EXPERIMENT/detect_rates/table1_detect.csv,G6,0.5,HSIC,gs,detect_rate,0.992,0.99
B10-detect,04_DAOU/EXPERIMENT/detect_rates/table1_detect.csv,G6,0.5,dCor,gs,detect_rate,0.952,0.95
B10-detect,04_DAOU/EXPERIMENT/detect_rates/table1_detect.csv,G6,0.5,Spearman,g,detect_rate,0.074,0.07
B10-detect,04_DAOU/EXPERIMENT/cvm_subsample/results.csv,G6,0.5,CvM-sub,g,detect_rate,0.738,0.74
B10-detect,04_DAOU/EXPERIMENT/detect_rates/table1_detect.csv,G6,0.8,DOMI,gs,detect_rate,1.0,1.00
B10-detect,04_DAOU/EXPERIMENT/detect_rates/table1_detect.csv,G6,0.8,Gram,gs,detect_rate,1.0,1.00
B10-detect,04_DAOU/EXPERIMENT/detect_rates/table1_detect.csv,G6,0.8,HSIC,gs,detect_rate,1.0,1.00
B10-detect,04_DAOU/EXPERIMENT/detect_rates/table1_detect.csv,G6,0.8,dCor,gs,detect_rate,1.0,1.00
B10-detect,04_DAOU/EXPERIMENT/detect_rates/table1_detect.csv,G6,0.8,Spearman,g,detect_rate,0.068,0.07
B10-detect,04_DAOU/EXPERIMENT/cvm_subsample/results.csv,G6,0.8,CvM-sub,g,detect_rate,0.998,1.00
B11-perm,04_DAOU/EXPERIMENT/perm_compare/results.csv,null_S2,,DOMI-diff,stud,reject_rate,0.065,0.065
B11-perm,04_DAOU/EXPERIMENT/perm_compare/results.csv,null_S2,,Gram-a1,stud,reject_rate,0.06,0.060
B11-perm,04_DAOU/EXPERIMENT/perm_compare/results.csv,null_S2,,HSIC-diff,stud,reject_rate,0.06,0.060
B11-perm,04_DAOU/EXPERIMENT/perm_compare/results.csv,null_S2,,dCor-diff,stud,reject_rate,0.06,0.060
B11-perm,04_DAOU/EXPERIMENT/perm_compare/results.csv,null_S2,,Spearman-diff,raw,reject_rate,0.05,0.050
B11-perm,04_DAOU/EXPERIMENT/perm_compare/results.csv,null_S2,,CvM-sub,raw,reject_rate,0.04,0.040
B11-perm,04_DAOU/EXPERIMENT/perm_compare/results.csv,null_S2,,CopulaCvM,raw,reject_rate,0.03,0.030
B11-perm,04_DAOU/EXPERIMENT/perm_compare/results.csv,null_S3gauss,,DOMI-diff,stud,reject_rate,0.045,0.045
B11-perm,04_DAOU/EXPERIMENT/perm_compare/results.csv,null_S3gauss,,Gram-a1,stud,reject_rate,0.05,0.050
B11-perm,04_DAOU/EXPERIMENT/perm_compare/results.csv,null_S3gauss,,HSIC-diff,stud,reject_rate,0.055,0.055
B11-perm,04_DAOU/EXPERIMENT/perm_compare/results.csv,null_S3gauss,,dCor-diff,stud,reject_rate,0.03,0.030
B11-perm,04_DAOU/EXPERIMENT/perm_compare/results.csv,null_S3gauss,,Spearman-diff,raw,reject_rate,0.05,0.050
B11-perm,04_DAOU/EXPERIMENT/perm_compare/results.csv,null_S3gauss,,CvM-sub,raw,reject_rate,0.08,0.080
B11-perm,04_DAOU/EXPERIMENT/perm_compare/results.csv,null_S3gauss,,CopulaCvM,raw,reject_rate,0.06,0.060
B11-perm,04_DAOU/EXPERIMENT/perm_compare/results.csv,null_S4mix,,DOMI-diff,stud,reject_rate,0.04,0.040
B11-perm,04_DAOU/EXPERIMENT/perm_compare/results.csv,null_S4mix,,Gram-a1,stud,reject_rate,0.045,0.045
B11-perm,04_DAOU/EXPERIMENT/perm_compare/results.csv,null_S4mix,,HSIC-diff,stud,reject_rate,0.04,0.040
B11-perm,04_DAOU/EXPERIMENT/perm_compare/results.csv,null_S4mix,,dCor-diff,stud,reject_rate,0.04,0.040
B11-perm,04_DAOU/EXPERIMENT/perm_compare/results.csv,null_S4mix,,Spearman-diff,raw,reject_rate,0.035,0.035
B11-perm,04_DAOU/EXPERIMENT/perm_compare/results.csv,null_S4mix,,CvM-sub,raw,reject_rate,0.045,0.045
B11-perm,04_DAOU/EXPERIMENT/perm_compare/results.csv,null_S4mix,,CopulaCvM,raw,reject_rate,0.035,0.035
B11-perm,04_DAOU/EXPERIMENT/perm_compare/results.csv,M1_s2.0,,DOMI-diff,stud,reject_rate,0.035,0.035
B11-perm,04_DAOU/EXPERIMENT/perm_compare/results.csv,M1_s2.0,,DOMI-diff,stud,power_localised,0.005,0.005
B11-perm,04_DAOU/EXPERIMENT/perm_compare/results.csv,M1_s2.0,,Gram-a1,stud,reject_rate,0.03,0.030
B11-perm,04_DAOU/EXPERIMENT/perm_compare/results.csv,M1_s2.0,,Gram-a1,stud,power_localised,0.015,0.015
B11-perm,04_DAOU/EXPERIMENT/perm_compare/results.csv,M1_s2.0,,HSIC-diff,stud,reject_rate,0.03,0.030
B11-perm,04_DAOU/EXPERIMENT/perm_compare/results.csv,M1_s2.0,,HSIC-diff,stud,power_localised,0.0,0.000
B11-perm,04_DAOU/EXPERIMENT/perm_compare/results.csv,M1_s2.0,,dCor-diff,stud,reject_rate,0.065,0.065
B11-perm,04_DAOU/EXPERIMENT/perm_compare/results.csv,M1_s2.0,,dCor-diff,stud,power_localised,0.0,0.000
B11-perm,04_DAOU/EXPERIMENT/perm_compare/results.csv,M1_s2.0,,Spearman-diff,raw,reject_rate,0.055,0.055
B11-perm,04_DAOU/EXPERIMENT/perm_compare/results.csv,M1_s2.0,,Spearman-diff,raw,power_localised,0.01,0.010
B11-perm,04_DAOU/EXPERIMENT/perm_compare/results.csv,M1_s2.0,,CvM-sub,raw,reject_rate,0.045,0.045
B11-perm,04_DAOU/EXPERIMENT/perm_compare/results.csv,M1_s2.0,,CvM-sub,raw,power_localised,0.015,0.015
B11-perm,04_DAOU/EXPERIMENT/perm_compare/results.csv,M1_s2.0,,CopulaCvM,raw,reject_rate,0.835,0.835
B11-perm,04_DAOU/EXPERIMENT/perm_compare/results.csv,M1_s2.0,,CopulaCvM,raw,power_localised,0.69,0.690
B11-perm,04_DAOU/EXPERIMENT/perm_compare/results.csv,M2_a0.9,,DOMI-diff,stud,reject_rate,0.045,0.045
B11-perm,04_DAOU/EXPERIMENT/perm_compare/results.csv,M2_a0.9,,DOMI-diff,stud,power_localised,0.005,0.005
B11-perm,04_DAOU/EXPERIMENT/perm_compare/results.csv,M2_a0.9,,Gram-a1,stud,reject_rate,0.05,0.050
B11-perm,04_DAOU/EXPERIMENT/perm_compare/results.csv,M2_a0.9,,Gram-a1,stud,power_localised,0.0,0.000
B11-perm,04_DAOU/EXPERIMENT/perm_compare/results.csv,M2_a0.9,,HSIC-diff,stud,reject_rate,0.065,0.065
B11-perm,04_DAOU/EXPERIMENT/perm_compare/results.csv,M2_a0.9,,HSIC-diff,stud,power_localised,0.0,0.000
B11-perm,04_DAOU/EXPERIMENT/perm_compare/results.csv,M2_a0.9,,dCor-diff,stud,reject_rate,0.075,0.075
B11-perm,04_DAOU/EXPERIMENT/perm_compare/results.csv,M2_a0.9,,dCor-diff,stud,power_localised,0.005,0.005
B11-perm,04_DAOU/EXPERIMENT/perm_compare/results.csv,M2_a0.9,,Spearman-diff,raw,reject_rate,0.055,0.055
B11-perm,04_DAOU/EXPERIMENT/perm_compare/results.csv,M2_a0.9,,Spearman-diff,raw,power_localised,0.005,0.005
B11-perm,04_DAOU/EXPERIMENT/perm_compare/results.csv,M2_a0.9,,CvM-sub,raw,reject_rate,0.045,0.045
B11-perm,04_DAOU/EXPERIMENT/perm_compare/results.csv,M2_a0.9,,CvM-sub,raw,power_localised,0.02,0.020
B11-perm,04_DAOU/EXPERIMENT/perm_compare/results.csv,M2_a0.9,,CopulaCvM,raw,reject_rate,0.055,0.055
B11-perm,04_DAOU/EXPERIMENT/perm_compare/results.csv,M2_a0.9,,CopulaCvM,raw,power_localised,0.005,0.005
B11-perm,04_DAOU/EXPERIMENT/perm_compare/results.csv,S1_r0.35,,DOMI-diff,stud,reject_rate,0.87,0.870
B11-perm,04_DAOU/EXPERIMENT/perm_compare/results.csv,S1_r0.35,,DOMI-diff,stud,power_localised,0.425,0.425
B11-perm,04_DAOU/EXPERIMENT/perm_compare/results.csv,S1_r0.35,,Gram-a1,stud,reject_rate,0.875,0.875
B11-perm,04_DAOU/EXPERIMENT/perm_compare/results.csv,S1_r0.35,,Gram-a1,stud,power_localised,0.52,0.520
B11-perm,04_DAOU/EXPERIMENT/perm_compare/results.csv,S1_r0.35,,HSIC-diff,stud,reject_rate,0.755,0.755
B11-perm,04_DAOU/EXPERIMENT/perm_compare/results.csv,S1_r0.35,,HSIC-diff,stud,power_localised,0.25,0.250
B11-perm,04_DAOU/EXPERIMENT/perm_compare/results.csv,S1_r0.35,,dCor-diff,stud,reject_rate,0.84,0.840
B11-perm,04_DAOU/EXPERIMENT/perm_compare/results.csv,S1_r0.35,,dCor-diff,stud,power_localised,0.275,0.275
B11-perm,04_DAOU/EXPERIMENT/perm_compare/results.csv,S1_r0.35,,Spearman-diff,raw,reject_rate,0.95,0.950
B11-perm,04_DAOU/EXPERIMENT/perm_compare/results.csv,S1_r0.35,,Spearman-diff,raw,power_localised,0.66,0.660
B11-perm,04_DAOU/EXPERIMENT/perm_compare/results.csv,S1_r0.35,,CvM-sub,raw,reject_rate,0.95,0.950
B11-perm,04_DAOU/EXPERIMENT/perm_compare/results.csv,S1_r0.35,,CvM-sub,raw,power_localised,0.705,0.705
B11-perm,04_DAOU/EXPERIMENT/perm_compare/results.csv,S1_r0.35,,CopulaCvM,raw,reject_rate,0.22,0.220
B11-perm,04_DAOU/EXPERIMENT/perm_compare/results.csv,S1_r0.35,,CopulaCvM,raw,power_localised,0.075,0.075
B11-perm,04_DAOU/EXPERIMENT/perm_compare/results.csv,S2_a0.7,,DOMI-diff,stud,reject_rate,0.435,0.435
B11-perm,04_DAOU/EXPERIMENT/perm_compare/results.csv,S2_a0.7,,DOMI-diff,stud,power_localised,0.245,0.245
B11-perm,04_DAOU/EXPERIMENT/perm_compare/results.csv,S2_a0.7,,Gram-a1,stud,reject_rate,0.5,0.500
B11-perm,04_DAOU/EXPERIMENT/perm_compare/results.csv,S2_a0.7,,Gram-a1,stud,power_localised,0.315,0.315
B11-perm,04_DAOU/EXPERIMENT/perm_compare/results.csv,S2_a0.7,,HSIC-diff,stud,reject_rate,0.115,0.115
B11-perm,04_DAOU/EXPERIMENT/perm_compare/results.csv,S2_a0.7,,HSIC-diff,stud,power_localised,0.035,0.035
B11-perm,04_DAOU/EXPERIMENT/perm_compare/results.csv,S2_a0.7,,dCor-diff,stud,reject_rate,0.09,0.090
B11-perm,04_DAOU/EXPERIMENT/perm_compare/results.csv,S2_a0.7,,dCor-diff,stud,power_localised,0.02,0.020
B11-perm,04_DAOU/EXPERIMENT/perm_compare/results.csv,S2_a0.7,,Spearman-diff,raw,reject_rate,0.05,0.050
B11-perm,04_DAOU/EXPERIMENT/perm_compare/results.csv,S2_a0.7,,Spearman-diff,raw,power_localised,0.005,0.005
B11-perm,04_DAOU/EXPERIMENT/perm_compare/results.csv,S2_a0.7,,CvM-sub,raw,reject_rate,0.09,0.090
B11-perm,04_DAOU/EXPERIMENT/perm_compare/results.csv,S2_a0.7,,CvM-sub,raw,power_localised,0.025,0.025
B11-perm,04_DAOU/EXPERIMENT/perm_compare/results.csv,S2_a0.7,,CopulaCvM,raw,reject_rate,0.08,0.080
B11-perm,04_DAOU/EXPERIMENT/perm_compare/results.csv,S2_a0.7,,CopulaCvM,raw,power_localised,0.01,0.010
B11-perm,04_DAOU/EXPERIMENT/perm_compare/results.csv,S3_tau0.5,,DOMI-diff,stud,reject_rate,0.08,0.080
B11-perm,04_DAOU/EXPERIMENT/perm_compare/results.csv,S3_tau0.5,,DOMI-diff,stud,power_localised,0.01,0.010
B11-perm,04_DAOU/EXPERIMENT/perm_compare/results.csv,S3_tau0.5,,Gram-a1,stud,reject_rate,0.095,0.095
B11-perm,04_DAOU/EXPERIMENT/perm_compare/results.csv,S3_tau0.5,,Gram-a1,stud,power_localised,0.01,0.010
B11-perm,04_DAOU/EXPERIMENT/perm_compare/results.csv,S3_tau0.5,,HSIC-diff,stud,reject_rate,0.055,0.055
B11-perm,04_DAOU/EXPERIMENT/perm_compare/results.csv,S3_tau0.5,,HSIC-diff,stud,power_localised,0.0,0.000
B11-perm,04_DAOU/EXPERIMENT/perm_compare/results.csv,S3_tau0.5,,dCor-diff,stud,reject_rate,0.075,0.075
B11-perm,04_DAOU/EXPERIMENT/perm_compare/results.csv,S3_tau0.5,,dCor-diff,stud,power_localised,0.01,0.010
B11-perm,04_DAOU/EXPERIMENT/perm_compare/results.csv,S3_tau0.5,,Spearman-diff,raw,reject_rate,0.08,0.080
B11-perm,04_DAOU/EXPERIMENT/perm_compare/results.csv,S3_tau0.5,,Spearman-diff,raw,power_localised,0.015,0.015
B11-perm,04_DAOU/EXPERIMENT/perm_compare/results.csv,S3_tau0.5,,CvM-sub,raw,reject_rate,0.555,0.555
B11-perm,04_DAOU/EXPERIMENT/perm_compare/results.csv,S3_tau0.5,,CvM-sub,raw,power_localised,0.38,0.380
B11-perm,04_DAOU/EXPERIMENT/perm_compare/results.csv,S3_tau0.5,,CopulaCvM,raw,reject_rate,0.05,0.050
B11-perm,04_DAOU/EXPERIMENT/perm_compare/results.csv,S3_tau0.5,,CopulaCvM,raw,power_localised,0.01,0.010
B11-perm,04_DAOU/EXPERIMENT/perm_compare/results.csv,S4_r0.85,,DOMI-diff,stud,reject_rate,1.0,1.000
B11-perm,04_DAOU/EXPERIMENT/perm_compare/results.csv,S4_r0.85,,DOMI-diff,stud,power_localised,0.69,0.690
B11-perm,04_DAOU/EXPERIMENT/perm_compare/results.csv,S4_r0.85,,Gram-a1,stud,reject_rate,1.0,1.000
B11-perm,04_DAOU/EXPERIMENT/perm_compare/results.csv,S4_r0.85,,Gram-a1,stud,power_localised,0.76,0.760
B11-perm,04_DAOU/EXPERIMENT/perm_compare/results.csv,S4_r0.85,,HSIC-diff,stud,reject_rate,0.98,0.980
B11-perm,04_DAOU/EXPERIMENT/perm_compare/results.csv,S4_r0.85,,HSIC-diff,stud,power_localised,0.565,0.565
B11-perm,04_DAOU/EXPERIMENT/perm_compare/results.csv,S4_r0.85,,dCor-diff,stud,reject_rate,0.63,0.630
B11-perm,04_DAOU/EXPERIMENT/perm_compare/results.csv,S4_r0.85,,dCor-diff,stud,power_localised,0.49,0.490
B11-perm,04_DAOU/EXPERIMENT/perm_compare/results.csv,S4_r0.85,,Spearman-diff,raw,reject_rate,0.04,0.040
B11-perm,04_DAOU/EXPERIMENT/perm_compare/results.csv,S4_r0.85,,Spearman-diff,raw,power_localised,0.0,0.000
B11-perm,04_DAOU/EXPERIMENT/perm_compare/results.csv,S4_r0.85,,CvM-sub,raw,reject_rate,0.09,0.090
B11-perm,04_DAOU/EXPERIMENT/perm_compare/results.csv,S4_r0.85,,CvM-sub,raw,power_localised,0.03,0.030
B11-perm,04_DAOU/EXPERIMENT/perm_compare/results.csv,S4_r0.85,,CopulaCvM,raw,reject_rate,0.065,0.065
B11-perm,04_DAOU/EXPERIMENT/perm_compare/results.csv,S4_r0.85,,CopulaCvM,raw,power_localised,0.005,0.005
B11-perm,04_DAOU/EXPERIMENT/perm_compare/results.csv,G6_b0.5,,DOMI-diff,stud,reject_rate,0.995,0.995
B11-perm,04_DAOU/EXPERIMENT/perm_compare/results.csv,G6_b0.5,,DOMI-diff,stud,power_localised,0.675,0.675
B11-perm,04_DAOU/EXPERIMENT/perm_compare/results.csv,G6_b0.5,,Gram-a1,stud,reject_rate,1.0,1.000
B11-perm,04_DAOU/EXPERIMENT/perm_compare/results.csv,G6_b0.5,,Gram-a1,stud,power_localised,0.73,0.730
B11-perm,04_DAOU/EXPERIMENT/perm_compare/results.csv,G6_b0.5,,HSIC-diff,stud,reject_rate,0.88,0.880
B11-perm,04_DAOU/EXPERIMENT/perm_compare/results.csv,G6_b0.5,,HSIC-diff,stud,power_localised,0.435,0.435
B11-perm,04_DAOU/EXPERIMENT/perm_compare/results.csv,G6_b0.5,,dCor-diff,stud,reject_rate,0.915,0.915
B11-perm,04_DAOU/EXPERIMENT/perm_compare/results.csv,G6_b0.5,,dCor-diff,stud,power_localised,0.49,0.490
B11-perm,04_DAOU/EXPERIMENT/perm_compare/results.csv,G6_b0.5,,Spearman-diff,raw,reject_rate,0.065,0.065
B11-perm,04_DAOU/EXPERIMENT/perm_compare/results.csv,G6_b0.5,,Spearman-diff,raw,power_localised,0.005,0.005
B11-perm,04_DAOU/EXPERIMENT/perm_compare/results.csv,G6_b0.5,,CvM-sub,raw,reject_rate,0.715,0.715
B11-perm,04_DAOU/EXPERIMENT/perm_compare/results.csv,G6_b0.5,,CvM-sub,raw,power_localised,0.58,0.580
B11-perm,04_DAOU/EXPERIMENT/perm_compare/results.csv,G6_b0.5,,CopulaCvM,raw,reject_rate,0.075,0.075
B11-perm,04_DAOU/EXPERIMENT/perm_compare/results.csv,G6_b0.5,,CopulaCvM,raw,power_localised,0.01,0.010
B12-offc,04_DAOU/EXPERIMENT/offcentre/results.csv,S2_a0.9,150,DOMI-diff,gs,detect_rate,0.98,0.98
B12-offc,04_DAOU/EXPERIMENT/offcentre/results.csv,S2_a0.9,150,DOMI-diff,gs,power_localised,0.0,0.00
B12-offc,04_DAOU/EXPERIMENT/offcentre/results.csv,S2_a0.9,150,matmi-a1,gs,detect_rate,0.998,1.00
B12-offc,04_DAOU/EXPERIMENT/offcentre/results.csv,S2_a0.9,150,matmi-a1,gs,power_localised,0.0,0.00
B12-offc,04_DAOU/EXPERIMENT/offcentre/results.csv,S2_a0.9,150,HSIC-diff,gs,detect_rate,0.72,0.72
B12-offc,04_DAOU/EXPERIMENT/offcentre/results.csv,S2_a0.9,150,HSIC-diff,gs,power_localised,0.0,0.00
B12-offc,04_DAOU/EXPERIMENT/offcentre/results.csv,S2_a0.9,150,dCor-diff,gs,detect_rate,0.068,0.07
B12-offc,04_DAOU/EXPERIMENT/offcentre/results.csv,S2_a0.9,150,dCor-diff,gs,power_localised,0.0,0.00
B12-offc,04_DAOU/EXPERIMENT/offcentre/results.csv,S2_a0.9,300,DOMI-diff,gs,detect_rate,1.0,1.00
B12-offc,04_DAOU/EXPERIMENT/offcentre/results.csv,S2_a0.9,300,DOMI-diff,gs,power_localised,0.872,0.87
B12-offc,04_DAOU/EXPERIMENT/offcentre/results.csv,S2_a0.9,300,matmi-a1,gs,detect_rate,1.0,1.00
B12-offc,04_DAOU/EXPERIMENT/offcentre/results.csv,S2_a0.9,300,matmi-a1,gs,power_localised,0.984,0.98
B12-offc,04_DAOU/EXPERIMENT/offcentre/results.csv,S2_a0.9,300,HSIC-diff,gs,detect_rate,0.896,0.90
B12-offc,04_DAOU/EXPERIMENT/offcentre/results.csv,S2_a0.9,300,HSIC-diff,gs,power_localised,0.658,0.66
B12-offc,04_DAOU/EXPERIMENT/offcentre/results.csv,S2_a0.9,300,dCor-diff,gs,detect_rate,0.184,0.18
B12-offc,04_DAOU/EXPERIMENT/offcentre/results.csv,S2_a0.9,300,dCor-diff,gs,power_localised,0.066,0.07
B12-offc,04_DAOU/EXPERIMENT/offcentre/results.csv,S2_a0.9,450,DOMI-diff,gs,detect_rate,0.938,0.94
B12-offc,04_DAOU/EXPERIMENT/offcentre/results.csv,S2_a0.9,450,DOMI-diff,gs,power_localised,0.694,0.69
B12-offc,04_DAOU/EXPERIMENT/offcentre/results.csv,S2_a0.9,450,matmi-a1,gs,detect_rate,0.97,0.97
B12-offc,04_DAOU/EXPERIMENT/offcentre/results.csv,S2_a0.9,450,matmi-a1,gs,power_localised,0.756,0.76
B12-offc,04_DAOU/EXPERIMENT/offcentre/results.csv,S2_a0.9,450,HSIC-diff,gs,detect_rate,0.508,0.51
B12-offc,04_DAOU/EXPERIMENT/offcentre/results.csv,S2_a0.9,450,HSIC-diff,gs,power_localised,0.276,0.28
B12-offc,04_DAOU/EXPERIMENT/offcentre/results.csv,S2_a0.9,450,dCor-diff,gs,detect_rate,0.17,0.17
B12-offc,04_DAOU/EXPERIMENT/offcentre/results.csv,S2_a0.9,450,dCor-diff,gs,power_localised,0.048,0.05
B12-offc,04_DAOU/EXPERIMENT/offcentre/results.csv,S4_r0.85,150,DOMI-diff,gs,detect_rate,0.886,0.89
B12-offc,04_DAOU/EXPERIMENT/offcentre/results.csv,S4_r0.85,150,DOMI-diff,gs,power_localised,0.848,0.85
B12-offc,04_DAOU/EXPERIMENT/offcentre/results.csv,S4_r0.85,150,matmi-a1,gs,detect_rate,0.952,0.95
B12-offc,04_DAOU/EXPERIMENT/offcentre/results.csv,S4_r0.85,150,matmi-a1,gs,power_localised,0.926,0.93
B12-offc,04_DAOU/EXPERIMENT/offcentre/results.csv,S4_r0.85,150,HSIC-diff,gs,detect_rate,0.382,0.38
B12-offc,04_DAOU/EXPERIMENT/offcentre/results.csv,S4_r0.85,150,HSIC-diff,gs,power_localised,0.32,0.32
B12-offc,04_DAOU/EXPERIMENT/offcentre/results.csv,S4_r0.85,150,dCor-diff,gs,detect_rate,0.268,0.27
B12-offc,04_DAOU/EXPERIMENT/offcentre/results.csv,S4_r0.85,150,dCor-diff,gs,power_localised,0.146,0.15
B12-offc,04_DAOU/EXPERIMENT/offcentre/results.csv,S4_r0.85,300,DOMI-diff,gs,detect_rate,0.992,0.99
B12-offc,04_DAOU/EXPERIMENT/offcentre/results.csv,S4_r0.85,300,DOMI-diff,gs,power_localised,0.548,0.55
B12-offc,04_DAOU/EXPERIMENT/offcentre/results.csv,S4_r0.85,300,matmi-a1,gs,detect_rate,1.0,1.00
B12-offc,04_DAOU/EXPERIMENT/offcentre/results.csv,S4_r0.85,300,matmi-a1,gs,power_localised,0.548,0.55
B12-offc,04_DAOU/EXPERIMENT/offcentre/results.csv,S4_r0.85,300,HSIC-diff,gs,detect_rate,0.7,0.70
B12-offc,04_DAOU/EXPERIMENT/offcentre/results.csv,S4_r0.85,300,HSIC-diff,gs,power_localised,0.392,0.39
B12-offc,04_DAOU/EXPERIMENT/offcentre/results.csv,S4_r0.85,300,dCor-diff,gs,detect_rate,0.56,0.56
B12-offc,04_DAOU/EXPERIMENT/offcentre/results.csv,S4_r0.85,300,dCor-diff,gs,power_localised,0.238,0.24
B12-offc,04_DAOU/EXPERIMENT/offcentre/results.csv,S4_r0.85,450,DOMI-diff,gs,detect_rate,0.932,0.93
B12-offc,04_DAOU/EXPERIMENT/offcentre/results.csv,S4_r0.85,450,DOMI-diff,gs,power_localised,0.008,0.01
B12-offc,04_DAOU/EXPERIMENT/offcentre/results.csv,S4_r0.85,450,matmi-a1,gs,detect_rate,0.96,0.96
B12-offc,04_DAOU/EXPERIMENT/offcentre/results.csv,S4_r0.85,450,matmi-a1,gs,power_localised,0.002,0.00
B12-offc,04_DAOU/EXPERIMENT/offcentre/results.csv,S4_r0.85,450,HSIC-diff,gs,detect_rate,0.374,0.37
B12-offc,04_DAOU/EXPERIMENT/offcentre/results.csv,S4_r0.85,450,HSIC-diff,gs,power_localised,0.0,0.00
B12-offc,04_DAOU/EXPERIMENT/offcentre/results.csv,S4_r0.85,450,dCor-diff,gs,detect_rate,0.18,0.18
B12-offc,04_DAOU/EXPERIMENT/offcentre/results.csv,S4_r0.85,450,dCor-diff,gs,power_localised,0.0,0.00
B12-offc,04_DAOU/EXPERIMENT/offcentre/results.csv,G4_a0.5,150,DOMI-diff,gs,detect_rate,0.974,0.97
B12-offc,04_DAOU/EXPERIMENT/offcentre/results.csv,G4_a0.5,150,DOMI-diff,gs,power_localised,0.0,0.00
B12-offc,04_DAOU/EXPERIMENT/offcentre/results.csv,G4_a0.5,150,matmi-a1,gs,detect_rate,0.974,0.97
B12-offc,04_DAOU/EXPERIMENT/offcentre/results.csv,G4_a0.5,150,matmi-a1,gs,power_localised,0.0,0.00
B12-offc,04_DAOU/EXPERIMENT/offcentre/results.csv,G4_a0.5,150,HSIC-diff,gs,detect_rate,0.902,0.90
B12-offc,04_DAOU/EXPERIMENT/offcentre/results.csv,G4_a0.5,150,HSIC-diff,gs,power_localised,0.008,0.01
B12-offc,04_DAOU/EXPERIMENT/offcentre/results.csv,G4_a0.5,150,dCor-diff,gs,detect_rate,0.36,0.36
B12-offc,04_DAOU/EXPERIMENT/offcentre/results.csv,G4_a0.5,150,dCor-diff,gs,power_localised,0.0,0.00
B12-offc,04_DAOU/EXPERIMENT/offcentre/results.csv,G4_a0.5,300,DOMI-diff,gs,detect_rate,0.998,1.00
B12-offc,04_DAOU/EXPERIMENT/offcentre/results.csv,G4_a0.5,300,DOMI-diff,gs,power_localised,0.968,0.97
B12-offc,04_DAOU/EXPERIMENT/offcentre/results.csv,G4_a0.5,300,matmi-a1,gs,detect_rate,1.0,1.00
B12-offc,04_DAOU/EXPERIMENT/offcentre/results.csv,G4_a0.5,300,matmi-a1,gs,power_localised,0.984,0.98
B12-offc,04_DAOU/EXPERIMENT/offcentre/results.csv,G4_a0.5,300,HSIC-diff,gs,detect_rate,0.972,0.97
B12-offc,04_DAOU/EXPERIMENT/offcentre/results.csv,G4_a0.5,300,HSIC-diff,gs,power_localised,0.77,0.77
B12-offc,04_DAOU/EXPERIMENT/offcentre/results.csv,G4_a0.5,300,dCor-diff,gs,detect_rate,0.742,0.74
B12-offc,04_DAOU/EXPERIMENT/offcentre/results.csv,G4_a0.5,300,dCor-diff,gs,power_localised,0.518,0.52
B12-offc,04_DAOU/EXPERIMENT/offcentre/results.csv,G4_a0.5,450,DOMI-diff,gs,detect_rate,0.886,0.89
B12-offc,04_DAOU/EXPERIMENT/offcentre/results.csv,G4_a0.5,450,DOMI-diff,gs,power_localised,0.616,0.62
B12-offc,04_DAOU/EXPERIMENT/offcentre/results.csv,G4_a0.5,450,matmi-a1,gs,detect_rate,0.896,0.90
B12-offc,04_DAOU/EXPERIMENT/offcentre/results.csv,G4_a0.5,450,matmi-a1,gs,power_localised,0.62,0.62
B12-offc,04_DAOU/EXPERIMENT/offcentre/results.csv,G4_a0.5,450,HSIC-diff,gs,detect_rate,0.692,0.69
B12-offc,04_DAOU/EXPERIMENT/offcentre/results.csv,G4_a0.5,450,HSIC-diff,gs,power_localised,0.394,0.39
B12-offc,04_DAOU/EXPERIMENT/offcentre/results.csv,G4_a0.5,450,dCor-diff,gs,detect_rate,0.25,0.25
B12-offc,04_DAOU/EXPERIMENT/offcentre/results.csv,G4_a0.5,450,dCor-diff,gs,power_localised,0.082,0.08
B12-offc,04_DAOU/EXPERIMENT/offcentre/results.csv,G6_b0.5,150,DOMI-diff,gs,detect_rate,0.992,0.99
B12-offc,04_DAOU/EXPERIMENT/offcentre/results.csv,G6_b0.5,150,DOMI-diff,gs,power_localised,0.004,0.00
B12-offc,04_DAOU/EXPERIMENT/offcentre/results.csv,G6_b0.5,150,matmi-a1,gs,detect_rate,1.0,1.00
B12-offc,04_DAOU/EXPERIMENT/offcentre/results.csv,G6_b0.5,150,matmi-a1,gs,power_localised,0.0,0.00
B12-offc,04_DAOU/EXPERIMENT/offcentre/results.csv,G6_b0.5,150,HSIC-diff,gs,detect_rate,0.906,0.91
B12-offc,04_DAOU/EXPERIMENT/offcentre/results.csv,G6_b0.5,150,HSIC-diff,gs,power_localised,0.004,0.00
B12-offc,04_DAOU/EXPERIMENT/offcentre/results.csv,G6_b0.5,150,dCor-diff,gs,detect_rate,0.536,0.54
B12-offc,04_DAOU/EXPERIMENT/offcentre/results.csv,G6_b0.5,150,dCor-diff,gs,power_localised,0.0,0.00
B12-offc,04_DAOU/EXPERIMENT/offcentre/results.csv,G6_b0.5,300,DOMI-diff,gs,detect_rate,1.0,1.00
B12-offc,04_DAOU/EXPERIMENT/offcentre/results.csv,G6_b0.5,300,DOMI-diff,gs,power_localised,0.856,0.86
B12-offc,04_DAOU/EXPERIMENT/offcentre/results.csv,G6_b0.5,300,matmi-a1,gs,detect_rate,1.0,1.00
B12-offc,04_DAOU/EXPERIMENT/offcentre/results.csv,G6_b0.5,300,matmi-a1,gs,power_localised,0.912,0.91
B12-offc,04_DAOU/EXPERIMENT/offcentre/results.csv,G6_b0.5,300,HSIC-diff,gs,detect_rate,0.992,0.99
B12-offc,04_DAOU/EXPERIMENT/offcentre/results.csv,G6_b0.5,300,HSIC-diff,gs,power_localised,0.598,0.60
B12-offc,04_DAOU/EXPERIMENT/offcentre/results.csv,G6_b0.5,300,dCor-diff,gs,detect_rate,0.952,0.95
B12-offc,04_DAOU/EXPERIMENT/offcentre/results.csv,G6_b0.5,300,dCor-diff,gs,power_localised,0.728,0.73
B12-offc,04_DAOU/EXPERIMENT/offcentre/results.csv,G6_b0.5,450,DOMI-diff,gs,detect_rate,0.98,0.98
B12-offc,04_DAOU/EXPERIMENT/offcentre/results.csv,G6_b0.5,450,DOMI-diff,gs,power_localised,0.812,0.81
B12-offc,04_DAOU/EXPERIMENT/offcentre/results.csv,G6_b0.5,450,matmi-a1,gs,detect_rate,0.992,0.99
B12-offc,04_DAOU/EXPERIMENT/offcentre/results.csv,G6_b0.5,450,matmi-a1,gs,power_localised,0.856,0.86
B12-offc,04_DAOU/EXPERIMENT/offcentre/results.csv,G6_b0.5,450,HSIC-diff,gs,detect_rate,0.724,0.72
B12-offc,04_DAOU/EXPERIMENT/offcentre/results.csv,G6_b0.5,450,HSIC-diff,gs,power_localised,0.488,0.49
B12-offc,04_DAOU/EXPERIMENT/offcentre/results.csv,G6_b0.5,450,dCor-diff,gs,detect_rate,0.428,0.43
B12-offc,04_DAOU/EXPERIMENT/offcentre/results.csv,G6_b0.5,450,dCor-diff,gs,power_localised,0.22,0.22
B-databased,04_DAOU/EXPERIMENT/databased_sim/results.csv,interp|C0,,DOMI,stud,reject_rate,0.07,0.070
B-databased,04_DAOU/EXPERIMENT/databased_sim/results.csv,interp|C0,,DOMI,stud,localised_power,0.005,0.005
B-databased,04_DAOU/EXPERIMENT/databased_sim/results.csv,interp|C0,,HSIC-diff,stud,reject_rate,0.07,0.070
B-databased,04_DAOU/EXPERIMENT/databased_sim/results.csv,interp|C0,,HSIC-diff,stud,localised_power,0.005,0.005
B-databased,04_DAOU/EXPERIMENT/databased_sim/results.csv,interp|C0,,dCor-diff,stud,reject_rate,0.08,0.080
B-databased,04_DAOU/EXPERIMENT/databased_sim/results.csv,interp|C0,,dCor-diff,stud,localised_power,0.0,0.000
B-databased,04_DAOU/EXPERIMENT/databased_sim/results.csv,interp|C0,,Spearman-diff,raw,reject_rate,0.075,0.075
B-databased,04_DAOU/EXPERIMENT/databased_sim/results.csv,interp|C0,,Spearman-diff,raw,localised_power,0.005,0.005
B-databased,04_DAOU/EXPERIMENT/databased_sim/results.csv,interp|C0,,CvM-sub,raw,reject_rate,0.055,0.055
B-databased,04_DAOU/EXPERIMENT/databased_sim/results.csv,interp|C0,,CvM-sub,raw,localised_power,0.015,0.015
B-databased,04_DAOU/EXPERIMENT/databased_sim/results.csv,interp|C0,,CopulaCvM,raw,reject_rate,0.035,0.035
B-databased,04_DAOU/EXPERIMENT/databased_sim/results.csv,interp|C0,,CopulaCvM,raw,localised_power,0.0,0.000
B-databased,04_DAOU/EXPERIMENT/databased_sim/results.csv,interp|C1,,DOMI,stud,reject_rate,1.0,1.000
B-databased,04_DAOU/EXPERIMENT/databased_sim/results.csv,interp|C1,,DOMI,stud,localised_power,0.0,0.000
B-databased,04_DAOU/EXPERIMENT/databased_sim/results.csv,interp|C1,,HSIC-diff,stud,reject_rate,1.0,1.000
B-databased,04_DAOU/EXPERIMENT/databased_sim/results.csv,interp|C1,,HSIC-diff,stud,localised_power,0.0,0.000
B-databased,04_DAOU/EXPERIMENT/databased_sim/results.csv,interp|C1,,dCor-diff,stud,reject_rate,1.0,1.000
B-databased,04_DAOU/EXPERIMENT/databased_sim/results.csv,interp|C1,,dCor-diff,stud,localised_power,0.0,0.000
B-databased,04_DAOU/EXPERIMENT/databased_sim/results.csv,interp|C1,,Spearman-diff,raw,reject_rate,1.0,1.000
B-databased,04_DAOU/EXPERIMENT/databased_sim/results.csv,interp|C1,,Spearman-diff,raw,localised_power,0.0,0.000
B-databased,04_DAOU/EXPERIMENT/databased_sim/results.csv,interp|C1,,CvM-sub,raw,reject_rate,1.0,1.000
B-databased,04_DAOU/EXPERIMENT/databased_sim/results.csv,interp|C1,,CvM-sub,raw,localised_power,0.0,0.000
B-databased,04_DAOU/EXPERIMENT/databased_sim/results.csv,interp|C1,,CopulaCvM,raw,reject_rate,1.0,1.000
B-databased,04_DAOU/EXPERIMENT/databased_sim/results.csv,interp|C1,,CopulaCvM,raw,localised_power,1.0,1.000
B-databased,04_DAOU/EXPERIMENT/databased_sim/results.csv,interp|C2a,,DOMI,stud,reject_rate,1.0,1.000
B-databased,04_DAOU/EXPERIMENT/databased_sim/results.csv,interp|C2a,,DOMI,stud,localised_power,0.635,0.635
B-databased,04_DAOU/EXPERIMENT/databased_sim/results.csv,interp|C2a,,HSIC-diff,stud,reject_rate,1.0,1.000
B-databased,04_DAOU/EXPERIMENT/databased_sim/results.csv,interp|C2a,,HSIC-diff,stud,localised_power,0.615,0.615
B-databased,04_DAOU/EXPERIMENT/databased_sim/results.csv,interp|C2a,,dCor-diff,stud,reject_rate,0.925,0.925
B-databased,04_DAOU/EXPERIMENT/databased_sim/results.csv,interp|C2a,,dCor-diff,stud,localised_power,0.72,0.720
B-databased,04_DAOU/EXPERIMENT/databased_sim/results.csv,interp|C2a,,Spearman-diff,raw,reject_rate,0.09,0.090
B-databased,04_DAOU/EXPERIMENT/databased_sim/results.csv,interp|C2a,,Spearman-diff,raw,localised_power,0.02,0.020
B-databased,04_DAOU/EXPERIMENT/databased_sim/results.csv,interp|C2a,,CvM-sub,raw,reject_rate,0.45,0.450
B-databased,04_DAOU/EXPERIMENT/databased_sim/results.csv,interp|C2a,,CvM-sub,raw,localised_power,0.325,0.325
B-databased,04_DAOU/EXPERIMENT/databased_sim/results.csv,interp|C2a,,CopulaCvM,raw,reject_rate,0.08,0.080
B-databased,04_DAOU/EXPERIMENT/databased_sim/results.csv,interp|C2a,,CopulaCvM,raw,localised_power,0.01,0.010
B-databased,04_DAOU/EXPERIMENT/databased_sim/results.csv,interp|C2b,,DOMI,stud,reject_rate,1.0,1.000
B-databased,04_DAOU/EXPERIMENT/databased_sim/results.csv,interp|C2b,,DOMI,stud,localised_power,0.67,0.670
B-databased,04_DAOU/EXPERIMENT/databased_sim/results.csv,interp|C2b,,HSIC-diff,stud,reject_rate,1.0,1.000
B-databased,04_DAOU/EXPERIMENT/databased_sim/results.csv,interp|C2b,,HSIC-diff,stud,localised_power,0.6,0.600
B-databased,04_DAOU/EXPERIMENT/databased_sim/results.csv,interp|C2b,,dCor-diff,stud,reject_rate,0.945,0.945
B-databased,04_DAOU/EXPERIMENT/databased_sim/results.csv,interp|C2b,,dCor-diff,stud,localised_power,0.675,0.675
B-databased,04_DAOU/EXPERIMENT/databased_sim/results.csv,interp|C2b,,Spearman-diff,raw,reject_rate,0.075,0.075
B-databased,04_DAOU/EXPERIMENT/databased_sim/results.csv,interp|C2b,,Spearman-diff,raw,localised_power,0.005,0.005
B-databased,04_DAOU/EXPERIMENT/databased_sim/results.csv,interp|C2b,,CvM-sub,raw,reject_rate,0.475,0.475
B-databased,04_DAOU/EXPERIMENT/databased_sim/results.csv,interp|C2b,,CvM-sub,raw,localised_power,0.315,0.315
B-databased,04_DAOU/EXPERIMENT/databased_sim/results.csv,interp|C2b,,CopulaCvM,raw,reject_rate,0.065,0.065
B-databased,04_DAOU/EXPERIMENT/databased_sim/results.csv,interp|C2b,,CopulaCvM,raw,localised_power,0.01,0.010
B-databased,04_DAOU/EXPERIMENT/databased_sim/results.csv,interp|C3a,,DOMI,stud,reject_rate,1.0,1.000
B-databased,04_DAOU/EXPERIMENT/databased_sim/results.csv,interp|C3a,,DOMI,stud,localised_power,0.0,0.000
B-databased,04_DAOU/EXPERIMENT/databased_sim/results.csv,interp|C3a,,HSIC-diff,stud,reject_rate,1.0,1.000
B-databased,04_DAOU/EXPERIMENT/databased_sim/results.csv,interp|C3a,,HSIC-diff,stud,localised_power,0.0,0.000
B-databased,04_DAOU/EXPERIMENT/databased_sim/results.csv,interp|C3a,,dCor-diff,stud,reject_rate,1.0,1.000
B-databased,04_DAOU/EXPERIMENT/databased_sim/results.csv,interp|C3a,,dCor-diff,stud,localised_power,0.0,0.000
B-databased,04_DAOU/EXPERIMENT/databased_sim/results.csv,interp|C3a,,Spearman-diff,raw,reject_rate,1.0,1.000
B-databased,04_DAOU/EXPERIMENT/databased_sim/results.csv,interp|C3a,,Spearman-diff,raw,localised_power,0.0,0.000
B-databased,04_DAOU/EXPERIMENT/databased_sim/results.csv,interp|C3a,,CvM-sub,raw,reject_rate,1.0,1.000
B-databased,04_DAOU/EXPERIMENT/databased_sim/results.csv,interp|C3a,,CvM-sub,raw,localised_power,0.0,0.000
B-databased,04_DAOU/EXPERIMENT/databased_sim/results.csv,interp|C3a,,CopulaCvM,raw,reject_rate,1.0,1.000
B-databased,04_DAOU/EXPERIMENT/databased_sim/results.csv,interp|C3a,,CopulaCvM,raw,localised_power,1.0,1.000
B-databased,04_DAOU/EXPERIMENT/databased_sim/results.csv,interp|C3b,,DOMI,stud,reject_rate,1.0,1.000
B-databased,04_DAOU/EXPERIMENT/databased_sim/results.csv,interp|C3b,,DOMI,stud,localised_power,0.0,0.000
B-databased,04_DAOU/EXPERIMENT/databased_sim/results.csv,interp|C3b,,HSIC-diff,stud,reject_rate,1.0,1.000
B-databased,04_DAOU/EXPERIMENT/databased_sim/results.csv,interp|C3b,,HSIC-diff,stud,localised_power,0.0,0.000
B-databased,04_DAOU/EXPERIMENT/databased_sim/results.csv,interp|C3b,,dCor-diff,stud,reject_rate,1.0,1.000
B-databased,04_DAOU/EXPERIMENT/databased_sim/results.csv,interp|C3b,,dCor-diff,stud,localised_power,0.0,0.000
B-databased,04_DAOU/EXPERIMENT/databased_sim/results.csv,interp|C3b,,Spearman-diff,raw,reject_rate,1.0,1.000
B-databased,04_DAOU/EXPERIMENT/databased_sim/results.csv,interp|C3b,,Spearman-diff,raw,localised_power,0.0,0.000
B-databased,04_DAOU/EXPERIMENT/databased_sim/results.csv,interp|C3b,,CvM-sub,raw,reject_rate,1.0,1.000
B-databased,04_DAOU/EXPERIMENT/databased_sim/results.csv,interp|C3b,,CvM-sub,raw,localised_power,0.0,0.000
B-databased,04_DAOU/EXPERIMENT/databased_sim/results.csv,interp|C3b,,CopulaCvM,raw,reject_rate,1.0,1.000
B-databased,04_DAOU/EXPERIMENT/databased_sim/results.csv,interp|C3b,,CopulaCvM,raw,localised_power,1.0,1.000
B-databased,04_DAOU/EXPERIMENT/databased_sim/results.csv,interp|C4,,DOMI,stud,reject_rate,0.11,0.110
B-databased,04_DAOU/EXPERIMENT/databased_sim/results.csv,interp|C4,,DOMI,stud,localised_power,0.01,0.010
B-databased,04_DAOU/EXPERIMENT/databased_sim/results.csv,interp|C4,,HSIC-diff,stud,reject_rate,0.14,0.140
B-databased,04_DAOU/EXPERIMENT/databased_sim/results.csv,interp|C4,,HSIC-diff,stud,localised_power,0.005,0.005
B-databased,04_DAOU/EXPERIMENT/databased_sim/results.csv,interp|C4,,dCor-diff,stud,reject_rate,0.105,0.105
B-databased,04_DAOU/EXPERIMENT/databased_sim/results.csv,interp|C4,,dCor-diff,stud,localised_power,0.01,0.010
B-databased,04_DAOU/EXPERIMENT/databased_sim/results.csv,interp|C4,,Spearman-diff,raw,reject_rate,0.055,0.055
B-databased,04_DAOU/EXPERIMENT/databased_sim/results.csv,interp|C4,,Spearman-diff,raw,localised_power,0.015,0.015
B-databased,04_DAOU/EXPERIMENT/databased_sim/results.csv,interp|C4,,CvM-sub,raw,reject_rate,0.035,0.035
B-databased,04_DAOU/EXPERIMENT/databased_sim/results.csv,interp|C4,,CvM-sub,raw,localised_power,0.0,0.000
B-databased,04_DAOU/EXPERIMENT/databased_sim/results.csv,interp|C4,,CopulaCvM,raw,reject_rate,1.0,1.000
B-databased,04_DAOU/EXPERIMENT/databased_sim/results.csv,interp|C4,,CopulaCvM,raw,localised_power,0.965,0.965
B-databased,04_DAOU/EXPERIMENT/databased_sim/results.csv,interp|C5a,,DOMI,stud,reject_rate,1.0,1.000
B-databased,04_DAOU/EXPERIMENT/databased_sim/results.csv,interp|C5a,,DOMI,stud,localised_power,0.68,0.680
B-databased,04_DAOU/EXPERIMENT/databased_sim/results.csv,interp|C5a,,HSIC-diff,stud,reject_rate,1.0,1.000
B-databased,04_DAOU/EXPERIMENT/databased_sim/results.csv,interp|C5a,,HSIC-diff,stud,localised_power,0.6,0.600
B-databased,04_DAOU/EXPERIMENT/databased_sim/results.csv,interp|C5a,,dCor-diff,stud,reject_rate,0.87,0.870
B-databased,04_DAOU/EXPERIMENT/databased_sim/results.csv,interp|C5a,,dCor-diff,stud,localised_power,0.63,0.630
B-databased,04_DAOU/EXPERIMENT/databased_sim/results.csv,interp|C5a,,Spearman-diff,raw,reject_rate,0.06,0.060
B-databased,04_DAOU/EXPERIMENT/databased_sim/results.csv,interp|C5a,,Spearman-diff,raw,localised_power,0.005,0.005
B-databased,04_DAOU/EXPERIMENT/databased_sim/results.csv,interp|C5a,,CvM-sub,raw,reject_rate,0.51,0.510
B-databased,04_DAOU/EXPERIMENT/databased_sim/results.csv,interp|C5a,,CvM-sub,raw,localised_power,0.335,0.335
B-databased,04_DAOU/EXPERIMENT/databased_sim/results.csv,interp|C5a,,CopulaCvM,raw,reject_rate,1.0,1.000
B-databased,04_DAOU/EXPERIMENT/databased_sim/results.csv,interp|C5a,,CopulaCvM,raw,localised_power,0.94,0.940
B-databased,04_DAOU/EXPERIMENT/databased_sim/results.csv,interp|C5b,,DOMI,stud,reject_rate,1.0,1.000
B-databased,04_DAOU/EXPERIMENT/databased_sim/results.csv,interp|C5b,,DOMI,stud,localised_power,0.66,0.660
B-databased,04_DAOU/EXPERIMENT/databased_sim/results.csv,interp|C5b,,HSIC-diff,stud,reject_rate,1.0,1.000
B-databased,04_DAOU/EXPERIMENT/databased_sim/results.csv,interp|C5b,,HSIC-diff,stud,localised_power,0.59,0.590
B-databased,04_DAOU/EXPERIMENT/databased_sim/results.csv,interp|C5b,,dCor-diff,stud,reject_rate,0.94,0.940
B-databased,04_DAOU/EXPERIMENT/databased_sim/results.csv,interp|C5b,,dCor-diff,stud,localised_power,0.7,0.700
B-databased,04_DAOU/EXPERIMENT/databased_sim/results.csv,interp|C5b,,Spearman-diff,raw,reject_rate,0.045,0.045
B-databased,04_DAOU/EXPERIMENT/databased_sim/results.csv,interp|C5b,,Spearman-diff,raw,localised_power,0.0,0.000
B-databased,04_DAOU/EXPERIMENT/databased_sim/results.csv,interp|C5b,,CvM-sub,raw,reject_rate,0.435,0.435
B-databased,04_DAOU/EXPERIMENT/databased_sim/results.csv,interp|C5b,,CvM-sub,raw,localised_power,0.325,0.325
B-databased,04_DAOU/EXPERIMENT/databased_sim/results.csv,interp|C5b,,CopulaCvM,raw,reject_rate,1.0,1.000
B-databased,04_DAOU/EXPERIMENT/databased_sim/results.csv,interp|C5b,,CopulaCvM,raw,localised_power,0.97,0.970
B-databased,04_DAOU/EXPERIMENT/databased_sim/results.csv,rounded|C0,,DOMI,stud,reject_rate,0.07,0.070
B-databased,04_DAOU/EXPERIMENT/databased_sim/results.csv,rounded|C0,,DOMI,stud,localised_power,0.005,0.005
B-databased,04_DAOU/EXPERIMENT/databased_sim/results.csv,rounded|C0,,HSIC-diff,stud,reject_rate,0.075,0.075
B-databased,04_DAOU/EXPERIMENT/databased_sim/results.csv,rounded|C0,,HSIC-diff,stud,localised_power,0.0,0.000
B-databased,04_DAOU/EXPERIMENT/databased_sim/results.csv,rounded|C0,,dCor-diff,stud,reject_rate,0.08,0.080
B-databased,04_DAOU/EXPERIMENT/databased_sim/results.csv,rounded|C0,,dCor-diff,stud,localised_power,0.0,0.000
B-databased,04_DAOU/EXPERIMENT/databased_sim/results.csv,rounded|C0,,Spearman-diff,raw,reject_rate,0.075,0.075
B-databased,04_DAOU/EXPERIMENT/databased_sim/results.csv,rounded|C0,,Spearman-diff,raw,localised_power,0.005,0.005
B-databased,04_DAOU/EXPERIMENT/databased_sim/results.csv,rounded|C0,,CvM-sub,raw,reject_rate,0.06,0.060
B-databased,04_DAOU/EXPERIMENT/databased_sim/results.csv,rounded|C0,,CvM-sub,raw,localised_power,0.02,0.020
B-databased,04_DAOU/EXPERIMENT/databased_sim/results.csv,rounded|C0,,CopulaCvM,raw,reject_rate,0.045,0.045
B-databased,04_DAOU/EXPERIMENT/databased_sim/results.csv,rounded|C0,,CopulaCvM,raw,localised_power,0.0,0.000
B-databased,04_DAOU/EXPERIMENT/databased_sim/results.csv,rounded|C1,,DOMI,stud,reject_rate,1.0,1.000
B-databased,04_DAOU/EXPERIMENT/databased_sim/results.csv,rounded|C1,,DOMI,stud,localised_power,0.0,0.000
B-databased,04_DAOU/EXPERIMENT/databased_sim/results.csv,rounded|C1,,HSIC-diff,stud,reject_rate,1.0,1.000
B-databased,04_DAOU/EXPERIMENT/databased_sim/results.csv,rounded|C1,,HSIC-diff,stud,localised_power,0.0,0.000
B-databased,04_DAOU/EXPERIMENT/databased_sim/results.csv,rounded|C1,,dCor-diff,stud,reject_rate,1.0,1.000
B-databased,04_DAOU/EXPERIMENT/databased_sim/results.csv,rounded|C1,,dCor-diff,stud,localised_power,0.0,0.000
B-databased,04_DAOU/EXPERIMENT/databased_sim/results.csv,rounded|C1,,Spearman-diff,raw,reject_rate,1.0,1.000
B-databased,04_DAOU/EXPERIMENT/databased_sim/results.csv,rounded|C1,,Spearman-diff,raw,localised_power,0.0,0.000
B-databased,04_DAOU/EXPERIMENT/databased_sim/results.csv,rounded|C1,,CvM-sub,raw,reject_rate,1.0,1.000
B-databased,04_DAOU/EXPERIMENT/databased_sim/results.csv,rounded|C1,,CvM-sub,raw,localised_power,0.0,0.000
B-databased,04_DAOU/EXPERIMENT/databased_sim/results.csv,rounded|C1,,CopulaCvM,raw,reject_rate,1.0,1.000
B-databased,04_DAOU/EXPERIMENT/databased_sim/results.csv,rounded|C1,,CopulaCvM,raw,localised_power,1.0,1.000
B-databased,04_DAOU/EXPERIMENT/databased_sim/results.csv,rounded|C2a,,DOMI,stud,reject_rate,1.0,1.000
B-databased,04_DAOU/EXPERIMENT/databased_sim/results.csv,rounded|C2a,,DOMI,stud,localised_power,0.615,0.615
B-databased,04_DAOU/EXPERIMENT/databased_sim/results.csv,rounded|C2a,,HSIC-diff,stud,reject_rate,1.0,1.000
B-databased,04_DAOU/EXPERIMENT/databased_sim/results.csv,rounded|C2a,,HSIC-diff,stud,localised_power,0.56,0.560
B-databased,04_DAOU/EXPERIMENT/databased_sim/results.csv,rounded|C2a,,dCor-diff,stud,reject_rate,0.92,0.920
B-databased,04_DAOU/EXPERIMENT/databased_sim/results.csv,rounded|C2a,,dCor-diff,stud,localised_power,0.705,0.705
B-databased,04_DAOU/EXPERIMENT/databased_sim/results.csv,rounded|C2a,,Spearman-diff,raw,reject_rate,0.09,0.090
B-databased,04_DAOU/EXPERIMENT/databased_sim/results.csv,rounded|C2a,,Spearman-diff,raw,localised_power,0.02,0.020
B-databased,04_DAOU/EXPERIMENT/databased_sim/results.csv,rounded|C2a,,CvM-sub,raw,reject_rate,0.445,0.445
B-databased,04_DAOU/EXPERIMENT/databased_sim/results.csv,rounded|C2a,,CvM-sub,raw,localised_power,0.315,0.315
B-databased,04_DAOU/EXPERIMENT/databased_sim/results.csv,rounded|C2a,,CopulaCvM,raw,reject_rate,0.055,0.055
B-databased,04_DAOU/EXPERIMENT/databased_sim/results.csv,rounded|C2a,,CopulaCvM,raw,localised_power,0.0,0.000
B-databased,04_DAOU/EXPERIMENT/databased_sim/results.csv,rounded|C2b,,DOMI,stud,reject_rate,1.0,1.000
B-databased,04_DAOU/EXPERIMENT/databased_sim/results.csv,rounded|C2b,,DOMI,stud,localised_power,0.68,0.680
B-databased,04_DAOU/EXPERIMENT/databased_sim/results.csv,rounded|C2b,,HSIC-diff,stud,reject_rate,1.0,1.000
B-databased,04_DAOU/EXPERIMENT/databased_sim/results.csv,rounded|C2b,,HSIC-diff,stud,localised_power,0.68,0.680
B-databased,04_DAOU/EXPERIMENT/databased_sim/results.csv,rounded|C2b,,dCor-diff,stud,reject_rate,0.935,0.935
B-databased,04_DAOU/EXPERIMENT/databased_sim/results.csv,rounded|C2b,,dCor-diff,stud,localised_power,0.68,0.680
B-databased,04_DAOU/EXPERIMENT/databased_sim/results.csv,rounded|C2b,,Spearman-diff,raw,reject_rate,0.075,0.075
B-databased,04_DAOU/EXPERIMENT/databased_sim/results.csv,rounded|C2b,,Spearman-diff,raw,localised_power,0.005,0.005
B-databased,04_DAOU/EXPERIMENT/databased_sim/results.csv,rounded|C2b,,CvM-sub,raw,reject_rate,0.49,0.490
B-databased,04_DAOU/EXPERIMENT/databased_sim/results.csv,rounded|C2b,,CvM-sub,raw,localised_power,0.33,0.330
B-databased,04_DAOU/EXPERIMENT/databased_sim/results.csv,rounded|C2b,,CopulaCvM,raw,reject_rate,0.055,0.055
B-databased,04_DAOU/EXPERIMENT/databased_sim/results.csv,rounded|C2b,,CopulaCvM,raw,localised_power,0.005,0.005
B-databased,04_DAOU/EXPERIMENT/databased_sim/results.csv,rounded|C3a,,DOMI,stud,reject_rate,1.0,1.000
B-databased,04_DAOU/EXPERIMENT/databased_sim/results.csv,rounded|C3a,,DOMI,stud,localised_power,0.0,0.000
B-databased,04_DAOU/EXPERIMENT/databased_sim/results.csv,rounded|C3a,,HSIC-diff,stud,reject_rate,1.0,1.000
B-databased,04_DAOU/EXPERIMENT/databased_sim/results.csv,rounded|C3a,,HSIC-diff,stud,localised_power,0.0,0.000
B-databased,04_DAOU/EXPERIMENT/databased_sim/results.csv,rounded|C3a,,dCor-diff,stud,reject_rate,1.0,1.000
B-databased,04_DAOU/EXPERIMENT/databased_sim/results.csv,rounded|C3a,,dCor-diff,stud,localised_power,0.0,0.000
B-databased,04_DAOU/EXPERIMENT/databased_sim/results.csv,rounded|C3a,,Spearman-diff,raw,reject_rate,1.0,1.000
B-databased,04_DAOU/EXPERIMENT/databased_sim/results.csv,rounded|C3a,,Spearman-diff,raw,localised_power,0.0,0.000
B-databased,04_DAOU/EXPERIMENT/databased_sim/results.csv,rounded|C3a,,CvM-sub,raw,reject_rate,1.0,1.000
B-databased,04_DAOU/EXPERIMENT/databased_sim/results.csv,rounded|C3a,,CvM-sub,raw,localised_power,0.0,0.000
B-databased,04_DAOU/EXPERIMENT/databased_sim/results.csv,rounded|C3a,,CopulaCvM,raw,reject_rate,1.0,1.000
B-databased,04_DAOU/EXPERIMENT/databased_sim/results.csv,rounded|C3a,,CopulaCvM,raw,localised_power,1.0,1.000
B-databased,04_DAOU/EXPERIMENT/databased_sim/results.csv,rounded|C3b,,DOMI,stud,reject_rate,1.0,1.000
B-databased,04_DAOU/EXPERIMENT/databased_sim/results.csv,rounded|C3b,,DOMI,stud,localised_power,0.0,0.000
B-databased,04_DAOU/EXPERIMENT/databased_sim/results.csv,rounded|C3b,,HSIC-diff,stud,reject_rate,1.0,1.000
B-databased,04_DAOU/EXPERIMENT/databased_sim/results.csv,rounded|C3b,,HSIC-diff,stud,localised_power,0.0,0.000
B-databased,04_DAOU/EXPERIMENT/databased_sim/results.csv,rounded|C3b,,dCor-diff,stud,reject_rate,1.0,1.000
B-databased,04_DAOU/EXPERIMENT/databased_sim/results.csv,rounded|C3b,,dCor-diff,stud,localised_power,0.0,0.000
B-databased,04_DAOU/EXPERIMENT/databased_sim/results.csv,rounded|C3b,,Spearman-diff,raw,reject_rate,1.0,1.000
B-databased,04_DAOU/EXPERIMENT/databased_sim/results.csv,rounded|C3b,,Spearman-diff,raw,localised_power,0.0,0.000
B-databased,04_DAOU/EXPERIMENT/databased_sim/results.csv,rounded|C3b,,CvM-sub,raw,reject_rate,1.0,1.000
B-databased,04_DAOU/EXPERIMENT/databased_sim/results.csv,rounded|C3b,,CvM-sub,raw,localised_power,0.0,0.000
B-databased,04_DAOU/EXPERIMENT/databased_sim/results.csv,rounded|C3b,,CopulaCvM,raw,reject_rate,1.0,1.000
B-databased,04_DAOU/EXPERIMENT/databased_sim/results.csv,rounded|C3b,,CopulaCvM,raw,localised_power,1.0,1.000
B-mctire,04_DAOU/EXPERIMENT/mctire/results.csv,S1_r0.35,,MCTIRE-AS,raw,detect_rate,0.038,0.038
B-mctire,04_DAOU/EXPERIMENT/mctire/results.csv,S1_r0.35,,MCTIRE-AS,raw,power_localised,0.022,0.022
B-mctire,04_DAOU/EXPERIMENT/mctire/results.csv,S1_r0.35,,MCTIRE-AS,studentised,detect_rate,0.036,0.036
B-mctire,04_DAOU/EXPERIMENT/mctire/results.csv,S1_r0.35,,MCTIRE-AS,studentised,power_localised,0.022,0.022
B-mctire,04_DAOU/EXPERIMENT/mctire/results.csv,S1_r0.35,,MCTIRE-sum,raw,detect_rate,0.026,0.026
B-mctire,04_DAOU/EXPERIMENT/mctire/results.csv,S1_r0.35,,MCTIRE-sum,raw,power_localised,0.002,0.002
B-mctire,04_DAOU/EXPERIMENT/mctire/results.csv,S1_r0.35,,MCTIRE-sum,studentised,detect_rate,0.032,0.032
B-mctire,04_DAOU/EXPERIMENT/mctire/results.csv,S1_r0.35,,MCTIRE-sum,studentised,power_localised,0.0,0.000
B-mctire,04_DAOU/EXPERIMENT/mctire/results.csv,S2_a0.7,,MCTIRE-AS,raw,detect_rate,0.108,0.108
B-mctire,04_DAOU/EXPERIMENT/mctire/results.csv,S2_a0.7,,MCTIRE-AS,raw,power_localised,0.01,0.010
B-mctire,04_DAOU/EXPERIMENT/mctire/results.csv,S2_a0.7,,MCTIRE-AS,studentised,detect_rate,0.104,0.104
B-mctire,04_DAOU/EXPERIMENT/mctire/results.csv,S2_a0.7,,MCTIRE-AS,studentised,power_localised,0.01,0.010
B-mctire,04_DAOU/EXPERIMENT/mctire/results.csv,S2_a0.7,,MCTIRE-sum,raw,detect_rate,0.018,0.018
B-mctire,04_DAOU/EXPERIMENT/mctire/results.csv,S2_a0.7,,MCTIRE-sum,raw,power_localised,0.0,0.000
B-mctire,04_DAOU/EXPERIMENT/mctire/results.csv,S2_a0.7,,MCTIRE-sum,studentised,detect_rate,0.014,0.014
B-mctire,04_DAOU/EXPERIMENT/mctire/results.csv,S2_a0.7,,MCTIRE-sum,studentised,power_localised,0.0,0.000
B-mctire,04_DAOU/EXPERIMENT/mctire/results.csv,S2_a0.9,,MCTIRE-AS,raw,detect_rate,0.104,0.104
B-mctire,04_DAOU/EXPERIMENT/mctire/results.csv,S2_a0.9,,MCTIRE-AS,raw,power_localised,0.004,0.004
B-mctire,04_DAOU/EXPERIMENT/mctire/results.csv,S2_a0.9,,MCTIRE-AS,studentised,detect_rate,0.104,0.104
B-mctire,04_DAOU/EXPERIMENT/mctire/results.csv,S2_a0.9,,MCTIRE-AS,studentised,power_localised,0.004,0.004
B-mctire,04_DAOU/EXPERIMENT/mctire/results.csv,S2_a0.9,,MCTIRE-sum,raw,detect_rate,0.008,0.008
B-mctire,04_DAOU/EXPERIMENT/mctire/results.csv,S2_a0.9,,MCTIRE-sum,raw,power_localised,0.002,0.002
B-mctire,04_DAOU/EXPERIMENT/mctire/results.csv,S2_a0.9,,MCTIRE-sum,studentised,detect_rate,0.008,0.008
B-mctire,04_DAOU/EXPERIMENT/mctire/results.csv,S2_a0.9,,MCTIRE-sum,studentised,power_localised,0.0,0.000
B-mctire,04_DAOU/EXPERIMENT/mctire/results.csv,S3_tau0.5,,MCTIRE-AS,raw,detect_rate,0.084,0.084
B-mctire,04_DAOU/EXPERIMENT/mctire/results.csv,S3_tau0.5,,MCTIRE-AS,raw,power_localised,0.006,0.006
B-mctire,04_DAOU/EXPERIMENT/mctire/results.csv,S3_tau0.5,,MCTIRE-AS,studentised,detect_rate,0.088,0.088
B-mctire,04_DAOU/EXPERIMENT/mctire/results.csv,S3_tau0.5,,MCTIRE-AS,studentised,power_localised,0.006,0.006
B-mctire,04_DAOU/EXPERIMENT/mctire/results.csv,S3_tau0.5,,MCTIRE-sum,raw,detect_rate,0.094,0.094
B-mctire,04_DAOU/EXPERIMENT/mctire/results.csv,S3_tau0.5,,MCTIRE-sum,raw,power_localised,0.012,0.012
B-mctire,04_DAOU/EXPERIMENT/mctire/results.csv,S3_tau0.5,,MCTIRE-sum,studentised,detect_rate,0.088,0.088
B-mctire,04_DAOU/EXPERIMENT/mctire/results.csv,S3_tau0.5,,MCTIRE-sum,studentised,power_localised,0.008,0.008
B-mctire,04_DAOU/EXPERIMENT/mctire/results.csv,S4_r0.7,,MCTIRE-AS,raw,detect_rate,0.036,0.036
B-mctire,04_DAOU/EXPERIMENT/mctire/results.csv,S4_r0.7,,MCTIRE-AS,raw,power_localised,0.0,0.000
B-mctire,04_DAOU/EXPERIMENT/mctire/results.csv,S4_r0.7,,MCTIRE-AS,studentised,detect_rate,0.032,0.032
B-mctire,04_DAOU/EXPERIMENT/mctire/results.csv,S4_r0.7,,MCTIRE-AS,studentised,power_localised,0.0,0.000
B-mctire,04_DAOU/EXPERIMENT/mctire/results.csv,S4_r0.7,,MCTIRE-sum,raw,detect_rate,0.08,0.080
B-mctire,04_DAOU/EXPERIMENT/mctire/results.csv,S4_r0.7,,MCTIRE-sum,raw,power_localised,0.002,0.002
B-mctire,04_DAOU/EXPERIMENT/mctire/results.csv,S4_r0.7,,MCTIRE-sum,studentised,detect_rate,0.076,0.076
B-mctire,04_DAOU/EXPERIMENT/mctire/results.csv,S4_r0.7,,MCTIRE-sum,studentised,power_localised,0.002,0.002
B-mctire,04_DAOU/EXPERIMENT/mctire/results.csv,S4_r0.85,,MCTIRE-AS,raw,detect_rate,0.018,0.018
B-mctire,04_DAOU/EXPERIMENT/mctire/results.csv,S4_r0.85,,MCTIRE-AS,raw,power_localised,0.0,0.000
B-mctire,04_DAOU/EXPERIMENT/mctire/results.csv,S4_r0.85,,MCTIRE-AS,studentised,detect_rate,0.014,0.014
B-mctire,04_DAOU/EXPERIMENT/mctire/results.csv,S4_r0.85,,MCTIRE-AS,studentised,power_localised,0.0,0.000
B-mctire,04_DAOU/EXPERIMENT/mctire/results.csv,S4_r0.85,,MCTIRE-sum,raw,detect_rate,0.032,0.032
B-mctire,04_DAOU/EXPERIMENT/mctire/results.csv,S4_r0.85,,MCTIRE-sum,raw,power_localised,0.002,0.002
B-mctire,04_DAOU/EXPERIMENT/mctire/results.csv,S4_r0.85,,MCTIRE-sum,studentised,detect_rate,0.032,0.032
B-mctire,04_DAOU/EXPERIMENT/mctire/results.csv,S4_r0.85,,MCTIRE-sum,studentised,power_localised,0.002,0.002
B-mctire,04_DAOU/EXPERIMENT/mctire/results.csv,G1_nu2,,MCTIRE-AS,raw,detect_rate,0.106,0.106
B-mctire,04_DAOU/EXPERIMENT/mctire/results.csv,G1_nu2,,MCTIRE-AS,raw,power_localised,0.006,0.006
B-mctire,04_DAOU/EXPERIMENT/mctire/results.csv,G1_nu2,,MCTIRE-AS,studentised,detect_rate,0.108,0.108
B-mctire,04_DAOU/EXPERIMENT/mctire/results.csv,G1_nu2,,MCTIRE-AS,studentised,power_localised,0.006,0.006
B-mctire,04_DAOU/EXPERIMENT/mctire/results.csv,G1_nu2,,MCTIRE-sum,raw,detect_rate,0.09,0.090
B-mctire,04_DAOU/EXPERIMENT/mctire/results.csv,G1_nu2,,MCTIRE-sum,raw,power_localised,0.01,0.010
B-mctire,04_DAOU/EXPERIMENT/mctire/results.csv,G1_nu2,,MCTIRE-sum,studentised,detect_rate,0.088,0.088
B-mctire,04_DAOU/EXPERIMENT/mctire/results.csv,G1_nu2,,MCTIRE-sum,studentised,power_localised,0.014,0.014
B-mctire,04_DAOU/EXPERIMENT/mctire/results.csv,G2_tau0.2,,MCTIRE-AS,raw,detect_rate,0.042,0.042
B-mctire,04_DAOU/EXPERIMENT/mctire/results.csv,G2_tau0.2,,MCTIRE-AS,raw,power_localised,0.018,0.018
B-mctire,04_DAOU/EXPERIMENT/mctire/results.csv,G2_tau0.2,,MCTIRE-AS,studentised,detect_rate,0.032,0.032
B-mctire,04_DAOU/EXPERIMENT/mctire/results.csv,G2_tau0.2,,MCTIRE-AS,studentised,power_localised,0.016,0.016
B-mctire,04_DAOU/EXPERIMENT/mctire/results.csv,G2_tau0.2,,MCTIRE-sum,raw,detect_rate,0.032,0.032
B-mctire,04_DAOU/EXPERIMENT/mctire/results.csv,G2_tau0.2,,MCTIRE-sum,raw,power_localised,0.004,0.004
B-mctire,04_DAOU/EXPERIMENT/mctire/results.csv,G2_tau0.2,,MCTIRE-sum,studentised,detect_rate,0.042,0.042
B-mctire,04_DAOU/EXPERIMENT/mctire/results.csv,G2_tau0.2,,MCTIRE-sum,studentised,power_localised,0.01,0.010
B-mctire,04_DAOU/EXPERIMENT/mctire/results.csv,G4_a0.5,,MCTIRE-AS,raw,detect_rate,0.084,0.084
B-mctire,04_DAOU/EXPERIMENT/mctire/results.csv,G4_a0.5,,MCTIRE-AS,raw,power_localised,0.01,0.010
B-mctire,04_DAOU/EXPERIMENT/mctire/results.csv,G4_a0.5,,MCTIRE-AS,studentised,detect_rate,0.07,0.070
B-mctire,04_DAOU/EXPERIMENT/mctire/results.csv,G4_a0.5,,MCTIRE-AS,studentised,power_localised,0.012,0.012
B-mctire,04_DAOU/EXPERIMENT/mctire/results.csv,G4_a0.5,,MCTIRE-sum,raw,detect_rate,0.02,0.020
B-mctire,04_DAOU/EXPERIMENT/mctire/results.csv,G4_a0.5,,MCTIRE-sum,raw,power_localised,0.002,0.002
B-mctire,04_DAOU/EXPERIMENT/mctire/results.csv,G4_a0.5,,MCTIRE-sum,studentised,detect_rate,0.014,0.014
B-mctire,04_DAOU/EXPERIMENT/mctire/results.csv,G4_a0.5,,MCTIRE-sum,studentised,power_localised,0.002,0.002
B-mctire,04_DAOU/EXPERIMENT/mctire/results.csv,G6_b0.3,,MCTIRE-AS,raw,detect_rate,0.07,0.070
B-mctire,04_DAOU/EXPERIMENT/mctire/results.csv,G6_b0.3,,MCTIRE-AS,raw,power_localised,0.014,0.014
B-mctire,04_DAOU/EXPERIMENT/mctire/results.csv,G6_b0.3,,MCTIRE-AS,studentised,detect_rate,0.07,0.070
B-mctire,04_DAOU/EXPERIMENT/mctire/results.csv,G6_b0.3,,MCTIRE-AS,studentised,power_localised,0.014,0.014
B-mctire,04_DAOU/EXPERIMENT/mctire/results.csv,G6_b0.3,,MCTIRE-sum,raw,detect_rate,0.072,0.072
B-mctire,04_DAOU/EXPERIMENT/mctire/results.csv,G6_b0.3,,MCTIRE-sum,raw,power_localised,0.012,0.012
B-mctire,04_DAOU/EXPERIMENT/mctire/results.csv,G6_b0.3,,MCTIRE-sum,studentised,detect_rate,0.06,0.060
B-mctire,04_DAOU/EXPERIMENT/mctire/results.csv,G6_b0.3,,MCTIRE-sum,studentised,power_localised,0.01,0.010
B-mctire,04_DAOU/EXPERIMENT/mctire/results.csv,G6_b0.5,,MCTIRE-AS,raw,detect_rate,0.106,0.106
B-mctire,04_DAOU/EXPERIMENT/mctire/results.csv,G6_b0.5,,MCTIRE-AS,raw,power_localised,0.012,0.012
B-mctire,04_DAOU/EXPERIMENT/mctire/results.csv,G6_b0.5,,MCTIRE-AS,studentised,detect_rate,0.106,0.106
B-mctire,04_DAOU/EXPERIMENT/mctire/results.csv,G6_b0.5,,MCTIRE-AS,studentised,power_localised,0.008,0.008
B-mctire,04_DAOU/EXPERIMENT/mctire/results.csv,G6_b0.5,,MCTIRE-sum,raw,detect_rate,0.07,0.070
B-mctire,04_DAOU/EXPERIMENT/mctire/results.csv,G6_b0.5,,MCTIRE-sum,raw,power_localised,0.006,0.006
B-mctire,04_DAOU/EXPERIMENT/mctire/results.csv,G6_b0.5,,MCTIRE-sum,studentised,detect_rate,0.07,0.070
B-mctire,04_DAOU/EXPERIMENT/mctire/results.csv,G6_b0.5,,MCTIRE-sum,studentised,power_localised,0.006,0.006
B-mctire,04_DAOU/EXPERIMENT/mctire/results.csv,M1_s2,,MCTIRE-AS,raw,detect_rate,0.286,0.286
B-mctire,04_DAOU/EXPERIMENT/mctire/results.csv,M1_s2,,MCTIRE-AS,raw,power_localised,0.194,0.194
B-mctire,04_DAOU/EXPERIMENT/mctire/results.csv,M1_s2,,MCTIRE-AS,studentised,detect_rate,0.316,0.316
B-mctire,04_DAOU/EXPERIMENT/mctire/results.csv,M1_s2,,MCTIRE-AS,studentised,power_localised,0.216,0.216
B-mctire,04_DAOU/EXPERIMENT/mctire/results.csv,M1_s2,,MCTIRE-sum,raw,detect_rate,0.082,0.082
B-mctire,04_DAOU/EXPERIMENT/mctire/results.csv,M1_s2,,MCTIRE-sum,raw,power_localised,0.034,0.034
B-mctire,04_DAOU/EXPERIMENT/mctire/results.csv,M1_s2,,MCTIRE-sum,studentised,detect_rate,0.086,0.086
B-mctire,04_DAOU/EXPERIMENT/mctire/results.csv,M1_s2,,MCTIRE-sum,studentised,power_localised,0.04,0.040
B-cost,04_DAOU/EXPERIMENT/cost_compare/records.csv,dense,600,DOMI,cpu,median_seconds,16.8305,16.8
B-cost,04_DAOU/EXPERIMENT/cost_compare/records.csv,dense,2400,DOMI,cpu,median_seconds,78.0655,78.1
B-cost,04_DAOU/EXPERIMENT/cost_compare/records.csv,dense,9600,DOMI,cpu,median_seconds,340.83050000000003,341
B-cost,04_DAOU/EXPERIMENT/cost_compare/records.csv,fixed,600,DOMI,cpu,median_seconds,5.375500000000001,5.38
B-cost,04_DAOU/EXPERIMENT/cost_compare/records.csv,fixed,2400,DOMI,cpu,median_seconds,5.3195,5.32
B-cost,04_DAOU/EXPERIMENT/cost_compare/records.csv,fixed,9600,DOMI,cpu,median_seconds,5.889,5.89
B-cost,04_DAOU/EXPERIMENT/cost_compare/records.csv,fixed,38400,DOMI,cpu,median_seconds,7.589,7.59
B-cost,04_DAOU/EXPERIMENT/cost_compare/records.csv,fixed,76800,DOMI,cpu,median_seconds,10.350000000000001,10.4
B-cost,04_DAOU/EXPERIMENT/cost_compare/records.csv,dense,600,Gram,cpu,median_seconds,231.918,232
B-cost,04_DAOU/EXPERIMENT/cost_compare/records.csv,fixed,600,Gram,cpu,median_seconds,254.0615,254
B-cost,04_DAOU/EXPERIMENT/cost_compare/records.csv,dense,600,HSIC-diff,cpu,median_seconds,1.226,1.23
B-cost,04_DAOU/EXPERIMENT/cost_compare/records.csv,dense,2400,HSIC-diff,cpu,median_seconds,3.7555,3.76
B-cost,04_DAOU/EXPERIMENT/cost_compare/records.csv,dense,9600,HSIC-diff,cpu,median_seconds,14.477,14.5
B-cost,04_DAOU/EXPERIMENT/cost_compare/records.csv,fixed,600,HSIC-diff,cpu,median_seconds,0.754,0.754
B-cost,04_DAOU/EXPERIMENT/cost_compare/records.csv,fixed,2400,HSIC-diff,cpu,median_seconds,1.0285,1.03
B-cost,04_DAOU/EXPERIMENT/cost_compare/records.csv,fixed,9600,HSIC-diff,cpu,median_seconds,1.798,1.80
B-cost,04_DAOU/EXPERIMENT/cost_compare/records.csv,fixed,38400,HSIC-diff,cpu,median_seconds,5.8765,5.88
B-cost,04_DAOU/EXPERIMENT/cost_compare/records.csv,fixed,76800,HSIC-diff,cpu,median_seconds,12.383,12.4
B-cost,04_DAOU/EXPERIMENT/cost_compare/records.csv,dense,600,dCor-diff,cpu,median_seconds,4.462,4.46
B-cost,04_DAOU/EXPERIMENT/cost_compare/records.csv,dense,2400,dCor-diff,cpu,median_seconds,50.822,50.8
B-cost,04_DAOU/EXPERIMENT/cost_compare/records.csv,dense,9600,dCor-diff,cpu,median_seconds,754.8845,755
B-cost,04_DAOU/EXPERIMENT/cost_compare/records.csv,fixed,600,dCor-diff,cpu,median_seconds,4.6265,4.63
B-cost,04_DAOU/EXPERIMENT/cost_compare/records.csv,fixed,2400,dCor-diff,cpu,median_seconds,54.3815,54.4
B-cost,04_DAOU/EXPERIMENT/cost_compare/records.csv,fixed,9600,dCor-diff,cpu,median_seconds,760.2975,760
B-cost,04_DAOU/EXPERIMENT/cost_compare/records.csv,dense,600,Spearman-diff,cpu,median_seconds,1.2425000000000002,1.24
B-cost,04_DAOU/EXPERIMENT/cost_compare/records.csv,dense,2400,Spearman-diff,cpu,median_seconds,5.183,5.18
B-cost,04_DAOU/EXPERIMENT/cost_compare/records.csv,dense,9600,Spearman-diff,cpu,median_seconds,20.7795,20.8
B-cost,04_DAOU/EXPERIMENT/cost_compare/records.csv,fixed,600,Spearman-diff,cpu,median_seconds,0.4635,0.464
B-cost,04_DAOU/EXPERIMENT/cost_compare/records.csv,fixed,2400,Spearman-diff,cpu,median_seconds,0.647,0.647
B-cost,04_DAOU/EXPERIMENT/cost_compare/records.csv,fixed,9600,Spearman-diff,cpu,median_seconds,0.8614999999999999,0.861
B-cost,04_DAOU/EXPERIMENT/cost_compare/records.csv,fixed,38400,Spearman-diff,cpu,median_seconds,0.922,0.922
B-cost,04_DAOU/EXPERIMENT/cost_compare/records.csv,fixed,76800,Spearman-diff,cpu,median_seconds,1.8355000000000001,1.84
B-cost,04_DAOU/EXPERIMENT/cost_compare/records.csv,dense,600,CvM-sub,cpu,median_seconds,8.974499999999999,8.97
B-cost,04_DAOU/EXPERIMENT/cost_compare/records.csv,dense,2400,CvM-sub,cpu,median_seconds,439.64300000000003,440
B-cost,04_DAOU/EXPERIMENT/cost_compare/records.csv,fixed,600,CvM-sub,cpu,median_seconds,7.027,7.03
B-cost,04_DAOU/EXPERIMENT/cost_compare/records.csv,fixed,2400,CvM-sub,cpu,median_seconds,404.1995,404
B-cost,04_DAOU/EXPERIMENT/cost_compare/records.csv,dense,600,CopulaCvM,cpu,median_seconds,1.4485000000000001,1.45
B-cost,04_DAOU/EXPERIMENT/cost_compare/records.csv,dense,2400,CopulaCvM,cpu,median_seconds,19.563499999999998,19.6
B-cost,04_DAOU/EXPERIMENT/cost_compare/records.csv,dense,9600,CopulaCvM,cpu,median_seconds,396.5635,397
B-cost,04_DAOU/EXPERIMENT/cost_compare/records.csv,fixed,600,CopulaCvM,cpu,median_seconds,1.2805,1.28
B-cost,04_DAOU/EXPERIMENT/cost_compare/records.csv,fixed,2400,CopulaCvM,cpu,median_seconds,18.8355,18.8
B-cost,04_DAOU/EXPERIMENT/cost_compare/records.csv,fixed,9600,CopulaCvM,cpu,median_seconds,383.247,383
B-signflip,04_DAOU/EXPERIMENT/signflip/results.csv,r=0.35,0.35,DOMI-diff,gs,detect_rate,0.28,0.280
B-signflip,04_DAOU/EXPERIMENT/signflip/results.csv,r=0.35,0.35,DOMI-diff,gs,power_localised,0.002,0.002
B-signflip,04_DAOU/EXPERIMENT/signflip/results.csv,r=0.7,0.7,DOMI-diff,gs,detect_rate,1.0,1.000
B-signflip,04_DAOU/EXPERIMENT/signflip/results.csv,r=0.7,0.7,DOMI-diff,gs,power_localised,0.0,0.000
B-signflip,04_DAOU/EXPERIMENT/signflip/results.csv,r=0.35,0.35,matmi-a1,gs,detect_rate,0.312,0.312
B-signflip,04_DAOU/EXPERIMENT/signflip/results.csv,r=0.35,0.35,matmi-a1,gs,power_localised,0.002,0.002
B-signflip,04_DAOU/EXPERIMENT/signflip/results.csv,r=0.7,0.7,matmi-a1,gs,detect_rate,1.0,1.000
B-signflip,04_DAOU/EXPERIMENT/signflip/results.csv,r=0.7,0.7,matmi-a1,gs,power_localised,0.0,0.000
B-signflip,04_DAOU/EXPERIMENT/signflip/results.csv,r=0.35,0.35,HSIC-diff,gs,detect_rate,0.172,0.172
B-signflip,04_DAOU/EXPERIMENT/signflip/results.csv,r=0.35,0.35,HSIC-diff,gs,power_localised,0.0,0.000
B-signflip,04_DAOU/EXPERIMENT/signflip/results.csv,r=0.7,0.7,HSIC-diff,gs,detect_rate,0.99,0.990
B-signflip,04_DAOU/EXPERIMENT/signflip/results.csv,r=0.7,0.7,HSIC-diff,gs,power_localised,0.0,0.000
B-signflip,04_DAOU/EXPERIMENT/signflip/results.csv,r=0.35,0.35,dCor-diff,gs,detect_rate,0.928,0.928
B-signflip,04_DAOU/EXPERIMENT/signflip/results.csv,r=0.35,0.35,dCor-diff,gs,power_localised,0.0,0.000
B-signflip,04_DAOU/EXPERIMENT/signflip/results.csv,r=0.7,0.7,dCor-diff,gs,detect_rate,1.0,1.000
B-signflip,04_DAOU/EXPERIMENT/signflip/results.csv,r=0.7,0.7,dCor-diff,gs,power_localised,0.0,0.000
B-signflip,04_DAOU/EXPERIMENT/signflip/results.csv,r=0.35,0.35,Spearman-diff,g,detect_rate,1.0,1.000
B-signflip,04_DAOU/EXPERIMENT/signflip/results.csv,r=0.35,0.35,Spearman-diff,g,power_localised,0.98,0.980
B-signflip,04_DAOU/EXPERIMENT/signflip/results.csv,r=0.7,0.7,Spearman-diff,g,detect_rate,1.0,1.000
B-signflip,04_DAOU/EXPERIMENT/signflip/results.csv,r=0.7,0.7,Spearman-diff,g,power_localised,1.0,1.000
B-signflip,04_DAOU/EXPERIMENT/signflip/results.csv,r=0.35,0.35,CvM-sub,g,detect_rate,1.0,1.000
B-signflip,04_DAOU/EXPERIMENT/signflip/results.csv,r=0.35,0.35,CvM-sub,g,power_localised,0.98,0.980
B-signflip,04_DAOU/EXPERIMENT/signflip/results.csv,r=0.7,0.7,CvM-sub,g,detect_rate,1.0,1.000
B-signflip,04_DAOU/EXPERIMENT/signflip/results.csv,r=0.7,0.7,CvM-sub,g,power_localised,1.0,1.000
B-signflip,04_DAOU/EXPERIMENT/signflip/results.csv,r=0.35,0.35,CopulaCvM,g,detect_rate,0.672,0.672
B-signflip,04_DAOU/EXPERIMENT/signflip/results.csv,r=0.35,0.35,CopulaCvM,g,power_localised,0.398,0.398
B-signflip,04_DAOU/EXPERIMENT/signflip/results.csv,r=0.7,0.7,CopulaCvM,g,detect_rate,1.0,1.000
B-signflip,04_DAOU/EXPERIMENT/signflip/results.csv,r=0.7,0.7,CopulaCvM,g,power_localised,0.938,0.938
B-signflip,04_DAOU/EXPERIMENT/signflip/results.csv,r=0.35,0.35,CorrCUSUM,g,detect_rate,1.0,1.000
B-signflip,04_DAOU/EXPERIMENT/signflip/results.csv,r=0.35,0.35,CorrCUSUM,g,power_localised,0.984,0.984
B-signflip,04_DAOU/EXPERIMENT/signflip/results.csv,r=0.7,0.7,CorrCUSUM,g,detect_rate,1.0,1.000
B-signflip,04_DAOU/EXPERIMENT/signflip/results.csv,r=0.7,0.7,CorrCUSUM,g,power_localised,0.998,0.998
B-signflip,04_DAOU/EXPERIMENT/signflip/results.csv,r=0.35,0.35,combined,gs,detect_rate,1.0,1.000
B-signflip,04_DAOU/EXPERIMENT/signflip/results.csv,r=0.35,0.35,combined,gs,power_localised,0.974,0.974
B-signflip,04_DAOU/EXPERIMENT/signflip/results.csv,r=0.7,0.7,combined,gs,detect_rate,1.0,1.000
B-signflip,04_DAOU/EXPERIMENT/signflip/results.csv,r=0.7,0.7,combined,gs,power_localised,1.0,1.000
B-bmctc-factorial,04_DAOU/EXPERIMENT/bmctc_factorial/results.csv,S4_r0.7,A,BMCTC-a1.01,raw,power_localised,0.33,0.33
B-bmctc-factorial,04_DAOU/EXPERIMENT/bmctc_factorial/results.csv,S4_r0.7,A,BMCTC-a1.01,studentised,power_localised,0.232,0.23
B-bmctc-factorial,04_DAOU/EXPERIMENT/bmctc_factorial/results.csv,S4_r0.85,A,BMCTC-a1.01,raw,power_localised,0.86,0.86
B-bmctc-factorial,04_DAOU/EXPERIMENT/bmctc_factorial/results.csv,S4_r0.85,A,BMCTC-a1.01,studentised,power_localised,0.798,0.80
B-bmctc-factorial,04_DAOU/EXPERIMENT/bmctc_factorial/results.csv,M1_s2,A,BMCTC-a1.01,raw,detect_rate,0.056,0.06
B-bmctc-factorial,04_DAOU/EXPERIMENT/bmctc_factorial/results.csv,M1_s2,A,BMCTC-a1.01,studentised,detect_rate,0.072,0.07
B-bmctc-factorial,04_DAOU/EXPERIMENT/bmctc_factorial/results.csv,S4_r0.7,A,BMCTC-a2,raw,power_localised,0.574,0.57
B-bmctc-factorial,04_DAOU/EXPERIMENT/bmctc_factorial/results.csv,S4_r0.7,A,BMCTC-a2,studentised,power_localised,0.506,0.51
B-bmctc-factorial,04_DAOU/EXPERIMENT/bmctc_factorial/results.csv,S4_r0.85,A,BMCTC-a2,raw,power_localised,0.94,0.94
B-bmctc-factorial,04_DAOU/EXPERIMENT/bmctc_factorial/results.csv,S4_r0.85,A,BMCTC-a2,studentised,power_localised,0.926,0.93
B-bmctc-factorial,04_DAOU/EXPERIMENT/bmctc_factorial/results.csv,M1_s2,A,BMCTC-a2,raw,detect_rate,0.054,0.05
B-bmctc-factorial,04_DAOU/EXPERIMENT/bmctc_factorial/results.csv,M1_s2,A,BMCTC-a2,studentised,detect_rate,0.042,0.04
B-bmctc-factorial,04_DAOU/EXPERIMENT/bmctc_factorial/results.csv,S4_r0.7,B,BMCTC-a1.01,raw,power_localised,0.248,0.25
B-bmctc-factorial,04_DAOU/EXPERIMENT/bmctc_factorial/results.csv,S4_r0.7,B,BMCTC-a1.01,studentised,power_localised,0.168,0.17
B-bmctc-factorial,04_DAOU/EXPERIMENT/bmctc_factorial/results.csv,S4_r0.85,B,BMCTC-a1.01,raw,power_localised,0.692,0.69
B-bmctc-factorial,04_DAOU/EXPERIMENT/bmctc_factorial/results.csv,S4_r0.85,B,BMCTC-a1.01,studentised,power_localised,0.626,0.63
B-bmctc-factorial,04_DAOU/EXPERIMENT/bmctc_factorial/results.csv,M1_s2,B,BMCTC-a1.01,raw,detect_rate,0.992,0.99
B-bmctc-factorial,04_DAOU/EXPERIMENT/bmctc_factorial/results.csv,M1_s2,B,BMCTC-a1.01,studentised,detect_rate,0.992,0.99
B-bmctc-factorial,04_DAOU/EXPERIMENT/bmctc_factorial/results.csv,S4_r0.7,B,BMCTC-a2,raw,power_localised,0.622,0.62
B-bmctc-factorial,04_DAOU/EXPERIMENT/bmctc_factorial/results.csv,S4_r0.7,B,BMCTC-a2,studentised,power_localised,0.46,0.46
B-bmctc-factorial,04_DAOU/EXPERIMENT/bmctc_factorial/results.csv,S4_r0.85,B,BMCTC-a2,raw,power_localised,0.9,0.90
B-bmctc-factorial,04_DAOU/EXPERIMENT/bmctc_factorial/results.csv,S4_r0.85,B,BMCTC-a2,studentised,power_localised,0.88,0.88
B-bmctc-factorial,04_DAOU/EXPERIMENT/bmctc_factorial/results.csv,M1_s2,B,BMCTC-a2,raw,detect_rate,0.566,0.57
B-bmctc-factorial,04_DAOU/EXPERIMENT/bmctc_factorial/results.csv,M1_s2,B,BMCTC-a2,studentised,detect_rate,0.488,0.49
B-bmctc-factorial,04_DAOU/EXPERIMENT/bmctc_factorial/results.csv,S4_r0.7,C,BMCTC-a1.01,raw,power_localised,0.136,0.14
B-bmctc-factorial,04_DAOU/EXPERIMENT/bmctc_factorial/results.csv,S4_r0.7,C,BMCTC-a1.01,studentised,power_localised,0.086,0.09
B-bmctc-factorial,04_DAOU/EXPERIMENT/bmctc_factorial/results.csv,S4_r0.85,C,BMCTC-a1.01,raw,power_localised,0.8,0.80
B-bmctc-factorial,04_DAOU/EXPERIMENT/bmctc_factorial/results.csv,S4_r0.85,C,BMCTC-a1.01,studentised,power_localised,0.674,0.67
B-bmctc-factorial,04_DAOU/EXPERIMENT/bmctc_factorial/results.csv,M1_s2,C,BMCTC-a1.01,raw,detect_rate,0.438,0.44
B-bmctc-factorial,04_DAOU/EXPERIMENT/bmctc_factorial/results.csv,M1_s2,C,BMCTC-a1.01,studentised,detect_rate,0.436,0.44
B-bmctc-factorial,04_DAOU/EXPERIMENT/bmctc_factorial/results.csv,S4_r0.7,C,BMCTC-a2,raw,power_localised,0.154,0.15
B-bmctc-factorial,04_DAOU/EXPERIMENT/bmctc_factorial/results.csv,S4_r0.7,C,BMCTC-a2,studentised,power_localised,0.098,0.10
B-bmctc-factorial,04_DAOU/EXPERIMENT/bmctc_factorial/results.csv,S4_r0.85,C,BMCTC-a2,raw,power_localised,0.77,0.77
B-bmctc-factorial,04_DAOU/EXPERIMENT/bmctc_factorial/results.csv,S4_r0.85,C,BMCTC-a2,studentised,power_localised,0.688,0.69
B-bmctc-factorial,04_DAOU/EXPERIMENT/bmctc_factorial/results.csv,M1_s2,C,BMCTC-a2,raw,detect_rate,0.128,0.13
B-bmctc-factorial,04_DAOU/EXPERIMENT/bmctc_factorial/results.csv,M1_s2,C,BMCTC-a2,studentised,detect_rate,0.104,0.10
B-bmctc-factorial,04_DAOU/EXPERIMENT/bmctc_factorial/results.csv,S4_r0.7,D,BMCTC-a1.01,raw,power_localised,0.208,0.21
B-bmctc-factorial,04_DAOU/EXPERIMENT/bmctc_factorial/results.csv,S4_r0.7,D,BMCTC-a1.01,studentised,power_localised,0.096,0.10
B-bmctc-factorial,04_DAOU/EXPERIMENT/bmctc_factorial/results.csv,S4_r0.85,D,BMCTC-a1.01,raw,power_localised,0.834,0.83
B-bmctc-factorial,04_DAOU/EXPERIMENT/bmctc_factorial/results.csv,S4_r0.85,D,BMCTC-a1.01,studentised,power_localised,0.694,0.69
B-bmctc-factorial,04_DAOU/EXPERIMENT/bmctc_factorial/results.csv,M1_s2,D,BMCTC-a1.01,raw,detect_rate,0.148,0.15
B-bmctc-factorial,04_DAOU/EXPERIMENT/bmctc_factorial/results.csv,M1_s2,D,BMCTC-a1.01,studentised,detect_rate,0.142,0.14
B-bmctc-factorial,04_DAOU/EXPERIMENT/bmctc_factorial/results.csv,S4_r0.7,D,BMCTC-a2,raw,power_localised,0.234,0.23
B-bmctc-factorial,04_DAOU/EXPERIMENT/bmctc_factorial/results.csv,S4_r0.7,D,BMCTC-a2,studentised,power_localised,0.158,0.16
B-bmctc-factorial,04_DAOU/EXPERIMENT/bmctc_factorial/results.csv,S4_r0.85,D,BMCTC-a2,raw,power_localised,0.822,0.82
B-bmctc-factorial,04_DAOU/EXPERIMENT/bmctc_factorial/results.csv,S4_r0.85,D,BMCTC-a2,studentised,power_localised,0.734,0.73
B-bmctc-factorial,04_DAOU/EXPERIMENT/bmctc_factorial/results.csv,M1_s2,D,BMCTC-a2,raw,detect_rate,0.182,0.18
B-bmctc-factorial,04_DAOU/EXPERIMENT/bmctc_factorial/results.csv,M1_s2,D,BMCTC-a2,studentised,detect_rate,0.19,0.19
B-finance-seeds,04_DAOU/EXPERIMENT/combined_block_seeds20/summary.json,pair,,DOMI-diff,median,p,0.268,0.268
B-finance-seeds,04_DAOU/EXPERIMENT/combined_block_seeds20/summary.json,pair,,DOMI-diff,min,p,0.223,0.223
B-finance-seeds,04_DAOU/EXPERIMENT/combined_block_seeds20/summary.json,pair,,DOMI-diff,max,p,0.303,0.303
B-finance-seeds,04_DAOU/EXPERIMENT/combined_block_seeds20/summary.json,20,,DOMI-diff,median,p,0.231,0.231
B-finance-seeds,04_DAOU/EXPERIMENT/combined_block_seeds20/summary.json,20,,DOMI-diff,min,p,0.202,0.202
B-finance-seeds,04_DAOU/EXPERIMENT/combined_block_seeds20/summary.json,20,,DOMI-diff,max,p,0.272,0.272
B-finance-seeds,04_DAOU/EXPERIMENT/combined_block_seeds20/summary.json,50,,DOMI-diff,median,p,0.3605,0.3605
B-finance-seeds,04_DAOU/EXPERIMENT/combined_block_seeds20/summary.json,50,,DOMI-diff,min,p,0.298,0.298
B-finance-seeds,04_DAOU/EXPERIMENT/combined_block_seeds20/summary.json,50,,DOMI-diff,max,p,0.408,0.408
B-finance-seeds,04_DAOU/EXPERIMENT/combined_block_seeds20/summary.json,pair,,combined,median,p,0.016,0.016
B-finance-seeds,04_DAOU/EXPERIMENT/combined_block_seeds20/summary.json,pair,,combined,min,p,0.008,0.008
B-finance-seeds,04_DAOU/EXPERIMENT/combined_block_seeds20/summary.json,pair,,combined,max,p,0.022,0.022
B-finance-seeds,04_DAOU/EXPERIMENT/combined_block_seeds20/summary.json,20,,combined,median,p,0.1475,0.1475
B-finance-seeds,04_DAOU/EXPERIMENT/combined_block_seeds20/summary.json,20,,combined,min,p,0.095,0.095
B-finance-seeds,04_DAOU/EXPERIMENT/combined_block_seeds20/summary.json,20,,combined,max,p,0.183,0.183
B-finance-seeds,04_DAOU/EXPERIMENT/combined_block_seeds20/summary.json,50,,combined,median,p,0.4335,0.4335
B-finance-seeds,04_DAOU/EXPERIMENT/combined_block_seeds20/summary.json,50,,combined,min,p,0.358,0.358
B-finance-seeds,04_DAOU/EXPERIMENT/combined_block_seeds20/summary.json,50,,combined,max,p,0.493,0.493
B-finance-seeds,04_DAOU/EXPERIMENT/combined_block_seeds20/summary.json,pair,,Spearman-diff,median,p,0.006,0.006
B-finance-seeds,04_DAOU/EXPERIMENT/combined_block_seeds20/summary.json,pair,,Spearman-diff,min,p,0.003,0.003
B-finance-seeds,04_DAOU/EXPERIMENT/combined_block_seeds20/summary.json,pair,,Spearman-diff,max,p,0.01,0.010
B-finance-seeds,04_DAOU/EXPERIMENT/combined_block_seeds20/summary.json,20,,Spearman-diff,median,p,0.057,0.057
B-finance-seeds,04_DAOU/EXPERIMENT/combined_block_seeds20/summary.json,20,,Spearman-diff,min,p,0.035,0.035
B-finance-seeds,04_DAOU/EXPERIMENT/combined_block_seeds20/summary.json,20,,Spearman-diff,max,p,0.078,0.078
B-finance-seeds,04_DAOU/EXPERIMENT/combined_block_seeds20/summary.json,50,,Spearman-diff,median,p,0.2965,0.2965
B-finance-seeds,04_DAOU/EXPERIMENT/combined_block_seeds20/summary.json,50,,Spearman-diff,min,p,0.241,0.241
B-finance-seeds,04_DAOU/EXPERIMENT/combined_block_seeds20/summary.json,50,,Spearman-diff,max,p,0.34,0.340
B-finance-seeds,04_DAOU/EXPERIMENT/combined_block_seeds20/summary.json,pair,,HSIC-diff,median,p,0.026,0.026
B-finance-seeds,04_DAOU/EXPERIMENT/combined_block_seeds20/summary.json,pair,,HSIC-diff,min,p,0.017,0.017
B-finance-seeds,04_DAOU/EXPERIMENT/combined_block_seeds20/summary.json,pair,,HSIC-diff,max,p,0.049,0.049
B-finance-seeds,04_DAOU/EXPERIMENT/combined_block_seeds20/summary.json,20,,HSIC-diff,median,p,0.0195,0.0195
B-finance-seeds,04_DAOU/EXPERIMENT/combined_block_seeds20/summary.json,20,,HSIC-diff,min,p,0.009,0.009
B-finance-seeds,04_DAOU/EXPERIMENT/combined_block_seeds20/summary.json,20,,HSIC-diff,max,p,0.033,0.033
B-finance-seeds,04_DAOU/EXPERIMENT/combined_block_seeds20/summary.json,50,,HSIC-diff,median,p,0.078,0.078
B-finance-seeds,04_DAOU/EXPERIMENT/combined_block_seeds20/summary.json,50,,HSIC-diff,min,p,0.05,0.050
B-finance-seeds,04_DAOU/EXPERIMENT/combined_block_seeds20/summary.json,50,,HSIC-diff,max,p,0.105,0.105
B-finance-seeds,04_DAOU/EXPERIMENT/combined_block_seeds20/summary.json,pair,,CopulaCvM,median,p,0.001,0.001
B-finance-seeds,04_DAOU/EXPERIMENT/combined_block_seeds20/summary.json,pair,,CopulaCvM,min,p,0.001,0.001
B-finance-seeds,04_DAOU/EXPERIMENT/combined_block_seeds20/summary.json,pair,,CopulaCvM,max,p,0.002,0.002
B-finance-seeds,04_DAOU/EXPERIMENT/combined_block_seeds20/summary.json,20,,CopulaCvM,median,p,0.001,0.001
B-finance-seeds,04_DAOU/EXPERIMENT/combined_block_seeds20/summary.json,20,,CopulaCvM,min,p,0.001,0.001
B-finance-seeds,04_DAOU/EXPERIMENT/combined_block_seeds20/summary.json,20,,CopulaCvM,max,p,0.001,0.001
B-finance-seeds,04_DAOU/EXPERIMENT/combined_block_seeds20/summary.json,50,,CopulaCvM,median,p,0.002,0.002
B-finance-seeds,04_DAOU/EXPERIMENT/combined_block_seeds20/summary.json,50,,CopulaCvM,min,p,0.001,0.001
B-finance-seeds,04_DAOU/EXPERIMENT/combined_block_seeds20/summary.json,50,,CopulaCvM,max,p,0.003,0.003
B-us-panel,04_DAOU/EXPERIMENT/us_panel/summary.json,SPX-GLD,,block,,,134,134 (28)
B-us-panel,04_DAOU/EXPERIMENT/us_panel/summary.json,SPX-GLD,,primary_p,,,0.008,0.0080
B-us-panel,04_DAOU/EXPERIMENT/us_panel/summary.json,SPX-GLD,,sens,,,"(0.004, 0.015)",0.004--0.015
B-us-panel,04_DAOU/EXPERIMENT/us_panel/summary.json,SPX-GLD,,bh_q,,,0.012,0.0120
B-us-panel,04_DAOU/EXPERIMENT/us_panel/summary.json,SPX-GLD,,p_DOMI,,,0.008,0.0080
B-us-panel,04_DAOU/EXPERIMENT/us_panel/summary.json,SPX-GLD,,p_Spearman,,,0.2289,0.2289
B-us-panel,04_DAOU/EXPERIMENT/us_panel/summary.json,SPX-GLD,,p_HSIC,,,0.0225,0.0225
B-us-panel,04_DAOU/EXPERIMENT/us_panel/summary.json,SPX-GLD,,tau,,,20130312,2013-03-12
B-us-panel,04_DAOU/EXPERIMENT/us_panel/stage2.json,SPX-GLD,,n_blocks,,,4,4
B-us-panel,04_DAOU/EXPERIMENT/us_panel/stage2.json,SPX-GLD,,p_dep,,,0.075,0.075
B-us-panel,04_DAOU/EXPERIMENT/us_panel/stage2.json,SPX-GLD,,q_dep,,,0.09800000000000002,0.098
B-us-panel,04_DAOU/EXPERIMENT/us_panel/stage2.json,SPX-GLD,,p_marg_x,,,0.168,0.168
B-us-panel,04_DAOU/EXPERIMENT/us_panel/stage2.json,SPX-GLD,,p_marg_y,,,0.867,0.867
B-us-panel,04_DAOU/EXPERIMENT/us_panel/stage2.json,SPX-GLD,,fd,,,"(0.075, 0.15)",0.075--0.150
B-us-panel,04_DAOU/EXPERIMENT/us_panel/stage2.json,SPX-GLD,,fd_le05,,,0.0,0 of 20
B-us-panel,04_DAOU/EXPERIMENT/us_panel/summary.json,SPX-TNX,,block,,,173,173 (21)
B-us-panel,04_DAOU/EXPERIMENT/us_panel/summary.json,SPX-TNX,,primary_p,,,0.0204,0.0204
B-us-panel,04_DAOU/EXPERIMENT/us_panel/summary.json,SPX-TNX,,sens,,,"(0.007, 0.024)",0.007--0.024
B-us-panel,04_DAOU/EXPERIMENT/us_panel/summary.json,SPX-TNX,,bh_q,,,0.0204,0.0204
B-us-panel,04_DAOU/EXPERIMENT/us_panel/summary.json,SPX-TNX,,p_DOMI,,,0.0226,0.0226
B-us-panel,04_DAOU/EXPERIMENT/us_panel/summary.json,SPX-TNX,,p_Spearman,,,0.0001,0.0001
B-us-panel,04_DAOU/EXPERIMENT/us_panel/summary.json,SPX-TNX,,p_HSIC,,,0.0243,0.0243
B-us-panel,04_DAOU/EXPERIMENT/us_panel/summary.json,SPX-TNX,,tau,,,20201207,2020-12-07
B-us-panel,04_DAOU/EXPERIMENT/us_panel/stage2.json,SPX-TNX,,n_blocks,,,16,16
B-us-panel,04_DAOU/EXPERIMENT/us_panel/stage2.json,SPX-TNX,,p_dep,,,0.004,0.004
B-us-panel,04_DAOU/EXPERIMENT/us_panel/stage2.json,SPX-TNX,,q_dep,,,0.012,0.012
B-us-panel,04_DAOU/EXPERIMENT/us_panel/stage2.json,SPX-TNX,,p_marg_x,,,0.553,0.553
B-us-panel,04_DAOU/EXPERIMENT/us_panel/stage2.json,SPX-TNX,,p_marg_y,,,0.077,0.077
B-us-panel,04_DAOU/EXPERIMENT/us_panel/stage2.json,SPX-TNX,,fd,,,"(0.002, 0.007)",0.002--0.007
B-us-panel,04_DAOU/EXPERIMENT/us_panel/stage2.json,SPX-TNX,,fd_le05,,,1.0,20 of 20
B-us-panel,04_DAOU/EXPERIMENT/us_panel/summary.json,SPX-DXY,,block,,,133,133 (28)
B-us-panel,04_DAOU/EXPERIMENT/us_panel/summary.json,SPX-DXY,,primary_p,,,0.0053,0.0053
B-us-panel,04_DAOU/EXPERIMENT/us_panel/summary.json,SPX-DXY,,sens,,,"(0.002, 0.015)",0.002--0.015
B-us-panel,04_DAOU/EXPERIMENT/us_panel/summary.json,SPX-DXY,,bh_q,,,0.012,0.0120
B-us-panel,04_DAOU/EXPERIMENT/us_panel/summary.json,SPX-DXY,,p_DOMI,,,0.0053,0.0053
B-us-panel,04_DAOU/EXPERIMENT/us_panel/summary.json,SPX-DXY,,p_Spearman,,,0.0227,0.0227
B-us-panel,04_DAOU/EXPERIMENT/us_panel/summary.json,SPX-DXY,,p_HSIC,,,0.0096,0.0096
B-us-panel,04_DAOU/EXPERIMENT/us_panel/summary.json,SPX-DXY,,tau,,,20130401,2013-04-01
B-us-panel,04_DAOU/EXPERIMENT/us_panel/stage2.json,SPX-DXY,,n_blocks,,,6,6
B-us-panel,04_DAOU/EXPERIMENT/us_panel/stage2.json,SPX-DXY,,p_dep,,,0.098,0.098
B-us-panel,04_DAOU/EXPERIMENT/us_panel/stage2.json,SPX-DXY,,q_dep,,,0.09800000000000002,0.098
B-us-panel,04_DAOU/EXPERIMENT/us_panel/stage2.json,SPX-DXY,,p_marg_x,,,0.104,0.104
B-us-panel,04_DAOU/EXPERIMENT/us_panel/stage2.json,SPX-DXY,,p_marg_y,,,0.207,0.207
B-us-panel,04_DAOU/EXPERIMENT/us_panel/stage2.json,SPX-DXY,,fd,,,"(0.019, 0.098)",0.019--0.098
B-us-panel,04_DAOU/EXPERIMENT/us_panel/stage2.json,SPX-DXY,,fd_le05,,,0.25,5 of 20
B-us-yearly,04_DAOU/EXPERIMENT/us_panel/describe_yearly.json,SPX-GLD,2011,spearman,,,0.23033922599139994,0.23
B-us-yearly,04_DAOU/EXPERIMENT/us_panel/describe_yearly.json,SPX-GLD,2011,domi_bc,,,0.04355730983116324,0.044
B-us-yearly,04_DAOU/EXPERIMENT/us_panel/describe_yearly.json,SPX-TNX,2011,spearman,,,0.7114604366087668,0.71
B-us-yearly,04_DAOU/EXPERIMENT/us_panel/describe_yearly.json,SPX-TNX,2011,domi_bc,,,0.19206128850570092,0.192
B-us-yearly,04_DAOU/EXPERIMENT/us_panel/describe_yearly.json,SPX-DXY,2011,spearman,,,-0.7714873844916402,$-$0.77
B-us-yearly,04_DAOU/EXPERIMENT/us_panel/describe_yearly.json,SPX-DXY,2011,domi_bc,,,0.23528169565963175,0.235
B-us-yearly,04_DAOU/EXPERIMENT/us_panel/describe_yearly.json,SPX-GLD,2012,spearman,,,0.3461765468247492,0.35
B-us-yearly,04_DAOU/EXPERIMENT/us_panel/describe_yearly.json,SPX-GLD,2012,domi_bc,,,0.0629804454772871,0.063
B-us-yearly,04_DAOU/EXPERIMENT/us_panel/describe_yearly.json,SPX-TNX,2012,spearman,,,0.5768905094075967,0.58
B-us-yearly,04_DAOU/EXPERIMENT/us_panel/describe_yearly.json,SPX-TNX,2012,domi_bc,,,0.1230314287545391,0.123
B-us-yearly,04_DAOU/EXPERIMENT/us_panel/describe_yearly.json,SPX-DXY,2012,spearman,,,-0.5006661547863874,$-$0.50
B-us-yearly,04_DAOU/EXPERIMENT/us_panel/describe_yearly.json,SPX-DXY,2012,domi_bc,,,0.0870939894835141,0.087
B-us-yearly,04_DAOU/EXPERIMENT/us_panel/describe_yearly.json,SPX-GLD,2013,spearman,,,0.03282934514529873,0.03
B-us-yearly,04_DAOU/EXPERIMENT/us_panel/describe_yearly.json,SPX-GLD,2013,domi_bc,,,0.00604523785719957,0.006
B-us-yearly,04_DAOU/EXPERIMENT/us_panel/describe_yearly.json,SPX-TNX,2013,spearman,,,0.1608722282031287,0.16
B-us-yearly,04_DAOU/EXPERIMENT/us_panel/describe_yearly.json,SPX-TNX,2013,domi_bc,,,0.007285512538417915,0.007
B-us-yearly,04_DAOU/EXPERIMENT/us_panel/describe_yearly.json,SPX-DXY,2013,spearman,,,-0.10370788631658198,$-$0.10
B-us-yearly,04_DAOU/EXPERIMENT/us_panel/describe_yearly.json,SPX-DXY,2013,domi_bc,,,0.0036672966539859075,0.004
B-us-yearly,04_DAOU/EXPERIMENT/us_panel/describe_yearly.json,SPX-GLD,2014,spearman,,,-0.17722300656643578,$-$0.18
B-us-yearly,04_DAOU/EXPERIMENT/us_panel/describe_yearly.json,SPX-GLD,2014,domi_bc,,,0.011321949186761326,0.011
B-us-yearly,04_DAOU/EXPERIMENT/us_panel/describe_yearly.json,SPX-TNX,2014,spearman,,,0.44848415159939126,0.45
B-us-yearly,04_DAOU/EXPERIMENT/us_panel/describe_yearly.json,SPX-TNX,2014,domi_bc,,,0.09202077140894094,0.092
B-us-yearly,04_DAOU/EXPERIMENT/us_panel/describe_yearly.json,SPX-DXY,2014,spearman,,,0.12399310716231486,0.12
B-us-yearly,04_DAOU/EXPERIMENT/us_panel/describe_yearly.json,SPX-DXY,2014,domi_bc,,,-0.0016193554933860987,$-$0.002
B-us-yearly,04_DAOU/EXPERIMENT/us_panel/describe_yearly.json,SPX-GLD,2015,spearman,,,-0.07779160039683165,$-$0.08
B-us-yearly,04_DAOU/EXPERIMENT/us_panel/describe_yearly.json,SPX-GLD,2015,domi_bc,,,0.009255883679280874,0.009
B-us-yearly,04_DAOU/EXPERIMENT/us_panel/describe_yearly.json,SPX-TNX,2015,spearman,,,0.3894431599409189,0.39
B-us-yearly,04_DAOU/EXPERIMENT/us_panel/describe_yearly.json,SPX-TNX,2015,domi_bc,,,0.05415556260696741,0.054
B-us-yearly,04_DAOU/EXPERIMENT/us_panel/describe_yearly.json,SPX-DXY,2015,spearman,,,0.14898958654371788,0.15
B-us-yearly,04_DAOU/EXPERIMENT/us_panel/describe_yearly.json,SPX-DXY,2015,domi_bc,,,0.006925314785540593,0.007
B-us-yearly,04_DAOU/EXPERIMENT/us_panel/describe_yearly.json,SPX-GLD,2016,spearman,,,-0.2790644311517341,$-$0.28
B-us-yearly,04_DAOU/EXPERIMENT/us_panel/describe_yearly.json,SPX-GLD,2016,domi_bc,,,0.030652991470526025,0.031
B-us-yearly,04_DAOU/EXPERIMENT/us_panel/describe_yearly.json,SPX-TNX,2016,spearman,,,0.33596218921647825,0.34
B-us-yearly,04_DAOU/EXPERIMENT/us_panel/describe_yearly.json,SPX-TNX,2016,domi_bc,,,0.04726217130725674,0.047
B-us-yearly,04_DAOU/EXPERIMENT/us_panel/describe_yearly.json,SPX-DXY,2016,spearman,,,-0.013585371974343256,$-$0.01
B-us-yearly,04_DAOU/EXPERIMENT/us_panel/describe_yearly.json,SPX-DXY,2016,domi_bc,,,-0.0031461354030883903,$-$0.003
B-us-yearly,04_DAOU/EXPERIMENT/us_panel/describe_yearly.json,SPX-GLD,2017,spearman,,,-0.23575303277424683,$-$0.24
B-us-yearly,04_DAOU/EXPERIMENT/us_panel/describe_yearly.json,SPX-GLD,2017,domi_bc,,,0.014880616882536835,0.015
B-us-yearly,04_DAOU/EXPERIMENT/us_panel/describe_yearly.json,SPX-TNX,2017,spearman,,,0.3446720095011759,0.34
B-us-yearly,04_DAOU/EXPERIMENT/us_panel/describe_yearly.json,SPX-TNX,2017,domi_bc,,,0.04690578518670385,0.047
B-us-yearly,04_DAOU/EXPERIMENT/us_panel/describe_yearly.json,SPX-DXY,2017,spearman,,,0.20545706800551838,0.21
B-us-yearly,04_DAOU/EXPERIMENT/us_panel/describe_yearly.json,SPX-DXY,2017,domi_bc,,,0.012619308274597785,0.013
B-us-yearly,04_DAOU/EXPERIMENT/us_panel/describe_yearly.json,SPX-GLD,2018,spearman,,,0.06431494295483761,0.06
B-us-yearly,04_DAOU/EXPERIMENT/us_panel/describe_yearly.json,SPX-GLD,2018,domi_bc,,,0.006225635427891785,0.006
B-us-yearly,04_DAOU/EXPERIMENT/us_panel/describe_yearly.json,SPX-TNX,2018,spearman,,,0.24633099960570617,0.25
B-us-yearly,04_DAOU/EXPERIMENT/us_panel/describe_yearly.json,SPX-TNX,2018,domi_bc,,,0.024212297337279587,0.024
B-us-yearly,04_DAOU/EXPERIMENT/us_panel/describe_yearly.json,SPX-DXY,2018,spearman,,,-0.11489888066780497,$-$0.11
B-us-yearly,04_DAOU/EXPERIMENT/us_panel/describe_yearly.json,SPX-DXY,2018,domi_bc,,,0.018213297163822695,0.018
B-us-yearly,04_DAOU/EXPERIMENT/us_panel/describe_yearly.json,SPX-GLD,2019,spearman,,,-0.1938710011233619,$-$0.19
B-us-yearly,04_DAOU/EXPERIMENT/us_panel/describe_yearly.json,SPX-GLD,2019,domi_bc,,,0.008681580419526824,0.009
B-us-yearly,04_DAOU/EXPERIMENT/us_panel/describe_yearly.json,SPX-TNX,2019,spearman,,,0.4356396368708169,0.44
B-us-yearly,04_DAOU/EXPERIMENT/us_panel/describe_yearly.json,SPX-TNX,2019,domi_bc,,,0.06068331159666496,0.061
B-us-yearly,04_DAOU/EXPERIMENT/us_panel/describe_yearly.json,SPX-DXY,2019,spearman,,,0.05333017387114771,0.05
B-us-yearly,04_DAOU/EXPERIMENT/us_panel/describe_yearly.json,SPX-DXY,2019,domi_bc,,,-0.0014004610777367255,$-$0.001
B-us-yearly,04_DAOU/EXPERIMENT/us_panel/describe_yearly.json,SPX-GLD,2020,spearman,,,0.07308029184099024,0.07
B-us-yearly,04_DAOU/EXPERIMENT/us_panel/describe_yearly.json,SPX-GLD,2020,domi_bc,,,0.004612657132655684,0.005
B-us-yearly,04_DAOU/EXPERIMENT/us_panel/describe_yearly.json,SPX-TNX,2020,spearman,,,0.4065031585981159,0.41
B-us-yearly,04_DAOU/EXPERIMENT/us_panel/describe_yearly.json,SPX-TNX,2020,domi_bc,,,0.06509253539563575,0.065
B-us-yearly,04_DAOU/EXPERIMENT/us_panel/describe_yearly.json,SPX-DXY,2020,spearman,,,-0.07765907546569345,$-$0.08
B-us-yearly,04_DAOU/EXPERIMENT/us_panel/describe_yearly.json,SPX-DXY,2020,domi_bc,,,0.01343039107086108,0.013
B-us-yearly,04_DAOU/EXPERIMENT/us_panel/describe_yearly.json,SPX-GLD,2021,spearman,,,0.17174366715333286,0.17
B-us-yearly,04_DAOU/EXPERIMENT/us_panel/describe_yearly.json,SPX-GLD,2021,domi_bc,,,0.0028861296641773393,0.003
B-us-yearly,04_DAOU/EXPERIMENT/us_panel/describe_yearly.json,SPX-TNX,2021,spearman,,,0.09896348431087665,0.10
B-us-yearly,04_DAOU/EXPERIMENT/us_panel/describe_yearly.json,SPX-TNX,2021,domi_bc,,,0.004427413178266004,0.004
B-us-yearly,04_DAOU/EXPERIMENT/us_panel/describe_yearly.json,SPX-DXY,2021,spearman,,,-0.26109452646781595,$-$0.26
B-us-yearly,04_DAOU/EXPERIMENT/us_panel/describe_yearly.json,SPX-DXY,2021,domi_bc,,,0.022907458099210576,0.023
B-us-yearly,04_DAOU/EXPERIMENT/us_panel/describe_yearly.json,SPX-GLD,2022,spearman,,,0.16026863972680705,0.16
B-us-yearly,04_DAOU/EXPERIMENT/us_panel/describe_yearly.json,SPX-GLD,2022,domi_bc,,,0.006286817087940655,0.006
B-us-yearly,04_DAOU/EXPERIMENT/us_panel/describe_yearly.json,SPX-TNX,2022,spearman,,,-0.110152916714466,$-$0.11
B-us-yearly,04_DAOU/EXPERIMENT/us_panel/describe_yearly.json,SPX-TNX,2022,domi_bc,,,0.007080919322573376,0.007
B-us-yearly,04_DAOU/EXPERIMENT/us_panel/describe_yearly.json,SPX-DXY,2022,spearman,,,-0.45844659457408465,$-$0.46
B-us-yearly,04_DAOU/EXPERIMENT/us_panel/describe_yearly.json,SPX-DXY,2022,domi_bc,,,0.060820478735908345,0.061
B-us-yearly,04_DAOU/EXPERIMENT/us_panel/describe_yearly.json,SPX-GLD,2023,spearman,,,0.03090903854461671,0.03
B-us-yearly,04_DAOU/EXPERIMENT/us_panel/describe_yearly.json,SPX-GLD,2023,domi_bc,,,0.00108503276598082,0.001
B-us-yearly,04_DAOU/EXPERIMENT/us_panel/describe_yearly.json,SPX-TNX,2023,spearman,,,-0.043631280735741095,$-$0.04
B-us-yearly,04_DAOU/EXPERIMENT/us_panel/describe_yearly.json,SPX-TNX,2023,domi_bc,,,0.0016677641954778721,0.002
B-us-yearly,04_DAOU/EXPERIMENT/us_panel/describe_yearly.json,SPX-DXY,2023,spearman,,,-0.23908728806858343,$-$0.24
B-us-yearly,04_DAOU/EXPERIMENT/us_panel/describe_yearly.json,SPX-DXY,2023,domi_bc,,,0.0116264529394976,0.012
B-us-yearly,04_DAOU/EXPERIMENT/us_panel/describe_yearly.json,SPX-GLD,2024,spearman,,,0.25848122660871664,0.26
B-us-yearly,04_DAOU/EXPERIMENT/us_panel/describe_yearly.json,SPX-GLD,2024,domi_bc,,,0.026533161682850803,0.027
B-us-yearly,04_DAOU/EXPERIMENT/us_panel/describe_yearly.json,SPX-TNX,2024,spearman,,,-0.14647507103153198,$-$0.15
B-us-yearly,04_DAOU/EXPERIMENT/us_panel/describe_yearly.json,SPX-TNX,2024,domi_bc,,,0.018697386856726617,0.019
B-us-yearly,04_DAOU/EXPERIMENT/us_panel/describe_yearly.json,SPX-DXY,2024,spearman,,,-0.18171408603429623,$-$0.18
B-us-yearly,04_DAOU/EXPERIMENT/us_panel/describe_yearly.json,SPX-DXY,2024,domi_bc,,,0.00641051840254292,0.006
B-us-yearly,04_DAOU/EXPERIMENT/us_panel/describe_yearly.json,SPX-GLD,2025,spearman,,,-0.06400806412902607,$-$0.06
B-us-yearly,04_DAOU/EXPERIMENT/us_panel/describe_yearly.json,SPX-GLD,2025,domi_bc,,,0.010743559943156011,0.011
B-us-yearly,04_DAOU/EXPERIMENT/us_panel/describe_yearly.json,SPX-TNX,2025,spearman,,,0.006489165079914888,0.01
B-us-yearly,04_DAOU/EXPERIMENT/us_panel/describe_yearly.json,SPX-TNX,2025,domi_bc,,,0.011945836596533699,0.012
B-us-yearly,04_DAOU/EXPERIMENT/us_panel/describe_yearly.json,SPX-DXY,2025,spearman,,,-0.030095147762436707,$-$0.03
B-us-yearly,04_DAOU/EXPERIMENT/us_panel/describe_yearly.json,SPX-DXY,2025,domi_bc,,,0.008206211204732305,0.008
B-us-yearly,04_DAOU/EXPERIMENT/us_panel/describe_yearly.json,SPX-GLD,2026,spearman,,,0.3947187723907332,0.39
B-us-yearly,04_DAOU/EXPERIMENT/us_panel/describe_yearly.json,SPX-GLD,2026,domi_bc,,,0.06136556294770035,0.061
B-us-yearly,04_DAOU/EXPERIMENT/us_panel/describe_yearly.json,SPX-TNX,2026,spearman,,,-0.36585955758781497,$-$0.37
B-us-yearly,04_DAOU/EXPERIMENT/us_panel/describe_yearly.json,SPX-TNX,2026,domi_bc,,,0.05603764694034741,0.056
B-us-yearly,04_DAOU/EXPERIMENT/us_panel/describe_yearly.json,SPX-DXY,2026,spearman,,,-0.4154585622163841,$-$0.42
B-us-yearly,04_DAOU/EXPERIMENT/us_panel/describe_yearly.json,SPX-DXY,2026,domi_bc,,,0.06050201165024349,0.061
B13-asym,04_DAOU/EXPERIMENT/asymptotic_threshold/results.json,H0,600,exactmc_q95,,value,16.62851665673001,16.63
B13-asym,04_DAOU/EXPERIMENT/asymptotic_threshold/results.json,H0,600,asym_crit_median,,value,16.637591740696,16.64
B13-asym,04_DAOU/EXPERIMENT/asymptotic_threshold/results.json,H0,600,asym_raw,,level,0.0525,0.052
B13-asym,04_DAOU/EXPERIMENT/asymptotic_threshold/results.json,H0,600,asym_std,,level,0.0575,0.058
B13-asym,04_DAOU/EXPERIMENT/asymptotic_threshold/results.json,M1,600,asym_raw,,level,0.0465,0.046
B13-asym,04_DAOU/EXPERIMENT/asymptotic_threshold/results.json,M1,600,asym_std,,level,0.0545,0.054
B13-asym,04_DAOU/EXPERIMENT/asymptotic_threshold/results.json,,600,wall_asym,,seconds,0.686022449284792,0.69
B13-asym,04_DAOU/EXPERIMENT/asymptotic_threshold/results.json,,600,wall_perm_K99,,seconds,5.780451140832156,5.78
B13-asym,04_DAOU/EXPERIMENT/asymptotic_threshold/results.json,H0,2400,exactmc_q95,,value,16.24439754724517,16.24
B13-asym,04_DAOU/EXPERIMENT/asymptotic_threshold/results.json,H0,2400,asym_crit_median,,value,16.659692639946478,16.66
B13-asym,04_DAOU/EXPERIMENT/asymptotic_threshold/results.json,H0,2400,asym_raw,,level,0.052,0.052
B13-asym,04_DAOU/EXPERIMENT/asymptotic_threshold/results.json,H0,2400,asym_std,,level,0.057,0.057
B13-asym,04_DAOU/EXPERIMENT/asymptotic_threshold/results.json,M1,2400,asym_raw,,level,0.0445,0.044
B13-asym,04_DAOU/EXPERIMENT/asymptotic_threshold/results.json,M1,2400,asym_std,,level,0.0495,0.050
B13-asym,04_DAOU/EXPERIMENT/asymptotic_threshold/results.json,,2400,wall_asym,,seconds,0.5501432223245502,0.55
B13-asym,04_DAOU/EXPERIMENT/asymptotic_threshold/results.json,,2400,wall_perm_K99,,seconds,5.884375676047057,5.88
B13-asym,04_DAOU/EXPERIMENT/asymptotic_threshold/results.json,H0,9600,exactmc_q95,,value,16.87212176822344,16.87
B13-asym,04_DAOU/EXPERIMENT/asymptotic_threshold/results.json,H0,9600,asym_crit_median,,value,16.659288361041703,16.66
B13-asym,04_DAOU/EXPERIMENT/asymptotic_threshold/results.json,H0,9600,asym_raw,,level,0.0515,0.051
B13-asym,04_DAOU/EXPERIMENT/asymptotic_threshold/results.json,H0,9600,asym_std,,level,0.0595,0.059
B13-asym,04_DAOU/EXPERIMENT/asymptotic_threshold/results.json,M1,9600,asym_raw,,level,0.0465,0.046
B13-asym,04_DAOU/EXPERIMENT/asymptotic_threshold/results.json,M1,9600,asym_std,,level,0.044,0.044
B13-asym,04_DAOU/EXPERIMENT/asymptotic_threshold/results.json,,9600,wall_asym,,seconds,0.7656565788201988,0.77
B13-asym,04_DAOU/EXPERIMENT/asymptotic_threshold/results.json,,9600,wall_perm_K99,,seconds,7.478990100324154,7.48
B13-asym,04_DAOU/EXPERIMENT/asymptotic_threshold/results.json,H0,38400,exactmc_q95,,value,16.795272493622665,16.80
B13-asym,04_DAOU/EXPERIMENT/asymptotic_threshold/results.json,H0,38400,asym_crit_median,,value,16.667669253256452,16.67
B13-asym,04_DAOU/EXPERIMENT/asymptotic_threshold/results.json,H0,38400,asym_raw,,level,0.055,0.055
B13-asym,04_DAOU/EXPERIMENT/asymptotic_threshold/results.json,H0,38400,asym_std,,level,0.0505,0.051
B13-asym,04_DAOU/EXPERIMENT/asymptotic_threshold/results.json,M1,38400,asym_raw,,level,0.0395,0.040
B13-asym,04_DAOU/EXPERIMENT/asymptotic_threshold/results.json,M1,38400,asym_std,,level,0.0425,0.043
B13-asym,04_DAOU/EXPERIMENT/asymptotic_threshold/results.json,,38400,wall_asym,,seconds,0.9336306769400835,0.93
B13-asym,04_DAOU/EXPERIMENT/asymptotic_threshold/results.json,,38400,wall_perm_K99,,seconds,9.626396282576025,9.63
B5-blockperm,04_DAOU/EXPERIMENT/block_perm/results.csv,iid,,pair,symmetric,fpr,0.035,0.035
B5-blockperm,04_DAOU/EXPERIMENT/block_perm/results.csv,iid,,block20,symmetric,fpr,0.035,0.035
B5-blockperm,04_DAOU/EXPERIMENT/block_perm/results.csv,iid,,block50,symmetric,fpr,0.055,0.055
B5-blockperm,04_DAOU/EXPERIMENT/block_perm/results.csv,ar1,,pair,symmetric,fpr,0.245,0.245
B5-blockperm,04_DAOU/EXPERIMENT/block_perm/results.csv,ar1,,block20,symmetric,fpr,0.05,0.050
B5-blockperm,04_DAOU/EXPERIMENT/block_perm/results.csv,ar1,,block50,symmetric,fpr,0.035,0.035
B5-blockperm,04_DAOU/EXPERIMENT/block_perm/results.csv,garch,,pair,symmetric,fpr,0.085,0.085
B5-blockperm,04_DAOU/EXPERIMENT/block_perm/results.csv,garch,,block20,symmetric,fpr,0.05,0.050
B5-blockperm,04_DAOU/EXPERIMENT/block_perm/results.csv,garch,,block50,symmetric,fpr,0.045,0.045
B1-mv,04_DAOU/EXPERIMENT/mv_blocks/results.csv,MV-S2,1,DOMI,,power,0.464,0.46
B1-mv,04_DAOU/EXPERIMENT/mv_blocks/results.csv,MV-S2,2,DOMI,,power,0.056,0.06
B1-mv,04_DAOU/EXPERIMENT/mv_blocks/results.csv,MV-S2,3,DOMI,,power,0.05,0.05
B1-mv,04_DAOU/EXPERIMENT/mv_blocks/results.csv,MV-S2,5,DOMI,,power,0.02,0.02
B1-mv,04_DAOU/EXPERIMENT/mv_blocks/results.csv,MV-S2,1,DOMI-pairwise/Bonf,,power,0.464,0.46
B1-mv,04_DAOU/EXPERIMENT/mv_blocks/results.csv,MV-S2,2,DOMI-pairwise/Bonf,,power,0.446,0.45
B1-mv,04_DAOU/EXPERIMENT/mv_blocks/results.csv,MV-S2,3,DOMI-pairwise/Bonf,,power,0.644,0.64
B1-mv,04_DAOU/EXPERIMENT/mv_blocks/results.csv,MV-S2,5,DOMI-pairwise/Bonf,,power,0.634,0.63
B1-mv,04_DAOU/EXPERIMENT/mv_blocks/results.csv,MV-S2,1,HSIC-diff,,power,0.058,0.06
B1-mv,04_DAOU/EXPERIMENT/mv_blocks/results.csv,MV-S2,2,HSIC-diff,,power,0.0,0.00
B1-mv,04_DAOU/EXPERIMENT/mv_blocks/results.csv,MV-S2,3,HSIC-diff,,power,0.004,0.00
B1-mv,04_DAOU/EXPERIMENT/mv_blocks/results.csv,MV-S2,5,HSIC-diff,,power,0.006,0.01
B1-mv,04_DAOU/EXPERIMENT/mv_blocks/records_results.csv,MV-M1,1,DOMI,,reject_rate,0.106,0.11
B1-mv,04_DAOU/EXPERIMENT/mv_blocks/records_results.csv,MV-M1,2,DOMI,,reject_rate,0.044,0.04
B1-mv,04_DAOU/EXPERIMENT/mv_blocks/records_results.csv,MV-M1,3,DOMI,,reject_rate,0.48,0.48
B1-mv,04_DAOU/EXPERIMENT/mv_blocks/records_results.csv,MV-M1,5,DOMI,,reject_rate,0.5,0.50
B1-mv,04_DAOU/EXPERIMENT/mv_blocks/records_results.csv,MV-M1,1,DOMI-pairwise/Bonf,,reject_rate,0.106,0.11
B1-mv,04_DAOU/EXPERIMENT/mv_blocks/records_results.csv,MV-M1,2,DOMI-pairwise/Bonf,,reject_rate,0.036,0.04
B1-mv,04_DAOU/EXPERIMENT/mv_blocks/records_results.csv,MV-M1,3,DOMI-pairwise/Bonf,,reject_rate,0.058,0.06
B1-mv,04_DAOU/EXPERIMENT/mv_blocks/records_results.csv,MV-M1,5,DOMI-pairwise/Bonf,,reject_rate,0.048,0.05
B2-bandwidth,04_DAOU/EXPERIMENT/bandwidth_matched_null/tableB2.csv,S1 r=.35,,"DOMI, ×1 (deployed)",,power,0.604,0.60
B2-bandwidth,04_DAOU/EXPERIMENT/bandwidth_matched_null/tableB2.csv,S1 r=.5,,"DOMI, ×1 (deployed)",,power,0.772,0.77
B2-bandwidth,04_DAOU/EXPERIMENT/bandwidth_matched_null/tableB2.csv,S2 a=.7,,"DOMI, ×1 (deployed)",,power,0.352,0.35
B2-bandwidth,04_DAOU/EXPERIMENT/bandwidth_matched_null/tableB2.csv,S2 a=.9,,"DOMI, ×1 (deployed)",,power,0.872,0.87
B2-bandwidth,04_DAOU/EXPERIMENT/bandwidth_matched_null/tableB2.csv,S3 τ=.5,,"DOMI, ×1 (deployed)",,power,0.008,0.01
B2-bandwidth,04_DAOU/EXPERIMENT/bandwidth_matched_null/tableB2.csv,S4 r=.7,,"DOMI, ×1 (deployed)",,power,0.086,0.09
B2-bandwidth,04_DAOU/EXPERIMENT/bandwidth_matched_null/tableB2.csv,S4 r=.85,,"DOMI, ×1 (deployed)",,power,0.548,0.55
B2-bandwidth,04_DAOU/EXPERIMENT/bandwidth_matched_null/tableB2.csv,M1,,"DOMI, ×1 (deployed)",,power,0.052,0.05
B2-bandwidth,04_DAOU/EXPERIMENT/bandwidth_matched_null/tableB2.csv,S1 r=.35,,"DOMI, ×1/2",,power,0.776,0.78
B2-bandwidth,04_DAOU/EXPERIMENT/bandwidth_matched_null/tableB2.csv,S1 r=.5,,"DOMI, ×1/2",,power,0.996,1.00
B2-bandwidth,04_DAOU/EXPERIMENT/bandwidth_matched_null/tableB2.csv,S2 a=.7,,"DOMI, ×1/2",,power,0.444,0.44
B2-bandwidth,04_DAOU/EXPERIMENT/bandwidth_matched_null/tableB2.csv,S2 a=.9,,"DOMI, ×1/2",,power,0.976,0.98
B2-bandwidth,04_DAOU/EXPERIMENT/bandwidth_matched_null/tableB2.csv,S3 τ=.5,,"DOMI, ×1/2",,power,0.028,0.03
B2-bandwidth,04_DAOU/EXPERIMENT/bandwidth_matched_null/tableB2.csv,S4 r=.7,,"DOMI, ×1/2",,power,0.196,0.20
B2-bandwidth,04_DAOU/EXPERIMENT/bandwidth_matched_null/tableB2.csv,S4 r=.85,,"DOMI, ×1/2",,power,0.696,0.70
B2-bandwidth,04_DAOU/EXPERIMENT/bandwidth_matched_null/tableB2.csv,M1,,"DOMI, ×1/2",,power,0.044,0.04
B2-bandwidth,04_DAOU/EXPERIMENT/bandwidth_matched_null/tableB2.csv,S1 r=.35,,"DOMI, ×1/4",,power,0.06,0.06
B2-bandwidth,04_DAOU/EXPERIMENT/bandwidth_matched_null/tableB2.csv,S1 r=.5,,"DOMI, ×1/4",,power,0.322,0.32
B2-bandwidth,04_DAOU/EXPERIMENT/bandwidth_matched_null/tableB2.csv,S2 a=.7,,"DOMI, ×1/4",,power,0.096,0.10
B2-bandwidth,04_DAOU/EXPERIMENT/bandwidth_matched_null/tableB2.csv,S2 a=.9,,"DOMI, ×1/4",,power,0.764,0.76
B2-bandwidth,04_DAOU/EXPERIMENT/bandwidth_matched_null/tableB2.csv,S3 τ=.5,,"DOMI, ×1/4",,power,0.19,0.19
B2-bandwidth,04_DAOU/EXPERIMENT/bandwidth_matched_null/tableB2.csv,S4 r=.7,,"DOMI, ×1/4",,power,0.164,0.16
B2-bandwidth,04_DAOU/EXPERIMENT/bandwidth_matched_null/tableB2.csv,S4 r=.85,,"DOMI, ×1/4",,power,0.708,0.71
B2-bandwidth,04_DAOU/EXPERIMENT/bandwidth_matched_null/tableB2.csv,M1,,"DOMI, ×1/4",,power,0.066,0.07
B2-bandwidth,04_DAOU/EXPERIMENT/bandwidth_matched_null/tableB2.csv,S1 r=.35,,"HSIC, full Gram, ×1",,power,0.472,0.47
B2-bandwidth,04_DAOU/EXPERIMENT/bandwidth_matched_null/tableB2.csv,S1 r=.5,,"HSIC, full Gram, ×1",,power,0.604,0.60
B2-bandwidth,04_DAOU/EXPERIMENT/bandwidth_matched_null/tableB2.csv,S2 a=.7,,"HSIC, full Gram, ×1",,power,0.028,0.03
B2-bandwidth,04_DAOU/EXPERIMENT/bandwidth_matched_null/tableB2.csv,S2 a=.9,,"HSIC, full Gram, ×1",,power,0.512,0.51
B2-bandwidth,04_DAOU/EXPERIMENT/bandwidth_matched_null/tableB2.csv,S3 τ=.5,,"HSIC, full Gram, ×1",,power,0.012,0.01
B2-bandwidth,04_DAOU/EXPERIMENT/bandwidth_matched_null/tableB2.csv,S4 r=.7,,"HSIC, full Gram, ×1",,power,0.006,0.01
B2-bandwidth,04_DAOU/EXPERIMENT/bandwidth_matched_null/tableB2.csv,S4 r=.85,,"HSIC, full Gram, ×1",,power,0.256,0.26
B2-bandwidth,04_DAOU/EXPERIMENT/bandwidth_matched_null/tableB2.csv,M1,,"HSIC, full Gram, ×1",,power,0.06,0.06
B2-bandwidth,04_DAOU/EXPERIMENT/bandwidth_matched_null/tableB2.csv,S1 r=.35,,"HSIC, full Gram, ×1/4",,power,0.74,0.74
B2-bandwidth,04_DAOU/EXPERIMENT/bandwidth_matched_null/tableB2.csv,S1 r=.5,,"HSIC, full Gram, ×1/4",,power,0.99,0.99
B2-bandwidth,04_DAOU/EXPERIMENT/bandwidth_matched_null/tableB2.csv,S2 a=.7,,"HSIC, full Gram, ×1/4",,power,0.25,0.25
B2-bandwidth,04_DAOU/EXPERIMENT/bandwidth_matched_null/tableB2.csv,S2 a=.9,,"HSIC, full Gram, ×1/4",,power,0.956,0.96
B2-bandwidth,04_DAOU/EXPERIMENT/bandwidth_matched_null/tableB2.csv,S3 τ=.5,,"HSIC, full Gram, ×1/4",,power,0.032,0.03
B2-bandwidth,04_DAOU/EXPERIMENT/bandwidth_matched_null/tableB2.csv,S4 r=.7,,"HSIC, full Gram, ×1/4",,power,0.12,0.12
B2-bandwidth,04_DAOU/EXPERIMENT/bandwidth_matched_null/tableB2.csv,S4 r=.85,,"HSIC, full Gram, ×1/4",,power,0.636,0.64
B2-bandwidth,04_DAOU/EXPERIMENT/bandwidth_matched_null/tableB2.csv,M1,,"HSIC, full Gram, ×1/4",,power,0.092,0.09
B8-e3,04_DAOU/EXPERIMENT/e3/results.csv,D1,0.35,DOMI-diff,,fpr_perm,0.06,0.06
B8-e3,04_DAOU/EXPERIMENT/e3/results.csv,D1,0.35,DOMI-diff,,power_perm,0.41,0.41
B8-e3,04_DAOU/EXPERIMENT/e3/results.csv,D2,0.7,DOMI-diff,,fpr_perm,0.03,0.03
B8-e3,04_DAOU/EXPERIMENT/e3/results.csv,D2,0.7,DOMI-diff,,power_perm,0.2,0.20
B8-e3,04_DAOU/EXPERIMENT/e3/results.csv,D2,0.9,DOMI-diff,,fpr_perm,0.03,0.03
B8-e3,04_DAOU/EXPERIMENT/e3/results.csv,D2,0.9,DOMI-diff,,power_perm,0.67,0.67
B8-e3,04_DAOU/EXPERIMENT/e3/results.csv,D4,0.7,DOMI-diff,,fpr_perm,0.06,0.06
B8-e3,04_DAOU/EXPERIMENT/e3/results.csv,D4,0.7,DOMI-diff,,power_perm,0.53,0.53
B8-e3,04_DAOU/EXPERIMENT/e3/results.csv,D4,0.85,DOMI-diff,,fpr_perm,0.05,0.05
B8-e3,04_DAOU/EXPERIMENT/e3/results.csv,D4,0.85,DOMI-diff,,power_perm,0.66,0.66
B8-e3,04_DAOU/EXPERIMENT/e3/results.csv,M1,1.6,DOMI-diff,,fpr_perm,0.03,0.03
B8-e3,04_DAOU/EXPERIMENT/e3/results.csv,M1,1.6,DOMI-diff,,power_perm,0.0,0.00
