scen,level,method,rep,stat,tau_hat,detect,threshold
D1,0.2,CorrCUSUM,0,0.9920157832076268,408,0,1.240730012000982
D1,0.2,DCC-CUSUM,0,0.20004070964969775,417,0,0.2061212821410497
D1,0.2,KCCA-logdet,0,0.7218861112909946,540,0,1.3275922376613465
D1,0.2,CorrCUSUM,1,1.2355483059283818,346,0,1.240730012000982
D1,0.2,DCC-CUSUM,1,2.589171498617945e-16,396,0,0.2061212821410497
D1,0.2,KCCA-logdet,1,0.8479326886633964,65,0,1.3275922376613465
D1,0.2,CorrCUSUM,2,2.1555362676153442,347,1,1.240730012000982
D1,0.2,DCC-CUSUM,2,0.8391355915355505,364,1,0.2061212821410497
D1,0.2,KCCA-logdet,2,0.6460028995839159,501,0,1.3275922376613465
D1,0.2,CorrCUSUM,3,1.4714873892679046,306,1,1.240730012000982
D1,0.2,DCC-CUSUM,3,0.15546625038032072,308,0,0.2061212821410497
D1,0.2,KCCA-logdet,3,0.7524836072449833,83,0,1.3275922376613465
D1,0.2,CorrCUSUM,4,1.2217074580854022,318,0,1.240730012000982
D1,0.2,DCC-CUSUM,4,0.08426715075437323,319,0,0.2061212821410497
D1,0.2,KCCA-logdet,4,0.9624771127958203,536,0,1.3275922376613465
D1,0.2,CorrCUSUM,5,2.1126967404196004,240,1,1.240730012000982
D1,0.2,DCC-CUSUM,5,0.9553478345528189,322,1,0.2061212821410497
D1,0.2,KCCA-logdet,5,1.2600421505806796,62,0,1.3275922376613465
D1,0.2,CorrCUSUM,6,1.9602636343004316,345,1,1.240730012000982
D1,0.2,DCC-CUSUM,6,1.2856068034886559,354,1,0.2061212821410497
D1,0.2,KCCA-logdet,6,0.7032531867815679,538,0,1.3275922376613465
D1,0.2,CorrCUSUM,7,1.329031300076283,315,1,1.240730012000982
D1,0.2,DCC-CUSUM,7,0.3089202678009289,340,1,0.2061212821410497
D1,0.2,KCCA-logdet,7,0.6657562814421558,469,0,1.3275922376613465
D1,0.2,CorrCUSUM,8,1.2951248088836511,317,1,1.240730012000982
D1,0.2,DCC-CUSUM,8,0.026370451198312703,318,0,0.2061212821410497
D1,0.2,KCCA-logdet,8,1.1774114669545108,529,0,1.3275922376613465
D1,0.2,CorrCUSUM,9,0.618778666925297,366,0,1.240730012000982
D1,0.2,DCC-CUSUM,9,9.178244699695999e-17,536,0,0.2061212821410497
D1,0.2,KCCA-logdet,9,1.1537676166920028,536,0,1.3275922376613465
D1,0.2,CorrCUSUM,10,1.806944596641608,382,1,1.240730012000982
D1,0.2,DCC-CUSUM,10,0.3441329765241509,389,1,0.2061212821410497
D1,0.2,KCCA-logdet,10,0.7085913218306474,526,0,1.3275922376613465
D1,0.2,CorrCUSUM,11,2.071951641007564,292,1,1.240730012000982
D1,0.2,DCC-CUSUM,11,0.9755485527102951,325,1,0.2061212821410497
D1,0.2,KCCA-logdet,11,1.445745017393055,540,1,1.3275922376613465
D1,0.2,CorrCUSUM,12,2.144846370762254,338,1,1.240730012000982
D1,0.2,DCC-CUSUM,12,0.7229191803948963,344,1,0.2061212821410497
D1,0.2,KCCA-logdet,12,1.3467781810260568,540,1,1.3275922376613465
D1,0.2,CorrCUSUM,13,0.9201712645899425,128,0,1.240730012000982
D1,0.2,DCC-CUSUM,13,0.15894560473698274,122,0,0.2061212821410497
D1,0.2,KCCA-logdet,13,0.5973048945830807,540,0,1.3275922376613465
D1,0.2,CorrCUSUM,14,1.6909533005677038,360,1,1.240730012000982
D1,0.2,DCC-CUSUM,14,0.8191019542739775,375,1,0.2061212821410497
D1,0.2,KCCA-logdet,14,1.234812189795137,519,0,1.3275922376613465
D1,0.2,CorrCUSUM,15,1.0842439628093716,312,0,1.240730012000982
D1,0.2,DCC-CUSUM,15,0.13791608807241723,317,0,0.2061212821410497
D1,0.2,KCCA-logdet,15,0.9458332758740362,67,0,1.3275922376613465
D1,0.2,CorrCUSUM,16,1.3336295711127282,300,1,1.240730012000982
D1,0.2,DCC-CUSUM,16,0.07961455027753202,301,0,0.2061212821410497
D1,0.2,KCCA-logdet,16,1.1237578276418845,70,0,1.3275922376613465
D1,0.2,CorrCUSUM,17,1.79273952400303,303,1,1.240730012000982
D1,0.2,DCC-CUSUM,17,6.742043946072987e-16,539,0,0.2061212821410497
D1,0.2,KCCA-logdet,17,0.8309597631686153,528,0,1.3275922376613465
D1,0.2,CorrCUSUM,18,1.3028267630132988,151,1,1.240730012000982
D1,0.2,DCC-CUSUM,18,0.09322129807770094,303,0,0.2061212821410497
D1,0.2,KCCA-logdet,18,0.8998952628350818,532,0,1.3275922376613465
D1,0.2,CorrCUSUM,19,0.9207789754350941,310,0,1.240730012000982
D1,0.2,DCC-CUSUM,19,0.08101028703688853,316,0,0.2061212821410497
D1,0.2,KCCA-logdet,19,0.4994969581705912,66,0,1.3275922376613465
D1,0.2,CorrCUSUM,20,1.1126162726845836,187,0,1.240730012000982
D1,0.2,DCC-CUSUM,20,0.026896172921854183,188,0,0.2061212821410497
D1,0.2,KCCA-logdet,20,0.706077530923459,69,0,1.3275922376613465
D1,0.2,CorrCUSUM,21,1.367717304845331,252,1,1.240730012000982
D1,0.2,DCC-CUSUM,21,0.09381988632355462,265,0,0.2061212821410497
D1,0.2,KCCA-logdet,21,0.9100756166192188,537,0,1.3275922376613465
D1,0.2,CorrCUSUM,22,0.5610184205943479,287,0,1.240730012000982
D1,0.2,DCC-CUSUM,22,0.006461918142289819,184,0,0.2061212821410497
D1,0.2,KCCA-logdet,22,0.6351977319569192,73,0,1.3275922376613465
D1,0.2,CorrCUSUM,23,1.7380664937681276,302,1,1.240730012000982
D1,0.2,DCC-CUSUM,23,0.5461533229519752,327,1,0.2061212821410497
D1,0.2,KCCA-logdet,23,1.7767718298037298,533,1,1.3275922376613465
D1,0.2,CorrCUSUM,24,1.7159470189253212,169,1,1.240730012000982
D1,0.2,DCC-CUSUM,24,0.5742091680311411,354,1,0.2061212821410497
D1,0.2,KCCA-logdet,24,0.9107972554462582,84,0,1.3275922376613465
D1,0.2,CorrCUSUM,25,2.2957630654439445,299,1,1.240730012000982
D1,0.2,DCC-CUSUM,25,1.1544972215582365,303,1,0.2061212821410497
D1,0.2,KCCA-logdet,25,0.8542097251130387,74,0,1.3275922376613465
D1,0.2,CorrCUSUM,26,1.1342895274802103,304,0,1.240730012000982
D1,0.2,DCC-CUSUM,26,0.27633755226270634,326,1,0.2061212821410497
D1,0.2,KCCA-logdet,26,0.720722780087187,63,0,1.3275922376613465
D1,0.2,CorrCUSUM,27,1.6158239324122214,369,1,1.240730012000982
D1,0.2,DCC-CUSUM,27,0.35597960984027566,370,1,0.2061212821410497
D1,0.2,KCCA-logdet,27,1.2537292582962554,539,0,1.3275922376613465
D1,0.2,CorrCUSUM,28,1.7356982568891193,346,1,1.240730012000982
D1,0.2,DCC-CUSUM,28,0.6499351966168756,355,1,0.2061212821410497
D1,0.2,KCCA-logdet,28,0.7830260291303734,540,0,1.3275922376613465
D1,0.2,CorrCUSUM,29,2.114301414306965,281,1,1.240730012000982
D1,0.2,DCC-CUSUM,29,0.9433061538901715,310,1,0.2061212821410497
D1,0.2,KCCA-logdet,29,1.198794079942237,73,0,1.3275922376613465
D1,0.2,CorrCUSUM,30,1.7672877364722015,334,1,1.240730012000982
D1,0.2,DCC-CUSUM,30,0.42899684046381537,352,1,0.2061212821410497
D1,0.2,KCCA-logdet,30,0.7751318286682093,538,0,1.3275922376613465
D1,0.2,CorrCUSUM,31,1.261113332309087,312,1,1.240730012000982
D1,0.2,DCC-CUSUM,31,0.2540162958739274,320,1,0.2061212821410497
D1,0.2,KCCA-logdet,31,0.5218412307929585,512,0,1.3275922376613465
D1,0.2,CorrCUSUM,32,1.4195886772871342,336,1,1.240730012000982
D1,0.2,DCC-CUSUM,32,0.2678615221753804,346,1,0.2061212821410497
D1,0.2,KCCA-logdet,32,0.48023747673917627,540,0,1.3275922376613465
D1,0.2,CorrCUSUM,33,1.3561649659937132,364,1,1.240730012000982
D1,0.2,DCC-CUSUM,33,1.3030841240309135e-16,365,0,0.2061212821410497
D1,0.2,KCCA-logdet,33,0.7762241071718095,489,0,1.3275922376613465
D1,0.2,CorrCUSUM,34,0.7813982432624043,303,0,1.240730012000982
D1,0.2,DCC-CUSUM,34,6.685388114593382e-17,303,0,0.2061212821410497
D1,0.2,KCCA-logdet,34,0.9257036360656734,512,0,1.3275922376613465
D1,0.2,CorrCUSUM,35,1.0377892383359513,313,0,1.240730012000982
D1,0.2,DCC-CUSUM,35,0.15124475736747742,318,0,0.2061212821410497
D1,0.2,KCCA-logdet,35,0.7903563780408127,500,0,1.3275922376613465
D1,0.2,CorrCUSUM,36,1.1748707365054656,518,0,1.240730012000982
D1,0.2,DCC-CUSUM,36,0.006310244909926288,515,0,0.2061212821410497
D1,0.2,KCCA-logdet,36,1.035410955765037,529,0,1.3275922376613465
D1,0.2,CorrCUSUM,37,2.48395110597532,315,1,1.240730012000982
D1,0.2,DCC-CUSUM,37,1.0784409492001237,322,1,0.2061212821410497
D1,0.2,KCCA-logdet,37,0.8219657617499478,64,0,1.3275922376613465
D1,0.2,CorrCUSUM,38,1.5194938720295526,303,1,1.240730012000982
D1,0.2,DCC-CUSUM,38,0.3984315906873268,307,1,0.2061212821410497
D1,0.2,KCCA-logdet,38,1.2139881225141502,539,0,1.3275922376613465
D1,0.2,CorrCUSUM,39,1.5270488230725907,352,1,1.240730012000982
D1,0.2,DCC-CUSUM,39,0.4080499601837139,366,1,0.2061212821410497
D1,0.2,KCCA-logdet,39,1.1195882576001184,538,0,1.3275922376613465
D1,0.2,CorrCUSUM,40,1.2101596494671139,295,0,1.240730012000982
D1,0.2,DCC-CUSUM,40,0.041961781600434206,296,0,0.2061212821410497
D1,0.2,KCCA-logdet,40,1.2813243496546218,540,0,1.3275922376613465
D1,0.2,CorrCUSUM,41,0.898105795090148,315,0,1.240730012000982
D1,0.2,DCC-CUSUM,41,0.03435047157512151,317,0,0.2061212821410497
D1,0.2,KCCA-logdet,41,0.9181892854447213,488,0,1.3275922376613465
D1,0.2,CorrCUSUM,42,1.7279523255601592,311,1,1.240730012000982
D1,0.2,DCC-CUSUM,42,0.008280576435719597,327,0,0.2061212821410497
D1,0.2,KCCA-logdet,42,0.6036832011632335,539,0,1.3275922376613465
D1,0.2,CorrCUSUM,43,2.0971262982503416,239,1,1.240730012000982
D1,0.2,DCC-CUSUM,43,1.1249185621456068,249,1,0.2061212821410497
D1,0.2,KCCA-logdet,43,0.5711461260050682,511,0,1.3275922376613465
D1,0.2,CorrCUSUM,44,1.743491454423132,254,1,1.240730012000982
D1,0.2,DCC-CUSUM,44,0.5247068176869123,286,1,0.2061212821410497
D1,0.2,KCCA-logdet,44,1.0580754628508398,515,0,1.3275922376613465
D1,0.2,CorrCUSUM,45,1.3196068396016079,257,1,1.240730012000982
D1,0.2,DCC-CUSUM,45,0.11993953051729775,237,0,0.2061212821410497
D1,0.2,KCCA-logdet,45,0.7989408166583686,531,0,1.3275922376613465
D1,0.2,CorrCUSUM,46,1.9527405864422358,302,1,1.240730012000982
D1,0.2,DCC-CUSUM,46,0.7819021372539748,316,1,0.2061212821410497
D1,0.2,KCCA-logdet,46,1.031316787036436,538,0,1.3275922376613465
D1,0.2,CorrCUSUM,47,1.872256097548373,316,1,1.240730012000982
D1,0.2,DCC-CUSUM,47,0.5099169820781545,361,1,0.2061212821410497
D1,0.2,KCCA-logdet,47,0.6167496472880557,74,0,1.3275922376613465
D1,0.2,CorrCUSUM,48,1.3965637319250468,312,1,1.240730012000982
D1,0.2,DCC-CUSUM,48,0.38060850904975574,367,1,0.2061212821410497
D1,0.2,KCCA-logdet,48,0.825995219396209,539,0,1.3275922376613465
D1,0.2,CorrCUSUM,49,1.7150342691835363,269,1,1.240730012000982
D1,0.2,DCC-CUSUM,49,0.6983483457506315,277,1,0.2061212821410497
D1,0.2,KCCA-logdet,49,1.109986627083969,540,0,1.3275922376613465
D1,0.2,CorrCUSUM,50,2.1863878782598594,299,1,1.240730012000982
D1,0.2,DCC-CUSUM,50,0.7821205500128896,318,1,0.2061212821410497
D1,0.2,KCCA-logdet,50,0.895449204758732,65,0,1.3275922376613465
D1,0.2,CorrCUSUM,51,2.2520976965238355,300,1,1.240730012000982
D1,0.2,DCC-CUSUM,51,0.8796354316019931,303,1,0.2061212821410497
D1,0.2,KCCA-logdet,51,1.2575305842323041,505,0,1.3275922376613465
D1,0.2,CorrCUSUM,52,1.3259375917193996,250,1,1.240730012000982
D1,0.2,DCC-CUSUM,52,1.2237659599594666e-16,535,0,0.2061212821410497
D1,0.2,KCCA-logdet,52,0.8893810857545555,539,0,1.3275922376613465
D1,0.2,CorrCUSUM,53,1.5282698122918024,203,1,1.240730012000982
D1,0.2,DCC-CUSUM,53,0.4447527696517141,221,1,0.2061212821410497
D1,0.2,KCCA-logdet,53,0.7808142094499465,518,0,1.3275922376613465
D1,0.2,CorrCUSUM,54,0.5800640286194385,382,0,1.240730012000982
D1,0.2,DCC-CUSUM,54,0.005395347040848311,383,0,0.2061212821410497
D1,0.2,KCCA-logdet,54,0.8734734773097006,538,0,1.3275922376613465
D1,0.2,CorrCUSUM,55,1.583899593460672,317,1,1.240730012000982
D1,0.2,DCC-CUSUM,55,0.43686772373327704,325,1,0.2061212821410497
D1,0.2,KCCA-logdet,55,0.8923861089351933,60,0,1.3275922376613465
D1,0.2,CorrCUSUM,56,1.3007235840879237,318,1,1.240730012000982
D1,0.2,DCC-CUSUM,56,0.6760255034161761,357,1,0.2061212821410497
D1,0.2,KCCA-logdet,56,0.5925652950759142,74,0,1.3275922376613465
D1,0.2,CorrCUSUM,57,0.9987217153925106,175,0,1.240730012000982
D1,0.2,DCC-CUSUM,57,9.008277205257185e-17,176,0,0.2061212821410497
D1,0.2,KCCA-logdet,57,0.8898490330749063,533,0,1.3275922376613465
D1,0.2,CorrCUSUM,58,1.244116618750184,508,1,1.240730012000982
D1,0.2,DCC-CUSUM,58,0.020911095054432224,341,0,0.2061212821410497
D1,0.2,KCCA-logdet,58,0.7668337404350455,479,0,1.3275922376613465
D1,0.2,CorrCUSUM,59,1.0398980764541892,142,0,1.240730012000982
D1,0.2,DCC-CUSUM,59,8.951621373777579e-17,143,0,0.2061212821410497
D1,0.2,KCCA-logdet,59,0.4939452313312739,540,0,1.3275922376613465
D1,0.2,CorrCUSUM,60,1.1802805300336092,336,0,1.240730012000982
D1,0.2,DCC-CUSUM,60,0.16017861416515825,338,0,0.2061212821410497
D1,0.2,KCCA-logdet,60,0.6302948660190859,64,0,1.3275922376613465
D1,0.2,CorrCUSUM,61,1.395028413925952,181,1,1.240730012000982
D1,0.2,DCC-CUSUM,61,0.6177863393130242,372,1,0.2061212821410497
D1,0.2,KCCA-logdet,61,0.9811130828897623,469,0,1.3275922376613465
D1,0.2,CorrCUSUM,62,1.4043778255569708,162,1,1.240730012000982
D1,0.2,DCC-CUSUM,62,0.29081106920546956,164,1,0.2061212821410497
D1,0.2,KCCA-logdet,62,0.8884936122301508,64,0,1.3275922376613465
D1,0.2,CorrCUSUM,63,0.7306548998492858,539,0,1.240730012000982
D1,0.2,DCC-CUSUM,63,0.014710359445595254,540,0,0.2061212821410497
D1,0.2,KCCA-logdet,63,0.8446883151264187,539,0,1.3275922376613465
D1,0.2,CorrCUSUM,64,1.10724440506282,307,0,1.240730012000982
D1,0.2,DCC-CUSUM,64,0.0064169758190075156,308,0,0.2061212821410497
D1,0.2,KCCA-logdet,64,0.4924237117810984,531,0,1.3275922376613465
D1,0.2,CorrCUSUM,65,0.8759121528811816,105,0,1.240730012000982
D1,0.2,DCC-CUSUM,65,1.116119880148217e-16,487,0,0.2061212821410497
D1,0.2,KCCA-logdet,65,1.0882008365461016,77,0,1.3275922376613465
D1,0.2,CorrCUSUM,66,1.8595720315294926,295,1,1.240730012000982
D1,0.2,DCC-CUSUM,66,0.7233653665378483,339,1,0.2061212821410497
D1,0.2,KCCA-logdet,66,0.8443000220275731,87,0,1.3275922376613465
D1,0.2,CorrCUSUM,67,1.720765645776737,327,1,1.240730012000982
D1,0.2,DCC-CUSUM,67,0.7794991572072085,347,1,0.2061212821410497
D1,0.2,KCCA-logdet,67,1.1127762049591123,539,0,1.3275922376613465
D1,0.2,CorrCUSUM,68,1.9476165866072106,361,1,1.240730012000982
D1,0.2,DCC-CUSUM,68,0.9483263465970426,362,1,0.2061212821410497
D1,0.2,KCCA-logdet,68,0.7874806351057144,502,0,1.3275922376613465
D1,0.2,CorrCUSUM,69,1.0574564387540315,310,0,1.240730012000982
D1,0.2,DCC-CUSUM,69,2.1642527625209084e-16,329,0,0.2061212821410497
D1,0.2,KCCA-logdet,69,0.8093145259645034,540,0,1.3275922376613465
D1,0.2,CorrCUSUM,70,1.4169020475946084,301,1,1.240730012000982
D1,0.2,DCC-CUSUM,70,0.14276975843143352,302,0,0.2061212821410497
D1,0.2,KCCA-logdet,70,1.369540697142282,531,1,1.3275922376613465
D1,0.2,CorrCUSUM,71,1.4215390403927517,306,1,1.240730012000982
D1,0.2,DCC-CUSUM,71,1.778993108459595e-16,540,0,0.2061212821410497
D1,0.2,KCCA-logdet,71,0.5936211479918447,526,0,1.3275922376613465
D1,0.2,CorrCUSUM,72,1.4423881907161398,332,1,1.240730012000982
D1,0.2,DCC-CUSUM,72,0.34159782126831517,335,1,0.2061212821410497
D1,0.2,KCCA-logdet,72,0.9520216179692225,539,0,1.3275922376613465
D1,0.2,CorrCUSUM,73,0.7544520347370318,131,0,1.240730012000982
D1,0.2,DCC-CUSUM,73,0.0377177356810603,178,0,0.2061212821410497
D1,0.2,KCCA-logdet,73,1.148995587825143,61,0,1.3275922376613465
D1,0.2,CorrCUSUM,74,1.6416955313845782,231,1,1.240730012000982
D1,0.2,DCC-CUSUM,74,0.6124445358907429,241,1,0.2061212821410497
D1,0.2,KCCA-logdet,74,1.2396613957881422,535,0,1.3275922376613465
D1,0.2,CorrCUSUM,75,1.8654841000298596,280,1,1.240730012000982
D1,0.2,DCC-CUSUM,75,0.88595539953306,301,1,0.2061212821410497
D1,0.2,KCCA-logdet,75,0.6134646733030495,411,0,1.3275922376613465
D1,0.2,CorrCUSUM,76,1.6115150071291149,283,1,1.240730012000982
D1,0.2,DCC-CUSUM,76,0.29756118270443904,298,1,0.2061212821410497
D1,0.2,KCCA-logdet,76,0.728807250394174,420,0,1.3275922376613465
D1,0.2,CorrCUSUM,77,0.7953089081908885,238,0,1.240730012000982
D1,0.2,DCC-CUSUM,77,0.02018866794674544,239,0,0.2061212821410497
D1,0.2,KCCA-logdet,77,1.160405552020005,521,0,1.3275922376613465
D1,0.2,CorrCUSUM,78,2.171008056390121,328,1,1.240730012000982
D1,0.2,DCC-CUSUM,78,1.037684414362245,333,1,0.2061212821410497
D1,0.2,KCCA-logdet,78,1.0598806095879127,60,0,1.3275922376613465
D1,0.2,CorrCUSUM,79,1.7047043070373924,329,1,1.240730012000982
D1,0.2,DCC-CUSUM,79,0.07112890683758791,385,0,0.2061212821410497
D1,0.2,KCCA-logdet,79,0.9581056012578341,513,0,1.3275922376613465
D1,0.2,CorrCUSUM,80,1.2222739710933563,219,0,1.240730012000982
D1,0.2,DCC-CUSUM,80,0.04078201527616117,219,0,0.2061212821410497
D1,0.2,KCCA-logdet,80,0.5995092025782535,532,0,1.3275922376613465
D1,0.2,CorrCUSUM,81,1.9130578201499213,313,1,1.240730012000982
D1,0.2,DCC-CUSUM,81,0.9241356335074405,329,1,0.2061212821410497
D1,0.2,KCCA-logdet,81,1.7031358132798173,540,1,1.3275922376613465
D1,0.2,CorrCUSUM,82,1.1481930863201388,317,0,1.240730012000982
D1,0.2,DCC-CUSUM,82,0.2984600097854303,251,1,0.2061212821410497
D1,0.2,KCCA-logdet,82,0.6874544414580198,518,0,1.3275922376613465
D1,0.2,CorrCUSUM,83,0.8285488474369841,322,0,1.240730012000982
D1,0.2,DCC-CUSUM,83,0.0021710975754495126,295,0,0.2061212821410497
D1,0.2,KCCA-logdet,83,0.45974760767173123,60,0,1.3275922376613465
D1,0.2,CorrCUSUM,84,2.0738650759229023,267,1,1.240730012000982
D1,0.2,DCC-CUSUM,84,0.7867951256943527,293,1,0.2061212821410497
D1,0.2,KCCA-logdet,84,0.7143069045423229,539,0,1.3275922376613465
D1,0.2,CorrCUSUM,85,0.7916102602423093,289,0,1.240730012000982
D1,0.2,DCC-CUSUM,85,0.004221645223972226,290,0,0.2061212821410497
D1,0.2,KCCA-logdet,85,0.4618622286177004,117,0,1.3275922376613465
D1,0.2,CorrCUSUM,86,1.8423554904700432,299,1,1.240730012000982
D1,0.2,DCC-CUSUM,86,0.9522147415546204,319,1,0.2061212821410497
D1,0.2,KCCA-logdet,86,0.7445961095794659,507,0,1.3275922376613465
D1,0.2,CorrCUSUM,87,1.694879921534524,280,1,1.240730012000982
D1,0.2,DCC-CUSUM,87,0.762757307197979,250,1,0.2061212821410497
D1,0.2,KCCA-logdet,87,0.865296644203383,524,0,1.3275922376613465
D1,0.2,CorrCUSUM,88,1.0999170754043373,316,0,1.240730012000982
D1,0.2,DCC-CUSUM,88,0.06267738148232363,317,0,0.2061212821410497
D1,0.2,KCCA-logdet,88,0.4759186758139435,66,0,1.3275922376613465
D1,0.2,CorrCUSUM,89,1.249755473751335,303,1,1.240730012000982
D1,0.2,DCC-CUSUM,89,0.09514396918750632,307,0,0.2061212821410497
D1,0.2,KCCA-logdet,89,0.48014968056253565,60,0,1.3275922376613465
D1,0.2,CorrCUSUM,90,1.2313256499800505,269,0,1.240730012000982
D1,0.2,DCC-CUSUM,90,0.006497898175989351,270,0,0.2061212821410497
D1,0.2,KCCA-logdet,90,0.7667376508475315,60,0,1.3275922376613465
D1,0.2,CorrCUSUM,91,0.9116723855196673,283,0,1.240730012000982
D1,0.2,DCC-CUSUM,91,1.2350971262553874e-16,192,0,0.2061212821410497
D1,0.2,KCCA-logdet,91,0.8200224732582894,535,0,1.3275922376613465
D1,0.2,CorrCUSUM,92,0.881448157942894,280,0,1.240730012000982
D1,0.2,DCC-CUSUM,92,8.696670132119358e-17,280,0,0.2061212821410497
D1,0.2,KCCA-logdet,92,0.7097592332092457,67,0,1.3275922376613465
D1,0.2,CorrCUSUM,93,1.7484858336295037,306,1,1.240730012000982
D1,0.2,DCC-CUSUM,93,0.06430963678396957,307,0,0.2061212821410497
D1,0.2,KCCA-logdet,93,1.1984715243085926,536,0,1.3275922376613465
D1,0.2,CorrCUSUM,94,1.5461373868507735,341,1,1.240730012000982
D1,0.2,DCC-CUSUM,94,0.4114203277573548,359,1,0.2061212821410497
D1,0.2,KCCA-logdet,94,1.0617366039727567,504,0,1.3275922376613465
D1,0.2,CorrCUSUM,95,1.004080749072579,322,0,1.240730012000982
D1,0.2,DCC-CUSUM,95,0.26515869677670506,332,1,0.2061212821410497
D1,0.2,KCCA-logdet,95,0.8713477525652195,64,0,1.3275922376613465
D1,0.2,CorrCUSUM,96,1.1958232336203527,235,0,1.240730012000982
D1,0.2,DCC-CUSUM,96,0.010535521099978193,236,0,0.2061212821410497
D1,0.2,KCCA-logdet,96,0.99952289695582,67,0,1.3275922376613465
D1,0.2,CorrCUSUM,97,1.6254602552386155,289,1,1.240730012000982
D1,0.2,DCC-CUSUM,97,5.042369001684839e-17,290,0,0.2061212821410497
D1,0.2,KCCA-logdet,97,0.6992989008948979,527,0,1.3275922376613465
D1,0.2,CorrCUSUM,98,1.9619786142759432,292,1,1.240730012000982
D1,0.2,DCC-CUSUM,98,0.7272798448435543,295,1,0.2061212821410497
D1,0.2,KCCA-logdet,98,0.6330540637477448,85,0,1.3275922376613465
D1,0.2,CorrCUSUM,99,0.8810032762674859,382,0,1.240730012000982
D1,0.2,DCC-CUSUM,99,0.012628699485136353,383,0,0.2061212821410497
D1,0.2,KCCA-logdet,99,0.7241624217835569,539,0,1.3275922376613465
D1,0.2,CorrCUSUM,100,1.3743846815777776,316,1,1.240730012000982
D1,0.2,DCC-CUSUM,100,0.43002093517017703,322,1,0.2061212821410497
D1,0.2,KCCA-logdet,100,0.4543809169936276,521,0,1.3275922376613465
D1,0.2,CorrCUSUM,101,0.8309483294863822,202,0,1.240730012000982
D1,0.2,DCC-CUSUM,101,0.0,60,0,0.2061212821410497
D1,0.2,KCCA-logdet,101,0.8391027708079888,64,0,1.3275922376613465
D1,0.2,CorrCUSUM,102,1.3416716844285246,311,1,1.240730012000982
D1,0.2,DCC-CUSUM,102,0.16140633763091217,312,0,0.2061212821410497
D1,0.2,KCCA-logdet,102,0.990540770597567,540,0,1.3275922376613465
D1,0.2,CorrCUSUM,103,1.9669950111960108,305,1,1.240730012000982
D1,0.2,DCC-CUSUM,103,0.971175284045091,331,1,0.2061212821410497
D1,0.2,KCCA-logdet,103,1.2716193619944747,506,0,1.3275922376613465
D1,0.2,CorrCUSUM,104,0.8104482315802208,277,0,1.240730012000982
D1,0.2,DCC-CUSUM,104,0.08352746281942716,279,0,0.2061212821410497
D1,0.2,KCCA-logdet,104,0.7206542379009006,60,0,1.3275922376613465
D1,0.2,CorrCUSUM,105,2.014328903088491,314,1,1.240730012000982
D1,0.2,DCC-CUSUM,105,1.1443145915190365,348,1,0.2061212821410497
D1,0.2,KCCA-logdet,105,0.8319679446259076,348,0,1.3275922376613465
D1,0.2,CorrCUSUM,106,1.2376329642825343,299,0,1.240730012000982
D1,0.2,DCC-CUSUM,106,0.0015869705164274434,299,0,0.2061212821410497
D1,0.2,KCCA-logdet,106,0.9416598389918727,533,0,1.3275922376613465
D1,0.2,CorrCUSUM,107,1.6963470416606081,349,1,1.240730012000982
D1,0.2,DCC-CUSUM,107,0.2481298538573942,352,1,0.2061212821410497
D1,0.2,KCCA-logdet,107,0.8171490560498692,473,0,1.3275922376613465
D1,0.2,CorrCUSUM,108,1.0751135714587685,282,0,1.240730012000982
D1,0.2,DCC-CUSUM,108,0.13157277837634812,294,0,0.2061212821410497
D1,0.2,KCCA-logdet,108,1.1136702223681532,60,0,1.3275922376613465
D1,0.2,CorrCUSUM,109,1.4239177538315935,287,1,1.240730012000982
D1,0.2,DCC-CUSUM,109,0.1507682373337137,293,0,0.2061212821410497
D1,0.2,KCCA-logdet,109,0.5361913997363983,60,0,1.3275922376613465
D1,0.2,CorrCUSUM,110,1.6512636640584983,247,1,1.240730012000982
D1,0.2,DCC-CUSUM,110,0.07486692969725321,253,0,0.2061212821410497
D1,0.2,KCCA-logdet,110,0.5421910441087713,540,0,1.3275922376613465
D1,0.2,CorrCUSUM,111,1.6094007578063352,300,1,1.240730012000982
D1,0.2,DCC-CUSUM,111,0.4043169111605887,308,1,0.2061212821410497
D1,0.2,KCCA-logdet,111,0.5736289494980247,520,0,1.3275922376613465
D1,0.2,CorrCUSUM,112,2.3081496761096565,368,1,1.240730012000982
D1,0.2,DCC-CUSUM,112,1.5282081164154848,376,1,0.2061212821410497
D1,0.2,KCCA-logdet,112,0.9157467027268893,490,0,1.3275922376613465
D1,0.2,CorrCUSUM,113,1.43406882755173,253,1,1.240730012000982
D1,0.2,DCC-CUSUM,113,0.11409082763595628,270,0,0.2061212821410497
D1,0.2,KCCA-logdet,113,0.8710198052710891,64,0,1.3275922376613465
D1,0.2,CorrCUSUM,114,1.5754113511875802,234,1,1.240730012000982
D1,0.2,DCC-CUSUM,114,0.21991721252503618,240,1,0.2061212821410497
D1,0.2,KCCA-logdet,114,0.9181173065620062,69,0,1.3275922376613465
D1,0.2,CorrCUSUM,115,0.7076296184468902,247,0,1.240730012000982
D1,0.2,DCC-CUSUM,115,0.02655331435303891,248,0,0.2061212821410497
D1,0.2,KCCA-logdet,115,1.1253472696298126,533,0,1.3275922376613465
D1,0.2,CorrCUSUM,116,1.7234541278695201,304,1,1.240730012000982
D1,0.2,DCC-CUSUM,116,0.5283044290648172,331,1,0.2061212821410497
D1,0.2,KCCA-logdet,116,1.1243171045915017,528,0,1.3275922376613465
D1,0.2,CorrCUSUM,117,1.2008421600192147,102,0,1.240730012000982
D1,0.2,DCC-CUSUM,117,1.3030841240309135e-16,524,0,0.2061212821410497
D1,0.2,KCCA-logdet,117,0.9272863183063678,438,0,1.3275922376613465
D1,0.2,CorrCUSUM,118,2.0158157756103776,284,1,1.240730012000982
D1,0.2,DCC-CUSUM,118,1.07565571545863,301,1,0.2061212821410497
D1,0.2,KCCA-logdet,118,0.6449658916136172,65,0,1.3275922376613465
D1,0.2,CorrCUSUM,119,1.993824433051777,307,1,1.240730012000982
D1,0.2,DCC-CUSUM,119,0.9161548321780891,311,1,0.2061212821410497
D1,0.2,KCCA-logdet,119,1.0484353944731124,494,0,1.3275922376613465
D1,0.2,CorrCUSUM,120,1.4121955863456437,240,1,1.240730012000982
D1,0.2,DCC-CUSUM,120,0.14226204495460865,248,0,0.2061212821410497
D1,0.2,KCCA-logdet,120,0.9727474940338516,518,0,1.3275922376613465
D1,0.2,CorrCUSUM,121,1.3702626898776065,282,1,1.240730012000982
D1,0.2,DCC-CUSUM,121,0.5619370046984393,318,1,0.2061212821410497
D1,0.2,KCCA-logdet,121,0.6800126113066406,63,0,1.3275922376613465
D1,0.2,CorrCUSUM,122,1.7157260465954398,286,1,1.240730012000982
D1,0.2,DCC-CUSUM,122,0.4846505153784782,288,1,0.2061212821410497
D1,0.2,KCCA-logdet,122,0.7701199818254044,523,0,1.3275922376613465
D1,0.2,CorrCUSUM,123,1.3767925147893403,225,1,1.240730012000982
D1,0.2,DCC-CUSUM,123,0.11305603464685934,227,0,0.2061212821410497
D1,0.2,KCCA-logdet,123,0.9568644591748461,540,0,1.3275922376613465
D1,0.2,CorrCUSUM,124,1.3117694445346286,384,1,1.240730012000982
D1,0.2,DCC-CUSUM,124,0.36570263118890495,418,1,0.2061212821410497
D1,0.2,KCCA-logdet,124,0.6554746228050603,529,0,1.3275922376613465
D1,0.2,CorrCUSUM,125,1.8522314962295587,312,1,1.240730012000982
D1,0.2,DCC-CUSUM,125,0.6820253211228607,193,1,0.2061212821410497
D1,0.2,KCCA-logdet,125,0.8061030231776654,463,0,1.3275922376613465
D1,0.2,CorrCUSUM,126,1.3329574577694605,342,1,1.240730012000982
D1,0.2,DCC-CUSUM,126,0.001212261895268828,342,0,0.2061212821410497
D1,0.2,KCCA-logdet,126,0.5272779528645606,529,0,1.3275922376613465
D1,0.2,CorrCUSUM,127,1.2107654877721168,446,0,1.240730012000982
D1,0.2,DCC-CUSUM,127,0.20925416867113192,455,1,0.2061212821410497
D1,0.2,KCCA-logdet,127,0.9718638130037351,521,0,1.3275922376613465
D1,0.2,CorrCUSUM,128,1.254001197030568,311,1,1.240730012000982
D1,0.2,DCC-CUSUM,128,0.1389337536335699,322,0,0.2061212821410497
D1,0.2,KCCA-logdet,128,1.3436226794438482,506,1,1.3275922376613465
D1,0.2,CorrCUSUM,129,0.8787452387747401,295,0,1.240730012000982
D1,0.2,DCC-CUSUM,129,0.066219661520122,300,0,0.2061212821410497
D1,0.2,KCCA-logdet,129,0.7728061022508409,529,0,1.3275922376613465
D1,0.2,CorrCUSUM,130,1.6483637622921223,266,1,1.240730012000982
D1,0.2,DCC-CUSUM,130,0.8287796243558804,312,1,0.2061212821410497
D1,0.2,KCCA-logdet,130,0.6260841299617667,64,0,1.3275922376613465
D1,0.2,CorrCUSUM,131,1.5081900286776284,402,1,1.240730012000982
D1,0.2,DCC-CUSUM,131,0.47829476741831173,317,1,0.2061212821410497
D1,0.2,KCCA-logdet,131,0.7173003406638755,402,0,1.3275922376613465
D1,0.2,CorrCUSUM,132,1.4910081552041126,371,1,1.240730012000982
D1,0.2,DCC-CUSUM,132,0.04389803689227175,372,0,0.2061212821410497
D1,0.2,KCCA-logdet,132,0.8429905533525803,532,0,1.3275922376613465
D1,0.2,CorrCUSUM,133,1.360123743623776,367,1,1.240730012000982
D1,0.2,DCC-CUSUM,133,0.027585805212530408,178,0,0.2061212821410497
D1,0.2,KCCA-logdet,133,0.7487023326234286,522,0,1.3275922376613465
D1,0.2,CorrCUSUM,134,1.5015102891669425,266,1,1.240730012000982
D1,0.2,DCC-CUSUM,134,0.4063699865852977,344,1,0.2061212821410497
D1,0.2,KCCA-logdet,134,1.0169000180474197,499,0,1.3275922376613465
D1,0.2,CorrCUSUM,135,1.8207112614109497,295,1,1.240730012000982
D1,0.2,DCC-CUSUM,135,0.7277567862886346,334,1,0.2061212821410497
D1,0.2,KCCA-logdet,135,0.8008521718211294,531,0,1.3275922376613465
D1,0.2,CorrCUSUM,136,1.0303594716188005,132,0,1.240730012000982
D1,0.2,DCC-CUSUM,136,9.064933036736789e-17,122,0,0.2061212821410497
D1,0.2,KCCA-logdet,136,0.6136855187138928,87,0,1.3275922376613465
D1,0.2,CorrCUSUM,137,1.9180409744703528,300,1,1.240730012000982
D1,0.2,DCC-CUSUM,137,0.14056755925223258,301,0,0.2061212821410497
D1,0.2,KCCA-logdet,137,1.2328411820568155,69,0,1.3275922376613465
D1,0.2,CorrCUSUM,138,1.3696442431265647,151,1,1.240730012000982
D1,0.2,DCC-CUSUM,138,0.05174108154466605,153,0,0.2061212821410497
D1,0.2,KCCA-logdet,138,0.9031788730485826,61,0,1.3275922376613465
D1,0.2,CorrCUSUM,139,1.4089975515389659,308,1,1.240730012000982
D1,0.2,DCC-CUSUM,139,0.28843137859419793,314,1,0.2061212821410497
D1,0.2,KCCA-logdet,139,0.5564993375484685,530,0,1.3275922376613465
D1,0.2,CorrCUSUM,140,2.1815771347712003,290,1,1.240730012000982
D1,0.2,DCC-CUSUM,140,0.6064987050409848,292,1,0.2061212821410497
D1,0.2,KCCA-logdet,140,0.7771114273813241,514,0,1.3275922376613465
D1,0.2,CorrCUSUM,141,1.8834576201636672,251,1,1.240730012000982
D1,0.2,DCC-CUSUM,141,0.9367772242064216,289,1,0.2061212821410497
D1,0.2,KCCA-logdet,141,0.9890917229057342,529,0,1.3275922376613465
D1,0.2,CorrCUSUM,142,0.9836853319137486,440,0,1.240730012000982
D1,0.2,DCC-CUSUM,142,0.041130279705038846,331,0,0.2061212821410497
D1,0.2,KCCA-logdet,142,0.4523340494721035,539,0,1.3275922376613465
D1,0.2,CorrCUSUM,143,1.4117678087089391,341,1,1.240730012000982
D1,0.2,DCC-CUSUM,143,0.13777472567333854,342,0,0.2061212821410497
D1,0.2,KCCA-logdet,143,0.7808730813694837,526,0,1.3275922376613465
D1,0.2,CorrCUSUM,144,1.8836350706343237,334,1,1.240730012000982
D1,0.2,DCC-CUSUM,144,1.108818396021549,366,1,0.2061212821410497
D1,0.2,KCCA-logdet,144,0.9953397562801835,60,0,1.3275922376613465
D1,0.2,CorrCUSUM,145,1.9939475328987826,268,1,1.240730012000982
D1,0.2,DCC-CUSUM,145,0.9762149543867764,324,1,0.2061212821410497
D1,0.2,KCCA-logdet,145,1.4662832465045181,535,1,1.3275922376613465
D1,0.2,CorrCUSUM,146,1.4052309262614024,236,1,1.240730012000982
D1,0.2,DCC-CUSUM,146,0.1046406485354288,245,0,0.2061212821410497
D1,0.2,KCCA-logdet,146,1.0575368522275506,531,0,1.3275922376613465
D1,0.2,CorrCUSUM,147,0.7063847508704735,89,0,1.240730012000982
D1,0.2,DCC-CUSUM,147,5.438959822042074e-17,516,0,0.2061212821410497
D1,0.2,KCCA-logdet,147,0.3771177641810939,540,0,1.3275922376613465
D1,0.2,CorrCUSUM,148,1.2271653303882954,315,0,1.240730012000982
D1,0.2,DCC-CUSUM,148,0.015284367358149132,316,0,0.2061212821410497
D1,0.2,KCCA-logdet,148,0.9049941297657162,536,0,1.3275922376613465
D1,0.2,CorrCUSUM,149,0.8663840637351843,296,0,1.240730012000982
D1,0.2,DCC-CUSUM,149,7.591881418267061e-17,290,0,0.2061212821410497
D1,0.2,KCCA-logdet,149,1.288983277695262,64,0,1.3275922376613465
D1,0.2,CorrCUSUM,150,1.4342953575295971,295,1,1.240730012000982
D1,0.2,DCC-CUSUM,150,0.3396614824159109,306,1,0.2061212821410497
D1,0.2,KCCA-logdet,150,0.7545590481732646,64,0,1.3275922376613465
D1,0.2,CorrCUSUM,151,1.5029374287350046,171,1,1.240730012000982
D1,0.2,DCC-CUSUM,151,0.17996097172848638,188,0,0.2061212821410497
D1,0.2,KCCA-logdet,151,0.9352510218538236,526,0,1.3275922376613465
D1,0.2,CorrCUSUM,152,1.984191569058548,339,1,1.240730012000982
D1,0.2,DCC-CUSUM,152,0.8939366363234683,346,1,0.2061212821410497
D1,0.2,KCCA-logdet,152,0.8007034059079531,524,0,1.3275922376613465
D1,0.2,CorrCUSUM,153,1.6722554403115855,246,1,1.240730012000982
D1,0.2,DCC-CUSUM,153,0.06921689094376118,247,0,0.2061212821410497
D1,0.2,KCCA-logdet,153,0.5791320313997187,419,0,1.3275922376613465
D1,0.2,CorrCUSUM,154,1.1578989202746997,285,0,1.240730012000982
D1,0.2,DCC-CUSUM,154,1.0537984655206517e-16,257,0,0.2061212821410497
D1,0.2,KCCA-logdet,154,0.6595229780101208,60,0,1.3275922376613465
D1,0.2,CorrCUSUM,155,1.2905476797750102,235,1,1.240730012000982
D1,0.2,DCC-CUSUM,155,0.10783257063558843,317,0,0.2061212821410497
D1,0.2,KCCA-logdet,155,1.289800698949155,62,0,1.3275922376613465
D1,0.2,CorrCUSUM,156,2.065414438227303,322,1,1.240730012000982
D1,0.2,DCC-CUSUM,156,0.9168305380021937,350,1,0.2061212821410497
D1,0.2,KCCA-logdet,156,0.93123671010906,60,0,1.3275922376613465
D1,0.2,CorrCUSUM,157,1.2048735127995918,326,0,1.240730012000982
D1,0.2,DCC-CUSUM,157,0.08373545086239269,329,0,0.2061212821410497
D1,0.2,KCCA-logdet,157,1.031175723665557,496,0,1.3275922376613465
D1,0.2,CorrCUSUM,158,1.4855054710576001,335,1,1.240730012000982
D1,0.2,DCC-CUSUM,158,0.07364104769412244,336,0,0.2061212821410497
D1,0.2,KCCA-logdet,158,1.1071335394987054,518,0,1.3275922376613465
D1,0.2,CorrCUSUM,159,1.7237452045669437,291,1,1.240730012000982
D1,0.2,DCC-CUSUM,159,0.43595590473545387,312,1,0.2061212821410497
D1,0.2,KCCA-logdet,159,0.7645079335686109,520,0,1.3275922376613465
D1,0.2,CorrCUSUM,160,0.9661414596591879,305,0,1.240730012000982
D1,0.2,DCC-CUSUM,160,0.014797199031612357,304,0,0.2061212821410497
D1,0.2,KCCA-logdet,160,0.7060077962192933,538,0,1.3275922376613465
D1,0.2,CorrCUSUM,161,2.0456010796724495,311,1,1.240730012000982
D1,0.2,DCC-CUSUM,161,0.7119095326139957,395,1,0.2061212821410497
D1,0.2,KCCA-logdet,161,1.119461091509695,501,0,1.3275922376613465
D1,0.2,CorrCUSUM,162,0.927639755508299,238,0,1.240730012000982
D1,0.2,DCC-CUSUM,162,1.0537984655206517e-16,503,0,0.2061212821410497
D1,0.2,KCCA-logdet,162,0.8150712239157114,62,0,1.3275922376613465
D1,0.2,CorrCUSUM,163,1.7816717356873586,313,1,1.240730012000982
D1,0.2,DCC-CUSUM,163,0.6610672085563573,357,1,0.2061212821410497
D1,0.2,KCCA-logdet,163,0.6744118037541544,475,0,1.3275922376613465
D1,0.2,CorrCUSUM,164,1.6931519515146478,310,1,1.240730012000982
D1,0.2,DCC-CUSUM,164,0.8148900112530464,334,1,0.2061212821410497
D1,0.2,KCCA-logdet,164,0.5519984628591362,522,0,1.3275922376613465
D1,0.2,CorrCUSUM,165,1.5097533833937269,256,1,1.240730012000982
D1,0.2,DCC-CUSUM,165,0.5526910567112778,316,1,0.2061212821410497
D1,0.2,KCCA-logdet,165,1.0356874405399983,60,0,1.3275922376613465
D1,0.2,CorrCUSUM,166,2.520207546996993,257,1,1.240730012000982
D1,0.2,DCC-CUSUM,166,1.4557408487990156,301,1,0.2061212821410497
D1,0.2,KCCA-logdet,166,0.8706849242793554,513,0,1.3275922376613465
D1,0.2,CorrCUSUM,167,0.9573028444972664,365,0,1.240730012000982
D1,0.2,DCC-CUSUM,167,0.16112273716616468,376,0,0.2061212821410497
D1,0.2,KCCA-logdet,167,0.6056634084126425,94,0,1.3275922376613465
D1,0.2,CorrCUSUM,168,0.7179611513777047,248,0,1.240730012000982
D1,0.2,DCC-CUSUM,168,0.07125436185600231,249,0,0.2061212821410497
D1,0.2,KCCA-logdet,168,0.8945402096167605,536,0,1.3275922376613465
D1,0.2,CorrCUSUM,169,1.6289431102738414,370,1,1.240730012000982
D1,0.2,DCC-CUSUM,169,0.4557198679287937,384,1,0.2061212821410497
D1,0.2,KCCA-logdet,169,0.670889191884522,429,0,1.3275922376613465
D1,0.2,CorrCUSUM,170,1.2140048478322178,390,0,1.240730012000982
D1,0.2,DCC-CUSUM,170,0.13552608002683858,359,0,0.2061212821410497
D1,0.2,KCCA-logdet,170,0.5231087203721003,539,0,1.3275922376613465
D1,0.2,CorrCUSUM,171,0.8369669022049082,451,0,1.240730012000982
D1,0.2,DCC-CUSUM,171,0.08566155099895877,451,0,0.2061212821410497
D1,0.2,KCCA-logdet,171,1.3517329215359084,66,1,1.3275922376613465
D1,0.2,CorrCUSUM,172,1.7302201275652238,289,1,1.240730012000982
D1,0.2,DCC-CUSUM,172,0.011519959499900204,298,0,0.2061212821410497
D1,0.2,KCCA-logdet,172,0.47410580724222834,485,0,1.3275922376613465
D1,0.2,CorrCUSUM,173,2.2541447765585536,204,1,1.240730012000982
D1,0.2,DCC-CUSUM,173,1.2202489250486295,273,1,0.2061212821410497
D1,0.2,KCCA-logdet,173,0.9440876857562402,496,0,1.3275922376613465
D1,0.2,CorrCUSUM,174,1.2579769635774478,220,1,1.240730012000982
D1,0.2,DCC-CUSUM,174,0.13719380003502207,227,0,0.2061212821410497
D1,0.2,KCCA-logdet,174,0.6332558723725671,86,0,1.3275922376613465
D1,0.2,CorrCUSUM,175,1.2838186825218045,380,1,1.240730012000982
D1,0.2,DCC-CUSUM,175,0.07873216595151626,381,0,0.2061212821410497
D1,0.2,KCCA-logdet,175,0.4821178428735928,66,0,1.3275922376613465
D1,0.2,CorrCUSUM,176,1.4749797218118303,393,1,1.240730012000982
D1,0.2,DCC-CUSUM,176,0.43630857991890526,425,1,0.2061212821410497
D1,0.2,KCCA-logdet,176,1.1547666262907395,537,0,1.3275922376613465
D1,0.2,CorrCUSUM,177,1.2310055907777202,299,0,1.240730012000982
D1,0.2,DCC-CUSUM,177,0.24111747164192313,305,1,0.2061212821410497
D1,0.2,KCCA-logdet,177,1.2710524448095677,80,0,1.3275922376613465
D1,0.2,CorrCUSUM,178,2.2146936450262804,297,1,1.240730012000982
D1,0.2,DCC-CUSUM,178,1.2222961461107549,337,1,0.2061212821410497
D1,0.2,KCCA-logdet,178,1.047457411695841,532,0,1.3275922376613465
D1,0.2,CorrCUSUM,179,1.6743800274762943,340,1,1.240730012000982
D1,0.2,DCC-CUSUM,179,0.06255377539189727,341,0,0.2061212821410497
D1,0.2,KCCA-logdet,179,0.8659740756019061,536,0,1.3275922376613465
D1,0.2,CorrCUSUM,180,1.2234811436166106,362,0,1.240730012000982
D1,0.2,DCC-CUSUM,180,1.2237659599594666e-16,363,0,0.2061212821410497
D1,0.2,KCCA-logdet,180,0.6894485292223818,539,0,1.3275922376613465
D1,0.2,CorrCUSUM,181,2.2828855887558968,301,1,1.240730012000982
D1,0.2,DCC-CUSUM,181,0.9116117309574006,340,1,0.2061212821410497
D1,0.2,KCCA-logdet,181,0.8402704739399511,538,0,1.3275922376613465
D1,0.2,CorrCUSUM,182,1.3361088765869915,170,1,1.240730012000982
D1,0.2,DCC-CUSUM,182,1.1614445453319012e-16,163,0,0.2061212821410497
D1,0.2,KCCA-logdet,182,1.0851756066483624,527,0,1.3275922376613465
D1,0.2,CorrCUSUM,183,1.206138989233072,305,0,1.240730012000982
D1,0.2,DCC-CUSUM,183,0.05914837521444186,307,0,0.2061212821410497
D1,0.2,KCCA-logdet,183,0.7434990490706531,74,0,1.3275922376613465
D1,0.2,CorrCUSUM,184,1.2842240577351887,334,1,1.240730012000982
D1,0.2,DCC-CUSUM,184,1.3937334543982814e-16,304,0,0.2061212821410497
D1,0.2,KCCA-logdet,184,1.1948941943039737,533,0,1.3275922376613465
D1,0.2,CorrCUSUM,185,1.447038878456814,307,1,1.240730012000982
D1,0.2,DCC-CUSUM,185,0.3951792376259328,361,1,0.2061212821410497
D1,0.2,KCCA-logdet,185,0.6994811191724176,98,0,1.3275922376613465
D1,0.2,CorrCUSUM,186,2.266834167721761,298,1,1.240730012000982
D1,0.2,DCC-CUSUM,186,1.145107828401001,317,1,0.2061212821410497
D1,0.2,KCCA-logdet,186,1.0687878170710408,521,0,1.3275922376613465
D1,0.2,CorrCUSUM,187,1.6903285898288607,381,1,1.240730012000982
D1,0.2,DCC-CUSUM,187,0.6652969184649024,392,1,0.2061212821410497
D1,0.2,KCCA-logdet,187,1.00435743519086,511,0,1.3275922376613465
D1,0.2,CorrCUSUM,188,1.4042034158858399,254,1,1.240730012000982
D1,0.2,DCC-CUSUM,188,1.6027934725580236e-15,255,0,0.2061212821410497
D1,0.2,KCCA-logdet,188,0.97651758691377,536,0,1.3275922376613465
D1,0.2,CorrCUSUM,189,1.021755845262545,294,0,1.240730012000982
D1,0.2,DCC-CUSUM,189,1.5495369909671949e-16,295,0,0.2061212821410497
D1,0.2,KCCA-logdet,189,1.4252752719098742,540,1,1.3275922376613465
D1,0.2,CorrCUSUM,190,0.9714688187858364,458,0,1.240730012000982
D1,0.2,DCC-CUSUM,190,0.006174980282722948,459,0,0.2061212821410497
D1,0.2,KCCA-logdet,190,0.6634653051665934,540,0,1.3275922376613465
D1,0.2,CorrCUSUM,191,1.0664537661731779,415,0,1.240730012000982
D1,0.2,DCC-CUSUM,191,3.7959407091335304e-16,416,0,0.2061212821410497
D1,0.2,KCCA-logdet,191,0.734987086121443,61,0,1.3275922376613465
D1,0.2,CorrCUSUM,192,1.066233161249044,530,0,1.240730012000982
D1,0.2,DCC-CUSUM,192,0.1367135056352524,536,0,0.2061212821410497
D1,0.2,KCCA-logdet,192,1.2871761901525554,522,0,1.3275922376613465
D1,0.2,CorrCUSUM,193,0.8637507008202987,357,0,1.240730012000982
D1,0.2,DCC-CUSUM,193,0.009848344333273697,358,0,0.2061212821410497
D1,0.2,KCCA-logdet,193,0.6853158173898634,540,0,1.3275922376613465
D1,0.2,CorrCUSUM,194,1.1122075426135543,133,0,1.240730012000982
D1,0.2,DCC-CUSUM,194,0.08040942684213954,134,0,0.2061212821410497
D1,0.2,KCCA-logdet,194,1.4198116152560754,68,1,1.3275922376613465
D1,0.2,CorrCUSUM,195,1.9059961006102364,370,1,1.240730012000982
D1,0.2,DCC-CUSUM,195,0.5602207783760521,381,1,0.2061212821410497
D1,0.2,KCCA-logdet,195,0.822072131256484,533,0,1.3275922376613465
D1,0.2,CorrCUSUM,196,1.1823405348214322,292,0,1.240730012000982
D1,0.2,DCC-CUSUM,196,1.5693665319850567e-16,537,0,0.2061212821410497
D1,0.2,KCCA-logdet,196,0.5476485598636914,60,0,1.3275922376613465
D1,0.2,CorrCUSUM,197,1.4112230347147505,281,1,1.240730012000982
D1,0.2,DCC-CUSUM,197,1.1274510464441382e-16,282,0,0.2061212821410497
D1,0.2,KCCA-logdet,197,0.6314567268252581,539,0,1.3275922376613465
D1,0.2,CorrCUSUM,198,1.1140801592407337,316,0,1.240730012000982
D1,0.2,DCC-CUSUM,198,0.024298915888104355,317,0,0.2061212821410497
D1,0.2,KCCA-logdet,198,0.5797367116275947,537,0,1.3275922376613465
D1,0.2,CorrCUSUM,199,2.1653672670369137,346,1,1.240730012000982
D1,0.2,DCC-CUSUM,199,1.0781768579562319,354,1,0.2061212821410497
D1,0.2,KCCA-logdet,199,1.113586725354987,505,0,1.3275922376613465
D1,0.35,CorrCUSUM,0,2.6394845755262115,305,1,1.240730012000982
D1,0.35,DCC-CUSUM,0,1.455249391307506,310,1,0.2061212821410497
D1,0.35,KCCA-logdet,0,1.0679584703597755,508,0,1.3275922376613465
D1,0.35,CorrCUSUM,1,3.2100235195986415,316,1,1.240730012000982
D1,0.35,DCC-CUSUM,1,1.754802617663284,327,1,0.2061212821410497
D1,0.35,KCCA-logdet,1,1.5327407959983752,538,1,1.3275922376613465
D1,0.35,CorrCUSUM,2,1.4929159016293683,373,1,1.240730012000982
D1,0.35,DCC-CUSUM,2,1.903182691062889e-14,374,0,0.2061212821410497
D1,0.35,KCCA-logdet,2,0.805214498982117,457,0,1.3275922376613465
D1,0.35,CorrCUSUM,3,1.3835085662473943,307,1,1.240730012000982
D1,0.35,DCC-CUSUM,3,0.059642425496560146,306,0,0.2061212821410497
D1,0.35,KCCA-logdet,3,0.9925465732381268,313,0,1.3275922376613465
D1,0.35,CorrCUSUM,4,2.5535092992266444,302,1,1.240730012000982
D1,0.35,DCC-CUSUM,4,1.4640925926177473,308,1,0.2061212821410497
D1,0.35,KCCA-logdet,4,1.601982014673635,534,1,1.3275922376613465
D1,0.35,CorrCUSUM,5,2.2198840025250743,290,1,1.240730012000982
D1,0.35,DCC-CUSUM,5,1.287730900110709,307,1,0.2061212821410497
D1,0.35,KCCA-logdet,5,0.7209803766186375,539,0,1.3275922376613465
D1,0.35,CorrCUSUM,6,2.3909444441488903,301,1,1.240730012000982
D1,0.35,DCC-CUSUM,6,1.0489851135243287,374,1,0.2061212821410497
D1,0.35,KCCA-logdet,6,1.6121982208974355,513,1,1.3275922376613465
D1,0.35,CorrCUSUM,7,1.2597115054420045,298,1,1.240730012000982
D1,0.35,DCC-CUSUM,7,0.2390875174233128,303,1,0.2061212821410497
D1,0.35,KCCA-logdet,7,0.9803127801597948,402,0,1.3275922376613465
D1,0.35,CorrCUSUM,8,1.7029810779114716,259,1,1.240730012000982
D1,0.35,DCC-CUSUM,8,0.7498734099865172,339,1,0.2061212821410497
D1,0.35,KCCA-logdet,8,1.0475686266369113,413,0,1.3275922376613465
D1,0.35,CorrCUSUM,9,1.1808857449567969,366,0,1.240730012000982
D1,0.35,DCC-CUSUM,9,5.767563644623782e-16,527,0,0.2061212821410497
D1,0.35,KCCA-logdet,9,0.932400823635455,540,0,1.3275922376613465
D1,0.35,CorrCUSUM,10,2.4405774011328027,267,1,1.240730012000982
D1,0.35,DCC-CUSUM,10,1.4779220256291714,336,1,0.2061212821410497
D1,0.35,KCCA-logdet,10,1.389152455630268,399,1,1.3275922376613465
D1,0.35,CorrCUSUM,11,2.579620751400616,300,1,1.240730012000982
D1,0.35,DCC-CUSUM,11,1.5044787352519746,318,1,0.2061212821410497
D1,0.35,KCCA-logdet,11,2.173264460201514,539,1,1.3275922376613465
D1,0.35,CorrCUSUM,12,2.85990051812829,295,1,1.240730012000982
D1,0.35,DCC-CUSUM,12,1.9443360245490464,323,1,0.2061212821410497
D1,0.35,KCCA-logdet,12,1.06527521192573,539,0,1.3275922376613465
D1,0.35,CorrCUSUM,13,1.517470524534547,312,1,1.240730012000982
D1,0.35,DCC-CUSUM,13,0.34136573708265905,315,1,0.2061212821410497
D1,0.35,KCCA-logdet,13,0.6270401834272055,491,0,1.3275922376613465
D1,0.35,CorrCUSUM,14,2.374638242186222,258,1,1.240730012000982
D1,0.35,DCC-CUSUM,14,0.974573720329347,259,1,0.2061212821410497
D1,0.35,KCCA-logdet,14,0.732559897608196,540,0,1.3275922376613465
D1,0.35,CorrCUSUM,15,2.186399866505544,299,1,1.240730012000982
D1,0.35,DCC-CUSUM,15,1.1344186296003254,317,1,0.2061212821410497
D1,0.35,KCCA-logdet,15,0.9531953300714096,500,0,1.3275922376613465
D1,0.35,CorrCUSUM,16,2.7409116551533708,310,1,1.240730012000982
D1,0.35,DCC-CUSUM,16,1.77175447670253,321,1,0.2061212821410497
D1,0.35,KCCA-logdet,16,0.5213958792804418,308,0,1.3275922376613465
D1,0.35,CorrCUSUM,17,2.648300450991839,293,1,1.240730012000982
D1,0.35,DCC-CUSUM,17,1.1799393124624338,322,1,0.2061212821410497
D1,0.35,KCCA-logdet,17,0.8688597405080797,409,0,1.3275922376613465
D1,0.35,CorrCUSUM,18,1.9188809251015428,301,1,1.240730012000982
D1,0.35,DCC-CUSUM,18,0.9083589438847921,345,1,0.2061212821410497
D1,0.35,KCCA-logdet,18,0.789395489707066,538,0,1.3275922376613465
D1,0.35,CorrCUSUM,19,2.078596991370302,321,1,1.240730012000982
D1,0.35,DCC-CUSUM,19,0.7280835320373293,322,1,0.2061212821410497
D1,0.35,KCCA-logdet,19,0.9619231580277312,530,0,1.3275922376613465
D1,0.35,CorrCUSUM,20,1.8873825023834379,299,1,1.240730012000982
D1,0.35,DCC-CUSUM,20,0.29717400733447147,300,1,0.2061212821410497
D1,0.35,KCCA-logdet,20,0.6710400301667285,333,0,1.3275922376613465
D1,0.35,CorrCUSUM,21,2.1348714558515662,328,1,1.240730012000982
D1,0.35,DCC-CUSUM,21,1.2052090089472354,335,1,0.2061212821410497
D1,0.35,KCCA-logdet,21,0.8489973613993187,304,0,1.3275922376613465
D1,0.35,CorrCUSUM,22,2.9531483428284866,233,1,1.240730012000982
D1,0.35,DCC-CUSUM,22,2.0115894932389353,266,1,0.2061212821410497
D1,0.35,KCCA-logdet,22,1.7316604765149957,482,1,1.3275922376613465
D1,0.35,CorrCUSUM,23,2.6897369252116303,300,1,1.240730012000982
D1,0.35,DCC-CUSUM,23,1.5528606551123547,312,1,0.2061212821410497
D1,0.35,KCCA-logdet,23,0.692435473831862,333,0,1.3275922376613465
D1,0.35,CorrCUSUM,24,1.9744977047341743,328,1,1.240730012000982
D1,0.35,DCC-CUSUM,24,0.8107359906979519,351,1,0.2061212821410497
D1,0.35,KCCA-logdet,24,1.4173165457421308,537,1,1.3275922376613465
D1,0.35,CorrCUSUM,25,2.035518429049401,298,1,1.240730012000982
D1,0.35,DCC-CUSUM,25,0.7256013696217136,349,1,0.2061212821410497
D1,0.35,KCCA-logdet,25,1.6262113490762677,537,1,1.3275922376613465
D1,0.35,CorrCUSUM,26,1.6714984065607013,306,1,1.240730012000982
D1,0.35,DCC-CUSUM,26,0.593852537723217,320,1,0.2061212821410497
D1,0.35,KCCA-logdet,26,1.033760500571663,494,0,1.3275922376613465
D1,0.35,CorrCUSUM,27,1.6359253335973216,292,1,1.240730012000982
D1,0.35,DCC-CUSUM,27,0.6416740364885345,306,1,0.2061212821410497
D1,0.35,KCCA-logdet,27,1.076363940773506,433,0,1.3275922376613465
D1,0.35,CorrCUSUM,28,1.9134192684262619,296,1,1.240730012000982
D1,0.35,DCC-CUSUM,28,0.5473328934723269,309,1,0.2061212821410497
D1,0.35,KCCA-logdet,28,0.9551819036666069,299,0,1.3275922376613465
D1,0.35,CorrCUSUM,29,2.065189884085158,318,1,1.240730012000982
D1,0.35,DCC-CUSUM,29,0.8262643801097279,325,1,0.2061212821410497
D1,0.35,KCCA-logdet,29,1.081100397702451,530,0,1.3275922376613465
D1,0.35,CorrCUSUM,30,1.8045797936982235,341,1,1.240730012000982
D1,0.35,DCC-CUSUM,30,0.28764093741166885,343,1,0.2061212821410497
D1,0.35,KCCA-logdet,30,0.8747167148548818,536,0,1.3275922376613465
D1,0.35,CorrCUSUM,31,1.7041103672622655,320,1,1.240730012000982
D1,0.35,DCC-CUSUM,31,0.5844423004563779,327,1,0.2061212821410497
D1,0.35,KCCA-logdet,31,1.0620745708096488,540,0,1.3275922376613465
D1,0.35,CorrCUSUM,32,2.786892124940783,306,1,1.240730012000982
D1,0.35,DCC-CUSUM,32,1.5914726195683997,316,1,0.2061212821410497
D1,0.35,KCCA-logdet,32,0.6973064627368474,353,0,1.3275922376613465
D1,0.35,CorrCUSUM,33,3.043027079748998,302,1,1.240730012000982
D1,0.35,DCC-CUSUM,33,1.720499770823126,304,1,0.2061212821410497
D1,0.35,KCCA-logdet,33,1.3336056381249155,525,1,1.3275922376613465
D1,0.35,CorrCUSUM,34,2.851340343342172,293,1,1.240730012000982
D1,0.35,DCC-CUSUM,34,1.8689099693104672,322,1,0.2061212821410497
D1,0.35,KCCA-logdet,34,1.0220765968375543,509,0,1.3275922376613465
D1,0.35,CorrCUSUM,35,2.6928035131103276,299,1,1.240730012000982
D1,0.35,DCC-CUSUM,35,1.5271987693717726,343,1,0.2061212821410497
D1,0.35,KCCA-logdet,35,0.8218066779577603,365,0,1.3275922376613465
D1,0.35,CorrCUSUM,36,1.742698663215664,310,1,1.240730012000982
D1,0.35,DCC-CUSUM,36,0.8281878386807238,313,1,0.2061212821410497
D1,0.35,KCCA-logdet,36,0.6840934908366447,451,0,1.3275922376613465
D1,0.35,CorrCUSUM,37,1.8259479326310983,220,1,1.240730012000982
D1,0.35,DCC-CUSUM,37,0.8826447379971647,222,1,0.2061212821410497
D1,0.35,KCCA-logdet,37,1.2661407102980922,456,0,1.3275922376613465
D1,0.35,CorrCUSUM,38,3.095880147252076,330,1,1.240730012000982
D1,0.35,DCC-CUSUM,38,2.0679524698088056,346,1,0.2061212821410497
D1,0.35,KCCA-logdet,38,0.936905769943832,394,0,1.3275922376613465
D1,0.35,CorrCUSUM,39,2.690056580825233,282,1,1.240730012000982
D1,0.35,DCC-CUSUM,39,1.3972665222699692,309,1,0.2061212821410497
D1,0.35,KCCA-logdet,39,1.2923519585220413,535,0,1.3275922376613465
D1,0.35,CorrCUSUM,40,2.8066374022532226,323,1,1.240730012000982
D1,0.35,DCC-CUSUM,40,1.7632073254291307,335,1,0.2061212821410497
D1,0.35,KCCA-logdet,40,2.071967743535801,538,1,1.3275922376613465
D1,0.35,CorrCUSUM,41,2.331807436945849,331,1,1.240730012000982
D1,0.35,DCC-CUSUM,41,1.6422706051266311,361,1,0.2061212821410497
D1,0.35,KCCA-logdet,41,1.3919201560955985,515,1,1.3275922376613465
D1,0.35,CorrCUSUM,42,2.6115658003084317,327,1,1.240730012000982
D1,0.35,DCC-CUSUM,42,1.7382671965576322,345,1,0.2061212821410497
D1,0.35,KCCA-logdet,42,1.2710223476057465,440,0,1.3275922376613465
D1,0.35,CorrCUSUM,43,2.664338183356849,397,1,1.240730012000982
D1,0.35,DCC-CUSUM,43,1.5630931606078355,303,1,0.2061212821410497
D1,0.35,KCCA-logdet,43,2.1327902866550175,485,1,1.3275922376613465
D1,0.35,CorrCUSUM,44,2.45279169378099,280,1,1.240730012000982
D1,0.35,DCC-CUSUM,44,1.4745098384501194,307,1,0.2061212821410497
D1,0.35,KCCA-logdet,44,1.235297747764604,540,0,1.3275922376613465
D1,0.35,CorrCUSUM,45,1.951863496104089,370,1,1.240730012000982
D1,0.35,DCC-CUSUM,45,0.8734531570196837,381,1,0.2061212821410497
D1,0.35,KCCA-logdet,45,0.6234221191498298,525,0,1.3275922376613465
D1,0.35,CorrCUSUM,46,2.1172881697361086,300,1,1.240730012000982
D1,0.35,DCC-CUSUM,46,1.0865863028935545,333,1,0.2061212821410497
D1,0.35,KCCA-logdet,46,1.4429663496739955,524,1,1.3275922376613465
D1,0.35,CorrCUSUM,47,1.914125416939509,335,1,1.240730012000982
D1,0.35,DCC-CUSUM,47,0.5850307134782303,344,1,0.2061212821410497
D1,0.35,KCCA-logdet,47,1.1775928051812719,537,0,1.3275922376613465
D1,0.35,CorrCUSUM,48,2.0530661736711364,298,1,1.240730012000982
D1,0.35,DCC-CUSUM,48,0.8831945587648964,306,1,0.2061212821410497
D1,0.35,KCCA-logdet,48,1.1594044889264334,531,0,1.3275922376613465
D1,0.35,CorrCUSUM,49,1.9382553165166254,316,1,1.240730012000982
D1,0.35,DCC-CUSUM,49,1.133914018428505,329,1,0.2061212821410497
D1,0.35,KCCA-logdet,49,1.0503705708471789,540,0,1.3275922376613465
D1,0.35,CorrCUSUM,50,1.8941162427533782,194,1,1.240730012000982
D1,0.35,DCC-CUSUM,50,0.6534212274817015,302,1,0.2061212821410497
D1,0.35,KCCA-logdet,50,1.0662100299471826,393,0,1.3275922376613465
D1,0.35,CorrCUSUM,51,1.9268434584557514,226,1,1.240730012000982
D1,0.35,DCC-CUSUM,51,1.1006551559333262,249,1,0.2061212821410497
D1,0.35,KCCA-logdet,51,0.7761470514032462,461,0,1.3275922376613465
D1,0.35,CorrCUSUM,52,2.6018064880357623,350,1,1.240730012000982
D1,0.35,DCC-CUSUM,52,1.3594095025981596,352,1,0.2061212821410497
D1,0.35,KCCA-logdet,52,1.5758858784195902,396,1,1.3275922376613465
D1,0.35,CorrCUSUM,53,1.6756316023991296,341,1,1.240730012000982
D1,0.35,DCC-CUSUM,53,0.4126396961152053,347,1,0.2061212821410497
D1,0.35,KCCA-logdet,53,1.119308824643652,527,0,1.3275922376613465
D1,0.35,CorrCUSUM,54,2.179690083731199,303,1,1.240730012000982
D1,0.35,DCC-CUSUM,54,1.4225360399164935,304,1,0.2061212821410497
D1,0.35,KCCA-logdet,54,0.789250713191769,444,0,1.3275922376613465
D1,0.35,CorrCUSUM,55,3.1954125678556484,322,1,1.240730012000982
D1,0.35,DCC-CUSUM,55,2.044149227578819,353,1,0.2061212821410497
D1,0.35,KCCA-logdet,55,1.5437301279550009,539,1,1.3275922376613465
D1,0.35,CorrCUSUM,56,2.1194451047401928,296,1,1.240730012000982
D1,0.35,DCC-CUSUM,56,0.5118343446285982,298,1,0.2061212821410497
D1,0.35,KCCA-logdet,56,0.8540988990743253,530,0,1.3275922376613465
D1,0.35,CorrCUSUM,57,2.1377252826937574,308,1,1.240730012000982
D1,0.35,DCC-CUSUM,57,1.0028007032953228,317,1,0.2061212821410497
D1,0.35,KCCA-logdet,57,1.1789338141941075,540,0,1.3275922376613465
D1,0.35,CorrCUSUM,58,2.417401918144367,301,1,1.240730012000982
D1,0.35,DCC-CUSUM,58,1.12411314518952,313,1,0.2061212821410497
D1,0.35,KCCA-logdet,58,0.8314624023889234,87,0,1.3275922376613465
D1,0.35,CorrCUSUM,59,2.4288688069253856,301,1,1.240730012000982
D1,0.35,DCC-CUSUM,59,1.4056458565632073,323,1,0.2061212821410497
D1,0.35,KCCA-logdet,59,1.0407976130010175,418,0,1.3275922376613465
D1,0.35,CorrCUSUM,60,2.400660080076081,306,1,1.240730012000982
D1,0.35,DCC-CUSUM,60,1.2936161377041258,315,1,0.2061212821410497
D1,0.35,KCCA-logdet,60,1.2132476222797945,523,0,1.3275922376613465
D1,0.35,CorrCUSUM,61,1.3678856199829477,290,1,1.240730012000982
D1,0.35,DCC-CUSUM,61,0.07588757682665456,299,0,0.2061212821410497
D1,0.35,KCCA-logdet,61,0.6637398043151842,66,0,1.3275922376613465
D1,0.35,CorrCUSUM,62,2.191115737976352,349,1,1.240730012000982
D1,0.35,DCC-CUSUM,62,1.251555155101256,355,1,0.2061212821410497
D1,0.35,KCCA-logdet,62,1.1691487266046392,499,0,1.3275922376613465
D1,0.35,CorrCUSUM,63,2.5182643377750966,263,1,1.240730012000982
D1,0.35,DCC-CUSUM,63,1.2297162450174832,293,1,0.2061212821410497
D1,0.35,KCCA-logdet,63,1.2277421970720521,503,0,1.3275922376613465
D1,0.35,CorrCUSUM,64,1.4808144963341285,289,1,1.240730012000982
D1,0.35,DCC-CUSUM,64,0.0253384228768384,290,0,0.2061212821410497
D1,0.35,KCCA-logdet,64,1.1203797549036698,499,0,1.3275922376613465
D1,0.35,CorrCUSUM,65,2.437521197423939,320,1,1.240730012000982
D1,0.35,DCC-CUSUM,65,1.5252446386658967,348,1,0.2061212821410497
D1,0.35,KCCA-logdet,65,1.0068080234326473,526,0,1.3275922376613465
D1,0.35,CorrCUSUM,66,1.7556129502853204,303,1,1.240730012000982
D1,0.35,DCC-CUSUM,66,0.4143457417621523,308,1,0.2061212821410497
D1,0.35,KCCA-logdet,66,0.8863888862153204,503,0,1.3275922376613465
D1,0.35,CorrCUSUM,67,2.3714607199562066,286,1,1.240730012000982
D1,0.35,DCC-CUSUM,67,1.2342446233937285,304,1,0.2061212821410497
D1,0.35,KCCA-logdet,67,1.0921469909282275,440,0,1.3275922376613465
D1,0.35,CorrCUSUM,68,2.511879297941611,287,1,1.240730012000982
D1,0.35,DCC-CUSUM,68,1.2420794195738551,311,1,0.2061212821410497
D1,0.35,KCCA-logdet,68,0.9612957772257616,539,0,1.3275922376613465
D1,0.35,CorrCUSUM,69,2.702529587278578,328,1,1.240730012000982
D1,0.35,DCC-CUSUM,69,1.5287547650507898,337,1,0.2061212821410497
D1,0.35,KCCA-logdet,69,1.9280708793348227,533,1,1.3275922376613465
D1,0.35,CorrCUSUM,70,2.1665532685996176,254,1,1.240730012000982
D1,0.35,DCC-CUSUM,70,1.0553207690895365,313,1,0.2061212821410497
D1,0.35,KCCA-logdet,70,0.841151845296909,446,0,1.3275922376613465
D1,0.35,CorrCUSUM,71,3.2250739564768196,343,1,1.240730012000982
D1,0.35,DCC-CUSUM,71,2.101492484810934,354,1,0.2061212821410497
D1,0.35,KCCA-logdet,71,0.9618263736257954,345,0,1.3275922376613465
D1,0.35,CorrCUSUM,72,1.5279178751713265,300,1,1.240730012000982
D1,0.35,DCC-CUSUM,72,0.3541558194278691,302,1,0.2061212821410497
D1,0.35,KCCA-logdet,72,0.8966835458539212,535,0,1.3275922376613465
D1,0.35,CorrCUSUM,73,1.840101508903227,296,1,1.240730012000982
D1,0.35,DCC-CUSUM,73,0.7893767347586755,310,1,0.2061212821410497
D1,0.35,KCCA-logdet,73,1.1506183039770321,451,0,1.3275922376613465
D1,0.35,CorrCUSUM,74,2.615359040320562,284,1,1.240730012000982
D1,0.35,DCC-CUSUM,74,1.4918076123636814,305,1,0.2061212821410497
D1,0.35,KCCA-logdet,74,1.5767813823094345,432,1,1.3275922376613465
D1,0.35,CorrCUSUM,75,2.586254611948497,317,1,1.240730012000982
D1,0.35,DCC-CUSUM,75,1.6036916844399536,333,1,0.2061212821410497
D1,0.35,KCCA-logdet,75,1.2954758426530542,372,0,1.3275922376613465
D1,0.35,CorrCUSUM,76,2.1688960676496727,300,1,1.240730012000982
D1,0.35,DCC-CUSUM,76,0.7557494564253182,302,1,0.2061212821410497
D1,0.35,KCCA-logdet,76,1.1590836942003895,530,0,1.3275922376613465
D1,0.35,CorrCUSUM,77,2.475639566656586,339,1,1.240730012000982
D1,0.35,DCC-CUSUM,77,1.6915773695460437,361,1,0.2061212821410497
D1,0.35,KCCA-logdet,77,1.7165959457898885,529,1,1.3275922376613465
D1,0.35,CorrCUSUM,78,1.5076991727129958,325,1,1.240730012000982
D1,0.35,DCC-CUSUM,78,2.52685008399038e-16,157,0,0.2061212821410497
D1,0.35,KCCA-logdet,78,0.8074304436578342,538,0,1.3275922376613465
D1,0.35,CorrCUSUM,79,2.812118309913366,280,1,1.240730012000982
D1,0.35,DCC-CUSUM,79,1.7405885747778331,316,1,0.2061212821410497
D1,0.35,KCCA-logdet,79,1.3430863946249685,538,1,1.3275922376613465
D1,0.35,CorrCUSUM,80,2.130358264775933,303,1,1.240730012000982
D1,0.35,DCC-CUSUM,80,1.2794269729811945,310,1,0.2061212821410497
D1,0.35,KCCA-logdet,80,1.4311538214304032,462,1,1.3275922376613465
D1,0.35,CorrCUSUM,81,2.5896467551491233,284,1,1.240730012000982
D1,0.35,DCC-CUSUM,81,1.6963507813926997,304,1,0.2061212821410497
D1,0.35,KCCA-logdet,81,1.2574361043002393,383,0,1.3275922376613465
D1,0.35,CorrCUSUM,82,3.4516817774135777,298,1,1.240730012000982
D1,0.35,DCC-CUSUM,82,2.2296573279402803,323,1,0.2061212821410497
D1,0.35,KCCA-logdet,82,2.045880092988341,495,1,1.3275922376613465
D1,0.35,CorrCUSUM,83,2.179545636794463,299,1,1.240730012000982
D1,0.35,DCC-CUSUM,83,1.0528536291351647,316,1,0.2061212821410497
D1,0.35,KCCA-logdet,83,1.2974398476046338,400,0,1.3275922376613465
D1,0.35,CorrCUSUM,84,2.6128253479541663,354,1,1.240730012000982
D1,0.35,DCC-CUSUM,84,1.4495320435503145,373,1,0.2061212821410497
D1,0.35,KCCA-logdet,84,0.9098858136311072,509,0,1.3275922376613465
D1,0.35,CorrCUSUM,85,1.660944717336455,369,1,1.240730012000982
D1,0.35,DCC-CUSUM,85,0.639614732037456,372,1,0.2061212821410497
D1,0.35,KCCA-logdet,85,0.9562615708566778,540,0,1.3275922376613465
D1,0.35,CorrCUSUM,86,2.6062676079068527,312,1,1.240730012000982
D1,0.35,DCC-CUSUM,86,1.8340411198619198,343,1,0.2061212821410497
D1,0.35,KCCA-logdet,86,0.7768946142721183,332,0,1.3275922376613465
D1,0.35,CorrCUSUM,87,2.786954479656521,312,1,1.240730012000982
D1,0.35,DCC-CUSUM,87,1.4618594634876267,318,1,0.2061212821410497
D1,0.35,KCCA-logdet,87,0.5680124944888916,370,0,1.3275922376613465
D1,0.35,CorrCUSUM,88,2.5932205783828386,397,1,1.240730012000982
D1,0.35,DCC-CUSUM,88,1.6749782646554494,341,1,0.2061212821410497
D1,0.35,KCCA-logdet,88,1.9042251797590044,518,1,1.3275922376613465
D1,0.35,CorrCUSUM,89,2.5679195779867667,299,1,1.240730012000982
D1,0.35,DCC-CUSUM,89,1.4705271466935252,317,1,0.2061212821410497
D1,0.35,KCCA-logdet,89,1.7100409423716156,522,1,1.3275922376613465
D1,0.35,CorrCUSUM,90,2.3956742433998883,307,1,1.240730012000982
D1,0.35,DCC-CUSUM,90,1.114642568101514,334,1,0.2061212821410497
D1,0.35,KCCA-logdet,90,1.0077372266504683,540,0,1.3275922376613465
D1,0.35,CorrCUSUM,91,2.54936289861716,311,1,1.240730012000982
D1,0.35,DCC-CUSUM,91,1.6121819072304122,321,1,0.2061212821410497
D1,0.35,KCCA-logdet,91,0.8679878922114421,402,0,1.3275922376613465
D1,0.35,CorrCUSUM,92,1.837573250207632,316,1,1.240730012000982
D1,0.35,DCC-CUSUM,92,1.2021290007129932,332,1,0.2061212821410497
D1,0.35,KCCA-logdet,92,0.8854550152133077,323,0,1.3275922376613465
D1,0.35,CorrCUSUM,93,2.305048091286425,293,1,1.240730012000982
D1,0.35,DCC-CUSUM,93,0.8687486608368853,304,1,0.2061212821410497
D1,0.35,KCCA-logdet,93,1.1970911344461392,524,0,1.3275922376613465
D1,0.35,CorrCUSUM,94,2.643811775626191,297,1,1.240730012000982
D1,0.35,DCC-CUSUM,94,1.27404495975194,315,1,0.2061212821410497
D1,0.35,KCCA-logdet,94,1.0620827519204747,392,0,1.3275922376613465
D1,0.35,CorrCUSUM,95,1.660333082004741,293,1,1.240730012000982
D1,0.35,DCC-CUSUM,95,0.7084386801445234,318,1,0.2061212821410497
D1,0.35,KCCA-logdet,95,0.9196779089895037,531,0,1.3275922376613465
D1,0.35,CorrCUSUM,96,2.5250929694854385,277,1,1.240730012000982
D1,0.35,DCC-CUSUM,96,1.6591030815256687,295,1,0.2061212821410497
D1,0.35,KCCA-logdet,96,0.9557777890051342,532,0,1.3275922376613465
D1,0.35,CorrCUSUM,97,2.048059767899931,301,1,1.240730012000982
D1,0.35,DCC-CUSUM,97,0.617088001653559,314,1,0.2061212821410497
D1,0.35,KCCA-logdet,97,1.3487294243290717,540,1,1.3275922376613465
D1,0.35,CorrCUSUM,98,3.109534731309343,303,1,1.240730012000982
D1,0.35,DCC-CUSUM,98,1.8490456826818567,322,1,0.2061212821410497
D1,0.35,KCCA-logdet,98,0.926492350040644,505,0,1.3275922376613465
D1,0.35,CorrCUSUM,99,1.8307802853318471,310,1,1.240730012000982
D1,0.35,DCC-CUSUM,99,0.7715004069775613,333,1,0.2061212821410497
D1,0.35,KCCA-logdet,99,0.9631129227887704,481,0,1.3275922376613465
D1,0.35,CorrCUSUM,100,2.7816972480099404,275,1,1.240730012000982
D1,0.35,DCC-CUSUM,100,1.3843347004980673,307,1,0.2061212821410497
D1,0.35,KCCA-logdet,100,1.6590160301890717,514,1,1.3275922376613465
D1,0.35,CorrCUSUM,101,1.8648589193800789,311,1,1.240730012000982
D1,0.35,DCC-CUSUM,101,1.417586989146936,334,1,0.2061212821410497
D1,0.35,KCCA-logdet,101,1.1318988901596088,538,0,1.3275922376613465
D1,0.35,CorrCUSUM,102,2.435908552321015,320,1,1.240730012000982
D1,0.35,DCC-CUSUM,102,1.489234338680061,334,1,0.2061212821410497
D1,0.35,KCCA-logdet,102,1.3509172168878445,488,1,1.3275922376613465
D1,0.35,CorrCUSUM,103,2.216901632513259,323,1,1.240730012000982
D1,0.35,DCC-CUSUM,103,1.2966146597259545,329,1,0.2061212821410497
D1,0.35,KCCA-logdet,103,1.095762773984896,418,0,1.3275922376613465
D1,0.35,CorrCUSUM,104,1.8535446707310175,238,1,1.240730012000982
D1,0.35,DCC-CUSUM,104,0.6233375766565366,246,1,0.2061212821410497
D1,0.35,KCCA-logdet,104,1.4042976672404424,494,1,1.3275922376613465
D1,0.35,CorrCUSUM,105,1.7432461110404565,391,1,1.240730012000982
D1,0.35,DCC-CUSUM,105,0.8115521996364765,407,1,0.2061212821410497
D1,0.35,KCCA-logdet,105,0.9867655738840961,406,0,1.3275922376613465
D1,0.35,CorrCUSUM,106,2.429413779014223,316,1,1.240730012000982
D1,0.35,DCC-CUSUM,106,1.101857823426903,322,1,0.2061212821410497
D1,0.35,KCCA-logdet,106,0.7703129892337497,487,0,1.3275922376613465
D1,0.35,CorrCUSUM,107,2.098241344190869,217,1,1.240730012000982
D1,0.35,DCC-CUSUM,107,1.1874780255261914,283,1,0.2061212821410497
D1,0.35,KCCA-logdet,107,0.5369234832408294,537,0,1.3275922376613465
D1,0.35,CorrCUSUM,108,1.930568353592967,267,1,1.240730012000982
D1,0.35,DCC-CUSUM,108,0.6722751485342688,308,1,0.2061212821410497
D1,0.35,KCCA-logdet,108,0.5898794187107712,540,0,1.3275922376613465
D1,0.35,CorrCUSUM,109,2.0835130876003554,287,1,1.240730012000982
D1,0.35,DCC-CUSUM,109,1.2338233035199093,300,1,0.2061212821410497
D1,0.35,KCCA-logdet,109,1.299876284576421,453,0,1.3275922376613465
D1,0.35,CorrCUSUM,110,1.3494030914349981,473,1,1.240730012000982
D1,0.35,DCC-CUSUM,110,0.0,60,0,0.2061212821410497
D1,0.35,KCCA-logdet,110,1.033103659592763,524,0,1.3275922376613465
D1,0.35,CorrCUSUM,111,1.5597005980835148,208,1,1.240730012000982
D1,0.35,DCC-CUSUM,111,0.7881700216171023,224,1,0.2061212821410497
D1,0.35,KCCA-logdet,111,0.888212243831358,540,0,1.3275922376613465
D1,0.35,CorrCUSUM,112,1.8310755956099785,351,1,1.240730012000982
D1,0.35,DCC-CUSUM,112,0.18630642764928115,295,0,0.2061212821410497
D1,0.35,KCCA-logdet,112,1.157531976178973,518,0,1.3275922376613465
D1,0.35,CorrCUSUM,113,2.0641705066050564,325,1,1.240730012000982
D1,0.35,DCC-CUSUM,113,1.3550056022568182,349,1,0.2061212821410497
D1,0.35,KCCA-logdet,113,1.4354836281951773,407,1,1.3275922376613465
D1,0.35,CorrCUSUM,114,2.7367924539605903,292,1,1.240730012000982
D1,0.35,DCC-CUSUM,114,1.7212442593831516,305,1,0.2061212821410497
D1,0.35,KCCA-logdet,114,1.2926735279381343,525,0,1.3275922376613465
D1,0.35,CorrCUSUM,115,1.994783862842309,259,1,1.240730012000982
D1,0.35,DCC-CUSUM,115,0.8968829454642002,312,1,0.2061212821410497
D1,0.35,KCCA-logdet,115,1.6848852957685185,500,1,1.3275922376613465
D1,0.35,CorrCUSUM,116,2.4027920833018914,275,1,1.240730012000982
D1,0.35,DCC-CUSUM,116,1.4001458213326792,298,1,0.2061212821410497
D1,0.35,KCCA-logdet,116,0.9059831576521478,482,0,1.3275922376613465
D1,0.35,CorrCUSUM,117,0.9334144449309171,297,0,1.240730012000982
D1,0.35,DCC-CUSUM,117,0.022563128220851877,273,0,0.2061212821410497
D1,0.35,KCCA-logdet,117,1.0139890075903797,463,0,1.3275922376613465
D1,0.35,CorrCUSUM,118,2.5232809143155395,320,1,1.240730012000982
D1,0.35,DCC-CUSUM,118,1.8066764460993079,325,1,0.2061212821410497
D1,0.35,KCCA-logdet,118,0.8329766985048207,514,0,1.3275922376613465
D1,0.35,CorrCUSUM,119,2.389829082081625,310,1,1.240730012000982
D1,0.35,DCC-CUSUM,119,1.1599967849464947,317,1,0.2061212821410497
D1,0.35,KCCA-logdet,119,0.9387368665137297,328,0,1.3275922376613465
D1,0.35,CorrCUSUM,120,2.447969346089535,329,1,1.240730012000982
D1,0.35,DCC-CUSUM,120,1.4526773756556177,361,1,0.2061212821410497
D1,0.35,KCCA-logdet,120,1.5797469229381025,508,1,1.3275922376613465
D1,0.35,CorrCUSUM,121,3.037640195846422,364,1,1.240730012000982
D1,0.35,DCC-CUSUM,121,1.8204975017264518,375,1,0.2061212821410497
D1,0.35,KCCA-logdet,121,1.5400796747268186,477,1,1.3275922376613465
D1,0.35,CorrCUSUM,122,2.0132373777798467,258,1,1.240730012000982
D1,0.35,DCC-CUSUM,122,0.03432877921762466,259,0,0.2061212821410497
D1,0.35,KCCA-logdet,122,0.9993673175672991,540,0,1.3275922376613465
D1,0.35,CorrCUSUM,123,1.728639222068245,302,1,1.240730012000982
D1,0.35,DCC-CUSUM,123,0.5677706945856551,319,1,0.2061212821410497
D1,0.35,KCCA-logdet,123,0.7629732103726832,494,0,1.3275922376613465
D1,0.35,CorrCUSUM,124,1.96880177460946,332,1,1.240730012000982
D1,0.35,DCC-CUSUM,124,0.6153831059444937,352,1,0.2061212821410497
D1,0.35,KCCA-logdet,124,1.1813664986143675,529,0,1.3275922376613465
D1,0.35,CorrCUSUM,125,1.9715873785291018,296,1,1.240730012000982
D1,0.35,DCC-CUSUM,125,0.8438938245694154,334,1,0.2061212821410497
D1,0.35,KCCA-logdet,125,1.5222252451579104,509,1,1.3275922376613465
D1,0.35,CorrCUSUM,126,2.3634659423651345,317,1,1.240730012000982
D1,0.35,DCC-CUSUM,126,0.9193238527729973,351,1,0.2061212821410497
D1,0.35,KCCA-logdet,126,1.618505506303245,538,1,1.3275922376613465
D1,0.35,CorrCUSUM,127,2.641868473002345,308,1,1.240730012000982
D1,0.35,DCC-CUSUM,127,1.5721320721650367,326,1,0.2061212821410497
D1,0.35,KCCA-logdet,127,0.9575608575704416,530,0,1.3275922376613465
D1,0.35,CorrCUSUM,128,2.0166128537533665,278,1,1.240730012000982
D1,0.35,DCC-CUSUM,128,0.8895877233636056,315,1,0.2061212821410497
D1,0.35,KCCA-logdet,128,1.0125769977951367,69,0,1.3275922376613465
D1,0.35,CorrCUSUM,129,1.8059767516141283,278,1,1.240730012000982
D1,0.35,DCC-CUSUM,129,0.5564304901896173,283,1,0.2061212821410497
D1,0.35,KCCA-logdet,129,0.8164626769883745,395,0,1.3275922376613465
D1,0.35,CorrCUSUM,130,2.0322456981392016,309,1,1.240730012000982
D1,0.35,DCC-CUSUM,130,0.9989528497371833,317,1,0.2061212821410497
D1,0.35,KCCA-logdet,130,1.5161107348265164,497,1,1.3275922376613465
D1,0.35,CorrCUSUM,131,1.8682754395519008,299,1,1.240730012000982
D1,0.35,DCC-CUSUM,131,0.5643568332399159,318,1,0.2061212821410497
D1,0.35,KCCA-logdet,131,1.0517121731154981,60,0,1.3275922376613465
D1,0.35,CorrCUSUM,132,2.787734240137512,304,1,1.240730012000982
D1,0.35,DCC-CUSUM,132,1.727419006461517,329,1,0.2061212821410497
D1,0.35,KCCA-logdet,132,1.0576539583642521,537,0,1.3275922376613465
D1,0.35,CorrCUSUM,133,2.2028467870299946,283,1,1.240730012000982
D1,0.35,DCC-CUSUM,133,1.6125307482710796,297,1,0.2061212821410497
D1,0.35,KCCA-logdet,133,1.4288621964964285,506,1,1.3275922376613465
D1,0.35,CorrCUSUM,134,1.5122843553567888,332,1,1.240730012000982
D1,0.35,DCC-CUSUM,134,0.3530615555853234,339,1,0.2061212821410497
D1,0.35,KCCA-logdet,134,0.5555027425912908,495,0,1.3275922376613465
D1,0.35,CorrCUSUM,135,2.3783392002157786,297,1,1.240730012000982
D1,0.35,DCC-CUSUM,135,1.3846743116284288,304,1,0.2061212821410497
D1,0.35,KCCA-logdet,135,1.157834465256143,540,0,1.3275922376613465
D1,0.35,CorrCUSUM,136,2.4392037570854783,285,1,1.240730012000982
D1,0.35,DCC-CUSUM,136,0.8109608159290904,286,1,0.2061212821410497
D1,0.35,KCCA-logdet,136,0.8898237952147316,373,0,1.3275922376613465
D1,0.35,CorrCUSUM,137,1.5783842160141728,314,1,1.240730012000982
D1,0.35,DCC-CUSUM,137,0.4272046292889694,322,1,0.2061212821410497
D1,0.35,KCCA-logdet,137,0.5128223662941749,535,0,1.3275922376613465
D1,0.35,CorrCUSUM,138,1.66501816323573,332,1,1.240730012000982
D1,0.35,DCC-CUSUM,138,0.45003644369644197,344,1,0.2061212821410497
D1,0.35,KCCA-logdet,138,0.7904461413975757,62,0,1.3275922376613465
D1,0.35,CorrCUSUM,139,1.6703523864836403,245,1,1.240730012000982
D1,0.35,DCC-CUSUM,139,0.06713476366362461,246,0,0.2061212821410497
D1,0.35,KCCA-logdet,139,0.9426497910676724,521,0,1.3275922376613465
D1,0.35,CorrCUSUM,140,1.8665719916759733,397,1,1.240730012000982
D1,0.35,DCC-CUSUM,140,0.6530883134075488,311,1,0.2061212821410497
D1,0.35,KCCA-logdet,140,0.961829255243528,525,0,1.3275922376613465
D1,0.35,CorrCUSUM,141,1.3480117410860855,266,1,1.240730012000982
D1,0.35,DCC-CUSUM,141,0.23648791538107408,280,1,0.2061212821410497
D1,0.35,KCCA-logdet,141,1.450394567665454,530,1,1.3275922376613465
D1,0.35,CorrCUSUM,142,2.1719327821393586,277,1,1.240730012000982
D1,0.35,DCC-CUSUM,142,0.9901315379890212,335,1,0.2061212821410497
D1,0.35,KCCA-logdet,142,1.8032868047694877,497,1,1.3275922376613465
D1,0.35,CorrCUSUM,143,2.783822867666531,283,1,1.240730012000982
D1,0.35,DCC-CUSUM,143,1.6633458724731915,310,1,0.2061212821410497
D1,0.35,KCCA-logdet,143,1.0549242254714324,475,0,1.3275922376613465
D1,0.35,CorrCUSUM,144,2.2393276694435795,284,1,1.240730012000982
D1,0.35,DCC-CUSUM,144,1.1680266342479642,336,1,0.2061212821410497
D1,0.35,KCCA-logdet,144,1.000343947210075,325,0,1.3275922376613465
D1,0.35,CorrCUSUM,145,3.0042327271085516,302,1,1.240730012000982
D1,0.35,DCC-CUSUM,145,2.077801307608164,323,1,0.2061212821410497
D1,0.35,KCCA-logdet,145,1.3139214833083876,387,0,1.3275922376613465
D1,0.35,CorrCUSUM,146,2.3530495075457565,320,1,1.240730012000982
D1,0.35,DCC-CUSUM,146,1.3924415739003986,382,1,0.2061212821410497
D1,0.35,KCCA-logdet,146,0.7827069720011393,512,0,1.3275922376613465
D1,0.35,CorrCUSUM,147,1.5869986510210161,300,1,1.240730012000982
D1,0.35,DCC-CUSUM,147,0.02727155322572344,301,0,0.2061212821410497
D1,0.35,KCCA-logdet,147,1.043570989643697,512,0,1.3275922376613465
D1,0.35,CorrCUSUM,148,1.8286248518522212,296,1,1.240730012000982
D1,0.35,DCC-CUSUM,148,0.9745062508511841,337,1,0.2061212821410497
D1,0.35,KCCA-logdet,148,0.7589852459514007,422,0,1.3275922376613465
D1,0.35,CorrCUSUM,149,2.491966499913866,195,1,1.240730012000982
D1,0.35,DCC-CUSUM,149,1.4244761482860537,204,1,0.2061212821410497
D1,0.35,KCCA-logdet,149,0.9747782046532855,60,0,1.3275922376613465
D1,0.35,CorrCUSUM,150,2.282367304779916,306,1,1.240730012000982
D1,0.35,DCC-CUSUM,150,1.3365992741329653,314,1,0.2061212821410497
D1,0.35,KCCA-logdet,150,1.0158456249026306,360,0,1.3275922376613465
D1,0.35,CorrCUSUM,151,1.8426199520805133,292,1,1.240730012000982
D1,0.35,DCC-CUSUM,151,0.6320977625183524,303,1,0.2061212821410497
D1,0.35,KCCA-logdet,151,1.0629645655410929,517,0,1.3275922376613465
D1,0.35,CorrCUSUM,152,2.0005688347992217,293,1,1.240730012000982
D1,0.35,DCC-CUSUM,152,0.7209698168794741,316,1,0.2061212821410497
D1,0.35,KCCA-logdet,152,0.8989157944026954,536,0,1.3275922376613465
D1,0.35,CorrCUSUM,153,2.464789183714434,282,1,1.240730012000982
D1,0.35,DCC-CUSUM,153,1.239967250240803,316,1,0.2061212821410497
D1,0.35,KCCA-logdet,153,0.6854301345994737,436,0,1.3275922376613465
D1,0.35,CorrCUSUM,154,1.9810517534357426,266,1,1.240730012000982
D1,0.35,DCC-CUSUM,154,0.9448875406120605,275,1,0.2061212821410497
D1,0.35,KCCA-logdet,154,0.8117790441465922,60,0,1.3275922376613465
D1,0.35,CorrCUSUM,155,1.8075540338466018,150,1,1.240730012000982
D1,0.35,DCC-CUSUM,155,0.851442243535505,162,1,0.2061212821410497
D1,0.35,KCCA-logdet,155,1.0455821982936968,537,0,1.3275922376613465
D1,0.35,CorrCUSUM,156,2.586387976406493,309,1,1.240730012000982
D1,0.35,DCC-CUSUM,156,1.5836594362090364,331,1,0.2061212821410497
D1,0.35,KCCA-logdet,156,1.1534170478934813,458,0,1.3275922376613465
D1,0.35,CorrCUSUM,157,2.9230815431979322,311,1,1.240730012000982
D1,0.35,DCC-CUSUM,157,1.6967130973808007,334,1,0.2061212821410497
D1,0.35,KCCA-logdet,157,0.9034998952910248,407,0,1.3275922376613465
D1,0.35,CorrCUSUM,158,2.193424830744612,324,1,1.240730012000982
D1,0.35,DCC-CUSUM,158,1.076799270904101,338,1,0.2061212821410497
D1,0.35,KCCA-logdet,158,0.9589281113109271,478,0,1.3275922376613465
D1,0.35,CorrCUSUM,159,1.7503873910812109,306,1,1.240730012000982
D1,0.35,DCC-CUSUM,159,0.5211310189532377,251,1,0.2061212821410497
D1,0.35,KCCA-logdet,159,0.6343296568916688,63,0,1.3275922376613465
D1,0.35,CorrCUSUM,160,2.0521109645327833,302,1,1.240730012000982
D1,0.35,DCC-CUSUM,160,0.7526285994107442,311,1,0.2061212821410497
D1,0.35,KCCA-logdet,160,0.6223765843540058,87,0,1.3275922376613465
D1,0.35,CorrCUSUM,161,1.3331380949512965,297,1,1.240730012000982
D1,0.35,DCC-CUSUM,161,0.07395652672562712,328,0,0.2061212821410497
D1,0.35,KCCA-logdet,161,0.4539676459294139,77,0,1.3275922376613465
D1,0.35,CorrCUSUM,162,2.538223756236432,355,1,1.240730012000982
D1,0.35,DCC-CUSUM,162,1.2415903838439657,357,1,0.2061212821410497
D1,0.35,KCCA-logdet,162,1.374688974518908,506,1,1.3275922376613465
D1,0.35,CorrCUSUM,163,2.6372167307911654,163,1,1.240730012000982
D1,0.35,DCC-CUSUM,163,1.964018317869889,214,1,0.2061212821410497
D1,0.35,KCCA-logdet,163,2.550584968699998,540,1,1.3275922376613465
D1,0.35,CorrCUSUM,164,2.283427676009227,295,1,1.240730012000982
D1,0.35,DCC-CUSUM,164,1.3416384822922198,317,1,0.2061212821410497
D1,0.35,KCCA-logdet,164,1.281332392938825,509,0,1.3275922376613465
D1,0.35,CorrCUSUM,165,2.1255280057354904,418,1,1.240730012000982
D1,0.35,DCC-CUSUM,165,1.2018302339192817,421,1,0.2061212821410497
D1,0.35,KCCA-logdet,165,1.5585489682066394,540,1,1.3275922376613465
D1,0.35,CorrCUSUM,166,1.5805746580206639,306,1,1.240730012000982
D1,0.35,DCC-CUSUM,166,0.549036605216003,308,1,0.2061212821410497
D1,0.35,KCCA-logdet,166,0.6606985829223623,540,0,1.3275922376613465
D1,0.35,CorrCUSUM,167,2.2870402360015603,308,1,1.240730012000982
D1,0.35,DCC-CUSUM,167,1.5853069400230637,322,1,0.2061212821410497
D1,0.35,KCCA-logdet,167,1.327326456697075,472,0,1.3275922376613465
D1,0.35,CorrCUSUM,168,2.417472889170531,298,1,1.240730012000982
D1,0.35,DCC-CUSUM,168,1.6239236043280283,319,1,0.2061212821410497
D1,0.35,KCCA-logdet,168,1.3358632430354913,454,1,1.3275922376613465
D1,0.35,CorrCUSUM,169,2.492969508750626,288,1,1.240730012000982
D1,0.35,DCC-CUSUM,169,1.0651789259210906,296,1,0.2061212821410497
D1,0.35,KCCA-logdet,169,1.580594976423585,69,1,1.3275922376613465
D1,0.35,CorrCUSUM,170,2.627287209693082,299,1,1.240730012000982
D1,0.35,DCC-CUSUM,170,1.5979413247739718,324,1,0.2061212821410497
D1,0.35,KCCA-logdet,170,2.0683620963678906,538,1,1.3275922376613465
D1,0.35,CorrCUSUM,171,1.963414896490114,301,1,1.240730012000982
D1,0.35,DCC-CUSUM,171,0.9904679529620588,317,1,0.2061212821410497
D1,0.35,KCCA-logdet,171,0.9291161730701536,301,0,1.3275922376613465
D1,0.35,CorrCUSUM,172,2.3747350606337774,310,1,1.240730012000982
D1,0.35,DCC-CUSUM,172,1.5552649897917723,316,1,0.2061212821410497
D1,0.35,KCCA-logdet,172,1.342159407140184,527,1,1.3275922376613465
D1,0.35,CorrCUSUM,173,2.779839029577407,314,1,1.240730012000982
D1,0.35,DCC-CUSUM,173,1.4612218298747794,320,1,0.2061212821410497
D1,0.35,KCCA-logdet,173,1.2773988640904965,517,0,1.3275922376613465
D1,0.35,CorrCUSUM,174,2.5267621502874205,291,1,1.240730012000982
D1,0.35,DCC-CUSUM,174,1.532643129024494,330,1,0.2061212821410497
D1,0.35,KCCA-logdet,174,1.106071683187756,536,0,1.3275922376613465
D1,0.35,CorrCUSUM,175,2.5812991221338306,287,1,1.240730012000982
D1,0.35,DCC-CUSUM,175,1.5697374090914304,308,1,0.2061212821410497
D1,0.35,KCCA-logdet,175,0.9634734953707775,531,0,1.3275922376613465
D1,0.35,CorrCUSUM,176,1.9503194707790805,296,1,1.240730012000982
D1,0.35,DCC-CUSUM,176,0.4574327117419661,301,1,0.2061212821410497
D1,0.35,KCCA-logdet,176,0.9791568724150617,60,0,1.3275922376613465
D1,0.35,CorrCUSUM,177,1.8385097012290288,322,1,1.240730012000982
D1,0.35,DCC-CUSUM,177,0.6411314041227002,348,1,0.2061212821410497
D1,0.35,KCCA-logdet,177,1.155343055239875,539,0,1.3275922376613465
D1,0.35,CorrCUSUM,178,1.9784126989947601,322,1,1.240730012000982
D1,0.35,DCC-CUSUM,178,0.6923667217202008,335,1,0.2061212821410497
D1,0.35,KCCA-logdet,178,0.7257146615735782,516,0,1.3275922376613465
D1,0.35,CorrCUSUM,179,2.461714691066403,321,1,1.240730012000982
D1,0.35,DCC-CUSUM,179,1.3871081278448476,329,1,0.2061212821410497
D1,0.35,KCCA-logdet,179,1.8011126566840547,540,1,1.3275922376613465
D1,0.35,CorrCUSUM,180,3.0841502007908104,290,1,1.240730012000982
D1,0.35,DCC-CUSUM,180,2.102771378732964,306,1,0.2061212821410497
D1,0.35,KCCA-logdet,180,1.9079474385863153,529,1,1.3275922376613465
D1,0.35,CorrCUSUM,181,2.403803299537998,288,1,1.240730012000982
D1,0.35,DCC-CUSUM,181,1.4128141579210012,313,1,0.2061212821410497
D1,0.35,KCCA-logdet,181,1.4288360671258318,540,1,1.3275922376613465
D1,0.35,CorrCUSUM,182,2.7427434052749926,302,1,1.240730012000982
D1,0.35,DCC-CUSUM,182,1.3540056022809817,328,1,0.2061212821410497
D1,0.35,KCCA-logdet,182,1.794503383033665,540,1,1.3275922376613465
D1,0.35,CorrCUSUM,183,1.1204299383632994,271,0,1.240730012000982
D1,0.35,DCC-CUSUM,183,0.27497202258408043,273,1,0.2061212821410497
D1,0.35,KCCA-logdet,183,0.8049846217687859,63,0,1.3275922376613465
D1,0.35,CorrCUSUM,184,2.2755976704432395,300,1,1.240730012000982
D1,0.35,DCC-CUSUM,184,1.1025760781651552,324,1,0.2061212821410497
D1,0.35,KCCA-logdet,184,0.7008376220537773,307,0,1.3275922376613465
D1,0.35,CorrCUSUM,185,1.5838492616498774,389,1,1.240730012000982
D1,0.35,DCC-CUSUM,185,0.7173436568091294,390,1,0.2061212821410497
D1,0.35,KCCA-logdet,185,1.001585025919175,394,0,1.3275922376613465
D1,0.35,CorrCUSUM,186,2.265239942683099,290,1,1.240730012000982
D1,0.35,DCC-CUSUM,186,1.172503585553927,312,1,0.2061212821410497
D1,0.35,KCCA-logdet,186,1.1326331969276375,540,0,1.3275922376613465
D1,0.35,CorrCUSUM,187,1.8830582577166213,293,1,1.240730012000982
D1,0.35,DCC-CUSUM,187,0.8456288373996702,323,1,0.2061212821410497
D1,0.35,KCCA-logdet,187,1.1523801566182617,514,0,1.3275922376613465
D1,0.35,CorrCUSUM,188,2.1183223007559397,307,1,1.240730012000982
D1,0.35,DCC-CUSUM,188,1.1260258985160034,329,1,0.2061212821410497
D1,0.35,KCCA-logdet,188,0.7516275108648611,384,0,1.3275922376613465
D1,0.35,CorrCUSUM,189,2.258642245716092,300,1,1.240730012000982
D1,0.35,DCC-CUSUM,189,1.0797856664583734,312,1,0.2061212821410497
D1,0.35,KCCA-logdet,189,1.6143439419616774,510,1,1.3275922376613465
D1,0.35,CorrCUSUM,190,2.1690545643531,305,1,1.240730012000982
D1,0.35,DCC-CUSUM,190,1.1029885899192415,336,1,0.2061212821410497
D1,0.35,KCCA-logdet,190,1.0633062941115332,517,0,1.3275922376613465
D1,0.35,CorrCUSUM,191,3.7619383856496196,301,1,1.240730012000982
D1,0.35,DCC-CUSUM,191,2.7898513102355893,310,1,0.2061212821410497
D1,0.35,KCCA-logdet,191,1.5360715023102125,448,1,1.3275922376613465
D1,0.35,CorrCUSUM,192,2.3402186164929892,304,1,1.240730012000982
D1,0.35,DCC-CUSUM,192,1.099322404335038,324,1,0.2061212821410497
D1,0.35,KCCA-logdet,192,0.7969892467936731,511,0,1.3275922376613465
D1,0.35,CorrCUSUM,193,2.351593981176321,309,1,1.240730012000982
D1,0.35,DCC-CUSUM,193,1.3964371642975923,340,1,0.2061212821410497
D1,0.35,KCCA-logdet,193,1.1253159889171704,535,0,1.3275922376613465
D1,0.35,CorrCUSUM,194,3.1147607363214536,300,1,1.240730012000982
D1,0.35,DCC-CUSUM,194,2.034922168948272,312,1,0.2061212821410497
D1,0.35,KCCA-logdet,194,1.6237159494211062,502,1,1.3275922376613465
D1,0.35,CorrCUSUM,195,2.0586668443093594,304,1,1.240730012000982
D1,0.35,DCC-CUSUM,195,0.9015814452028799,311,1,0.2061212821410497
D1,0.35,KCCA-logdet,195,0.834185546241888,60,0,1.3275922376613465
D1,0.35,CorrCUSUM,196,2.2492994299489806,269,1,1.240730012000982
D1,0.35,DCC-CUSUM,196,1.5077979514960507,274,1,0.2061212821410497
D1,0.35,KCCA-logdet,196,1.001309454963105,539,0,1.3275922376613465
D1,0.35,CorrCUSUM,197,2.637643020433355,299,1,1.240730012000982
D1,0.35,DCC-CUSUM,197,1.4894443064640874,324,1,0.2061212821410497
D1,0.35,KCCA-logdet,197,2.1033630031509816,540,1,1.3275922376613465
D1,0.35,CorrCUSUM,198,2.042326486251516,302,1,1.240730012000982
D1,0.35,DCC-CUSUM,198,0.9496408412824026,321,1,0.2061212821410497
D1,0.35,KCCA-logdet,198,0.8889132920231647,514,0,1.3275922376613465
D1,0.35,CorrCUSUM,199,2.3567219643276656,307,1,1.240730012000982
D1,0.35,DCC-CUSUM,199,1.2887967589839546,350,1,0.2061212821410497
D1,0.35,KCCA-logdet,199,1.4490961115700909,539,1,1.3275922376613465
D1,0.5,CorrCUSUM,0,3.3746506057128007,293,1,1.240730012000982
D1,0.5,DCC-CUSUM,0,2.4499525741859878,308,1,0.2061212821410497
D1,0.5,KCCA-logdet,0,1.5057918369534482,289,1,1.3275922376613465
D1,0.5,CorrCUSUM,1,3.314683854510145,308,1,1.240730012000982
D1,0.5,DCC-CUSUM,1,2.0335153412348688,323,1,0.2061212821410497
D1,0.5,KCCA-logdet,1,2.274407773285826,535,1,1.3275922376613465
D1,0.5,CorrCUSUM,2,3.2553679950133922,297,1,1.240730012000982
D1,0.5,DCC-CUSUM,2,2.214012752458401,309,1,0.2061212821410497
D1,0.5,KCCA-logdet,2,1.4478870897133846,438,1,1.3275922376613465
D1,0.5,CorrCUSUM,3,3.3804043788223863,297,1,1.240730012000982
D1,0.5,DCC-CUSUM,3,2.2703716009651362,308,1,0.2061212821410497
D1,0.5,KCCA-logdet,3,2.0530676253059967,520,1,1.3275922376613465
D1,0.5,CorrCUSUM,4,2.1900929507411657,318,1,1.240730012000982
D1,0.5,DCC-CUSUM,4,1.5145426963471376,335,1,0.2061212821410497
D1,0.5,KCCA-logdet,4,1.379297051311089,332,1,1.3275922376613465
D1,0.5,CorrCUSUM,5,2.7055257965278936,273,1,1.240730012000982
D1,0.5,DCC-CUSUM,5,1.853939067561217,325,1,0.2061212821410497
D1,0.5,KCCA-logdet,5,1.5466131457876064,539,1,1.3275922376613465
D1,0.5,CorrCUSUM,6,3.361574163443618,297,1,1.240730012000982
D1,0.5,DCC-CUSUM,6,2.4215516883776265,309,1,0.2061212821410497
D1,0.5,KCCA-logdet,6,2.0147326989317396,296,1,1.3275922376613465
D1,0.5,CorrCUSUM,7,2.885837804344418,222,1,1.240730012000982
D1,0.5,DCC-CUSUM,7,2.177370539676834,297,1,0.2061212821410497
D1,0.5,KCCA-logdet,7,1.4988862463233523,335,1,1.3275922376613465
D1,0.5,CorrCUSUM,8,2.421724358945883,310,1,1.240730012000982
D1,0.5,DCC-CUSUM,8,1.6875292204672034,328,1,0.2061212821410497
D1,0.5,KCCA-logdet,8,1.9142117156020912,497,1,1.3275922376613465
D1,0.5,CorrCUSUM,9,3.2060790121547735,313,1,1.240730012000982
D1,0.5,DCC-CUSUM,9,2.007399069977409,335,1,0.2061212821410497
D1,0.5,KCCA-logdet,9,1.9464681343082495,427,1,1.3275922376613465
D1,0.5,CorrCUSUM,10,3.2625733424552816,293,1,1.240730012000982
D1,0.5,DCC-CUSUM,10,2.3423397746400227,315,1,0.2061212821410497
D1,0.5,KCCA-logdet,10,2.4912702084633276,352,1,1.3275922376613465
D1,0.5,CorrCUSUM,11,3.0714289632771337,301,1,1.240730012000982
D1,0.5,DCC-CUSUM,11,2.1404197089226815,331,1,0.2061212821410497
D1,0.5,KCCA-logdet,11,2.477663803803275,484,1,1.3275922376613465
D1,0.5,CorrCUSUM,12,3.9695470189277926,290,1,1.240730012000982
D1,0.5,DCC-CUSUM,12,2.6779984693545593,321,1,0.2061212821410497
D1,0.5,KCCA-logdet,12,1.4032441880834567,316,1,1.3275922376613465
D1,0.5,CorrCUSUM,13,3.0151826891002345,309,1,1.240730012000982
D1,0.5,DCC-CUSUM,13,1.5929209317335677,319,1,0.2061212821410497
D1,0.5,KCCA-logdet,13,1.4168085950258613,536,1,1.3275922376613465
D1,0.5,CorrCUSUM,14,3.1541635847121796,287,1,1.240730012000982
D1,0.5,DCC-CUSUM,14,1.9842125931583612,302,1,0.2061212821410497
D1,0.5,KCCA-logdet,14,1.6798243385226537,408,1,1.3275922376613465
D1,0.5,CorrCUSUM,15,3.642337429917536,279,1,1.240730012000982
D1,0.5,DCC-CUSUM,15,2.720780279610433,314,1,0.2061212821410497
D1,0.5,KCCA-logdet,15,1.5183702353054909,411,1,1.3275922376613465
D1,0.5,CorrCUSUM,16,3.1370248476800286,285,1,1.240730012000982
D1,0.5,DCC-CUSUM,16,1.9959394785903295,301,1,0.2061212821410497
D1,0.5,KCCA-logdet,16,2.064059511480671,479,1,1.3275922376613465
D1,0.5,CorrCUSUM,17,3.4263088367131105,300,1,1.240730012000982
D1,0.5,DCC-CUSUM,17,2.6591077035698074,353,1,0.2061212821410497
D1,0.5,KCCA-logdet,17,2.615672726718629,514,1,1.3275922376613465
D1,0.5,CorrCUSUM,18,3.055049504777716,302,1,1.240730012000982
D1,0.5,DCC-CUSUM,18,2.2157939727434868,315,1,0.2061212821410497
D1,0.5,KCCA-logdet,18,2.092889829194835,517,1,1.3275922376613465
D1,0.5,CorrCUSUM,19,2.2866722970341153,311,1,1.240730012000982
D1,0.5,DCC-CUSUM,19,1.712029604624132,317,1,0.2061212821410497
D1,0.5,KCCA-logdet,19,1.5860922233465236,403,1,1.3275922376613465
D1,0.5,CorrCUSUM,20,3.332607734449451,316,1,1.240730012000982
D1,0.5,DCC-CUSUM,20,2.0357736320707045,321,1,0.2061212821410497
D1,0.5,KCCA-logdet,20,2.523714895266734,531,1,1.3275922376613465
D1,0.5,CorrCUSUM,21,2.2313377389432807,305,1,1.240730012000982
D1,0.5,DCC-CUSUM,21,1.4013015980901258,321,1,0.2061212821410497
D1,0.5,KCCA-logdet,21,1.6963337677761412,532,1,1.3275922376613465
D1,0.5,CorrCUSUM,22,3.0416856619972883,305,1,1.240730012000982
D1,0.5,DCC-CUSUM,22,2.0812935860786284,312,1,0.2061212821410497
D1,0.5,KCCA-logdet,22,1.3052368855783087,453,0,1.3275922376613465
D1,0.5,CorrCUSUM,23,3.1062498625767563,310,1,1.240730012000982
D1,0.5,DCC-CUSUM,23,1.7821625509827155,320,1,0.2061212821410497
D1,0.5,KCCA-logdet,23,1.618720123083451,381,1,1.3275922376613465
D1,0.5,CorrCUSUM,24,3.7650990256484946,301,1,1.240730012000982
D1,0.5,DCC-CUSUM,24,2.4646284715268387,315,1,0.2061212821410497
D1,0.5,KCCA-logdet,24,1.603192141533869,401,1,1.3275922376613465
D1,0.5,CorrCUSUM,25,2.3213316953539787,289,1,1.240730012000982
D1,0.5,DCC-CUSUM,25,1.8818563144810818,372,1,0.2061212821410497
D1,0.5,KCCA-logdet,25,1.9778837553062172,503,1,1.3275922376613465
D1,0.5,CorrCUSUM,26,3.470351387507109,306,1,1.240730012000982
D1,0.5,DCC-CUSUM,26,2.0767975403184757,314,1,0.2061212821410497
D1,0.5,KCCA-logdet,26,1.058831571281386,524,0,1.3275922376613465
D1,0.5,CorrCUSUM,27,3.5358052912811315,293,1,1.240730012000982
D1,0.5,DCC-CUSUM,27,2.029584979300214,315,1,0.2061212821410497
D1,0.5,KCCA-logdet,27,1.7799823822758911,509,1,1.3275922376613465
D1,0.5,CorrCUSUM,28,2.9988828820530258,341,1,1.240730012000982
D1,0.5,DCC-CUSUM,28,1.7595159120628303,351,1,0.2061212821410497
D1,0.5,KCCA-logdet,28,1.917585927270444,503,1,1.3275922376613465
D1,0.5,CorrCUSUM,29,2.979692677242029,335,1,1.240730012000982
D1,0.5,DCC-CUSUM,29,2.1250621599234627,345,1,0.2061212821410497
D1,0.5,KCCA-logdet,29,1.2809605833790658,389,0,1.3275922376613465
D1,0.5,CorrCUSUM,30,3.1099719012557587,305,1,1.240730012000982
D1,0.5,DCC-CUSUM,30,2.071755247004206,325,1,0.2061212821410497
D1,0.5,KCCA-logdet,30,1.9446522823126273,401,1,1.3275922376613465
D1,0.5,CorrCUSUM,31,3.219111960737897,311,1,1.240730012000982
D1,0.5,DCC-CUSUM,31,2.1956567375774525,322,1,0.2061212821410497
D1,0.5,KCCA-logdet,31,2.046069976429072,324,1,1.3275922376613465
D1,0.5,CorrCUSUM,32,2.4641038356222866,351,1,1.240730012000982
D1,0.5,DCC-CUSUM,32,1.8057652814193812,380,1,0.2061212821410497
D1,0.5,KCCA-logdet,32,2.091848539889044,528,1,1.3275922376613465
D1,0.5,CorrCUSUM,33,2.6746672141679984,300,1,1.240730012000982
D1,0.5,DCC-CUSUM,33,1.635719151858839,317,1,0.2061212821410497
D1,0.5,KCCA-logdet,33,1.3455933006435017,537,1,1.3275922376613465
D1,0.5,CorrCUSUM,34,3.282571735040625,302,1,1.240730012000982
D1,0.5,DCC-CUSUM,34,2.2882008610400426,334,1,0.2061212821410497
D1,0.5,KCCA-logdet,34,1.6276490701314383,327,1,1.3275922376613465
D1,0.5,CorrCUSUM,35,3.915688982421228,300,1,1.240730012000982
D1,0.5,DCC-CUSUM,35,2.738708416216501,317,1,0.2061212821410497
D1,0.5,KCCA-logdet,35,2.2648734128555015,501,1,1.3275922376613465
D1,0.5,CorrCUSUM,36,2.8485121156635214,302,1,1.240730012000982
D1,0.5,DCC-CUSUM,36,1.8559248080800752,324,1,0.2061212821410497
D1,0.5,KCCA-logdet,36,2.2387508346695744,499,1,1.3275922376613465
D1,0.5,CorrCUSUM,37,3.5496594166425637,304,1,1.240730012000982
D1,0.5,DCC-CUSUM,37,2.4213220426741278,323,1,0.2061212821410497
D1,0.5,KCCA-logdet,37,2.1873798330328134,317,1,1.3275922376613465
D1,0.5,CorrCUSUM,38,3.263255743297706,307,1,1.240730012000982
D1,0.5,DCC-CUSUM,38,2.2137133010659533,323,1,0.2061212821410497
D1,0.5,KCCA-logdet,38,1.2919282331740525,407,0,1.3275922376613465
D1,0.5,CorrCUSUM,39,3.253343486762496,299,1,1.240730012000982
D1,0.5,DCC-CUSUM,39,2.386982377894785,312,1,0.2061212821410497
D1,0.5,KCCA-logdet,39,1.6770025496866956,347,1,1.3275922376613465
D1,0.5,CorrCUSUM,40,2.962197667217287,305,1,1.240730012000982
D1,0.5,DCC-CUSUM,40,1.9710927711376953,337,1,0.2061212821410497
D1,0.5,KCCA-logdet,40,1.8305975894004518,332,1,1.3275922376613465
D1,0.5,CorrCUSUM,41,2.8992670749028107,299,1,1.240730012000982
D1,0.5,DCC-CUSUM,41,2.297455322611968,320,1,0.2061212821410497
D1,0.5,KCCA-logdet,41,1.7408599859448337,395,1,1.3275922376613465
D1,0.5,CorrCUSUM,42,3.277815099664468,317,1,1.240730012000982
D1,0.5,DCC-CUSUM,42,2.6242344199418293,326,1,0.2061212821410497
D1,0.5,KCCA-logdet,42,1.6252084545537726,370,1,1.3275922376613465
D1,0.5,CorrCUSUM,43,2.996021339916454,303,1,1.240730012000982
D1,0.5,DCC-CUSUM,43,2.162335502405789,319,1,0.2061212821410497
D1,0.5,KCCA-logdet,43,1.585713402589731,434,1,1.3275922376613465
D1,0.5,CorrCUSUM,44,2.4363182269963857,298,1,1.240730012000982
D1,0.5,DCC-CUSUM,44,1.452953782149201,327,1,0.2061212821410497
D1,0.5,KCCA-logdet,44,1.490329654817824,480,1,1.3275922376613465
D1,0.5,CorrCUSUM,45,4.095692317999234,321,1,1.240730012000982
D1,0.5,DCC-CUSUM,45,2.962767245161718,337,1,0.2061212821410497
D1,0.5,KCCA-logdet,45,2.4595178546675895,370,1,1.3275922376613465
D1,0.5,CorrCUSUM,46,3.3123932879340923,287,1,1.240730012000982
D1,0.5,DCC-CUSUM,46,2.331581338353948,317,1,0.2061212821410497
D1,0.5,KCCA-logdet,46,3.021507965548899,529,1,1.3275922376613465
D1,0.5,CorrCUSUM,47,2.8934258789112346,305,1,1.240730012000982
D1,0.5,DCC-CUSUM,47,1.7861437511139422,321,1,0.2061212821410497
D1,0.5,KCCA-logdet,47,1.651801480208651,325,1,1.3275922376613465
D1,0.5,CorrCUSUM,48,2.895775188207173,300,1,1.240730012000982
D1,0.5,DCC-CUSUM,48,1.5009630152473177,363,1,0.2061212821410497
D1,0.5,KCCA-logdet,48,1.9168774594587918,528,1,1.3275922376613465
D1,0.5,CorrCUSUM,49,3.622615115185512,288,1,1.240730012000982
D1,0.5,DCC-CUSUM,49,2.8586249011811367,311,1,0.2061212821410497
D1,0.5,KCCA-logdet,49,1.5876822161881088,415,1,1.3275922376613465
D1,0.5,CorrCUSUM,50,2.6461643420047123,300,1,1.240730012000982
D1,0.5,DCC-CUSUM,50,1.4973778375488764,340,1,0.2061212821410497
D1,0.5,KCCA-logdet,50,1.123734964610627,438,0,1.3275922376613465
D1,0.5,CorrCUSUM,51,2.5751884694637126,304,1,1.240730012000982
D1,0.5,DCC-CUSUM,51,1.772884517135379,325,1,0.2061212821410497
D1,0.5,KCCA-logdet,51,1.499456599146894,304,1,1.3275922376613465
D1,0.5,CorrCUSUM,52,2.59343902114533,350,1,1.240730012000982
D1,0.5,DCC-CUSUM,52,1.5618080401393188,358,1,0.2061212821410497
D1,0.5,KCCA-logdet,52,1.4450888146475542,350,1,1.3275922376613465
D1,0.5,CorrCUSUM,53,2.9474968384454545,302,1,1.240730012000982
D1,0.5,DCC-CUSUM,53,2.095930480665562,315,1,0.2061212821410497
D1,0.5,KCCA-logdet,53,1.9220014626916162,540,1,1.3275922376613465
D1,0.5,CorrCUSUM,54,3.1745456684265903,300,1,1.240730012000982
D1,0.5,DCC-CUSUM,54,1.8219748175081092,310,1,0.2061212821410497
D1,0.5,KCCA-logdet,54,2.104632730347152,513,1,1.3275922376613465
D1,0.5,CorrCUSUM,55,3.6934498445086734,271,1,1.240730012000982
D1,0.5,DCC-CUSUM,55,2.5505069133203633,296,1,0.2061212821410497
D1,0.5,KCCA-logdet,55,1.7999557200933043,381,1,1.3275922376613465
D1,0.5,CorrCUSUM,56,2.935018284177721,290,1,1.240730012000982
D1,0.5,DCC-CUSUM,56,1.928192846738709,311,1,0.2061212821410497
D1,0.5,KCCA-logdet,56,1.7085112252417796,367,1,1.3275922376613465
D1,0.5,CorrCUSUM,57,2.82968708958911,300,1,1.240730012000982
D1,0.5,DCC-CUSUM,57,2.0493360528476368,317,1,0.2061212821410497
D1,0.5,KCCA-logdet,57,1.2794362614965218,501,0,1.3275922376613465
D1,0.5,CorrCUSUM,58,3.429609537270239,315,1,1.240730012000982
D1,0.5,DCC-CUSUM,58,2.471032333689693,327,1,0.2061212821410497
D1,0.5,KCCA-logdet,58,3.3825029534088413,504,1,1.3275922376613465
D1,0.5,CorrCUSUM,59,2.99444209402866,299,1,1.240730012000982
D1,0.5,DCC-CUSUM,59,2.0997275599446747,312,1,0.2061212821410497
D1,0.5,KCCA-logdet,59,1.9692657838300118,425,1,1.3275922376613465
D1,0.5,CorrCUSUM,60,2.349312936435943,253,1,1.240730012000982
D1,0.5,DCC-CUSUM,60,1.5902448738840937,281,1,0.2061212821410497
D1,0.5,KCCA-logdet,60,1.2283867977747824,368,0,1.3275922376613465
D1,0.5,CorrCUSUM,61,3.200976005667483,326,1,1.240730012000982
D1,0.5,DCC-CUSUM,61,2.4465282652140665,337,1,0.2061212821410497
D1,0.5,KCCA-logdet,61,1.5469384494313057,315,1,1.3275922376613465
D1,0.5,CorrCUSUM,62,2.7903760296499165,260,1,1.240730012000982
D1,0.5,DCC-CUSUM,62,2.2590867768928495,305,1,0.2061212821410497
D1,0.5,KCCA-logdet,62,1.5125819713909041,436,1,1.3275922376613465
D1,0.5,CorrCUSUM,63,2.106139576555684,283,1,1.240730012000982
D1,0.5,DCC-CUSUM,63,1.456552520390069,317,1,0.2061212821410497
D1,0.5,KCCA-logdet,63,1.500483406869038,363,1,1.3275922376613465
D1,0.5,CorrCUSUM,64,3.75365736713414,293,1,1.240730012000982
D1,0.5,DCC-CUSUM,64,2.8818330220102317,307,1,0.2061212821410497
D1,0.5,KCCA-logdet,64,2.357158943344172,533,1,1.3275922376613465
D1,0.5,CorrCUSUM,65,3.3332588809329797,297,1,1.240730012000982
D1,0.5,DCC-CUSUM,65,2.5727907131945,320,1,0.2061212821410497
D1,0.5,KCCA-logdet,65,2.2171216742020508,397,1,1.3275922376613465
D1,0.5,CorrCUSUM,66,3.430254863971447,302,1,1.240730012000982
D1,0.5,DCC-CUSUM,66,1.904573199011871,323,1,0.2061212821410497
D1,0.5,KCCA-logdet,66,1.7184530374538058,350,1,1.3275922376613465
D1,0.5,CorrCUSUM,67,2.6677191133597593,306,1,1.240730012000982
D1,0.5,DCC-CUSUM,67,1.851912937691844,346,1,0.2061212821410497
D1,0.5,KCCA-logdet,67,2.1828788046046124,535,1,1.3275922376613465
D1,0.5,CorrCUSUM,68,3.1598741027036144,300,1,1.240730012000982
D1,0.5,DCC-CUSUM,68,1.9218433570926814,321,1,0.2061212821410497
D1,0.5,KCCA-logdet,68,1.5612488659878172,427,1,1.3275922376613465
D1,0.5,CorrCUSUM,69,2.384030196450692,306,1,1.240730012000982
D1,0.5,DCC-CUSUM,69,1.6993596167324576,320,1,0.2061212821410497
D1,0.5,KCCA-logdet,69,2.3699028853173414,487,1,1.3275922376613465
D1,0.5,CorrCUSUM,70,2.473875084843638,321,1,1.240730012000982
D1,0.5,DCC-CUSUM,70,1.162033683238067,326,1,0.2061212821410497
D1,0.5,KCCA-logdet,70,1.3698900167404695,515,1,1.3275922376613465
D1,0.5,CorrCUSUM,71,2.6449153213670127,296,1,1.240730012000982
D1,0.5,DCC-CUSUM,71,1.755064464918981,330,1,0.2061212821410497
D1,0.5,KCCA-logdet,71,1.3875541547437635,438,1,1.3275922376613465
D1,0.5,CorrCUSUM,72,3.5680848633757245,302,1,1.240730012000982
D1,0.5,DCC-CUSUM,72,2.7698116107403035,316,1,0.2061212821410497
D1,0.5,KCCA-logdet,72,2.3162526091929228,445,1,1.3275922376613465
D1,0.5,CorrCUSUM,73,2.529944483663851,307,1,1.240730012000982
D1,0.5,DCC-CUSUM,73,1.7525973711464198,310,1,0.2061212821410497
D1,0.5,KCCA-logdet,73,1.400094284287519,297,1,1.3275922376613465
D1,0.5,CorrCUSUM,74,4.552114417004977,299,1,1.240730012000982
D1,0.5,DCC-CUSUM,74,3.1560540553346197,313,1,0.2061212821410497
D1,0.5,KCCA-logdet,74,2.699690033808819,345,1,1.3275922376613465
D1,0.5,CorrCUSUM,75,2.95792891475564,307,1,1.240730012000982
D1,0.5,DCC-CUSUM,75,2.271328632700185,314,1,0.2061212821410497
D1,0.5,KCCA-logdet,75,1.1692205668252345,310,0,1.3275922376613465
D1,0.5,CorrCUSUM,76,3.8013644714073753,274,1,1.240730012000982
D1,0.5,DCC-CUSUM,76,2.716651299922556,286,1,0.2061212821410497
D1,0.5,KCCA-logdet,76,2.3134729309082207,446,1,1.3275922376613465
D1,0.5,CorrCUSUM,77,3.176660944150814,298,1,1.240730012000982
D1,0.5,DCC-CUSUM,77,2.025740446343839,311,1,0.2061212821410497
D1,0.5,KCCA-logdet,77,1.0780550126368749,540,0,1.3275922376613465
D1,0.5,CorrCUSUM,78,2.499884975846648,318,1,1.240730012000982
D1,0.5,DCC-CUSUM,78,1.5571207101983515,322,1,0.2061212821410497
D1,0.5,KCCA-logdet,78,2.2701044943528035,538,1,1.3275922376613465
D1,0.5,CorrCUSUM,79,2.731317123668776,286,1,1.240730012000982
D1,0.5,DCC-CUSUM,79,1.638892034961571,330,1,0.2061212821410497
D1,0.5,KCCA-logdet,79,1.9164086419879687,400,1,1.3275922376613465
D1,0.5,CorrCUSUM,80,2.5791831221182058,325,1,1.240730012000982
D1,0.5,DCC-CUSUM,80,1.8876074526815927,345,1,0.2061212821410497
D1,0.5,KCCA-logdet,80,1.996466357224502,536,1,1.3275922376613465
D1,0.5,CorrCUSUM,81,2.636854175505709,339,1,1.240730012000982
D1,0.5,DCC-CUSUM,81,1.770940005719148,354,1,0.2061212821410497
D1,0.5,KCCA-logdet,81,1.8389133738569758,524,1,1.3275922376613465
D1,0.5,CorrCUSUM,82,3.0456276525719335,311,1,1.240730012000982
D1,0.5,DCC-CUSUM,82,1.914295160794811,321,1,0.2061212821410497
D1,0.5,KCCA-logdet,82,2.337663918904724,419,1,1.3275922376613465
D1,0.5,CorrCUSUM,83,2.6615801887710515,273,1,1.240730012000982
D1,0.5,DCC-CUSUM,83,1.7480317291233212,306,1,0.2061212821410497
D1,0.5,KCCA-logdet,83,1.4185991479903641,435,1,1.3275922376613465
D1,0.5,CorrCUSUM,84,3.4566078905059094,300,1,1.240730012000982
D1,0.5,DCC-CUSUM,84,1.786076840443068,314,1,0.2061212821410497
D1,0.5,KCCA-logdet,84,1.2522656400445384,299,0,1.3275922376613465
D1,0.5,CorrCUSUM,85,3.321696846760622,299,1,1.240730012000982
D1,0.5,DCC-CUSUM,85,2.222984475680298,303,1,0.2061212821410497
D1,0.5,KCCA-logdet,85,1.7364868020370268,439,1,1.3275922376613465
D1,0.5,CorrCUSUM,86,3.6884588236647216,262,1,1.240730012000982
D1,0.5,DCC-CUSUM,86,2.585375148567919,270,1,0.2061212821410497
D1,0.5,KCCA-logdet,86,1.7745031247361993,485,1,1.3275922376613465
D1,0.5,CorrCUSUM,87,3.11538681799981,319,1,1.240730012000982
D1,0.5,DCC-CUSUM,87,1.8934317598422012,348,1,0.2061212821410497
D1,0.5,KCCA-logdet,87,2.541991461771675,539,1,1.3275922376613465
D1,0.5,CorrCUSUM,88,3.239317497357865,307,1,1.240730012000982
D1,0.5,DCC-CUSUM,88,2.583244867687249,328,1,0.2061212821410497
D1,0.5,KCCA-logdet,88,2.5106458870966386,538,1,1.3275922376613465
D1,0.5,CorrCUSUM,89,3.3843794508983724,312,1,1.240730012000982
D1,0.5,DCC-CUSUM,89,2.4294463656809855,324,1,0.2061212821410497
D1,0.5,KCCA-logdet,89,2.0974431134696143,316,1,1.3275922376613465
D1,0.5,CorrCUSUM,90,2.2747829545647265,300,1,1.240730012000982
D1,0.5,DCC-CUSUM,90,1.98836955263396,333,1,0.2061212821410497
D1,0.5,KCCA-logdet,90,1.9037608089797415,303,1,1.3275922376613465
D1,0.5,CorrCUSUM,91,3.185727853947627,293,1,1.240730012000982
D1,0.5,DCC-CUSUM,91,2.225235012851351,318,1,0.2061212821410497
D1,0.5,KCCA-logdet,91,1.4354428079337715,313,1,1.3275922376613465
D1,0.5,CorrCUSUM,92,3.3489348524788713,263,1,1.240730012000982
D1,0.5,DCC-CUSUM,92,2.579046115307429,309,1,0.2061212821410497
D1,0.5,KCCA-logdet,92,1.7754951103781211,406,1,1.3275922376613465
D1,0.5,CorrCUSUM,93,2.9299729873266545,298,1,1.240730012000982
D1,0.5,DCC-CUSUM,93,1.8975733919258198,321,1,0.2061212821410497
D1,0.5,KCCA-logdet,93,1.7593473396151513,298,1,1.3275922376613465
D1,0.5,CorrCUSUM,94,2.988192494025307,311,1,1.240730012000982
D1,0.5,DCC-CUSUM,94,1.9155359040297126,315,1,0.2061212821410497
D1,0.5,KCCA-logdet,94,1.3680832887277357,475,1,1.3275922376613465
D1,0.5,CorrCUSUM,95,1.768321487334532,290,1,1.240730012000982
D1,0.5,DCC-CUSUM,95,0.749024353175341,309,1,0.2061212821410497
D1,0.5,KCCA-logdet,95,0.7981410027458365,499,0,1.3275922376613465
D1,0.5,CorrCUSUM,96,3.334473234036008,328,1,1.240730012000982
D1,0.5,DCC-CUSUM,96,2.7931864318523254,331,1,0.2061212821410497
D1,0.5,KCCA-logdet,96,3.1450669512480207,540,1,1.3275922376613465
D1,0.5,CorrCUSUM,97,3.2421482663203354,313,1,1.240730012000982
D1,0.5,DCC-CUSUM,97,2.148052859146459,324,1,0.2061212821410497
D1,0.5,KCCA-logdet,97,1.7994387645260048,444,1,1.3275922376613465
D1,0.5,CorrCUSUM,98,3.4941372457268924,283,1,1.240730012000982
D1,0.5,DCC-CUSUM,98,2.4039306001517273,304,1,0.2061212821410497
D1,0.5,KCCA-logdet,98,2.506235660104196,539,1,1.3275922376613465
D1,0.5,CorrCUSUM,99,3.7807792281499317,325,1,1.240730012000982
D1,0.5,DCC-CUSUM,99,2.817196374667972,344,1,0.2061212821410497
D1,0.5,KCCA-logdet,99,3.9238839942534764,536,1,1.3275922376613465
D1,0.5,CorrCUSUM,100,3.8863936606844582,312,1,1.240730012000982
D1,0.5,DCC-CUSUM,100,2.8498958676726476,336,1,0.2061212821410497
D1,0.5,KCCA-logdet,100,2.3723308361062854,407,1,1.3275922376613465
D1,0.5,CorrCUSUM,101,3.536525171148429,296,1,1.240730012000982
D1,0.5,DCC-CUSUM,101,2.1494189117318507,311,1,0.2061212821410497
D1,0.5,KCCA-logdet,101,1.3753553061722201,528,1,1.3275922376613465
D1,0.5,CorrCUSUM,102,3.0945465333495465,270,1,1.240730012000982
D1,0.5,DCC-CUSUM,102,1.934614020520521,316,1,0.2061212821410497
D1,0.5,KCCA-logdet,102,1.49307851347491,540,1,1.3275922376613465
D1,0.5,CorrCUSUM,103,3.1021897083116428,309,1,1.240730012000982
D1,0.5,DCC-CUSUM,103,2.129543437600327,328,1,0.2061212821410497
D1,0.5,KCCA-logdet,103,1.7693986216445865,455,1,1.3275922376613465
D1,0.5,CorrCUSUM,104,4.0940916929509275,299,1,1.240730012000982
D1,0.5,DCC-CUSUM,104,2.827978148490359,310,1,0.2061212821410497
D1,0.5,KCCA-logdet,104,2.0838217679898814,518,1,1.3275922376613465
D1,0.5,CorrCUSUM,105,3.601041353474989,293,1,1.240730012000982
D1,0.5,DCC-CUSUM,105,2.4489739033948283,312,1,0.2061212821410497
D1,0.5,KCCA-logdet,105,1.5937292598750852,492,1,1.3275922376613465
D1,0.5,CorrCUSUM,106,3.4268786377896983,298,1,1.240730012000982
D1,0.5,DCC-CUSUM,106,2.077163667503962,312,1,0.2061212821410497
D1,0.5,KCCA-logdet,106,1.746490478468274,434,1,1.3275922376613465
D1,0.5,CorrCUSUM,107,4.0106947426633415,300,1,1.240730012000982
D1,0.5,DCC-CUSUM,107,2.813387496568721,338,1,0.2061212821410497
D1,0.5,KCCA-logdet,107,2.4278745233657477,496,1,1.3275922376613465
D1,0.5,CorrCUSUM,108,2.9010398938322446,303,1,1.240730012000982
D1,0.5,DCC-CUSUM,108,1.949010430946961,345,1,0.2061212821410497
D1,0.5,KCCA-logdet,108,1.8635533227263903,396,1,1.3275922376613465
D1,0.5,CorrCUSUM,109,3.697922746599786,304,1,1.240730012000982
D1,0.5,DCC-CUSUM,109,2.7227524841115014,331,1,0.2061212821410497
D1,0.5,KCCA-logdet,109,1.8250387855527155,333,1,1.3275922376613465
D1,0.5,CorrCUSUM,110,4.037326529991677,296,1,1.240730012000982
D1,0.5,DCC-CUSUM,110,2.9716849108793877,321,1,0.2061212821410497
D1,0.5,KCCA-logdet,110,2.5551491431122915,522,1,1.3275922376613465
D1,0.5,CorrCUSUM,111,3.4817264321789683,293,1,1.240730012000982
D1,0.5,DCC-CUSUM,111,2.4346174125465794,320,1,0.2061212821410497
D1,0.5,KCCA-logdet,111,2.2285399192899384,315,1,1.3275922376613465
D1,0.5,CorrCUSUM,112,2.945788672335941,300,1,1.240730012000982
D1,0.5,DCC-CUSUM,112,2.3413506010114418,327,1,0.2061212821410497
D1,0.5,KCCA-logdet,112,1.7367167840613418,388,1,1.3275922376613465
D1,0.5,CorrCUSUM,113,3.4887504696163187,291,1,1.240730012000982
D1,0.5,DCC-CUSUM,113,2.592017694208745,326,1,0.2061212821410497
D1,0.5,KCCA-logdet,113,1.9377365394325903,449,1,1.3275922376613465
D1,0.5,CorrCUSUM,114,3.5564201109867333,295,1,1.240730012000982
D1,0.5,DCC-CUSUM,114,2.258599518180873,314,1,0.2061212821410497
D1,0.5,KCCA-logdet,114,1.566569192034786,317,1,1.3275922376613465
D1,0.5,CorrCUSUM,115,2.8678133581072967,310,1,1.240730012000982
D1,0.5,DCC-CUSUM,115,2.2586490487485786,316,1,0.2061212821410497
D1,0.5,KCCA-logdet,115,2.0437149320583923,470,1,1.3275922376613465
D1,0.5,CorrCUSUM,116,3.30446117440392,293,1,1.240730012000982
D1,0.5,DCC-CUSUM,116,2.263775175516178,320,1,0.2061212821410497
D1,0.5,KCCA-logdet,116,1.8756671863130234,519,1,1.3275922376613465
D1,0.5,CorrCUSUM,117,4.158116234733373,295,1,1.240730012000982
D1,0.5,DCC-CUSUM,117,3.0675713344507183,313,1,0.2061212821410497
D1,0.5,KCCA-logdet,117,2.343851645674132,393,1,1.3275922376613465
D1,0.5,CorrCUSUM,118,3.2589917635835524,301,1,1.240730012000982
D1,0.5,DCC-CUSUM,118,2.421604349773309,312,1,0.2061212821410497
D1,0.5,KCCA-logdet,118,2.6773914468125684,493,1,1.3275922376613465
D1,0.5,CorrCUSUM,119,2.772743097380263,297,1,1.240730012000982
D1,0.5,DCC-CUSUM,119,1.9514753107132863,332,1,0.2061212821410497
D1,0.5,KCCA-logdet,119,1.7396880037254372,318,1,1.3275922376613465
D1,0.5,CorrCUSUM,120,3.0933134710130568,300,1,1.240730012000982
D1,0.5,DCC-CUSUM,120,2.06067151199218,302,1,0.2061212821410497
D1,0.5,KCCA-logdet,120,1.4466702356427372,295,1,1.3275922376613465
D1,0.5,CorrCUSUM,121,3.6336843313165725,310,1,1.240730012000982
D1,0.5,DCC-CUSUM,121,2.542498310698518,313,1,0.2061212821410497
D1,0.5,KCCA-logdet,121,3.0817448297412398,539,1,1.3275922376613465
D1,0.5,CorrCUSUM,122,2.6198573048059957,309,1,1.240730012000982
D1,0.5,DCC-CUSUM,122,1.3905237761693805,325,1,0.2061212821410497
D1,0.5,KCCA-logdet,122,1.8429470129393868,427,1,1.3275922376613465
D1,0.5,CorrCUSUM,123,2.8693434869742203,294,1,1.240730012000982
D1,0.5,DCC-CUSUM,123,1.718288924950581,326,1,0.2061212821410497
D1,0.5,KCCA-logdet,123,1.692642232082153,533,1,1.3275922376613465
D1,0.5,CorrCUSUM,124,2.2147058951992684,283,1,1.240730012000982
D1,0.5,DCC-CUSUM,124,1.3317901031348862,305,1,0.2061212821410497
D1,0.5,KCCA-logdet,124,1.1618361017084369,295,0,1.3275922376613465
D1,0.5,CorrCUSUM,125,4.339097959160204,301,1,1.240730012000982
D1,0.5,DCC-CUSUM,125,3.2119971264084795,327,1,0.2061212821410497
D1,0.5,KCCA-logdet,125,2.4204172663198524,365,1,1.3275922376613465
D1,0.5,CorrCUSUM,126,3.1703339708120035,308,1,1.240730012000982
D1,0.5,DCC-CUSUM,126,2.407831381384358,319,1,0.2061212821410497
D1,0.5,KCCA-logdet,126,1.6505771282664634,309,1,1.3275922376613465
D1,0.5,CorrCUSUM,127,2.5262593114456786,300,1,1.240730012000982
D1,0.5,DCC-CUSUM,127,1.6039539214250556,310,1,0.2061212821410497
D1,0.5,KCCA-logdet,127,1.9616725287335477,298,1,1.3275922376613465
D1,0.5,CorrCUSUM,128,2.9527640385104132,310,1,1.240730012000982
D1,0.5,DCC-CUSUM,128,2.2985513596789384,313,1,0.2061212821410497
D1,0.5,KCCA-logdet,128,1.660238628102102,388,1,1.3275922376613465
D1,0.5,CorrCUSUM,129,3.2283640867465664,299,1,1.240730012000982
D1,0.5,DCC-CUSUM,129,1.8843462999033642,317,1,0.2061212821410497
D1,0.5,KCCA-logdet,129,1.2765082204457578,484,0,1.3275922376613465
D1,0.5,CorrCUSUM,130,2.469972256844789,299,1,1.240730012000982
D1,0.5,DCC-CUSUM,130,1.6556484132608609,324,1,0.2061212821410497
D1,0.5,KCCA-logdet,130,1.4792864157380878,366,1,1.3275922376613465
D1,0.5,CorrCUSUM,131,2.8614644156023914,329,1,1.240730012000982
D1,0.5,DCC-CUSUM,131,1.8247064182931827,334,1,0.2061212821410497
D1,0.5,KCCA-logdet,131,2.495736719365135,493,1,1.3275922376613465
D1,0.5,CorrCUSUM,132,3.566802454956029,313,1,1.240730012000982
D1,0.5,DCC-CUSUM,132,2.614580925568267,334,1,0.2061212821410497
D1,0.5,KCCA-logdet,132,1.728657698291259,348,1,1.3275922376613465
D1,0.5,CorrCUSUM,133,3.546628562920758,299,1,1.240730012000982
D1,0.5,DCC-CUSUM,133,2.213591093611067,310,1,0.2061212821410497
D1,0.5,KCCA-logdet,133,3.035867972951496,524,1,1.3275922376613465
D1,0.5,CorrCUSUM,134,3.8328198463818266,285,1,1.240730012000982
D1,0.5,DCC-CUSUM,134,2.5414461832498634,306,1,0.2061212821410497
D1,0.5,KCCA-logdet,134,1.356915373055233,495,1,1.3275922376613465
D1,0.5,CorrCUSUM,135,3.6842949594136503,313,1,1.240730012000982
D1,0.5,DCC-CUSUM,135,2.995340566332812,328,1,0.2061212821410497
D1,0.5,KCCA-logdet,135,1.5273875452260661,519,1,1.3275922376613465
D1,0.5,CorrCUSUM,136,3.221385505468807,303,1,1.240730012000982
D1,0.5,DCC-CUSUM,136,2.145507001165898,310,1,0.2061212821410497
D1,0.5,KCCA-logdet,136,1.9055510884835547,384,1,1.3275922376613465
D1,0.5,CorrCUSUM,137,3.955997015169337,296,1,1.240730012000982
D1,0.5,DCC-CUSUM,137,3.09690381936573,311,1,0.2061212821410497
D1,0.5,KCCA-logdet,137,2.3036181151905915,366,1,1.3275922376613465
D1,0.5,CorrCUSUM,138,2.9315982511486203,323,1,1.240730012000982
D1,0.5,DCC-CUSUM,138,1.7909133130381332,336,1,0.2061212821410497
D1,0.5,KCCA-logdet,138,1.7331717898754389,324,1,1.3275922376613465
D1,0.5,CorrCUSUM,139,4.335859383429497,300,1,1.240730012000982
D1,0.5,DCC-CUSUM,139,2.9914773596498647,316,1,0.2061212821410497
D1,0.5,KCCA-logdet,139,1.9683884458973413,478,1,1.3275922376613465
D1,0.5,CorrCUSUM,140,3.669480058274227,300,1,1.240730012000982
D1,0.5,DCC-CUSUM,140,2.594167340465907,324,1,0.2061212821410497
D1,0.5,KCCA-logdet,140,2.3418082998141503,523,1,1.3275922376613465
D1,0.5,CorrCUSUM,141,2.7172209289618396,327,1,1.240730012000982
D1,0.5,DCC-CUSUM,141,1.8603799124695803,329,1,0.2061212821410497
D1,0.5,KCCA-logdet,141,1.5689084700968805,370,1,1.3275922376613465
D1,0.5,CorrCUSUM,142,4.211213881881991,311,1,1.240730012000982
D1,0.5,DCC-CUSUM,142,2.8297219574889416,328,1,0.2061212821410497
D1,0.5,KCCA-logdet,142,2.204411019226847,404,1,1.3275922376613465
D1,0.5,CorrCUSUM,143,3.5677853808108884,263,1,1.240730012000982
D1,0.5,DCC-CUSUM,143,2.478220393749253,269,1,0.2061212821410497
D1,0.5,KCCA-logdet,143,1.3731954471770045,327,1,1.3275922376613465
D1,0.5,CorrCUSUM,144,3.378261435614435,309,1,1.240730012000982
D1,0.5,DCC-CUSUM,144,2.2271727338223157,313,1,0.2061212821410497
D1,0.5,KCCA-logdet,144,1.1249212018716002,310,0,1.3275922376613465
D1,0.5,CorrCUSUM,145,2.675280969164893,296,1,1.240730012000982
D1,0.5,DCC-CUSUM,145,2.074623888334709,363,1,0.2061212821410497
D1,0.5,KCCA-logdet,145,2.721839866033114,460,1,1.3275922376613465
D1,0.5,CorrCUSUM,146,3.4209337104823456,293,1,1.240730012000982
D1,0.5,DCC-CUSUM,146,2.2665799093275423,319,1,0.2061212821410497
D1,0.5,KCCA-logdet,146,1.5788497825589254,387,1,1.3275922376613465
D1,0.5,CorrCUSUM,147,3.3637689594783224,309,1,1.240730012000982
D1,0.5,DCC-CUSUM,147,2.0054629556079098,317,1,0.2061212821410497
D1,0.5,KCCA-logdet,147,1.6117167314779084,467,1,1.3275922376613465
D1,0.5,CorrCUSUM,148,2.910196613331041,300,1,1.240730012000982
D1,0.5,DCC-CUSUM,148,1.7618980093162118,309,1,0.2061212821410497
D1,0.5,KCCA-logdet,148,1.1287661897398615,516,0,1.3275922376613465
D1,0.5,CorrCUSUM,149,3.3387359689655627,310,1,1.240730012000982
D1,0.5,DCC-CUSUM,149,2.6464939327696495,322,1,0.2061212821410497
D1,0.5,KCCA-logdet,149,2.231243684039699,358,1,1.3275922376613465
D1,0.5,CorrCUSUM,150,3.514340372971409,334,1,1.240730012000982
D1,0.5,DCC-CUSUM,150,2.4862324349657654,339,1,0.2061212821410497
D1,0.5,KCCA-logdet,150,2.302281887523434,409,1,1.3275922376613465
D1,0.5,CorrCUSUM,151,3.3966316514883164,277,1,1.240730012000982
D1,0.5,DCC-CUSUM,151,2.2814214052203643,315,1,0.2061212821410497
D1,0.5,KCCA-logdet,151,1.9276478349777737,303,1,1.3275922376613465
D1,0.5,CorrCUSUM,152,3.6636414473212517,353,1,1.240730012000982
D1,0.5,DCC-CUSUM,152,2.6861196711701214,325,1,0.2061212821410497
D1,0.5,KCCA-logdet,152,4.466796836552849,472,1,1.3275922376613465
D1,0.5,CorrCUSUM,153,3.3230998546900183,312,1,1.240730012000982
D1,0.5,DCC-CUSUM,153,1.8014619160672294,327,1,0.2061212821410497
D1,0.5,KCCA-logdet,153,2.063926266732543,466,1,1.3275922376613465
D1,0.5,CorrCUSUM,154,2.566979321612743,318,1,1.240730012000982
D1,0.5,DCC-CUSUM,154,1.75378636485055,324,1,0.2061212821410497
D1,0.5,KCCA-logdet,154,2.288903915461466,540,1,1.3275922376613465
D1,0.5,CorrCUSUM,155,2.555618721071106,300,1,1.240730012000982
D1,0.5,DCC-CUSUM,155,1.6809255297109704,308,1,0.2061212821410497
D1,0.5,KCCA-logdet,155,1.854332864432702,525,1,1.3275922376613465
D1,0.5,CorrCUSUM,156,3.1495656602209916,307,1,1.240730012000982
D1,0.5,DCC-CUSUM,156,2.543152168233651,316,1,0.2061212821410497
D1,0.5,KCCA-logdet,156,2.2572372644395964,348,1,1.3275922376613465
D1,0.5,CorrCUSUM,157,2.221741766344781,304,1,1.240730012000982
D1,0.5,DCC-CUSUM,157,1.129455399071818,324,1,0.2061212821410497
D1,0.5,KCCA-logdet,157,1.0140719219687606,485,0,1.3275922376613465
D1,0.5,CorrCUSUM,158,4.017300308791403,302,1,1.240730012000982
D1,0.5,DCC-CUSUM,158,2.7028460064340645,330,1,0.2061212821410497
D1,0.5,KCCA-logdet,158,2.625518721740547,376,1,1.3275922376613465
D1,0.5,CorrCUSUM,159,3.7120175040753427,300,1,1.240730012000982
D1,0.5,DCC-CUSUM,159,2.5710047694385336,328,1,0.2061212821410497
D1,0.5,KCCA-logdet,159,2.3725540568756123,343,1,1.3275922376613465
D1,0.5,CorrCUSUM,160,3.2276348738465943,286,1,1.240730012000982
D1,0.5,DCC-CUSUM,160,1.9670207631167491,315,1,0.2061212821410497
D1,0.5,KCCA-logdet,160,2.281363995778097,434,1,1.3275922376613465
D1,0.5,CorrCUSUM,161,3.01746794839155,300,1,1.240730012000982
D1,0.5,DCC-CUSUM,161,2.035530549202804,321,1,0.2061212821410497
D1,0.5,KCCA-logdet,161,2.210988561683917,540,1,1.3275922376613465
D1,0.5,CorrCUSUM,162,3.343816076282878,310,1,1.240730012000982
D1,0.5,DCC-CUSUM,162,2.4057307293170482,331,1,0.2061212821410497
D1,0.5,KCCA-logdet,162,1.8448707649100782,505,1,1.3275922376613465
D1,0.5,CorrCUSUM,163,3.049383131870684,305,1,1.240730012000982
D1,0.5,DCC-CUSUM,163,2.06580027604613,318,1,0.2061212821410497
D1,0.5,KCCA-logdet,163,2.0401732806156607,305,1,1.3275922376613465
D1,0.5,CorrCUSUM,164,2.7112145432756787,302,1,1.240730012000982
D1,0.5,DCC-CUSUM,164,2.0238209222385484,347,1,0.2061212821410497
D1,0.5,KCCA-logdet,164,1.8212827010832493,381,1,1.3275922376613465
D1,0.5,CorrCUSUM,165,3.0493116493252304,295,1,1.240730012000982
D1,0.5,DCC-CUSUM,165,2.224432596302088,305,1,0.2061212821410497
D1,0.5,KCCA-logdet,165,1.3629872332138886,294,1,1.3275922376613465
D1,0.5,CorrCUSUM,166,2.8648984696476423,343,1,1.240730012000982
D1,0.5,DCC-CUSUM,166,1.891608851826324,347,1,0.2061212821410497
D1,0.5,KCCA-logdet,166,2.087457399607561,396,1,1.3275922376613465
D1,0.5,CorrCUSUM,167,3.284454246232432,290,1,1.240730012000982
D1,0.5,DCC-CUSUM,167,2.245538504666254,340,1,0.2061212821410497
D1,0.5,KCCA-logdet,167,2.090755509570017,385,1,1.3275922376613465
D1,0.5,CorrCUSUM,168,3.0701272084855185,300,1,1.240730012000982
D1,0.5,DCC-CUSUM,168,2.144766400993775,323,1,0.2061212821410497
D1,0.5,KCCA-logdet,168,1.5918470400621703,350,1,1.3275922376613465
D1,0.5,CorrCUSUM,169,2.5139003107661786,301,1,1.240730012000982
D1,0.5,DCC-CUSUM,169,1.5419013847653913,302,1,0.2061212821410497
D1,0.5,KCCA-logdet,169,1.3027873751635495,284,0,1.3275922376613465
D1,0.5,CorrCUSUM,170,3.243949164504003,328,1,1.240730012000982
D1,0.5,DCC-CUSUM,170,2.3069350937800848,340,1,0.2061212821410497
D1,0.5,KCCA-logdet,170,2.129760428700817,535,1,1.3275922376613465
D1,0.5,CorrCUSUM,171,3.67445142275768,300,1,1.240730012000982
D1,0.5,DCC-CUSUM,171,2.7772537314557733,318,1,0.2061212821410497
D1,0.5,KCCA-logdet,171,2.5154852555855802,454,1,1.3275922376613465
D1,0.5,CorrCUSUM,172,3.633981851210096,341,1,1.240730012000982
D1,0.5,DCC-CUSUM,172,2.376950460847147,345,1,0.2061212821410497
D1,0.5,KCCA-logdet,172,2.3512288812886433,387,1,1.3275922376613465
D1,0.5,CorrCUSUM,173,2.9196930544115185,344,1,1.240730012000982
D1,0.5,DCC-CUSUM,173,1.5839516296388398,363,1,0.2061212821410497
D1,0.5,KCCA-logdet,173,1.7427851082673136,456,1,1.3275922376613465
D1,0.5,CorrCUSUM,174,2.32540629929754,306,1,1.240730012000982
D1,0.5,DCC-CUSUM,174,1.545430469707303,337,1,0.2061212821410497
D1,0.5,KCCA-logdet,174,2.0358049883296263,536,1,1.3275922376613465
D1,0.5,CorrCUSUM,175,2.374682324035006,276,1,1.240730012000982
D1,0.5,DCC-CUSUM,175,1.5471787930614211,337,1,0.2061212821410497
D1,0.5,KCCA-logdet,175,1.801420011869776,327,1,1.3275922376613465
D1,0.5,CorrCUSUM,176,3.350879578367962,294,1,1.240730012000982
D1,0.5,DCC-CUSUM,176,2.438933565127011,333,1,0.2061212821410497
D1,0.5,KCCA-logdet,176,1.2485883216179072,328,0,1.3275922376613465
D1,0.5,CorrCUSUM,177,2.948089493260414,294,1,1.240730012000982
D1,0.5,DCC-CUSUM,177,2.0053086967628837,313,1,0.2061212821410497
D1,0.5,KCCA-logdet,177,1.8289032160188645,307,1,1.3275922376613465
D1,0.5,CorrCUSUM,178,3.875877010205606,297,1,1.240730012000982
D1,0.5,DCC-CUSUM,178,2.7148546004161482,317,1,0.2061212821410497
D1,0.5,KCCA-logdet,178,2.0402957161350557,490,1,1.3275922376613465
D1,0.5,CorrCUSUM,179,3.222967622437578,322,1,1.240730012000982
D1,0.5,DCC-CUSUM,179,2.156291357989341,347,1,0.2061212821410497
D1,0.5,KCCA-logdet,179,2.0406959416741195,454,1,1.3275922376613465
D1,0.5,CorrCUSUM,180,3.472278360162209,298,1,1.240730012000982
D1,0.5,DCC-CUSUM,180,2.8533004962591813,306,1,0.2061212821410497
D1,0.5,KCCA-logdet,180,2.138876539109885,368,1,1.3275922376613465
D1,0.5,CorrCUSUM,181,2.853841401847184,304,1,1.240730012000982
D1,0.5,DCC-CUSUM,181,2.1610392252187625,317,1,0.2061212821410497
D1,0.5,KCCA-logdet,181,2.1186303263069357,434,1,1.3275922376613465
D1,0.5,CorrCUSUM,182,2.954864179322708,292,1,1.240730012000982
D1,0.5,DCC-CUSUM,182,1.5402983126586993,314,1,0.2061212821410497
D1,0.5,KCCA-logdet,182,2.3068161428263894,537,1,1.3275922376613465
D1,0.5,CorrCUSUM,183,3.522114501536773,314,1,1.240730012000982
D1,0.5,DCC-CUSUM,183,2.7828413452733765,319,1,0.2061212821410497
D1,0.5,KCCA-logdet,183,1.6427616999722559,363,1,1.3275922376613465
D1,0.5,CorrCUSUM,184,3.454997431197575,342,1,1.240730012000982
D1,0.5,DCC-CUSUM,184,2.6562837060887072,350,1,0.2061212821410497
D1,0.5,KCCA-logdet,184,2.877079871147313,497,1,1.3275922376613465
D1,0.5,CorrCUSUM,185,2.5121466270156807,304,1,1.240730012000982
D1,0.5,DCC-CUSUM,185,1.749036578474263,318,1,0.2061212821410497
D1,0.5,KCCA-logdet,185,1.9368685946667517,492,1,1.3275922376613465
D1,0.5,CorrCUSUM,186,2.531997001465231,299,1,1.240730012000982
D1,0.5,DCC-CUSUM,186,1.0144760197122213,315,1,0.2061212821410497
D1,0.5,KCCA-logdet,186,1.2052763541795553,299,0,1.3275922376613465
D1,0.5,CorrCUSUM,187,3.3303601517553294,317,1,1.240730012000982
D1,0.5,DCC-CUSUM,187,2.2715465149014458,327,1,0.2061212821410497
D1,0.5,KCCA-logdet,187,1.939728355366705,537,1,1.3275922376613465
D1,0.5,CorrCUSUM,188,2.993459438039886,315,1,1.240730012000982
D1,0.5,DCC-CUSUM,188,1.7413477131511819,326,1,0.2061212821410497
D1,0.5,KCCA-logdet,188,1.3847790505939659,384,1,1.3275922376613465
D1,0.5,CorrCUSUM,189,3.315733431383929,289,1,1.240730012000982
D1,0.5,DCC-CUSUM,189,2.3773766532773672,312,1,0.2061212821410497
D1,0.5,KCCA-logdet,189,0.9799491986574947,308,0,1.3275922376613465
D1,0.5,CorrCUSUM,190,2.572575357276207,298,1,1.240730012000982
D1,0.5,DCC-CUSUM,190,1.4055333952252005,315,1,0.2061212821410497
D1,0.5,KCCA-logdet,190,1.1811177897454463,418,0,1.3275922376613465
D1,0.5,CorrCUSUM,191,3.2685881188274277,303,1,1.240730012000982
D1,0.5,DCC-CUSUM,191,1.6086092885753038,326,1,0.2061212821410497
D1,0.5,KCCA-logdet,191,1.5113946473331288,485,1,1.3275922376613465
D1,0.5,CorrCUSUM,192,3.28220492554833,294,1,1.240730012000982
D1,0.5,DCC-CUSUM,192,2.4031750652300237,322,1,0.2061212821410497
D1,0.5,KCCA-logdet,192,2.079253196190884,385,1,1.3275922376613465
D1,0.5,CorrCUSUM,193,3.111875322607054,310,1,1.240730012000982
D1,0.5,DCC-CUSUM,193,2.034339618032658,313,1,0.2061212821410497
D1,0.5,KCCA-logdet,193,2.360480624464649,308,1,1.3275922376613465
D1,0.5,CorrCUSUM,194,4.102957900643347,300,1,1.240730012000982
D1,0.5,DCC-CUSUM,194,2.9156317111806085,320,1,0.2061212821410497
D1,0.5,KCCA-logdet,194,2.0866761908935056,458,1,1.3275922376613465
D1,0.5,CorrCUSUM,195,3.3559448334572965,247,1,1.240730012000982
D1,0.5,DCC-CUSUM,195,2.502395230921444,315,1,0.2061212821410497
D1,0.5,KCCA-logdet,195,1.6379727709507796,310,1,1.3275922376613465
D1,0.5,CorrCUSUM,196,3.737066520417469,301,1,1.240730012000982
D1,0.5,DCC-CUSUM,196,2.5190939599164106,315,1,0.2061212821410497
D1,0.5,KCCA-logdet,196,1.7881884979254992,475,1,1.3275922376613465
D1,0.5,CorrCUSUM,197,2.6896314309991833,300,1,1.240730012000982
D1,0.5,DCC-CUSUM,197,1.2595339993666879,308,1,0.2061212821410497
D1,0.5,KCCA-logdet,197,1.5537021891388,518,1,1.3275922376613465
D1,0.5,CorrCUSUM,198,3.191703089928455,277,1,1.240730012000982
D1,0.5,DCC-CUSUM,198,2.303842494797409,354,1,0.2061212821410497
D1,0.5,KCCA-logdet,198,1.777313796174263,402,1,1.3275922376613465
D1,0.5,CorrCUSUM,199,3.04756637603469,312,1,1.240730012000982
D1,0.5,DCC-CUSUM,199,2.35579208276361,321,1,0.2061212821410497
D1,0.5,KCCA-logdet,199,2.179163942589224,317,1,1.3275922376613465
D2,0.5,CorrCUSUM,0,1.1407177691827122,376,0,1.3400708231651535
D2,0.5,DCC-CUSUM,0,0.1566700793852374,412,0,0.19954283167520703
D2,0.5,KCCA-logdet,0,0.688411798793757,537,0,1.1970357199272255
D2,0.5,CorrCUSUM,1,0.8605120673488446,96,0,1.3400708231651535
D2,0.5,DCC-CUSUM,1,0.04114618622277218,60,0,0.19954283167520703
D2,0.5,KCCA-logdet,1,0.9704280432838731,538,0,1.1970357199272255
D2,0.5,CorrCUSUM,2,1.3250875342099244,418,0,1.3400708231651535
D2,0.5,DCC-CUSUM,2,0.2565236315238926,421,1,0.19954283167520703
D2,0.5,KCCA-logdet,2,0.8055942128997621,96,0,1.1970357199272255
D2,0.5,CorrCUSUM,3,0.8199240716239089,447,0,1.3400708231651535
D2,0.5,DCC-CUSUM,3,0.04427321299105152,448,0,0.19954283167520703
D2,0.5,KCCA-logdet,3,0.9947003461414891,526,0,1.1970357199272255
D2,0.5,CorrCUSUM,4,0.6548055167051338,535,0,1.3400708231651535
D2,0.5,DCC-CUSUM,4,0.010968255545891335,540,0,0.19954283167520703
D2,0.5,KCCA-logdet,4,0.6938002028394451,539,0,1.1970357199272255
D2,0.5,CorrCUSUM,5,0.8267595177316557,525,0,1.3400708231651535
D2,0.5,DCC-CUSUM,5,0.003882118524324975,526,0,0.19954283167520703
D2,0.5,KCCA-logdet,5,1.0553455970094567,537,0,1.1970357199272255
D2,0.5,CorrCUSUM,6,1.7196669798273558,282,1,1.3400708231651535
D2,0.5,DCC-CUSUM,6,0.10485065789436404,282,0,0.19954283167520703
D2,0.5,KCCA-logdet,6,1.1895941789444282,62,0,1.1970357199272255
D2,0.5,CorrCUSUM,7,0.8570458411562565,283,0,1.3400708231651535
D2,0.5,DCC-CUSUM,7,0.029347387427984626,295,0,0.19954283167520703
D2,0.5,KCCA-logdet,7,0.6088170263381002,492,0,1.1970357199272255
D2,0.5,CorrCUSUM,8,0.49316620183293103,500,0,1.3400708231651535
D2,0.5,DCC-CUSUM,8,3.059414899898666e-16,540,0,0.19954283167520703
D2,0.5,KCCA-logdet,8,0.603035478413688,61,0,1.1970357199272255
D2,0.5,CorrCUSUM,9,0.9834164537141533,496,0,1.3400708231651535
D2,0.5,DCC-CUSUM,9,0.08499281548806273,223,0,0.19954283167520703
D2,0.5,KCCA-logdet,9,0.8331979898454581,540,0,1.1970357199272255
D2,0.5,CorrCUSUM,10,0.5136127439162192,452,0,1.3400708231651535
D2,0.5,DCC-CUSUM,10,0.016226239767086512,453,0,0.19954283167520703
D2,0.5,KCCA-logdet,10,0.7907228183014339,493,0,1.1970357199272255
D2,0.5,CorrCUSUM,11,1.693954759176399,291,1,1.3400708231651535
D2,0.5,DCC-CUSUM,11,0.061234446380382807,292,0,0.19954283167520703
D2,0.5,KCCA-logdet,11,0.8197504056542086,538,0,1.1970357199272255
D2,0.5,CorrCUSUM,12,0.713747874289232,426,0,1.3400708231651535
D2,0.5,DCC-CUSUM,12,7.793717817913153e-17,178,0,0.19954283167520703
D2,0.5,KCCA-logdet,12,0.8139387903122471,538,0,1.1970357199272255
D2,0.5,CorrCUSUM,13,0.6201015263410388,303,0,1.3400708231651535
D2,0.5,DCC-CUSUM,13,8.54440758501792e-17,62,0,0.19954283167520703
D2,0.5,KCCA-logdet,13,0.9237195141018059,537,0,1.1970357199272255
D2,0.5,CorrCUSUM,14,1.3009616838348643,407,0,1.3400708231651535
D2,0.5,DCC-CUSUM,14,1.3413268102796468e-16,408,0,0.19954283167520703
D2,0.5,KCCA-logdet,14,0.7384289278660704,517,0,1.1970357199272255
D2,0.5,CorrCUSUM,15,0.681647488966175,540,0,1.3400708231651535
D2,0.5,DCC-CUSUM,15,0.03917301124158402,346,0,0.19954283167520703
D2,0.5,KCCA-logdet,15,0.9141710973391273,540,0,1.1970357199272255
D2,0.5,CorrCUSUM,16,1.3227918339844986,257,0,1.3400708231651535
D2,0.5,DCC-CUSUM,16,0.22326052420187759,265,1,0.19954283167520703
D2,0.5,KCCA-logdet,16,1.2935275858547166,60,1,1.1970357199272255
D2,0.5,CorrCUSUM,17,1.1749360699909261,373,0,1.3400708231651535
D2,0.5,DCC-CUSUM,17,0.1285501414055216,280,0,0.19954283167520703
D2,0.5,KCCA-logdet,17,0.7554447281618705,62,0,1.1970357199272255
D2,0.5,CorrCUSUM,18,0.7595273748341527,482,0,1.3400708231651535
D2,0.5,DCC-CUSUM,18,0.05498724180968633,497,0,0.19954283167520703
D2,0.5,KCCA-logdet,18,1.223604769341681,540,1,1.1970357199272255
D2,0.5,CorrCUSUM,19,0.8535536883178314,118,0,1.3400708231651535
D2,0.5,DCC-CUSUM,19,0.08093099523002546,119,0,0.19954283167520703
D2,0.5,KCCA-logdet,19,1.1215039539130538,513,0,1.1970357199272255
D2,0.5,CorrCUSUM,20,0.9081680698655094,132,0,1.3400708231651535
D2,0.5,DCC-CUSUM,20,9.291556362655209e-17,133,0,0.19954283167520703
D2,0.5,KCCA-logdet,20,0.9324253094986856,492,0,1.1970357199272255
D2,0.5,CorrCUSUM,21,0.9930557205913078,377,0,1.3400708231651535
D2,0.5,DCC-CUSUM,21,0.056439228594293525,391,0,0.19954283167520703
D2,0.5,KCCA-logdet,21,0.5422602348403716,62,0,1.1970357199272255
D2,0.5,CorrCUSUM,22,0.9380017388667434,266,0,1.3400708231651535
D2,0.5,DCC-CUSUM,22,0.034901073690995044,267,0,0.19954283167520703
D2,0.5,KCCA-logdet,22,0.48841987527553304,527,0,1.1970357199272255
D2,0.5,CorrCUSUM,23,0.7411635037213979,348,0,1.3400708231651535
D2,0.5,DCC-CUSUM,23,0.0365029699521985,349,0,0.19954283167520703
D2,0.5,KCCA-logdet,23,0.6430539408190118,95,0,1.1970357199272255
D2,0.5,CorrCUSUM,24,1.194257403942822,284,0,1.3400708231651535
D2,0.5,DCC-CUSUM,24,0.13312844620175388,274,0,0.19954283167520703
D2,0.5,KCCA-logdet,24,1.2962309163327335,535,1,1.1970357199272255
D2,0.5,CorrCUSUM,25,0.8224966298801608,535,0,1.3400708231651535
D2,0.5,DCC-CUSUM,25,0.07422322368906252,537,0,0.19954283167520703
D2,0.5,KCCA-logdet,25,0.607303770944971,538,0,1.1970357199272255
D2,0.5,CorrCUSUM,26,1.1564536885377057,249,0,1.3400708231651535
D2,0.5,DCC-CUSUM,26,0.032521141233916265,250,0,0.19954283167520703
D2,0.5,KCCA-logdet,26,1.4588448334597712,540,1,1.1970357199272255
D2,0.5,CorrCUSUM,27,0.6169925512234457,386,0,1.3400708231651535
D2,0.5,DCC-CUSUM,27,0.010062374455329802,145,0,0.19954283167520703
D2,0.5,KCCA-logdet,27,0.8599247498029593,539,0,1.1970357199272255
D2,0.5,CorrCUSUM,28,0.6319950815310834,477,0,1.3400708231651535
D2,0.5,DCC-CUSUM,28,2.1699183456688688e-16,478,0,0.19954283167520703
D2,0.5,KCCA-logdet,28,1.007299149872113,64,0,1.1970357199272255
D2,0.5,CorrCUSUM,29,0.6783547552457215,291,0,1.3400708231651535
D2,0.5,DCC-CUSUM,29,0.028405940836991415,298,0,0.19954283167520703
D2,0.5,KCCA-logdet,29,0.5472576451110851,539,0,1.1970357199272255
D2,0.5,CorrCUSUM,30,1.61652527508116,491,1,1.3400708231651535
D2,0.5,DCC-CUSUM,30,0.14875821500186967,492,0,0.19954283167520703
D2,0.5,KCCA-logdet,30,1.049150689871376,514,0,1.1970357199272255
D2,0.5,CorrCUSUM,31,0.9945039751617817,468,0,1.3400708231651535
D2,0.5,DCC-CUSUM,31,0.14982573420633585,471,0,0.19954283167520703
D2,0.5,KCCA-logdet,31,0.43777352752116483,526,0,1.1970357199272255
D2,0.5,CorrCUSUM,32,1.0263136488210776,308,0,1.3400708231651535
D2,0.5,DCC-CUSUM,32,1.3753203091674097e-16,309,0,0.19954283167520703
D2,0.5,KCCA-logdet,32,0.560572985906347,531,0,1.1970357199272255
D2,0.5,CorrCUSUM,33,1.6179052769039066,267,1,1.3400708231651535
D2,0.5,DCC-CUSUM,33,0.0839813849905655,287,0,0.19954283167520703
D2,0.5,KCCA-logdet,33,0.8352236382312095,60,0,1.1970357199272255
D2,0.5,CorrCUSUM,34,1.1878838924418091,353,0,1.3400708231651535
D2,0.5,DCC-CUSUM,34,0.12689028026132665,371,0,0.19954283167520703
D2,0.5,KCCA-logdet,34,0.7071435810337403,72,0,1.1970357199272255
D2,0.5,CorrCUSUM,35,1.030871293097459,334,0,1.3400708231651535
D2,0.5,DCC-CUSUM,35,0.10959971900040871,335,0,0.19954283167520703
D2,0.5,KCCA-logdet,35,1.2549729466567265,540,1,1.1970357199272255
D2,0.5,CorrCUSUM,36,0.7295666057750971,496,0,1.3400708231651535
D2,0.5,DCC-CUSUM,36,0.08552442202436579,502,0,0.19954283167520703
D2,0.5,KCCA-logdet,36,0.9997271947258388,514,0,1.1970357199272255
D2,0.5,CorrCUSUM,37,1.2255572624390307,198,0,1.3400708231651535
D2,0.5,DCC-CUSUM,37,0.04476413351616325,202,0,0.19954283167520703
D2,0.5,KCCA-logdet,37,0.9906614793677206,62,0,1.1970357199272255
D2,0.5,CorrCUSUM,38,0.6153319351897855,265,0,1.3400708231651535
D2,0.5,DCC-CUSUM,38,0.032832898419036124,266,0,0.19954283167520703
D2,0.5,KCCA-logdet,38,0.754457150899226,533,0,1.1970357199272255
D2,0.5,CorrCUSUM,39,0.8933026324082038,396,0,1.3400708231651535
D2,0.5,DCC-CUSUM,39,0.05630208723829402,406,0,0.19954283167520703
D2,0.5,KCCA-logdet,39,0.9306387167789824,505,0,1.1970357199272255
D2,0.5,CorrCUSUM,40,0.8508071855002378,502,0,1.3400708231651535
D2,0.5,DCC-CUSUM,40,1.135949421166079e-16,503,0,0.19954283167520703
D2,0.5,KCCA-logdet,40,0.49654859093145665,539,0,1.1970357199272255
D2,0.5,CorrCUSUM,41,1.302168443928655,435,0,1.3400708231651535
D2,0.5,DCC-CUSUM,41,0.020051952000102083,436,0,0.19954283167520703
D2,0.5,KCCA-logdet,41,0.5878219455889017,539,0,1.1970357199272255
D2,0.5,CorrCUSUM,42,0.6362312669238493,340,0,1.3400708231651535
D2,0.5,DCC-CUSUM,42,7.506897671047653e-17,529,0,0.19954283167520703
D2,0.5,KCCA-logdet,42,0.8356835173141975,530,0,1.1970357199272255
D2,0.5,CorrCUSUM,43,1.061859777269589,538,0,1.3400708231651535
D2,0.5,DCC-CUSUM,43,1.2499692820187839e-16,537,0,0.19954283167520703
D2,0.5,KCCA-logdet,43,1.1472557037614175,522,0,1.1970357199272255
D2,0.5,CorrCUSUM,44,1.0847618330483029,369,0,1.3400708231651535
D2,0.5,DCC-CUSUM,44,0.01425745206592983,370,0,0.19954283167520703
D2,0.5,KCCA-logdet,44,0.9608049923326376,539,0,1.1970357199272255
D2,0.5,CorrCUSUM,45,0.9752445232148433,487,0,1.3400708231651535
D2,0.5,DCC-CUSUM,45,0.0,60,0,0.19954283167520703
D2,0.5,KCCA-logdet,45,0.6852083061561742,60,0,1.1970357199272255
D2,0.5,CorrCUSUM,46,0.7009561145948854,120,0,1.3400708231651535
D2,0.5,DCC-CUSUM,46,0.10391336525088718,428,0,0.19954283167520703
D2,0.5,KCCA-logdet,46,0.8934195158980704,534,0,1.1970357199272255
D2,0.5,CorrCUSUM,47,0.535749954286394,341,0,1.3400708231651535
D2,0.5,DCC-CUSUM,47,0.0,60,0,0.19954283167520703
D2,0.5,KCCA-logdet,47,1.006926042144247,534,0,1.1970357199272255
D2,0.5,CorrCUSUM,48,1.2135153286732743,303,0,1.3400708231651535
D2,0.5,DCC-CUSUM,48,1.8129866073473578e-16,484,0,0.19954283167520703
D2,0.5,KCCA-logdet,48,0.8321252283704333,61,0,1.1970357199272255
D2,0.5,CorrCUSUM,49,0.5641287505542243,172,0,1.3400708231651535
D2,0.5,DCC-CUSUM,49,0.024701090192488662,534,0,0.19954283167520703
D2,0.5,KCCA-logdet,49,0.30056661075426955,75,0,1.1970357199272255
D2,0.5,CorrCUSUM,50,0.6538338716317157,177,0,1.3400708231651535
D2,0.5,DCC-CUSUM,50,0.015581442448445358,178,0,0.19954283167520703
D2,0.5,KCCA-logdet,50,0.6608200758048257,79,0,1.1970357199272255
D2,0.5,CorrCUSUM,51,0.6129029743820753,440,0,1.3400708231651535
D2,0.5,DCC-CUSUM,51,0.06450272382602057,135,0,0.19954283167520703
D2,0.5,KCCA-logdet,51,1.1049272381022044,63,0,1.1970357199272255
D2,0.5,CorrCUSUM,52,1.170150364702115,536,0,1.3400708231651535
D2,0.5,DCC-CUSUM,52,0.4625934068418347,402,1,0.19954283167520703
D2,0.5,KCCA-logdet,52,0.6057923439235366,65,0,1.1970357199272255
D2,0.5,CorrCUSUM,53,0.7930326256641909,336,0,1.3400708231651535
D2,0.5,DCC-CUSUM,53,0.052220745498984956,354,0,0.19954283167520703
D2,0.5,KCCA-logdet,53,1.2283692456228694,499,1,1.1970357199272255
D2,0.5,CorrCUSUM,54,0.4766388756891666,371,0,1.3400708231651535
D2,0.5,DCC-CUSUM,54,0.00917598149912409,82,0,0.19954283167520703
D2,0.5,KCCA-logdet,54,0.4794260613124534,535,0,1.1970357199272255
D2,0.5,CorrCUSUM,55,2.005254217253563,308,1,1.3400708231651535
D2,0.5,DCC-CUSUM,55,0.7004305507168364,316,1,0.19954283167520703
D2,0.5,KCCA-logdet,55,0.8109287739743728,62,0,1.1970357199272255
D2,0.5,CorrCUSUM,56,0.7282696514949086,378,0,1.3400708231651535
D2,0.5,DCC-CUSUM,56,1.011306591910948e-16,379,0,0.19954283167520703
D2,0.5,KCCA-logdet,56,0.7940148833055428,60,0,1.1970357199272255
D2,0.5,CorrCUSUM,57,0.7534094868582627,393,0,1.3400708231651535
D2,0.5,DCC-CUSUM,57,0.004170581776818696,393,0,0.19954283167520703
D2,0.5,KCCA-logdet,57,1.0195868087204627,540,0,1.1970357199272255
D2,0.5,CorrCUSUM,58,0.4969752788184033,160,0,1.3400708231651535
D2,0.5,DCC-CUSUM,58,0.0582316334714258,161,0,0.19954283167520703
D2,0.5,KCCA-logdet,58,1.1538796760591048,60,0,1.1970357199272255
D2,0.5,CorrCUSUM,59,0.8100279208547204,341,0,1.3400708231651535
D2,0.5,DCC-CUSUM,59,0.028162601047314814,342,0,0.19954283167520703
D2,0.5,KCCA-logdet,59,0.7316031052307226,60,0,1.1970357199272255
D2,0.5,CorrCUSUM,60,0.533607298489724,507,0,1.3400708231651535
D2,0.5,DCC-CUSUM,60,0.06547217610918912,482,0,0.19954283167520703
D2,0.5,KCCA-logdet,60,0.9127243106155473,536,0,1.1970357199272255
D2,0.5,CorrCUSUM,61,0.8119905965369295,358,0,1.3400708231651535
D2,0.5,DCC-CUSUM,61,0.06480033294155892,359,0,0.19954283167520703
D2,0.5,KCCA-logdet,61,0.49314742085519536,539,0,1.1970357199272255
D2,0.5,CorrCUSUM,62,0.6142371889800159,358,0,1.3400708231651535
D2,0.5,DCC-CUSUM,62,6.292338283703623e-17,359,0,0.19954283167520703
D2,0.5,KCCA-logdet,62,0.43759754303983706,534,0,1.1970357199272255
D2,0.5,CorrCUSUM,63,0.38433834644654935,453,0,1.3400708231651535
D2,0.5,DCC-CUSUM,63,7.46440579743795e-17,381,0,0.19954283167520703
D2,0.5,KCCA-logdet,63,0.8699007829213469,534,0,1.1970357199272255
D2,0.5,CorrCUSUM,64,0.8925591263972443,422,0,1.3400708231651535
D2,0.5,DCC-CUSUM,64,0.07965570646333082,429,0,0.19954283167520703
D2,0.5,KCCA-logdet,64,0.5872880883891224,99,0,1.1970357199272255
D2,0.5,CorrCUSUM,65,0.6062212717238342,62,0,1.3400708231651535
D2,0.5,DCC-CUSUM,65,7.705193081226271e-17,480,0,0.19954283167520703
D2,0.5,KCCA-logdet,65,0.9222920379075452,65,0,1.1970357199272255
D2,0.5,CorrCUSUM,66,1.1839780530102308,265,0,1.3400708231651535
D2,0.5,DCC-CUSUM,66,0.05361403366409871,266,0,0.19954283167520703
D2,0.5,KCCA-logdet,66,0.6466742192467827,540,0,1.1970357199272255
D2,0.5,CorrCUSUM,67,0.6693548629396637,247,0,1.3400708231651535
D2,0.5,DCC-CUSUM,67,0.012113037166658088,248,0,0.19954283167520703
D2,0.5,KCCA-logdet,67,0.7648421479400412,539,0,1.1970357199272255
D2,0.5,CorrCUSUM,68,0.7302623797102249,481,0,1.3400708231651535
D2,0.5,DCC-CUSUM,68,9.142834805021246e-17,482,0,0.19954283167520703
D2,0.5,KCCA-logdet,68,0.6067395675828274,72,0,1.1970357199272255
D2,0.5,CorrCUSUM,69,0.7856146052375562,235,0,1.3400708231651535
D2,0.5,DCC-CUSUM,69,8.016800154364098e-17,236,0,0.19954283167520703
D2,0.5,KCCA-logdet,69,0.6273445932139016,539,0,1.1970357199272255
D2,0.5,CorrCUSUM,70,1.3865308477124036,302,1,1.3400708231651535
D2,0.5,DCC-CUSUM,70,0.1569370334912524,308,0,0.19954283167520703
D2,0.5,KCCA-logdet,70,0.6916129839720006,485,0,1.1970357199272255
D2,0.5,CorrCUSUM,71,0.6438636230239128,259,0,1.3400708231651535
D2,0.5,DCC-CUSUM,71,3.8242686248733327e-17,540,0,0.19954283167520703
D2,0.5,KCCA-logdet,71,0.5112936102431451,491,0,1.1970357199272255
D2,0.5,CorrCUSUM,72,1.0603923091934968,492,0,1.3400708231651535
D2,0.5,DCC-CUSUM,72,1.1918970547521888e-16,493,0,0.19954283167520703
D2,0.5,KCCA-logdet,72,0.5336528564463717,77,0,1.1970357199272255
D2,0.5,CorrCUSUM,73,1.0242832647837867,199,0,1.3400708231651535
D2,0.5,DCC-CUSUM,73,1.9036359377147257e-16,520,0,0.19954283167520703
D2,0.5,KCCA-logdet,73,0.5328127989550585,538,0,1.1970357199272255
D2,0.5,CorrCUSUM,74,1.2798473414898441,324,0,1.3400708231651535
D2,0.5,DCC-CUSUM,74,0.2712281506002961,391,1,0.19954283167520703
D2,0.5,KCCA-logdet,74,0.9410063263952865,64,0,1.1970357199272255
D2,0.5,CorrCUSUM,75,0.8194359422871007,410,0,1.3400708231651535
D2,0.5,DCC-CUSUM,75,0.056768185536260535,411,0,0.19954283167520703
D2,0.5,KCCA-logdet,75,0.659063721659734,516,0,1.1970357199272255
D2,0.5,CorrCUSUM,76,0.9201959557500112,121,0,1.3400708231651535
D2,0.5,DCC-CUSUM,76,8.979949289517382e-17,122,0,0.19954283167520703
D2,0.5,KCCA-logdet,76,0.6749210940915021,63,0,1.1970357199272255
D2,0.5,CorrCUSUM,77,1.1323917648876867,286,0,1.3400708231651535
D2,0.5,DCC-CUSUM,77,0.21499680617777137,287,1,0.19954283167520703
D2,0.5,KCCA-logdet,77,0.5930877127097857,88,0,1.1970357199272255
D2,0.5,CorrCUSUM,78,0.6181497977821359,396,0,1.3400708231651535
D2,0.5,DCC-CUSUM,78,0.0025284904050365624,396,0,0.19954283167520703
D2,0.5,KCCA-logdet,78,0.6819336294254055,60,0,1.1970357199272255
D2,0.5,CorrCUSUM,79,1.4373965833183366,394,1,1.3400708231651535
D2,0.5,DCC-CUSUM,79,2.308725132793901e-16,395,0,0.19954283167520703
D2,0.5,KCCA-logdet,79,0.4690638326285168,60,0,1.1970357199272255
D2,0.5,CorrCUSUM,80,1.375226640599972,193,1,1.3400708231651535
D2,0.5,DCC-CUSUM,80,1.5098779089314715e-16,194,0,0.19954283167520703
D2,0.5,KCCA-logdet,80,0.7880456828038036,60,0,1.1970357199272255
D2,0.5,CorrCUSUM,81,0.6670276747388115,167,0,1.3400708231651535
D2,0.5,DCC-CUSUM,81,1.7619963590157133e-16,531,0,0.19954283167520703
D2,0.5,KCCA-logdet,81,0.48047936857813944,539,0,1.1970357199272255
D2,0.5,CorrCUSUM,82,1.16622792443349,138,0,1.3400708231651535
D2,0.5,DCC-CUSUM,82,0.1705614597361952,145,0,0.19954283167520703
D2,0.5,KCCA-logdet,82,0.6416225624736662,64,0,1.1970357199272255
D2,0.5,CorrCUSUM,83,0.8738953977835416,331,0,1.3400708231651535
D2,0.5,DCC-CUSUM,83,0.054916924727250994,331,0,0.19954283167520703
D2,0.5,KCCA-logdet,83,0.7364361905183394,534,0,1.1970357199272255
D2,0.5,CorrCUSUM,84,0.7682429685006765,312,0,1.3400708231651535
D2,0.5,DCC-CUSUM,84,8.080537964778653e-17,313,0,0.19954283167520703
D2,0.5,KCCA-logdet,84,0.9594208128206138,62,0,1.1970357199272255
D2,0.5,CorrCUSUM,85,0.6979242143867331,445,0,1.3400708231651535
D2,0.5,DCC-CUSUM,85,0.00415878522257456,446,0,0.19954283167520703
D2,0.5,KCCA-logdet,85,1.2090030343296072,527,1,1.1970357199272255
D2,0.5,CorrCUSUM,86,0.6079308752522206,315,0,1.3400708231651535
D2,0.5,DCC-CUSUM,86,0.0465847949536724,454,0,0.19954283167520703
D2,0.5,KCCA-logdet,86,0.8607129147237531,539,0,1.1970357199272255
D2,0.5,CorrCUSUM,87,0.7014650974792167,237,0,1.3400708231651535
D2,0.5,DCC-CUSUM,87,7.336930176608838e-17,454,0,0.19954283167520703
D2,0.5,KCCA-logdet,87,0.6249439932992237,531,0,1.1970357199272255
D2,0.5,CorrCUSUM,88,0.7891639708633377,404,0,1.3400708231651535
D2,0.5,DCC-CUSUM,88,0.17462523795359386,308,0,0.19954283167520703
D2,0.5,KCCA-logdet,88,0.916631869602929,539,0,1.1970357199272255
D2,0.5,CorrCUSUM,89,0.8192755121034261,172,0,1.3400708231651535
D2,0.5,DCC-CUSUM,89,0.13360922550844637,180,0,0.19954283167520703
D2,0.5,KCCA-logdet,89,0.8203127142312456,63,0,1.1970357199272255
D2,0.5,CorrCUSUM,90,1.2630924392479332,150,0,1.3400708231651535
D2,0.5,DCC-CUSUM,90,0.2169176274812555,162,1,0.19954283167520703
D2,0.5,KCCA-logdet,90,1.3481039473209147,540,1,1.1970357199272255
D2,0.5,CorrCUSUM,91,0.7959940539561077,117,0,1.3400708231651535
D2,0.5,DCC-CUSUM,91,0.04200886707508216,128,0,0.19954283167520703
D2,0.5,KCCA-logdet,91,0.46135535530620764,60,0,1.1970357199272255
D2,0.5,CorrCUSUM,92,0.6687534028493691,66,0,1.3400708231651535
D2,0.5,DCC-CUSUM,92,2.518351709268439e-16,501,0,0.19954283167520703
D2,0.5,KCCA-logdet,92,0.8648080346187057,61,0,1.1970357199272255
D2,0.5,CorrCUSUM,93,1.1162064377605423,393,0,1.3400708231651535
D2,0.5,DCC-CUSUM,93,9.688147183012443e-17,393,0,0.19954283167520703
D2,0.5,KCCA-logdet,93,0.5253291901580205,61,0,1.1970357199272255
D2,0.5,CorrCUSUM,94,0.5467667971230037,297,0,1.3400708231651535
D2,0.5,DCC-CUSUM,94,0.015340232382762371,298,0,0.19954283167520703
D2,0.5,KCCA-logdet,94,0.8570591727446841,524,0,1.1970357199272255
D2,0.5,CorrCUSUM,95,1.6484108703532339,399,1,1.3400708231651535
D2,0.5,DCC-CUSUM,95,0.38582033156189477,406,1,0.19954283167520703
D2,0.5,KCCA-logdet,95,0.49204281773215414,450,0,1.1970357199272255
D2,0.5,CorrCUSUM,96,0.917916739482797,348,0,1.3400708231651535
D2,0.5,DCC-CUSUM,96,0.05942589896318254,122,0,0.19954283167520703
D2,0.5,KCCA-logdet,96,0.8400400799013342,500,0,1.1970357199272255
D2,0.5,CorrCUSUM,97,0.6037098458778621,495,0,1.3400708231651535
D2,0.5,DCC-CUSUM,97,2.0169476006739356e-16,540,0,0.19954283167520703
D2,0.5,KCCA-logdet,97,0.5347090655190284,495,0,1.1970357199272255
D2,0.5,CorrCUSUM,98,0.8497465149343565,415,0,1.3400708231651535
D2,0.5,DCC-CUSUM,98,9.203916873335196e-17,416,0,0.19954283167520703
D2,0.5,KCCA-logdet,98,0.8246514253533269,61,0,1.1970357199272255
D2,0.5,CorrCUSUM,99,0.7277421199686346,460,0,1.3400708231651535
D2,0.5,DCC-CUSUM,99,1.7874914831815356e-16,479,0,0.19954283167520703
D2,0.5,KCCA-logdet,99,0.8603623740319658,534,0,1.1970357199272255
D2,0.5,CorrCUSUM,100,1.2210283409853167,336,0,1.3400708231651535
D2,0.5,DCC-CUSUM,100,1.1529461706099602e-16,540,0,0.19954283167520703
D2,0.5,KCCA-logdet,100,0.9417141544233021,489,0,1.1970357199272255
D2,0.5,CorrCUSUM,101,0.8673116888106777,468,0,1.3400708231651535
D2,0.5,DCC-CUSUM,101,0.0862592884121842,471,0,0.19954283167520703
D2,0.5,KCCA-logdet,101,0.9383637341418409,61,0,1.1970357199272255
D2,0.5,CorrCUSUM,102,0.8663845587395342,464,0,1.3400708231651535
D2,0.5,DCC-CUSUM,102,0.008141197815256865,243,0,0.19954283167520703
D2,0.5,KCCA-logdet,102,0.9214533533321589,60,0,1.1970357199272255
D2,0.5,CorrCUSUM,103,1.299416902772371,440,0,1.3400708231651535
D2,0.5,DCC-CUSUM,103,0.21781691421730445,463,1,0.19954283167520703
D2,0.5,KCCA-logdet,103,0.6976552909153112,62,0,1.1970357199272255
D2,0.5,CorrCUSUM,104,0.805847473265895,258,0,1.3400708231651535
D2,0.5,DCC-CUSUM,104,7.336930176608838e-17,200,0,0.19954283167520703
D2,0.5,KCCA-logdet,104,0.6850499936591388,523,0,1.1970357199272255
D2,0.5,CorrCUSUM,105,1.0246256088754027,274,0,1.3400708231651535
D2,0.5,DCC-CUSUM,105,0.2606713298428245,306,1,0.19954283167520703
D2,0.5,KCCA-logdet,105,0.3858069121429765,535,0,1.1970357199272255
D2,0.5,CorrCUSUM,106,0.5280271899998841,536,0,1.3400708231651535
D2,0.5,DCC-CUSUM,106,5.4991566429891535e-17,537,0,0.19954283167520703
D2,0.5,KCCA-logdet,106,0.8097081536984172,70,0,1.1970357199272255
D2,0.5,CorrCUSUM,107,1.1224030763128816,422,0,1.3400708231651535
D2,0.5,DCC-CUSUM,107,0.0328067103515094,444,0,0.19954283167520703
D2,0.5,KCCA-logdet,107,1.0598998388482346,60,0,1.1970357199272255
D2,0.5,CorrCUSUM,108,1.6156622292245857,421,1,1.3400708231651535
D2,0.5,DCC-CUSUM,108,1.2407627094033481e-16,422,0,0.19954283167520703
D2,0.5,KCCA-logdet,108,0.9080844386123126,538,0,1.1970357199272255
D2,0.5,CorrCUSUM,109,0.7264134625621229,180,0,1.3400708231651535
D2,0.5,DCC-CUSUM,109,1.0198049666328888e-16,181,0,0.19954283167520703
D2,0.5,KCCA-logdet,109,0.4124064281210464,88,0,1.1970357199272255
D2,0.5,CorrCUSUM,110,1.45279319079437,270,1,1.3400708231651535
D2,0.5,DCC-CUSUM,110,0.04339062180961777,200,0,0.19954283167520703
D2,0.5,KCCA-logdet,110,0.9202170875446023,72,0,1.1970357199272255
D2,0.5,CorrCUSUM,111,1.0153442299314197,520,0,1.3400708231651535
D2,0.5,DCC-CUSUM,111,0.08036665713306754,538,0,0.19954283167520703
D2,0.5,KCCA-logdet,111,1.091170319157099,539,0,1.1970357199272255
D2,0.5,CorrCUSUM,112,1.1297948951232548,265,0,1.3400708231651535
D2,0.5,DCC-CUSUM,112,0.0385202865559963,266,0,0.19954283167520703
D2,0.5,KCCA-logdet,112,0.4889672271167745,509,0,1.1970357199272255
D2,0.5,CorrCUSUM,113,1.2051210210202892,445,0,1.3400708231651535
D2,0.5,DCC-CUSUM,113,1.022637758206869e-16,445,0,0.19954283167520703
D2,0.5,KCCA-logdet,113,0.6819094126482721,526,0,1.1970357199272255
D2,0.5,CorrCUSUM,114,0.8235237699747309,539,0,1.3400708231651535
D2,0.5,DCC-CUSUM,114,0.1137331254538467,540,0,0.19954283167520703
D2,0.5,KCCA-logdet,114,0.9026386896209163,526,0,1.1970357199272255
D2,0.5,CorrCUSUM,115,1.6248200729205933,310,1,1.3400708231651535
D2,0.5,DCC-CUSUM,115,0.23772560451532287,311,1,0.19954283167520703
D2,0.5,KCCA-logdet,115,0.6442255050077116,507,0,1.1970357199272255
D2,0.5,CorrCUSUM,116,1.0311525286653054,349,0,1.3400708231651535
D2,0.5,DCC-CUSUM,116,1.3767367049543998e-16,350,0,0.19954283167520703
D2,0.5,KCCA-logdet,116,0.5738466366813786,498,0,1.1970357199272255
D2,0.5,CorrCUSUM,117,1.1952740936508433,237,0,1.3400708231651535
D2,0.5,DCC-CUSUM,117,3.55798621691919e-16,510,0,0.19954283167520703
D2,0.5,KCCA-logdet,117,0.6763544301364436,536,0,1.1970357199272255
D2,0.5,CorrCUSUM,118,1.1960786860226913,143,0,1.3400708231651535
D2,0.5,DCC-CUSUM,118,0.05070947541621387,144,0,0.19954283167520703
D2,0.5,KCCA-logdet,118,0.5686118137316668,65,0,1.1970357199272255
D2,0.5,CorrCUSUM,119,0.7504574400326544,171,0,1.3400708231651535
D2,0.5,DCC-CUSUM,119,9.064933036736789e-17,166,0,0.19954283167520703
D2,0.5,KCCA-logdet,119,1.0622228283240087,540,0,1.1970357199272255
D2,0.5,CorrCUSUM,120,0.8766426848807508,336,0,1.3400708231651535
D2,0.5,DCC-CUSUM,120,0.04748758861844994,340,0,0.19954283167520703
D2,0.5,KCCA-logdet,120,0.7471883850765055,495,0,1.1970357199272255
D2,0.5,CorrCUSUM,121,0.9153365604090709,82,0,1.3400708231651535
D2,0.5,DCC-CUSUM,121,1.0240541539938591e-16,410,0,0.19954283167520703
D2,0.5,KCCA-logdet,121,0.9313443257102925,522,0,1.1970357199272255
D2,0.5,CorrCUSUM,122,1.3015827425742184,383,0,1.3400708231651535
D2,0.5,DCC-CUSUM,122,0.2792097577875535,393,1,0.19954283167520703
D2,0.5,KCCA-logdet,122,0.7642759981767783,494,0,1.1970357199272255
D2,0.5,CorrCUSUM,123,1.0904846571878444,327,0,1.3400708231651535
D2,0.5,DCC-CUSUM,123,0.13874308405413482,328,0,0.19954283167520703
D2,0.5,KCCA-logdet,123,0.7838644129453975,486,0,1.1970357199272255
D2,0.5,CorrCUSUM,124,0.577388780679859,538,0,1.3400708231651535
D2,0.5,DCC-CUSUM,124,1.1756085032018023e-16,427,0,0.19954283167520703
D2,0.5,KCCA-logdet,124,0.9103368767713598,533,0,1.1970357199272255
D2,0.5,CorrCUSUM,125,1.0569492584194777,208,0,1.3400708231651535
D2,0.5,DCC-CUSUM,125,0.0003425411855560662,204,0,0.19954283167520703
D2,0.5,KCCA-logdet,125,0.7268665104027505,78,0,1.1970357199272255
D2,0.5,CorrCUSUM,126,0.8534034305556782,82,0,1.3400708231651535
D2,0.5,DCC-CUSUM,126,0.021618578317747793,411,0,0.19954283167520703
D2,0.5,KCCA-logdet,126,0.9191704164959498,532,0,1.1970357199272255
D2,0.5,CorrCUSUM,127,0.7487160513169858,328,0,1.3400708231651535
D2,0.5,DCC-CUSUM,127,0.03878683206582115,155,0,0.19954283167520703
D2,0.5,KCCA-logdet,127,0.9902481642219589,62,0,1.1970357199272255
D2,0.5,CorrCUSUM,128,0.8626051502934293,326,0,1.3400708231651535
D2,0.5,DCC-CUSUM,128,9.829786761711455e-17,448,0,0.19954283167520703
D2,0.5,KCCA-logdet,128,1.0248033796397003,62,0,1.1970357199272255
D2,0.5,CorrCUSUM,129,0.3526662563278267,529,0,1.3400708231651535
D2,0.5,DCC-CUSUM,129,4.103121545437013e-17,530,0,0.19954283167520703
D2,0.5,KCCA-logdet,129,0.6807996929990128,526,0,1.1970357199272255
D2,0.5,CorrCUSUM,130,0.8297480653647653,383,0,1.3400708231651535
D2,0.5,DCC-CUSUM,130,8.448800869396086e-17,384,0,0.19954283167520703
D2,0.5,KCCA-logdet,130,0.8965636631448133,476,0,1.1970357199272255
D2,0.5,CorrCUSUM,131,0.9670333145327974,418,0,1.3400708231651535
D2,0.5,DCC-CUSUM,131,0.08284994813969214,419,0,0.19954283167520703
D2,0.5,KCCA-logdet,131,0.45661666460211686,515,0,1.1970357199272255
D2,0.5,CorrCUSUM,132,1.0608205996536233,339,0,1.3400708231651535
D2,0.5,DCC-CUSUM,132,2.4645286693628144e-16,340,0,0.19954283167520703
D2,0.5,KCCA-logdet,132,0.7131272797270006,72,0,1.1970357199272255
D2,0.5,CorrCUSUM,133,1.1204922305567526,217,0,1.3400708231651535
D2,0.5,DCC-CUSUM,133,0.04099895531869462,218,0,0.19954283167520703
D2,0.5,KCCA-logdet,133,0.7550801783286425,531,0,1.1970357199272255
D2,0.5,CorrCUSUM,134,1.103388520181311,365,0,1.3400708231651535
D2,0.5,DCC-CUSUM,134,1.3852350796763405e-16,366,0,0.19954283167520703
D2,0.5,KCCA-logdet,134,0.614600428723571,61,0,1.1970357199272255
D2,0.5,CorrCUSUM,135,0.44830584172142796,275,0,1.3400708231651535
D2,0.5,DCC-CUSUM,135,0.007754043864135377,276,0,0.19954283167520703
D2,0.5,KCCA-logdet,135,0.8230845267897366,506,0,1.1970357199272255
D2,0.5,CorrCUSUM,136,0.7841746778400009,323,0,1.3400708231651535
D2,0.5,DCC-CUSUM,136,0.00255591868518702,326,0,0.19954283167520703
D2,0.5,KCCA-logdet,136,0.9031905454480774,515,0,1.1970357199272255
D2,0.5,CorrCUSUM,137,0.5650728671080405,103,0,1.3400708231651535
D2,0.5,DCC-CUSUM,137,0.058516533366236446,104,0,0.19954283167520703
D2,0.5,KCCA-logdet,137,0.9106062155925619,61,0,1.1970357199272255
D2,0.5,CorrCUSUM,138,0.6760970762906021,322,0,1.3400708231651535
D2,0.5,DCC-CUSUM,138,0.125513093674931,323,0,0.19954283167520703
D2,0.5,KCCA-logdet,138,0.788518186550896,535,0,1.1970357199272255
D2,0.5,CorrCUSUM,139,0.7643923865859142,292,0,1.3400708231651535
D2,0.5,DCC-CUSUM,139,3.172726562857876e-16,463,0,0.19954283167520703
D2,0.5,KCCA-logdet,139,0.5057887746987227,540,0,1.1970357199272255
D2,0.5,CorrCUSUM,140,0.7573281926745378,139,0,1.3400708231651535
D2,0.5,DCC-CUSUM,140,0.008151444560972942,140,0,0.19954283167520703
D2,0.5,KCCA-logdet,140,0.6827138518175643,499,0,1.1970357199272255
D2,0.5,CorrCUSUM,141,0.8630306148277977,150,0,1.3400708231651535
D2,0.5,DCC-CUSUM,141,0.11324395227974966,152,0,0.19954283167520703
D2,0.5,KCCA-logdet,141,0.93205949687151,527,0,1.1970357199272255
D2,0.5,CorrCUSUM,142,0.653609862395435,463,0,1.3400708231651535
D2,0.5,DCC-CUSUM,142,4.691811044404783e-17,464,0,0.19954283167520703
D2,0.5,KCCA-logdet,142,0.6019291372953729,475,0,1.1970357199272255
D2,0.5,CorrCUSUM,143,1.1743612942506962,516,0,1.3400708231651535
D2,0.5,DCC-CUSUM,143,0.04644678383912734,521,0,0.19954283167520703
D2,0.5,KCCA-logdet,143,0.8119165585610669,525,0,1.1970357199272255
D2,0.5,CorrCUSUM,144,0.7089893734898147,421,0,1.3400708231651535
D2,0.5,DCC-CUSUM,144,0.022388529949984023,433,0,0.19954283167520703
D2,0.5,KCCA-logdet,144,0.5722723638855919,448,0,1.1970357199272255
D2,0.5,CorrCUSUM,145,0.8101863152762199,480,0,1.3400708231651535
D2,0.5,DCC-CUSUM,145,0.08359994747473264,482,0,0.19954283167520703
D2,0.5,KCCA-logdet,145,0.5875066659682611,505,0,1.1970357199272255
D2,0.5,CorrCUSUM,146,1.0051436985530466,492,0,1.3400708231651535
D2,0.5,DCC-CUSUM,146,0.10408942846107713,516,0,0.19954283167520703
D2,0.5,KCCA-logdet,146,0.9695093586390546,538,0,1.1970357199272255
D2,0.5,CorrCUSUM,147,0.7724707735983403,309,0,1.3400708231651535
D2,0.5,DCC-CUSUM,147,0.06726403711147415,311,0,0.19954283167520703
D2,0.5,KCCA-logdet,147,0.500987628796075,477,0,1.1970357199272255
D2,0.5,CorrCUSUM,148,0.5570242398993684,216,0,1.3400708231651535
D2,0.5,DCC-CUSUM,148,1.7251700685539702e-16,537,0,0.19954283167520703
D2,0.5,KCCA-logdet,148,0.7348374477122207,537,0,1.1970357199272255
D2,0.5,CorrCUSUM,149,0.860646551445926,522,0,1.3400708231651535
D2,0.5,DCC-CUSUM,149,0.05677167568673457,534,0,0.19954283167520703
D2,0.5,KCCA-logdet,149,1.1902562047132736,60,0,1.1970357199272255
D2,0.5,CorrCUSUM,150,0.9988251051711562,281,0,1.3400708231651535
D2,0.5,DCC-CUSUM,150,0.16020150682798823,307,0,0.19954283167520703
D2,0.5,KCCA-logdet,150,0.979057336965201,534,0,1.1970357199272255
D2,0.5,CorrCUSUM,151,0.8971306763016045,257,0,1.3400708231651535
D2,0.5,DCC-CUSUM,151,1.0821263812604542e-16,258,0,0.19954283167520703
D2,0.5,KCCA-logdet,151,0.9732531924551596,535,0,1.1970357199272255
D2,0.5,CorrCUSUM,152,1.2724988711097802,413,0,1.3400708231651535
D2,0.5,DCC-CUSUM,152,0.10326900746646628,414,0,0.19954283167520703
D2,0.5,KCCA-logdet,152,0.8325384151082654,505,0,1.1970357199272255
D2,0.5,CorrCUSUM,153,0.7547766814680984,456,0,1.3400708231651535
D2,0.5,DCC-CUSUM,153,0.043293353256915204,325,0,0.19954283167520703
D2,0.5,KCCA-logdet,153,1.1819317893898715,523,0,1.1970357199272255
D2,0.5,CorrCUSUM,154,0.9943334242478865,332,0,1.3400708231651535
D2,0.5,DCC-CUSUM,154,1.0977067349173455e-16,333,0,0.19954283167520703
D2,0.5,KCCA-logdet,154,0.854731968369286,64,0,1.1970357199272255
D2,0.5,CorrCUSUM,155,0.835077091872592,224,0,1.3400708231651535
D2,0.5,DCC-CUSUM,155,0.005238880602235859,225,0,0.19954283167520703
D2,0.5,KCCA-logdet,155,0.7228116716010566,524,0,1.1970357199272255
D2,0.5,CorrCUSUM,156,0.7100964660343595,63,0,1.3400708231651535
D2,0.5,DCC-CUSUM,156,0.05933572824997255,86,0,0.19954283167520703
D2,0.5,KCCA-logdet,156,0.9282430399413872,60,0,1.1970357199272255
D2,0.5,CorrCUSUM,157,1.0103792484753154,299,0,1.3400708231651535
D2,0.5,DCC-CUSUM,157,0.0261060333202491,300,0,0.19954283167520703
D2,0.5,KCCA-logdet,157,0.8042696411653039,540,0,1.1970357199272255
D2,0.5,CorrCUSUM,158,1.2424243459225013,135,0,1.3400708231651535
D2,0.5,DCC-CUSUM,158,0.16324720784315902,162,0,0.19954283167520703
D2,0.5,KCCA-logdet,158,0.8409675289709232,530,0,1.1970357199272255
D2,0.5,CorrCUSUM,159,0.6822382919820663,306,0,1.3400708231651535
D2,0.5,DCC-CUSUM,159,6.458764788674962e-17,530,0,0.19954283167520703
D2,0.5,KCCA-logdet,159,0.6143973433739142,537,0,1.1970357199272255
D2,0.5,CorrCUSUM,160,0.8228884993804924,477,0,1.3400708231651535
D2,0.5,DCC-CUSUM,160,0.04821252560080746,478,0,0.19954283167520703
D2,0.5,KCCA-logdet,160,0.6903075230965082,536,0,1.1970357199272255
D2,0.5,CorrCUSUM,161,0.7073046165914654,462,0,1.3400708231651535
D2,0.5,DCC-CUSUM,161,9.950180403605616e-17,463,0,0.19954283167520703
D2,0.5,KCCA-logdet,161,1.410302633053102,61,1,1.1970357199272255
D2,0.5,CorrCUSUM,162,0.943076188295136,153,0,1.3400708231651535
D2,0.5,DCC-CUSUM,162,0.05932742072762675,154,0,0.19954283167520703
D2,0.5,KCCA-logdet,162,0.8346479262321916,539,0,1.1970357199272255
D2,0.5,CorrCUSUM,163,1.0983534301793112,148,0,1.3400708231651535
D2,0.5,DCC-CUSUM,163,0.3447350499511488,151,1,0.19954283167520703
D2,0.5,KCCA-logdet,163,0.5344827886296304,538,0,1.1970357199272255
D2,0.5,CorrCUSUM,164,0.8013861544889311,212,0,1.3400708231651535
D2,0.5,DCC-CUSUM,164,2.402207254735249e-16,443,0,0.19954283167520703
D2,0.5,KCCA-logdet,164,0.5960474210581822,62,0,1.1970357199272255
D2,0.5,CorrCUSUM,165,1.4610622670260665,445,1,1.3400708231651535
D2,0.5,DCC-CUSUM,165,0.0799576603359866,450,0,0.19954283167520703
D2,0.5,KCCA-logdet,165,0.49428461700974324,360,0,1.1970357199272255
D2,0.5,CorrCUSUM,166,0.7394572224725511,71,0,1.3400708231651535
D2,0.5,DCC-CUSUM,166,0.07561091444406019,60,0,0.19954283167520703
D2,0.5,KCCA-logdet,166,0.9422059510287646,60,0,1.1970357199272255
D2,0.5,CorrCUSUM,167,0.5595160818358592,77,0,1.3400708231651535
D2,0.5,DCC-CUSUM,167,0.043782225877975194,96,0,0.19954283167520703
D2,0.5,KCCA-logdet,167,0.8871099877040687,78,0,1.1970357199272255
D2,0.5,CorrCUSUM,168,0.7463077120540511,539,0,1.3400708231651535
D2,0.5,DCC-CUSUM,168,0.062285010814024495,540,0,0.19954283167520703
D2,0.5,KCCA-logdet,168,1.847668995256855,528,1,1.1970357199272255
D2,0.5,CorrCUSUM,169,0.4097429904600946,482,0,1.3400708231651535
D2,0.5,DCC-CUSUM,169,0.014126339289514653,483,0,0.19954283167520703
D2,0.5,KCCA-logdet,169,0.5266828061827262,539,0,1.1970357199272255
D2,0.5,CorrCUSUM,170,0.6421800709380147,205,0,1.3400708231651535
D2,0.5,DCC-CUSUM,170,7.832668702055382e-17,350,0,0.19954283167520703
D2,0.5,KCCA-logdet,170,1.509790362362813,540,1,1.1970357199272255
D2,0.5,CorrCUSUM,171,0.6123183475062717,324,0,1.3400708231651535
D2,0.5,DCC-CUSUM,171,0.047471440023922395,325,0,0.19954283167520703
D2,0.5,KCCA-logdet,171,0.9990271192103296,66,0,1.1970357199272255
D2,0.5,CorrCUSUM,172,1.0610132558655971,313,0,1.3400708231651535
D2,0.5,DCC-CUSUM,172,9.54650760431343e-17,455,0,0.19954283167520703
D2,0.5,KCCA-logdet,172,0.8027994051480839,537,0,1.1970357199272255
D2,0.5,CorrCUSUM,173,0.7883775479088831,431,0,1.3400708231651535
D2,0.5,DCC-CUSUM,173,1.1642773369058814e-16,432,0,0.19954283167520703
D2,0.5,KCCA-logdet,173,1.0073953769573165,540,0,1.1970357199272255
D2,0.5,CorrCUSUM,174,0.7750160367011991,317,0,1.3400708231651535
D2,0.5,DCC-CUSUM,174,0.07757378589820975,416,0,0.19954283167520703
D2,0.5,KCCA-logdet,174,0.6361365839821376,67,0,1.1970357199272255
D2,0.5,CorrCUSUM,175,0.4609858938230636,354,0,1.3400708231651535
D2,0.5,DCC-CUSUM,175,5.4035499273673204e-17,355,0,0.19954283167520703
D2,0.5,KCCA-logdet,175,1.0196763331172114,524,0,1.1970357199272255
D2,0.5,CorrCUSUM,176,0.4318271071318807,537,0,1.3400708231651535
D2,0.5,DCC-CUSUM,176,5.534566537663907e-17,538,0,0.19954283167520703
D2,0.5,KCCA-logdet,176,1.3108524787749216,537,1,1.1970357199272255
D2,0.5,CorrCUSUM,177,0.7371801146944257,109,0,1.3400708231651535
D2,0.5,DCC-CUSUM,177,0.10858791086762135,111,0,0.19954283167520703
D2,0.5,KCCA-logdet,177,0.9119152227418236,521,0,1.1970357199272255
D2,0.5,CorrCUSUM,178,0.824124269703549,467,0,1.3400708231651535
D2,0.5,DCC-CUSUM,178,0.0,60,0,0.19954283167520703
D2,0.5,KCCA-logdet,178,0.7828298660719138,453,0,1.1970357199272255
D2,0.5,CorrCUSUM,179,0.8587590924167846,523,0,1.3400708231651535
D2,0.5,DCC-CUSUM,179,0.0011659986875920837,524,0,0.19954283167520703
D2,0.5,KCCA-logdet,179,1.1486007783249357,540,0,1.1970357199272255
D2,0.5,CorrCUSUM,180,0.9441009464752916,186,0,1.3400708231651535
D2,0.5,DCC-CUSUM,180,0.013438297363228557,187,0,0.19954283167520703
D2,0.5,KCCA-logdet,180,0.9997704174402452,503,0,1.1970357199272255
D2,0.5,CorrCUSUM,181,1.1026755997442677,344,0,1.3400708231651535
D2,0.5,DCC-CUSUM,181,0.20162198162317177,346,1,0.19954283167520703
D2,0.5,KCCA-logdet,181,0.7915872198604054,538,0,1.1970357199272255
D2,0.5,CorrCUSUM,182,1.4272899753172,322,1,1.3400708231651535
D2,0.5,DCC-CUSUM,182,0.3963589687956606,336,1,0.19954283167520703
D2,0.5,KCCA-logdet,182,0.8058731900534701,70,0,1.1970357199272255
D2,0.5,CorrCUSUM,183,1.0038160557873537,487,0,1.3400708231651535
D2,0.5,DCC-CUSUM,183,1.2011036273676245e-16,488,0,0.19954283167520703
D2,0.5,KCCA-logdet,183,0.6098649937148812,538,0,1.1970357199272255
D2,0.5,CorrCUSUM,184,0.7917900373330385,446,0,1.3400708231651535
D2,0.5,DCC-CUSUM,184,0.01414602035824552,447,0,0.19954283167520703
D2,0.5,KCCA-logdet,184,0.543772144566955,501,0,1.1970357199272255
D2,0.5,CorrCUSUM,185,0.9168515246784954,477,0,1.3400708231651535
D2,0.5,DCC-CUSUM,185,9.121588868216393e-17,540,0,0.19954283167520703
D2,0.5,KCCA-logdet,185,0.7459417035113403,539,0,1.1970357199272255
D2,0.5,CorrCUSUM,186,0.6812062869348805,287,0,1.3400708231651535
D2,0.5,DCC-CUSUM,186,0.004641102313519985,288,0,0.19954283167520703
D2,0.5,KCCA-logdet,186,1.2020748983936507,540,1,1.1970357199272255
D2,0.5,CorrCUSUM,187,0.705266137181864,397,0,1.3400708231651535
D2,0.5,DCC-CUSUM,187,0.05089367999721091,398,0,0.19954283167520703
D2,0.5,KCCA-logdet,187,0.5507807340874068,523,0,1.1970357199272255
D2,0.5,CorrCUSUM,188,0.7691438847614533,97,0,1.3400708231651535
D2,0.5,DCC-CUSUM,188,0.049807906916435635,98,0,0.19954283167520703
D2,0.5,KCCA-logdet,188,1.0639013630722092,68,0,1.1970357199272255
D2,0.5,CorrCUSUM,189,0.7517470063321466,538,0,1.3400708231651535
D2,0.5,DCC-CUSUM,189,0.017709445747223655,223,0,0.19954283167520703
D2,0.5,KCCA-logdet,189,1.0028066329543086,539,0,1.1970357199272255
D2,0.5,CorrCUSUM,190,1.041541198680761,409,0,1.3400708231651535
D2,0.5,DCC-CUSUM,190,0.25117400682189306,437,1,0.19954283167520703
D2,0.5,KCCA-logdet,190,0.7372180479867165,468,0,1.1970357199272255
D2,0.5,CorrCUSUM,191,0.45988660882610044,133,0,1.3400708231651535
D2,0.5,DCC-CUSUM,191,5.438959822042074e-17,134,0,0.19954283167520703
D2,0.5,KCCA-logdet,191,0.807340925023934,527,0,1.1970357199272255
D2,0.5,CorrCUSUM,192,0.599433185974935,122,0,1.3400708231651535
D2,0.5,DCC-CUSUM,192,0.02136375975289437,123,0,0.19954283167520703
D2,0.5,KCCA-logdet,192,0.7938083082332776,62,0,1.1970357199272255
D2,0.5,CorrCUSUM,193,0.9611426538126969,516,0,1.3400708231651535
D2,0.5,DCC-CUSUM,193,0.10281469585311857,540,0,0.19954283167520703
D2,0.5,KCCA-logdet,193,0.543987167772656,535,0,1.1970357199272255
D2,0.5,CorrCUSUM,194,0.7044289906138615,414,0,1.3400708231651535
D2,0.5,DCC-CUSUM,194,0.004294573917425064,415,0,0.19954283167520703
D2,0.5,KCCA-logdet,194,0.7875748104159116,540,0,1.1970357199272255
D2,0.5,CorrCUSUM,195,1.3120049253123596,389,0,1.3400708231651535
D2,0.5,DCC-CUSUM,195,0.3305816981232972,394,1,0.19954283167520703
D2,0.5,KCCA-logdet,195,0.907895083828137,527,0,1.1970357199272255
D2,0.5,CorrCUSUM,196,0.9355947031216042,391,0,1.3400708231651535
D2,0.5,DCC-CUSUM,196,1.883806396696864e-16,392,0,0.19954283167520703
D2,0.5,KCCA-logdet,196,1.0261024584988307,532,0,1.1970357199272255
D2,0.5,CorrCUSUM,197,0.9882640896786777,269,0,1.3400708231651535
D2,0.5,DCC-CUSUM,197,0.0507044167811237,284,0,0.19954283167520703
D2,0.5,KCCA-logdet,197,0.8095874093460721,534,0,1.1970357199272255
D2,0.5,CorrCUSUM,198,0.9833681935674552,372,0,1.3400708231651535
D2,0.5,DCC-CUSUM,198,0.08380041380870133,377,0,0.19954283167520703
D2,0.5,KCCA-logdet,198,0.9952557216318718,61,0,1.1970357199272255
D2,0.5,CorrCUSUM,199,0.5727382320257647,362,0,1.3400708231651535
D2,0.5,DCC-CUSUM,199,0.02123342570631206,264,0,0.19954283167520703
D2,0.5,KCCA-logdet,199,0.5743077551396529,538,0,1.1970357199272255
D2,0.7,CorrCUSUM,0,1.1433734055321632,405,0,1.3400708231651535
D2,0.7,DCC-CUSUM,0,0.05733450677845296,407,0,0.19954283167520703
D2,0.7,KCCA-logdet,0,0.7320771740178679,525,0,1.1970357199272255
D2,0.7,CorrCUSUM,1,0.8226184528107169,451,0,1.3400708231651535
D2,0.7,DCC-CUSUM,1,1.0028082171890073e-16,352,0,0.19954283167520703
D2,0.7,KCCA-logdet,1,1.0454604876018379,60,0,1.1970357199272255
D2,0.7,CorrCUSUM,2,1.7598235192723404,442,1,1.3400708231651535
D2,0.7,DCC-CUSUM,2,2.1869150951127504e-16,538,0,0.19954283167520703
D2,0.7,KCCA-logdet,2,1.2993619870833817,486,1,1.1970357199272255
D2,0.7,CorrCUSUM,3,1.6252067369520622,312,1,1.3400708231651535
D2,0.7,DCC-CUSUM,3,0.020969634243964433,322,0,0.19954283167520703
D2,0.7,KCCA-logdet,3,1.2350999843875816,385,1,1.1970357199272255
D2,0.7,CorrCUSUM,4,0.980298643211513,528,0,1.3400708231651535
D2,0.7,DCC-CUSUM,4,0.09540937022231777,529,0,0.19954283167520703
D2,0.7,KCCA-logdet,4,1.29758591164434,533,1,1.1970357199272255
D2,0.7,CorrCUSUM,5,0.9882744359968643,333,0,1.3400708231651535
D2,0.7,DCC-CUSUM,5,0.047581411400488896,266,0,0.19954283167520703
D2,0.7,KCCA-logdet,5,1.5834423005191427,539,1,1.1970357199272255
D2,0.7,CorrCUSUM,6,1.3032221107469317,299,0,1.3400708231651535
D2,0.7,DCC-CUSUM,6,0.057557231361235604,300,0,0.19954283167520703
D2,0.7,KCCA-logdet,6,1.1449843077944544,514,0,1.1970357199272255
D2,0.7,CorrCUSUM,7,0.6804409603692446,460,0,1.3400708231651535
D2,0.7,DCC-CUSUM,7,1.2931693535219825e-16,461,0,0.19954283167520703
D2,0.7,KCCA-logdet,7,0.47575372515617925,540,0,1.1970357199272255
D2,0.7,CorrCUSUM,8,0.9364327122884795,514,0,1.3400708231651535
D2,0.7,DCC-CUSUM,8,1.26484143778218e-16,517,0,0.19954283167520703
D2,0.7,KCCA-logdet,8,0.5757058994222622,342,0,1.1970357199272255
D2,0.7,CorrCUSUM,9,0.9723508537645679,368,0,1.3400708231651535
D2,0.7,DCC-CUSUM,9,0.004918923433944711,368,0,0.19954283167520703
D2,0.7,KCCA-logdet,9,0.8230340515799847,539,0,1.1970357199272255
D2,0.7,CorrCUSUM,10,0.8921605273725528,328,0,1.3400708231651535
D2,0.7,DCC-CUSUM,10,0.018750771301049417,330,0,0.19954283167520703
D2,0.7,KCCA-logdet,10,0.5663016227875255,429,0,1.1970357199272255
D2,0.7,CorrCUSUM,11,1.2133610698965758,386,0,1.3400708231651535
D2,0.7,DCC-CUSUM,11,0.1000091732141165,388,0,0.19954283167520703
D2,0.7,KCCA-logdet,11,0.7594029978042933,415,0,1.1970357199272255
D2,0.7,CorrCUSUM,12,1.0559489348408115,294,0,1.3400708231651535
D2,0.7,DCC-CUSUM,12,0.1031436913877901,326,0,0.19954283167520703
D2,0.7,KCCA-logdet,12,0.5562623780301933,70,0,1.1970357199272255
D2,0.7,CorrCUSUM,13,1.1328743398200825,310,0,1.3400708231651535
D2,0.7,DCC-CUSUM,13,1.0566312570946319e-16,311,0,0.19954283167520703
D2,0.7,KCCA-logdet,13,0.7445505655329603,529,0,1.1970357199272255
D2,0.7,CorrCUSUM,14,0.8982471261234045,251,0,1.3400708231651535
D2,0.7,DCC-CUSUM,14,1.2719234167171308e-16,533,0,0.19954283167520703
D2,0.7,KCCA-logdet,14,1.0550643297597542,519,0,1.1970357199272255
D2,0.7,CorrCUSUM,15,0.9259827543961687,519,0,1.3400708231651535
D2,0.7,DCC-CUSUM,15,1.791740670542506e-16,520,0,0.19954283167520703
D2,0.7,KCCA-logdet,15,1.0068618269371048,62,0,1.1970357199272255
D2,0.7,CorrCUSUM,16,0.8296380512649617,397,0,1.3400708231651535
D2,0.7,DCC-CUSUM,16,0.021531816027738168,398,0,0.19954283167520703
D2,0.7,KCCA-logdet,16,1.4193830779020498,382,1,1.1970357199272255
D2,0.7,CorrCUSUM,17,1.280659407676154,226,0,1.3400708231651535
D2,0.7,DCC-CUSUM,17,1.4195826775108512e-16,227,0,0.19954283167520703
D2,0.7,KCCA-logdet,17,1.0848574910475854,519,0,1.1970357199272255
D2,0.7,CorrCUSUM,18,1.363752441614407,451,1,1.3400708231651535
D2,0.7,DCC-CUSUM,18,0.5144649268267458,458,1,0.19954283167520703
D2,0.7,KCCA-logdet,18,0.7407393090292144,539,0,1.1970357199272255
D2,0.7,CorrCUSUM,19,1.0546510303447862,369,0,1.3400708231651535
D2,0.7,DCC-CUSUM,19,1.3632809449779938e-16,370,0,0.19954283167520703
D2,0.7,KCCA-logdet,19,1.0674488587222757,507,0,1.1970357199272255
D2,0.7,CorrCUSUM,20,0.6922514705322408,538,0,1.3400708231651535
D2,0.7,DCC-CUSUM,20,0.11738388931000315,284,0,0.19954283167520703
D2,0.7,KCCA-logdet,20,0.9255995183222954,521,0,1.1970357199272255
D2,0.7,CorrCUSUM,21,0.6912939059042779,441,0,1.3400708231651535
D2,0.7,DCC-CUSUM,21,6.912011440511801e-17,442,0,0.19954283167520703
D2,0.7,KCCA-logdet,21,0.6686233143314476,84,0,1.1970357199272255
D2,0.7,CorrCUSUM,22,1.0115252305948301,211,0,1.3400708231651535
D2,0.7,DCC-CUSUM,22,0.1526169944127653,242,0,0.19954283167520703
D2,0.7,KCCA-logdet,22,1.318810982507817,62,1,1.1970357199272255
D2,0.7,CorrCUSUM,23,1.0146905642288382,443,0,1.3400708231651535
D2,0.7,DCC-CUSUM,23,0.03956800807052655,444,0,0.19954283167520703
D2,0.7,KCCA-logdet,23,1.2689070089677215,61,1,1.1970357199272255
D2,0.7,CorrCUSUM,24,1.2833746662255996,420,0,1.3400708231651535
D2,0.7,DCC-CUSUM,24,0.0014629724700292097,421,0,0.19954283167520703
D2,0.7,KCCA-logdet,24,0.7115640536318578,63,0,1.1970357199272255
D2,0.7,CorrCUSUM,25,1.0576173280891328,389,0,1.3400708231651535
D2,0.7,DCC-CUSUM,25,0.04654316045826232,389,0,0.19954283167520703
D2,0.7,KCCA-logdet,25,0.891982764880652,535,0,1.1970357199272255
D2,0.7,CorrCUSUM,26,1.0830698386650588,457,0,1.3400708231651535
D2,0.7,DCC-CUSUM,26,0.10341848446403917,463,0,0.19954283167520703
D2,0.7,KCCA-logdet,26,0.7760614758751444,476,0,1.1970357199272255
D2,0.7,CorrCUSUM,27,1.5715010291971476,461,1,1.3400708231651535
D2,0.7,DCC-CUSUM,27,0.1320605251229336,354,0,0.19954283167520703
D2,0.7,KCCA-logdet,27,0.8918049269155657,537,0,1.1970357199272255
D2,0.7,CorrCUSUM,28,1.19676984107847,432,0,1.3400708231651535
D2,0.7,DCC-CUSUM,28,0.16173347273452132,434,0,0.19954283167520703
D2,0.7,KCCA-logdet,28,0.87919843290077,527,0,1.1970357199272255
D2,0.7,CorrCUSUM,29,0.7355255188245141,365,0,1.3400708231651535
D2,0.7,DCC-CUSUM,29,0.053513300325185906,366,0,0.19954283167520703
D2,0.7,KCCA-logdet,29,1.4921885978050269,60,1,1.1970357199272255
D2,0.7,CorrCUSUM,30,1.009264711876486,362,0,1.3400708231651535
D2,0.7,DCC-CUSUM,30,0.0132278191091071,363,0,0.19954283167520703
D2,0.7,KCCA-logdet,30,0.8419713288831701,348,0,1.1970357199272255
D2,0.7,CorrCUSUM,31,0.6813848930163088,499,0,1.3400708231651535
D2,0.7,DCC-CUSUM,31,0.03195297266747938,500,0,0.19954283167520703
D2,0.7,KCCA-logdet,31,0.9063502484696557,388,0,1.1970357199272255
D2,0.7,CorrCUSUM,32,0.8810431404073429,401,0,1.3400708231651535
D2,0.7,DCC-CUSUM,32,0.13766687194702745,403,0,0.19954283167520703
D2,0.7,KCCA-logdet,32,0.9399728636398287,61,0,1.1970357199272255
D2,0.7,CorrCUSUM,33,0.8048756076126643,280,0,1.3400708231651535
D2,0.7,DCC-CUSUM,33,0.09996668224594794,281,0,0.19954283167520703
D2,0.7,KCCA-logdet,33,0.8092216060656978,528,0,1.1970357199272255
D2,0.7,CorrCUSUM,34,1.0956325726367058,442,0,1.3400708231651535
D2,0.7,DCC-CUSUM,34,0.25597204365016873,451,1,0.19954283167520703
D2,0.7,KCCA-logdet,34,0.75692698145282,387,0,1.1970357199272255
D2,0.7,CorrCUSUM,35,0.9557863230123502,101,0,1.3400708231651535
D2,0.7,DCC-CUSUM,35,0.04842829423193749,109,0,0.19954283167520703
D2,0.7,KCCA-logdet,35,0.667859871092106,533,0,1.1970357199272255
D2,0.7,CorrCUSUM,36,1.0656126875481802,459,0,1.3400708231651535
D2,0.7,DCC-CUSUM,36,1.135949421166079e-16,460,0,0.19954283167520703
D2,0.7,KCCA-logdet,36,1.2569110603668012,492,1,1.1970357199272255
D2,0.7,CorrCUSUM,37,1.2484701672229825,235,0,1.3400708231651535
D2,0.7,DCC-CUSUM,37,0.16420034310678647,242,0,0.19954283167520703
D2,0.7,KCCA-logdet,37,1.7455722448192228,540,1,1.1970357199272255
D2,0.7,CorrCUSUM,38,1.0063967502445903,328,0,1.3400708231651535
D2,0.7,DCC-CUSUM,38,0.08105500899834434,329,0,0.19954283167520703
D2,0.7,KCCA-logdet,38,0.9528319670544407,63,0,1.1970357199272255
D2,0.7,CorrCUSUM,39,0.9144409988818197,209,0,1.3400708231651535
D2,0.7,DCC-CUSUM,39,0.02045198361498859,211,0,0.19954283167520703
D2,0.7,KCCA-logdet,39,0.5049907029408166,373,0,1.1970357199272255
D2,0.7,CorrCUSUM,40,1.2246020047727408,520,0,1.3400708231651535
D2,0.7,DCC-CUSUM,40,0.3756901681677742,226,1,0.19954283167520703
D2,0.7,KCCA-logdet,40,1.3817383588337,540,1,1.1970357199272255
D2,0.7,CorrCUSUM,41,2.0445991340852117,299,1,1.3400708231651535
D2,0.7,DCC-CUSUM,41,0.22880464140296689,300,1,0.19954283167520703
D2,0.7,KCCA-logdet,41,0.8249890170789023,60,0,1.1970357199272255
D2,0.7,CorrCUSUM,42,1.4258266142829867,239,1,1.3400708231651535
D2,0.7,DCC-CUSUM,42,1.5183762836534122e-16,240,0,0.19954283167520703
D2,0.7,KCCA-logdet,42,0.9629869114287367,536,0,1.1970357199272255
D2,0.7,CorrCUSUM,43,1.182076628322253,389,0,1.3400708231651535
D2,0.7,DCC-CUSUM,43,2.892280197033832e-16,390,0,0.19954283167520703
D2,0.7,KCCA-logdet,43,0.5890089443578315,348,0,1.1970357199272255
D2,0.7,CorrCUSUM,44,0.7919358249163158,112,0,1.3400708231651535
D2,0.7,DCC-CUSUM,44,0.05659906974543735,113,0,0.19954283167520703
D2,0.7,KCCA-logdet,44,1.4715733281493064,540,1,1.1970357199272255
D2,0.7,CorrCUSUM,45,0.6019347170283404,130,0,1.3400708231651535
D2,0.7,DCC-CUSUM,45,0.07660397809977955,131,0,0.19954283167520703
D2,0.7,KCCA-logdet,45,1.2468981953081943,539,1,1.1970357199272255
D2,0.7,CorrCUSUM,46,0.48398606651796544,95,0,1.3400708231651535
D2,0.7,DCC-CUSUM,46,4.70951599174216e-17,96,0,0.19954283167520703
D2,0.7,KCCA-logdet,46,0.7982897475936898,62,0,1.1970357199272255
D2,0.7,CorrCUSUM,47,0.7140319274726016,313,0,1.3400708231651535
D2,0.7,DCC-CUSUM,47,0.043434751644216806,319,0,0.19954283167520703
D2,0.7,KCCA-logdet,47,0.8196398272990061,64,0,1.1970357199272255
D2,0.7,CorrCUSUM,48,0.775128707064741,505,0,1.3400708231651535
D2,0.7,DCC-CUSUM,48,6.940339356251605e-17,497,0,0.19954283167520703
D2,0.7,KCCA-logdet,48,0.4940135606587876,504,0,1.1970357199272255
D2,0.7,CorrCUSUM,49,0.7685340154308613,259,0,1.3400708231651535
D2,0.7,DCC-CUSUM,49,1.229431543107427e-16,467,0,0.19954283167520703
D2,0.7,KCCA-logdet,49,0.9530621138945846,481,0,1.1970357199272255
D2,0.7,CorrCUSUM,50,0.68905882491539,279,0,1.3400708231651535
D2,0.7,DCC-CUSUM,50,0.03520456147210812,322,0,0.19954283167520703
D2,0.7,KCCA-logdet,50,1.0316566076406664,527,0,1.1970357199272255
D2,0.7,CorrCUSUM,51,1.1040602913337354,399,0,1.3400708231651535
D2,0.7,DCC-CUSUM,51,2.2832300086280787e-16,417,0,0.19954283167520703
D2,0.7,KCCA-logdet,51,1.106344327064364,494,0,1.1970357199272255
D2,0.7,CorrCUSUM,52,0.7226912300844822,343,0,1.3400708231651535
D2,0.7,DCC-CUSUM,52,8.625850342769851e-17,344,0,0.19954283167520703
D2,0.7,KCCA-logdet,52,0.9481434066115074,501,0,1.1970357199272255
D2,0.7,CorrCUSUM,53,1.3310612123690089,540,0,1.3400708231651535
D2,0.7,DCC-CUSUM,53,0.20053453518482486,467,1,0.19954283167520703
D2,0.7,KCCA-logdet,53,0.7994979462959043,539,0,1.1970357199272255
D2,0.7,CorrCUSUM,54,1.1654688796293757,336,0,1.3400708231651535
D2,0.7,DCC-CUSUM,54,0.03205990987881775,522,0,0.19954283167520703
D2,0.7,KCCA-logdet,54,1.4430487008552395,523,1,1.1970357199272255
D2,0.7,CorrCUSUM,55,1.322845994155663,402,0,1.3400708231651535
D2,0.7,DCC-CUSUM,55,0.32809211525623627,443,1,0.19954283167520703
D2,0.7,KCCA-logdet,55,1.114250829804247,533,0,1.1970357199272255
D2,0.7,CorrCUSUM,56,0.7562692451341512,370,0,1.3400708231651535
D2,0.7,DCC-CUSUM,56,8.215095564542715e-17,371,0,0.19954283167520703
D2,0.7,KCCA-logdet,56,0.9542803612920602,540,0,1.1970357199272255
D2,0.7,CorrCUSUM,57,0.729711102790763,351,0,1.3400708231651535
D2,0.7,DCC-CUSUM,57,9.362376152004715e-17,352,0,0.19954283167520703
D2,0.7,KCCA-logdet,57,0.7396814759658741,536,0,1.1970357199272255
D2,0.7,CorrCUSUM,58,0.7761956534814339,317,0,1.3400708231651535
D2,0.7,DCC-CUSUM,58,0.15581567782854266,318,0,0.19954283167520703
D2,0.7,KCCA-logdet,58,0.812757533880808,65,0,1.1970357199272255
D2,0.7,CorrCUSUM,59,1.8015231206437294,418,1,1.3400708231651535
D2,0.7,DCC-CUSUM,59,0.09232508523834204,419,0,0.19954283167520703
D2,0.7,KCCA-logdet,59,2.102833365602514,535,1,1.1970357199272255
D2,0.7,CorrCUSUM,60,1.335139698502027,482,0,1.3400708231651535
D2,0.7,DCC-CUSUM,60,1.6600158623524245e-16,534,0,0.19954283167520703
D2,0.7,KCCA-logdet,60,1.0993930752540384,540,0,1.1970357199272255
D2,0.7,CorrCUSUM,61,0.8036022050092917,471,0,1.3400708231651535
D2,0.7,DCC-CUSUM,61,1.6982585486011578e-16,472,0,0.19954283167520703
D2,0.7,KCCA-logdet,61,0.9134480180324014,508,0,1.1970357199272255
D2,0.7,CorrCUSUM,62,0.5486603579450454,428,0,1.3400708231651535
D2,0.7,DCC-CUSUM,62,0.008364807618444605,429,0,0.19954283167520703
D2,0.7,KCCA-logdet,62,1.1587187152136371,63,0,1.1970357199272255
D2,0.7,CorrCUSUM,63,0.8588254533587905,247,0,1.3400708231651535
D2,0.7,DCC-CUSUM,63,0.12648080822364977,539,0,0.19954283167520703
D2,0.7,KCCA-logdet,63,0.7410575320144598,539,0,1.1970357199272255
D2,0.7,CorrCUSUM,64,1.1238959066622745,456,0,1.3400708231651535
D2,0.7,DCC-CUSUM,64,4.759089844286814e-17,502,0,0.19954283167520703
D2,0.7,KCCA-logdet,64,1.1625711801300238,63,0,1.1970357199272255
D2,0.7,CorrCUSUM,65,1.8553432368096558,411,1,1.3400708231651535
D2,0.7,DCC-CUSUM,65,0.12378277596719531,414,0,0.19954283167520703
D2,0.7,KCCA-logdet,65,1.070594291784838,539,0,1.1970357199272255
D2,0.7,CorrCUSUM,66,0.8419403232263043,134,0,1.3400708231651535
D2,0.7,DCC-CUSUM,66,0.010638062871911111,135,0,0.19954283167520703
D2,0.7,KCCA-logdet,66,0.6764208931356581,495,0,1.1970357199272255
D2,0.7,CorrCUSUM,67,1.1569213076360128,434,0,1.3400708231651535
D2,0.7,DCC-CUSUM,67,0.18529745750539195,435,0,0.19954283167520703
D2,0.7,KCCA-logdet,67,0.9431325856346494,540,0,1.1970357199272255
D2,0.7,CorrCUSUM,68,1.0740765670251953,446,0,1.3400708231651535
D2,0.7,DCC-CUSUM,68,1.0240541539938591e-16,230,0,0.19954283167520703
D2,0.7,KCCA-logdet,68,0.6103619419534889,538,0,1.1970357199272255
D2,0.7,CorrCUSUM,69,0.7577495968239085,498,0,1.3400708231651535
D2,0.7,DCC-CUSUM,69,7.960144322884494e-17,293,0,0.19954283167520703
D2,0.7,KCCA-logdet,69,0.9463412436896079,537,0,1.1970357199272255
D2,0.7,CorrCUSUM,70,1.048250958945049,295,0,1.3400708231651535
D2,0.7,DCC-CUSUM,70,5.325648159082864e-16,296,0,0.19954283167520703
D2,0.7,KCCA-logdet,70,0.7760278617321806,537,0,1.1970357199272255
D2,0.7,CorrCUSUM,71,0.7146240975453183,380,0,1.3400708231651535
D2,0.7,DCC-CUSUM,71,0.02769862565500855,381,0,0.19954283167520703
D2,0.7,KCCA-logdet,71,0.606342912679511,536,0,1.1970357199272255
D2,0.7,CorrCUSUM,72,0.9782888686860012,158,0,1.3400708231651535
D2,0.7,DCC-CUSUM,72,0.07579342331871387,159,0,0.19954283167520703
D2,0.7,KCCA-logdet,72,1.2716623493087746,523,1,1.1970357199272255
D2,0.7,CorrCUSUM,73,1.498285383971625,331,1,1.3400708231651535
D2,0.7,DCC-CUSUM,73,0.23740527738268652,333,1,0.19954283167520703
D2,0.7,KCCA-logdet,73,1.3360006645939704,535,1,1.1970357199272255
D2,0.7,CorrCUSUM,74,2.041599978591847,459,1,1.3400708231651535
D2,0.7,DCC-CUSUM,74,0.6592842514106383,462,1,0.19954283167520703
D2,0.7,KCCA-logdet,74,1.026070410520677,502,0,1.1970357199272255
D2,0.7,CorrCUSUM,75,0.5671401273989587,129,0,1.3400708231651535
D2,0.7,DCC-CUSUM,75,0.01246582591965237,130,0,0.19954283167520703
D2,0.7,KCCA-logdet,75,0.9603206306750675,407,0,1.1970357199272255
D2,0.7,CorrCUSUM,76,0.9543579853728413,370,0,1.3400708231651535
D2,0.7,DCC-CUSUM,76,6.727879988203086e-17,476,0,0.19954283167520703
D2,0.7,KCCA-logdet,76,1.2320982759332244,537,1,1.1970357199272255
D2,0.7,CorrCUSUM,77,0.9505389646454848,425,0,1.3400708231651535
D2,0.7,DCC-CUSUM,77,0.10071160130261599,429,0,0.19954283167520703
D2,0.7,KCCA-logdet,77,1.2417680209150268,525,1,1.1970357199272255
D2,0.7,CorrCUSUM,78,1.2235350699272758,425,0,1.3400708231651535
D2,0.7,DCC-CUSUM,78,0.11785748283358605,428,0,0.19954283167520703
D2,0.7,KCCA-logdet,78,1.0266369538630484,520,0,1.1970357199272255
D2,0.7,CorrCUSUM,79,1.1879236747761028,418,0,1.3400708231651535
D2,0.7,DCC-CUSUM,79,4.780335781091666e-18,540,0,0.19954283167520703
D2,0.7,KCCA-logdet,79,0.8999600804920629,521,0,1.1970357199272255
D2,0.7,CorrCUSUM,80,1.1715923174312828,421,0,1.3400708231651535
D2,0.7,DCC-CUSUM,80,7.648537249746665e-17,540,0,0.19954283167520703
D2,0.7,KCCA-logdet,80,0.9285478177329097,373,0,1.1970357199272255
D2,0.7,CorrCUSUM,81,0.7499151622324026,199,0,1.3400708231651535
D2,0.7,DCC-CUSUM,81,0.058297817277420345,200,0,0.19954283167520703
D2,0.7,KCCA-logdet,81,1.2246858683422734,482,1,1.1970357199272255
D2,0.7,CorrCUSUM,82,1.3578444341662053,395,1,1.3400708231651535
D2,0.7,DCC-CUSUM,82,1.4560548690258468e-16,396,0,0.19954283167520703
D2,0.7,KCCA-logdet,82,0.9419940297457141,540,0,1.1970357199272255
D2,0.7,CorrCUSUM,83,0.9628581750042768,491,0,1.3400708231651535
D2,0.7,DCC-CUSUM,83,0.1793405861477231,492,0,0.19954283167520703
D2,0.7,KCCA-logdet,83,0.7610779785221348,482,0,1.1970357199272255
D2,0.7,CorrCUSUM,84,1.0504968775520125,496,0,1.3400708231651535
D2,0.7,DCC-CUSUM,84,0.09529591091798587,498,0,0.19954283167520703
D2,0.7,KCCA-logdet,84,1.1130345615524475,535,0,1.1970357199272255
D2,0.7,CorrCUSUM,85,1.1036296070742797,400,0,1.3400708231651535
D2,0.7,DCC-CUSUM,85,0.07245681186145361,401,0,0.19954283167520703
D2,0.7,KCCA-logdet,85,0.6711122727542678,77,0,1.1970357199272255
D2,0.7,CorrCUSUM,86,0.8384755896925074,429,0,1.3400708231651535
D2,0.7,DCC-CUSUM,86,0.02915463094461732,430,0,0.19954283167520703
D2,0.7,KCCA-logdet,86,0.8222231206890006,529,0,1.1970357199272255
D2,0.7,CorrCUSUM,87,0.8436006087787141,497,0,1.3400708231651535
D2,0.7,DCC-CUSUM,87,9.369458130939665e-17,498,0,0.19954283167520703
D2,0.7,KCCA-logdet,87,0.73735233265107,537,0,1.1970357199272255
D2,0.7,CorrCUSUM,88,1.0355624247419648,316,0,1.3400708231651535
D2,0.7,DCC-CUSUM,88,0.031655312397374104,220,0,0.19954283167520703
D2,0.7,KCCA-logdet,88,1.0587865536254226,392,0,1.1970357199272255
D2,0.7,CorrCUSUM,89,0.9587899069139648,331,0,1.3400708231651535
D2,0.7,DCC-CUSUM,89,9.445589404490385e-17,331,0,0.19954283167520703
D2,0.7,KCCA-logdet,89,0.9623648739193312,538,0,1.1970357199272255
D2,0.7,CorrCUSUM,90,0.9084625906919045,304,0,1.3400708231651535
D2,0.7,DCC-CUSUM,90,1.0730083333817053e-16,303,0,0.19954283167520703
D2,0.7,KCCA-logdet,90,0.8941671088103271,487,0,1.1970357199272255
D2,0.7,CorrCUSUM,91,1.4884961433960129,249,1,1.3400708231651535
D2,0.7,DCC-CUSUM,91,0.22010555948933375,250,1,0.19954283167520703
D2,0.7,KCCA-logdet,91,1.4079258682653455,466,1,1.1970357199272255
D2,0.7,CorrCUSUM,92,1.1857833998696925,309,0,1.3400708231651535
D2,0.7,DCC-CUSUM,92,1.0410509034377406e-16,310,0,0.19954283167520703
D2,0.7,KCCA-logdet,92,1.1028467473004275,540,0,1.1970357199272255
D2,0.7,CorrCUSUM,93,0.768673463279851,341,0,1.3400708231651535
D2,0.7,DCC-CUSUM,93,0.026034366825876412,453,0,0.19954283167520703
D2,0.7,KCCA-logdet,93,1.255879465868273,61,1,1.1970357199272255
D2,0.7,CorrCUSUM,94,1.1876772009665324,375,0,1.3400708231651535
D2,0.7,DCC-CUSUM,94,0.29045099869991314,396,1,0.19954283167520703
D2,0.7,KCCA-logdet,94,0.980187859790226,61,0,1.1970357199272255
D2,0.7,CorrCUSUM,95,1.2596972022119597,414,0,1.3400708231651535
D2,0.7,DCC-CUSUM,95,0.1360549306108046,419,0,0.19954283167520703
D2,0.7,KCCA-logdet,95,0.8092686099973175,480,0,1.1970357199272255
D2,0.7,CorrCUSUM,96,1.0188603066439896,217,0,1.3400708231651535
D2,0.7,DCC-CUSUM,96,1.250677479912279e-16,218,0,0.19954283167520703
D2,0.7,KCCA-logdet,96,0.67892925487368,532,0,1.1970357199272255
D2,0.7,CorrCUSUM,97,1.4174521312269914,343,1,1.3400708231651535
D2,0.7,DCC-CUSUM,97,0.18092464356019672,344,0,0.19954283167520703
D2,0.7,KCCA-logdet,97,1.1199578117000726,420,0,1.1970357199272255
D2,0.7,CorrCUSUM,98,0.84144107805033,304,0,1.3400708231651535
D2,0.7,DCC-CUSUM,98,0.009161870300789726,308,0,0.19954283167520703
D2,0.7,KCCA-logdet,98,1.1284422997548584,519,0,1.1970357199272255
D2,0.7,CorrCUSUM,99,1.3645883276843322,447,1,1.3400708231651535
D2,0.7,DCC-CUSUM,99,0.02414069977322138,406,0,0.19954283167520703
D2,0.7,KCCA-logdet,99,0.7608149151394754,401,0,1.1970357199272255
D2,0.7,CorrCUSUM,100,0.7899553143889347,383,0,1.3400708231651535
D2,0.7,DCC-CUSUM,100,0.1027136022098476,389,0,0.19954283167520703
D2,0.7,KCCA-logdet,100,0.6838854318469385,78,0,1.1970357199272255
D2,0.7,CorrCUSUM,101,0.844778195853331,348,0,1.3400708231651535
D2,0.7,DCC-CUSUM,101,1.3200808734747949e-16,349,0,0.19954283167520703
D2,0.7,KCCA-logdet,101,0.9041542184098453,335,0,1.1970357199272255
D2,0.7,CorrCUSUM,102,1.5486882640965725,198,1,1.3400708231651535
D2,0.7,DCC-CUSUM,102,3.376687556184454e-16,530,0,0.19954283167520703
D2,0.7,KCCA-logdet,102,0.6623486758666141,64,0,1.1970357199272255
D2,0.7,CorrCUSUM,103,1.3415119177882247,338,1,1.3400708231651535
D2,0.7,DCC-CUSUM,103,0.017733654743221625,335,0,0.19954283167520703
D2,0.7,KCCA-logdet,103,0.6760045184699803,534,0,1.1970357199272255
D2,0.7,CorrCUSUM,104,0.6781807793689044,132,0,1.3400708231651535
D2,0.7,DCC-CUSUM,104,0.006954489003743392,134,0,0.19954283167520703
D2,0.7,KCCA-logdet,104,1.4852558658627173,539,1,1.1970357199272255
D2,0.7,CorrCUSUM,105,0.8726113484978163,346,0,1.3400708231651535
D2,0.7,DCC-CUSUM,105,9.369458130939665e-17,347,0,0.19954283167520703
D2,0.7,KCCA-logdet,105,0.5212746714229076,539,0,1.1970357199272255
D2,0.7,CorrCUSUM,106,1.642645871349621,282,1,1.3400708231651535
D2,0.7,DCC-CUSUM,106,5.089959900127707e-15,283,0,0.19954283167520703
D2,0.7,KCCA-logdet,106,1.0219500710798946,538,0,1.1970357199272255
D2,0.7,CorrCUSUM,107,0.6987825590465568,467,0,1.3400708231651535
D2,0.7,DCC-CUSUM,107,0.013831694638727887,468,0,0.19954283167520703
D2,0.7,KCCA-logdet,107,0.8470011504279132,288,0,1.1970357199272255
D2,0.7,CorrCUSUM,108,0.9110813950295832,245,0,1.3400708231651535
D2,0.7,DCC-CUSUM,108,0.1271776111418245,246,0,0.19954283167520703
D2,0.7,KCCA-logdet,108,0.8067352403531403,517,0,1.1970357199272255
D2,0.7,CorrCUSUM,109,0.724777635154769,416,0,1.3400708231651535
D2,0.7,DCC-CUSUM,109,0.036145765329693366,417,0,0.19954283167520703
D2,0.7,KCCA-logdet,109,0.7659409669730548,522,0,1.1970357199272255
D2,0.7,CorrCUSUM,110,1.226595379664053,460,0,1.3400708231651535
D2,0.7,DCC-CUSUM,110,0.014805608207047256,461,0,0.19954283167520703
D2,0.7,KCCA-logdet,110,1.5088866847904518,532,1,1.1970357199272255
D2,0.7,CorrCUSUM,111,0.7220573687334673,407,0,1.3400708231651535
D2,0.7,DCC-CUSUM,111,0.025037405233895284,408,0,0.19954283167520703
D2,0.7,KCCA-logdet,111,0.9104365391393873,504,0,1.1970357199272255
D2,0.7,CorrCUSUM,112,0.9609096171574297,539,0,1.3400708231651535
D2,0.7,DCC-CUSUM,112,0.0020201467202352447,540,0,0.19954283167520703
D2,0.7,KCCA-logdet,112,1.2443396282253483,513,1,1.1970357199272255
D2,0.7,CorrCUSUM,113,1.6355763209446654,441,1,1.3400708231651535
D2,0.7,DCC-CUSUM,113,0.45544538539794177,463,1,0.19954283167520703
D2,0.7,KCCA-logdet,113,0.714048425495184,340,0,1.1970357199272255
D2,0.7,CorrCUSUM,114,1.2456659960343786,227,0,1.3400708231651535
D2,0.7,DCC-CUSUM,114,0.06830087895906552,228,0,0.19954283167520703
D2,0.7,KCCA-logdet,114,1.1515152371413422,538,0,1.1970357199272255
D2,0.7,CorrCUSUM,115,1.5876344053851914,418,1,1.3400708231651535
D2,0.7,DCC-CUSUM,115,1.6288551550386418e-16,382,0,0.19954283167520703
D2,0.7,KCCA-logdet,115,1.243082089708398,64,1,1.1970357199272255
D2,0.7,CorrCUSUM,116,0.9414902319686873,394,0,1.3400708231651535
D2,0.7,DCC-CUSUM,116,1.5325402415233133e-16,395,0,0.19954283167520703
D2,0.7,KCCA-logdet,116,0.8040810971367219,532,0,1.1970357199272255
D2,0.7,CorrCUSUM,117,0.7461134161641122,427,0,1.3400708231651535
D2,0.7,DCC-CUSUM,117,8.880801584428073e-17,428,0,0.19954283167520703
D2,0.7,KCCA-logdet,117,1.1540643278468588,62,0,1.1970357199272255
D2,0.7,CorrCUSUM,118,0.8344212150557678,519,0,1.3400708231651535
D2,0.7,DCC-CUSUM,118,0.009327350196544458,520,0,0.19954283167520703
D2,0.7,KCCA-logdet,118,1.3679921992627952,522,1,1.1970357199272255
D2,0.7,CorrCUSUM,119,0.8849967921465063,530,0,1.3400708231651535
D2,0.7,DCC-CUSUM,119,0.05880264483015894,360,0,0.19954283167520703
D2,0.7,KCCA-logdet,119,0.8414933048828874,498,0,1.1970357199272255
D2,0.7,CorrCUSUM,120,1.0936651998623175,338,0,1.3400708231651535
D2,0.7,DCC-CUSUM,120,0.13358067358324582,339,0,0.19954283167520703
D2,0.7,KCCA-logdet,120,1.181783659450502,539,0,1.1970357199272255
D2,0.7,CorrCUSUM,121,1.5657902664845131,316,1,1.3400708231651535
D2,0.7,DCC-CUSUM,121,0.6113808882747217,317,1,0.19954283167520703
D2,0.7,KCCA-logdet,121,1.0700247468296225,419,0,1.1970357199272255
D2,0.7,CorrCUSUM,122,0.5444222744719088,156,0,1.3400708231651535
D2,0.7,DCC-CUSUM,122,5.704534032102722e-17,200,0,0.19954283167520703
D2,0.7,KCCA-logdet,122,1.1880928452779262,535,0,1.1970357199272255
D2,0.7,CorrCUSUM,123,1.178724464982342,431,0,1.3400708231651535
D2,0.7,DCC-CUSUM,123,9.291556362655209e-17,537,0,0.19954283167520703
D2,0.7,KCCA-logdet,123,1.669704795067572,531,1,1.1970357199272255
D2,0.7,CorrCUSUM,124,1.0041095235459587,213,0,1.3400708231651535
D2,0.7,DCC-CUSUM,124,0.0053980918141503294,214,0,0.19954283167520703
D2,0.7,KCCA-logdet,124,1.0908347326922943,540,0,1.1970357199272255
D2,0.7,CorrCUSUM,125,0.8846532857941032,429,0,1.3400708231651535
D2,0.7,DCC-CUSUM,125,0.03632156851553916,431,0,0.19954283167520703
D2,0.7,KCCA-logdet,125,0.9738529542627086,530,0,1.1970357199272255
D2,0.7,CorrCUSUM,126,1.5658070240944701,400,1,1.3400708231651535
D2,0.7,DCC-CUSUM,126,0.2956262461111711,403,1,0.19954283167520703
D2,0.7,KCCA-logdet,126,0.6881408709293676,402,0,1.1970357199272255
D2,0.7,CorrCUSUM,127,1.4362058142181624,430,1,1.3400708231651535
D2,0.7,DCC-CUSUM,127,0.10603858093764958,432,0,0.19954283167520703
D2,0.7,KCCA-logdet,127,0.8663884906664245,432,0,1.1970357199272255
D2,0.7,CorrCUSUM,128,0.725692963311082,516,0,1.3400708231651535
D2,0.7,DCC-CUSUM,128,0.0021813295351822367,517,0,0.19954283167520703
D2,0.7,KCCA-logdet,128,1.379772796179729,539,1,1.1970357199272255
D2,0.7,CorrCUSUM,129,1.5614378792582142,361,1,1.3400708231651535
D2,0.7,DCC-CUSUM,129,1.6624945549796572e-16,362,0,0.19954283167520703
D2,0.7,KCCA-logdet,129,0.7871108462232436,60,0,1.1970357199272255
D2,0.7,CorrCUSUM,130,0.7617364055525537,409,0,1.3400708231651535
D2,0.7,DCC-CUSUM,130,0.028705882194517245,410,0,0.19954283167520703
D2,0.7,KCCA-logdet,130,0.9452310218500194,540,0,1.1970357199272255
D2,0.7,CorrCUSUM,131,0.729710631615116,423,0,1.3400708231651535
D2,0.7,DCC-CUSUM,131,0.0022190044245595448,424,0,0.19954283167520703
D2,0.7,KCCA-logdet,131,0.6671256543646563,410,0,1.1970357199272255
D2,0.7,CorrCUSUM,132,1.0811140511878035,189,0,1.3400708231651535
D2,0.7,DCC-CUSUM,132,9.008277205257185e-17,190,0,0.19954283167520703
D2,0.7,KCCA-logdet,132,1.0838161271379863,522,0,1.1970357199272255
D2,0.7,CorrCUSUM,133,0.6771973597368829,336,0,1.3400708231651535
D2,0.7,DCC-CUSUM,133,1.287503770374022e-16,535,0,0.19954283167520703
D2,0.7,KCCA-logdet,133,1.1785563355658835,64,0,1.1970357199272255
D2,0.7,CorrCUSUM,134,0.7652234465210257,122,0,1.3400708231651535
D2,0.7,DCC-CUSUM,134,2.3115579243678814e-16,478,0,0.19954283167520703
D2,0.7,KCCA-logdet,134,0.962525631819621,60,0,1.1970357199272255
D2,0.7,CorrCUSUM,135,0.6368353403234668,222,0,1.3400708231651535
D2,0.7,DCC-CUSUM,135,1.4688024311087578e-16,483,0,0.19954283167520703
D2,0.7,KCCA-logdet,135,1.2492608229534623,530,1,1.1970357199272255
D2,0.7,CorrCUSUM,136,0.853754519986499,381,0,1.3400708231651535
D2,0.7,DCC-CUSUM,136,9.936016445735715e-17,382,0,0.19954283167520703
D2,0.7,KCCA-logdet,136,0.791644238979959,513,0,1.1970357199272255
D2,0.7,CorrCUSUM,137,0.6304757103905686,220,0,1.3400708231651535
D2,0.7,DCC-CUSUM,137,0.001489064402526047,221,0,0.19954283167520703
D2,0.7,KCCA-logdet,137,1.7887717754717236,540,1,1.1970357199272255
D2,0.7,CorrCUSUM,138,1.0236075334330703,443,0,1.3400708231651535
D2,0.7,DCC-CUSUM,138,0.08924999560027762,472,0,0.19954283167520703
D2,0.7,KCCA-logdet,138,0.9469686437134776,503,0,1.1970357199272255
D2,0.7,CorrCUSUM,139,0.8956099077957007,193,0,1.3400708231651535
D2,0.7,DCC-CUSUM,139,0.10563742536839069,194,0,0.19954283167520703
D2,0.7,KCCA-logdet,139,0.9157865500045951,389,0,1.1970357199272255
D2,0.7,CorrCUSUM,140,0.5912861453258568,320,0,1.3400708231651535
D2,0.7,DCC-CUSUM,140,3.1160707313782715e-17,536,0,0.19954283167520703
D2,0.7,KCCA-logdet,140,1.6463070812840375,509,1,1.1970357199272255
D2,0.7,CorrCUSUM,141,1.1576284899698948,323,0,1.3400708231651535
D2,0.7,DCC-CUSUM,141,0.00971843376777783,324,0,0.19954283167520703
D2,0.7,KCCA-logdet,141,0.7096289794791968,536,0,1.1970357199272255
D2,0.7,CorrCUSUM,142,0.5451858387891364,508,0,1.3400708231651535
D2,0.7,DCC-CUSUM,142,0.04023441196904292,383,0,0.19954283167520703
D2,0.7,KCCA-logdet,142,0.8644840074382993,507,0,1.1970357199272255
D2,0.7,CorrCUSUM,143,0.5893361208351482,246,0,1.3400708231651535
D2,0.7,DCC-CUSUM,143,7.23778247151953e-17,247,0,0.19954283167520703
D2,0.7,KCCA-logdet,143,0.9301814591239829,62,0,1.1970357199272255
D2,0.7,CorrCUSUM,144,0.6424668810574182,379,0,1.3400708231651535
D2,0.7,DCC-CUSUM,144,8.080537964778653e-17,380,0,0.19954283167520703
D2,0.7,KCCA-logdet,144,1.1631296998663194,537,0,1.1970357199272255
D2,0.7,CorrCUSUM,145,0.7406005004067424,266,0,1.3400708231651535
D2,0.7,DCC-CUSUM,145,0.028161274071564196,245,0,0.19954283167520703
D2,0.7,KCCA-logdet,145,0.6753859790371248,61,0,1.1970357199272255
D2,0.7,CorrCUSUM,146,1.1488577320453792,166,0,1.3400708231651535
D2,0.7,DCC-CUSUM,146,0.10599838760193413,167,0,0.19954283167520703
D2,0.7,KCCA-logdet,146,1.0872421754073438,506,0,1.1970357199272255
D2,0.7,CorrCUSUM,147,0.5850647884178838,436,0,1.3400708231651535
D2,0.7,DCC-CUSUM,147,0.03823545339249122,443,0,0.19954283167520703
D2,0.7,KCCA-logdet,147,0.7885680549874948,489,0,1.1970357199272255
D2,0.7,CorrCUSUM,148,0.7168239354765767,306,0,1.3400708231651535
D2,0.7,DCC-CUSUM,148,7.096142892820518e-17,463,0,0.19954283167520703
D2,0.7,KCCA-logdet,148,0.865885065960043,540,0,1.1970357199272255
D2,0.7,CorrCUSUM,149,1.4840501278825982,275,1,1.3400708231651535
D2,0.7,DCC-CUSUM,149,1.5771567088135023e-16,275,0,0.19954283167520703
D2,0.7,KCCA-logdet,149,0.9974095224829689,73,0,1.1970357199272255
D2,0.7,CorrCUSUM,150,0.6685008005841959,499,0,1.3400708231651535
D2,0.7,DCC-CUSUM,150,2.52685008399038e-16,500,0,0.19954283167520703
D2,0.7,KCCA-logdet,150,0.7080886098268491,458,0,1.1970357199272255
D2,0.7,CorrCUSUM,151,1.125009452659525,524,0,1.3400708231651535
D2,0.7,DCC-CUSUM,151,0.056120021050178756,525,0,0.19954283167520703
D2,0.7,KCCA-logdet,151,1.0700496727405655,531,0,1.1970357199272255
D2,0.7,CorrCUSUM,152,1.526510797326554,294,1,1.3400708231651535
D2,0.7,DCC-CUSUM,152,0.045907881013651446,295,0,0.19954283167520703
D2,0.7,KCCA-logdet,152,1.552528915725442,516,1,1.1970357199272255
D2,0.7,CorrCUSUM,153,0.46141239208920715,271,0,1.3400708231651535
D2,0.7,DCC-CUSUM,153,4.815745675766419e-17,272,0,0.19954283167520703
D2,0.7,KCCA-logdet,153,0.808828675143832,64,0,1.1970357199272255
D2,0.7,CorrCUSUM,154,1.2667963794625814,371,0,1.3400708231651535
D2,0.7,DCC-CUSUM,154,0.007072798387801279,382,0,0.19954283167520703
D2,0.7,KCCA-logdet,154,0.9845718314623155,62,0,1.1970357199272255
D2,0.7,CorrCUSUM,155,0.8659680760347376,256,0,1.3400708231651535
D2,0.7,DCC-CUSUM,155,7.860996617795185e-17,257,0,0.19954283167520703
D2,0.7,KCCA-logdet,155,1.4933525888695582,433,1,1.1970357199272255
D2,0.7,CorrCUSUM,156,0.6276999817914355,423,0,1.3400708231651535
D2,0.7,DCC-CUSUM,156,1.4277269532860443e-16,424,0,0.19954283167520703
D2,0.7,KCCA-logdet,156,1.029990831034356,61,0,1.1970357199272255
D2,0.7,CorrCUSUM,157,1.7161207268881264,363,1,1.3400708231651535
D2,0.7,DCC-CUSUM,157,0.4091434094257992,469,1,0.19954283167520703
D2,0.7,KCCA-logdet,157,1.199145600808241,531,1,1.1970357199272255
D2,0.7,CorrCUSUM,158,0.6117687243999972,301,0,1.3400708231651535
D2,0.7,DCC-CUSUM,158,0.047071603110183255,302,0,0.19954283167520703
D2,0.7,KCCA-logdet,158,0.8128561589964217,67,0,1.1970357199272255
D2,0.7,CorrCUSUM,159,0.8150367133859705,215,0,1.3400708231651535
D2,0.7,DCC-CUSUM,159,0.04590020359870751,216,0,0.19954283167520703
D2,0.7,KCCA-logdet,159,0.8020880948933335,540,0,1.1970357199272255
D2,0.7,CorrCUSUM,160,0.8917098661221614,436,0,1.3400708231651535
D2,0.7,DCC-CUSUM,160,0.12602415791130558,437,0,0.19954283167520703
D2,0.7,KCCA-logdet,160,0.8383860374003372,477,0,1.1970357199272255
D2,0.7,CorrCUSUM,161,1.0059690537910624,288,0,1.3400708231651535
D2,0.7,DCC-CUSUM,161,0.048449783238846154,289,0,0.19954283167520703
D2,0.7,KCCA-logdet,161,0.866823629887757,73,0,1.1970357199272255
D2,0.7,CorrCUSUM,162,0.6441350678357816,301,0,1.3400708231651535
D2,0.7,DCC-CUSUM,162,0.018856507954802232,326,0,0.19954283167520703
D2,0.7,KCCA-logdet,162,0.77170934945611,297,0,1.1970357199272255
D2,0.7,CorrCUSUM,163,0.8098769259699847,233,0,1.3400708231651535
D2,0.7,DCC-CUSUM,163,0.10924901884310195,237,0,0.19954283167520703
D2,0.7,KCCA-logdet,163,1.0340105787686509,540,0,1.1970357199272255
D2,0.7,CorrCUSUM,164,0.8113014466103217,430,0,1.3400708231651535
D2,0.7,DCC-CUSUM,164,1.2379299178293677e-16,431,0,0.19954283167520703
D2,0.7,KCCA-logdet,164,1.2221282086225616,356,1,1.1970357199272255
D2,0.7,CorrCUSUM,165,1.29337343970892,272,0,1.3400708231651535
D2,0.7,DCC-CUSUM,165,0.07303643606477368,274,0,0.19954283167520703
D2,0.7,KCCA-logdet,165,1.0420566936012041,540,0,1.1970357199272255
D2,0.7,CorrCUSUM,166,1.1338676864827135,360,0,1.3400708231651535
D2,0.7,DCC-CUSUM,166,0.044391013078241816,363,0,0.19954283167520703
D2,0.7,KCCA-logdet,166,0.8797934823391279,540,0,1.1970357199272255
D2,0.7,CorrCUSUM,167,1.4195159637630461,220,1,1.3400708231651535
D2,0.7,DCC-CUSUM,167,0.03229699567915422,221,0,0.19954283167520703
D2,0.7,KCCA-logdet,167,0.9542688036677468,536,0,1.1970357199272255
D2,0.7,CorrCUSUM,168,0.515772604292413,377,0,1.3400708231651535
D2,0.7,DCC-CUSUM,168,0.008631686853993402,380,0,0.19954283167520703
D2,0.7,KCCA-logdet,168,0.8170417054598783,540,0,1.1970357199272255
D2,0.7,CorrCUSUM,169,0.7370868220396511,340,0,1.3400708231651535
D2,0.7,DCC-CUSUM,169,0.05274097790830132,78,0,0.19954283167520703
D2,0.7,KCCA-logdet,169,0.7570323520861204,509,0,1.1970357199272255
D2,0.7,CorrCUSUM,170,0.6690937961432594,344,0,1.3400708231651535
D2,0.7,DCC-CUSUM,170,0.005960814026383103,345,0,0.19954283167520703
D2,0.7,KCCA-logdet,170,0.7604658247841583,61,0,1.1970357199272255
D2,0.7,CorrCUSUM,171,0.5539795750223087,117,0,1.3400708231651535
D2,0.7,DCC-CUSUM,171,8.462964827265987e-17,526,0,0.19954283167520703
D2,0.7,KCCA-logdet,171,0.8517425149390373,529,0,1.1970357199272255
D2,0.7,CorrCUSUM,172,1.0857521772594285,176,0,1.3400708231651535
D2,0.7,DCC-CUSUM,172,0.0,60,0,0.19954283167520703
D2,0.7,KCCA-logdet,172,0.8673089122971201,540,0,1.1970357199272255
D2,0.7,CorrCUSUM,173,1.2170611729656546,271,0,1.3400708231651535
D2,0.7,DCC-CUSUM,173,0.024171188209159276,272,0,0.19954283167520703
D2,0.7,KCCA-logdet,173,0.8342365574434657,65,0,1.1970357199272255
D2,0.7,CorrCUSUM,174,1.1869104892862725,314,0,1.3400708231651535
D2,0.7,DCC-CUSUM,174,0.061118112629289664,321,0,0.19954283167520703
D2,0.7,KCCA-logdet,174,0.8650812166288693,403,0,1.1970357199272255
D2,0.7,CorrCUSUM,175,0.6684837748362494,398,0,1.3400708231651535
D2,0.7,DCC-CUSUM,175,0.04818794814851217,399,0,0.19954283167520703
D2,0.7,KCCA-logdet,175,0.720065520804938,60,0,1.1970357199272255
D2,0.7,CorrCUSUM,176,0.9054814898673217,176,0,1.3400708231651535
D2,0.7,DCC-CUSUM,176,0.058122982481282386,203,0,0.19954283167520703
D2,0.7,KCCA-logdet,176,0.8976929624118021,506,0,1.1970357199272255
D2,0.7,CorrCUSUM,177,0.8868604744879572,526,0,1.3400708231651535
D2,0.7,DCC-CUSUM,177,7.648537249746665e-17,540,0,0.19954283167520703
D2,0.7,KCCA-logdet,177,1.7716545795518739,525,1,1.1970357199272255
D2,0.7,CorrCUSUM,178,1.0083905347626843,359,0,1.3400708231651535
D2,0.7,DCC-CUSUM,178,0.01787507460717659,360,0,0.19954283167520703
D2,0.7,KCCA-logdet,178,0.38628780679247543,487,0,1.1970357199272255
D2,0.7,CorrCUSUM,179,1.1768017032527838,241,0,1.3400708231651535
D2,0.7,DCC-CUSUM,179,0.1196216075497683,251,0,0.19954283167520703
D2,0.7,KCCA-logdet,179,0.8440729487023626,500,0,1.1970357199272255
D2,0.7,CorrCUSUM,180,0.9680672678450714,369,0,1.3400708231651535
D2,0.7,DCC-CUSUM,180,9.114506889281443e-17,377,0,0.19954283167520703
D2,0.7,KCCA-logdet,180,0.5817704386024253,366,0,1.1970357199272255
D2,0.7,CorrCUSUM,181,1.4308920416037496,140,1,1.3400708231651535
D2,0.7,DCC-CUSUM,181,0.041528705650030716,149,0,0.19954283167520703
D2,0.7,KCCA-logdet,181,1.1235155583201626,74,0,1.1970357199272255
D2,0.7,CorrCUSUM,182,0.741948047501296,440,0,1.3400708231651535
D2,0.7,DCC-CUSUM,182,9.716475098752246e-17,113,0,0.19954283167520703
D2,0.7,KCCA-logdet,182,1.7891967654190764,537,1,1.1970357199272255
D2,0.7,CorrCUSUM,183,0.6115862991695292,371,0,1.3400708231651535
D2,0.7,DCC-CUSUM,183,0.022915765326868832,372,0,0.19954283167520703
D2,0.7,KCCA-logdet,183,1.246902678114053,536,1,1.1970357199272255
D2,0.7,CorrCUSUM,184,0.7603181624164371,196,0,1.3400708231651535
D2,0.7,DCC-CUSUM,184,1.0923952507161326e-16,535,0,0.19954283167520703
D2,0.7,KCCA-logdet,184,0.9774156280039662,375,0,1.1970357199272255
D2,0.7,CorrCUSUM,185,0.9180469231503541,304,0,1.3400708231651535
D2,0.7,DCC-CUSUM,185,0.05178875957444664,309,0,0.19954283167520703
D2,0.7,KCCA-logdet,185,1.1118041170683295,404,0,1.1970357199272255
D2,0.7,CorrCUSUM,186,1.0391810307679987,159,0,1.3400708231651535
D2,0.7,DCC-CUSUM,186,1.6146911971687405e-16,514,0,0.19954283167520703
D2,0.7,KCCA-logdet,186,0.9611346245279229,539,0,1.1970357199272255
D2,0.7,CorrCUSUM,187,0.7810144968243741,254,0,1.3400708231651535
D2,0.7,DCC-CUSUM,187,0.002752064399178623,255,0,0.19954283167520703
D2,0.7,KCCA-logdet,187,1.025554712742944,509,0,1.1970357199272255
D2,0.7,CorrCUSUM,188,1.0431921023015072,539,0,1.3400708231651535
D2,0.7,DCC-CUSUM,188,0.06755775983818307,513,0,0.19954283167520703
D2,0.7,KCCA-logdet,188,1.225656282315788,510,1,1.1970357199272255
D2,0.7,CorrCUSUM,189,1.0307625077171834,436,0,1.3400708231651535
D2,0.7,DCC-CUSUM,189,0.137626338767426,459,0,0.19954283167520703
D2,0.7,KCCA-logdet,189,1.3985218103476842,498,1,1.1970357199272255
D2,0.7,CorrCUSUM,190,1.3109765896175978,310,0,1.3400708231651535
D2,0.7,DCC-CUSUM,190,0.24263355841088205,331,1,0.19954283167520703
D2,0.7,KCCA-logdet,190,0.7545698718969333,507,0,1.1970357199272255
D2,0.7,CorrCUSUM,191,1.057089907394679,534,0,1.3400708231651535
D2,0.7,DCC-CUSUM,191,0.10442545056548085,537,0,0.19954283167520703
D2,0.7,KCCA-logdet,191,1.029029902534911,524,0,1.1970357199272255
D2,0.7,CorrCUSUM,192,1.1662129970933925,268,0,1.3400708231651535
D2,0.7,DCC-CUSUM,192,0.28611740416321463,276,1,0.19954283167520703
D2,0.7,KCCA-logdet,192,0.7404630069290127,508,0,1.1970357199272255
D2,0.7,CorrCUSUM,193,0.7521894605426998,301,0,1.3400708231651535
D2,0.7,DCC-CUSUM,193,0.03069500242606295,302,0,0.19954283167520703
D2,0.7,KCCA-logdet,193,1.4659089807303145,527,1,1.1970357199272255
D2,0.7,CorrCUSUM,194,1.225460795875672,441,0,1.3400708231651535
D2,0.7,DCC-CUSUM,194,0.1981299622471351,444,0,0.19954283167520703
D2,0.7,KCCA-logdet,194,1.0797185088661634,540,0,1.1970357199272255
D2,0.7,CorrCUSUM,195,1.1114691096704004,423,0,1.3400708231651535
D2,0.7,DCC-CUSUM,195,0.03890280586707183,424,0,0.19954283167520703
D2,0.7,KCCA-logdet,195,1.5364770685013112,534,1,1.1970357199272255
D2,0.7,CorrCUSUM,196,0.6762259976895254,202,0,1.3400708231651535
D2,0.7,DCC-CUSUM,196,0.037971247714636974,405,0,0.19954283167520703
D2,0.7,KCCA-logdet,196,1.0234031934554761,60,0,1.1970357199272255
D2,0.7,CorrCUSUM,197,1.5148012116813854,190,1,1.3400708231651535
D2,0.7,DCC-CUSUM,197,0.03767321676066747,211,0,0.19954283167520703
D2,0.7,KCCA-logdet,197,1.8331992380726099,534,1,1.1970357199272255
D2,0.7,CorrCUSUM,198,0.8002562784904126,261,0,1.3400708231651535
D2,0.7,DCC-CUSUM,198,8.542637090284182e-17,262,0,0.19954283167520703
D2,0.7,KCCA-logdet,198,0.695592684297541,391,0,1.1970357199272255
D2,0.7,CorrCUSUM,199,0.9722015510637803,327,0,1.3400708231651535
D2,0.7,DCC-CUSUM,199,0.06758442720897753,328,0,0.19954283167520703
D2,0.7,KCCA-logdet,199,0.4649333023754383,529,0,1.1970357199272255
D2,0.9,CorrCUSUM,0,1.2124444604404638,459,0,1.3400708231651535
D2,0.9,DCC-CUSUM,0,0.10891040311187947,460,0,0.19954283167520703
D2,0.9,KCCA-logdet,0,1.695727495774172,375,1,1.1970357199272255
D2,0.9,CorrCUSUM,1,1.0810011047129884,498,0,1.3400708231651535
D2,0.9,DCC-CUSUM,1,2.056606682709659e-16,521,0,0.19954283167520703
D2,0.9,KCCA-logdet,1,1.4093459665051664,325,1,1.1970357199272255
D2,0.9,CorrCUSUM,2,1.2127856675985127,494,0,1.3400708231651535
D2,0.9,DCC-CUSUM,2,0.04311322734167079,495,0,0.19954283167520703
D2,0.9,KCCA-logdet,2,1.3666019391530406,414,1,1.1970357199272255
D2,0.9,CorrCUSUM,3,1.4941336520978379,265,1,1.3400708231651535
D2,0.9,DCC-CUSUM,3,0.1155963745503577,266,0,0.19954283167520703
D2,0.9,KCCA-logdet,3,1.539582900255594,367,1,1.1970357199272255
D2,0.9,CorrCUSUM,4,1.0005026713697784,393,0,1.3400708231651535
D2,0.9,DCC-CUSUM,4,1.2549266672732492e-16,393,0,0.19954283167520703
D2,0.9,KCCA-logdet,4,1.9882935425059065,532,1,1.1970357199272255
D2,0.9,CorrCUSUM,5,1.8838134720751538,505,1,1.3400708231651535
D2,0.9,DCC-CUSUM,5,0.5404914473984794,523,1,0.19954283167520703
D2,0.9,KCCA-logdet,5,1.666874140566109,536,1,1.1970357199272255
D2,0.9,CorrCUSUM,6,1.0122384460605056,457,0,1.3400708231651535
D2,0.9,DCC-CUSUM,6,0.05292093377787201,462,0,0.19954283167520703
D2,0.9,KCCA-logdet,6,1.5033629376210929,516,1,1.1970357199272255
D2,0.9,CorrCUSUM,7,1.4036861901996787,456,1,1.3400708231651535
D2,0.9,DCC-CUSUM,7,0.1530356312196502,457,0,0.19954283167520703
D2,0.9,KCCA-logdet,7,1.9267779521075188,455,1,1.1970357199272255
D2,0.9,CorrCUSUM,8,1.646166041656308,505,1,1.3400708231651535
D2,0.9,DCC-CUSUM,8,0.0027427502443545192,513,0,0.19954283167520703
D2,0.9,KCCA-logdet,8,2.11800340025587,505,1,1.1970357199272255
D2,0.9,CorrCUSUM,9,1.2677666397767402,246,0,1.3400708231651535
D2,0.9,DCC-CUSUM,9,1.6982585486011578e-16,247,0,0.19954283167520703
D2,0.9,KCCA-logdet,9,1.5979340630315741,512,1,1.1970357199272255
D2,0.9,CorrCUSUM,10,0.5590798109308898,479,0,1.3400708231651535
D2,0.9,DCC-CUSUM,10,5.778894810919704e-17,480,0,0.19954283167520703
D2,0.9,KCCA-logdet,10,1.9737962161327398,498,1,1.1970357199272255
D2,0.9,CorrCUSUM,11,0.6961816722242414,511,0,1.3400708231651535
D2,0.9,DCC-CUSUM,11,6.232141462756543e-17,489,0,0.19954283167520703
D2,0.9,KCCA-logdet,11,1.596482753904392,301,1,1.1970357199272255
D2,0.9,CorrCUSUM,12,1.3496988934663456,346,1,1.3400708231651535
D2,0.9,DCC-CUSUM,12,0.01585899539077106,347,0,0.19954283167520703
D2,0.9,KCCA-logdet,12,0.8215346163138697,373,0,1.1970357199272255
D2,0.9,CorrCUSUM,13,1.5539226945961846,439,1,1.3400708231651535
D2,0.9,DCC-CUSUM,13,0.10808643171175379,441,0,0.19954283167520703
D2,0.9,KCCA-logdet,13,1.9535689535502947,377,1,1.1970357199272255
D2,0.9,CorrCUSUM,14,2.480585048866303,434,1,1.3400708231651535
D2,0.9,DCC-CUSUM,14,0.5144177956607012,447,1,0.19954283167520703
D2,0.9,KCCA-logdet,14,1.872391335564748,539,1,1.1970357199272255
D2,0.9,CorrCUSUM,15,1.4458033162422745,484,1,1.3400708231651535
D2,0.9,DCC-CUSUM,15,0.08018934139651628,444,0,0.19954283167520703
D2,0.9,KCCA-logdet,15,3.045534219344946,536,1,1.1970357199272255
D2,0.9,CorrCUSUM,16,1.4215790362119298,507,1,1.3400708231651535
D2,0.9,DCC-CUSUM,16,2.1090133268282935e-16,508,0,0.19954283167520703
D2,0.9,KCCA-logdet,16,2.070758835986534,537,1,1.1970357199272255
D2,0.9,CorrCUSUM,17,1.7478794859564217,444,1,1.3400708231651535
D2,0.9,DCC-CUSUM,17,0.24200420402050066,454,1,0.19954283167520703
D2,0.9,KCCA-logdet,17,2.078010702194223,480,1,1.1970357199272255
D2,0.9,CorrCUSUM,18,1.335311732299153,518,0,1.3400708231651535
D2,0.9,DCC-CUSUM,18,7.081978934950617e-20,534,0,0.19954283167520703
D2,0.9,KCCA-logdet,18,0.8138275036980697,353,0,1.1970357199272255
D2,0.9,CorrCUSUM,19,1.7162092368461268,403,1,1.3400708231651535
D2,0.9,DCC-CUSUM,19,1.8845145945903592e-16,404,0,0.19954283167520703
D2,0.9,KCCA-logdet,19,1.35154648698346,482,1,1.1970357199272255
D2,0.9,CorrCUSUM,20,0.5719248623147046,178,0,1.3400708231651535
D2,0.9,DCC-CUSUM,20,0.019428856400580282,179,0,0.19954283167520703
D2,0.9,KCCA-logdet,20,0.8080977363355211,537,0,1.1970357199272255
D2,0.9,CorrCUSUM,21,1.6406110916857104,351,1,1.3400708231651535
D2,0.9,DCC-CUSUM,21,0.30083569966575313,395,1,0.19954283167520703
D2,0.9,KCCA-logdet,21,1.0016982718951586,338,0,1.1970357199272255
D2,0.9,CorrCUSUM,22,0.7449906156690363,474,0,1.3400708231651535
D2,0.9,DCC-CUSUM,22,0.02026854600548813,475,0,0.19954283167520703
D2,0.9,KCCA-logdet,22,1.5535835520795025,478,1,1.1970357199272255
D2,0.9,CorrCUSUM,23,0.7238583203571486,404,0,1.3400708231651535
D2,0.9,DCC-CUSUM,23,0.028781783402611092,405,0,0.19954283167520703
D2,0.9,KCCA-logdet,23,1.0031051854415365,466,0,1.1970357199272255
D2,0.9,CorrCUSUM,24,1.2955765296475084,446,0,1.3400708231651535
D2,0.9,DCC-CUSUM,24,0.03323916268543087,446,0,0.19954283167520703
D2,0.9,KCCA-logdet,24,1.9875149196840056,539,1,1.1970357199272255
D2,0.9,CorrCUSUM,25,1.3970917975507369,337,1,1.3400708231651535
D2,0.9,DCC-CUSUM,25,1.5183762836534122e-16,338,0,0.19954283167520703
D2,0.9,KCCA-logdet,25,1.1321271737128284,539,0,1.1970357199272255
D2,0.9,CorrCUSUM,26,0.8607521195403763,145,0,1.3400708231651535
D2,0.9,DCC-CUSUM,26,1.274756208291111e-16,510,0,0.19954283167520703
D2,0.9,KCCA-logdet,26,1.5395613274463078,533,1,1.1970357199272255
D2,0.9,CorrCUSUM,27,0.5387635885407502,205,0,1.3400708231651535
D2,0.9,DCC-CUSUM,27,6.742043946072987e-17,205,0,0.19954283167520703
D2,0.9,KCCA-logdet,27,0.9317549874060123,484,0,1.1970357199272255
D2,0.9,CorrCUSUM,28,0.9605576789958904,425,0,1.3400708231651535
D2,0.9,DCC-CUSUM,28,0.030513198784406635,387,0,0.19954283167520703
D2,0.9,KCCA-logdet,28,2.411290086012019,540,1,1.1970357199272255
D2,0.9,CorrCUSUM,29,1.9394259588137215,390,1,1.3400708231651535
D2,0.9,DCC-CUSUM,29,0.18230659487066977,397,0,0.19954283167520703
D2,0.9,KCCA-logdet,29,2.1148705490418154,535,1,1.1970357199272255
D2,0.9,CorrCUSUM,30,0.8200650328870382,382,0,1.3400708231651535
D2,0.9,DCC-CUSUM,30,5.693911063700296e-17,380,0,0.19954283167520703
D2,0.9,KCCA-logdet,30,1.5947500484788486,535,1,1.1970357199272255
D2,0.9,CorrCUSUM,31,1.5824570655981847,382,1,1.3400708231651535
D2,0.9,DCC-CUSUM,31,0.11824795043689942,384,0,0.19954283167520703
D2,0.9,KCCA-logdet,31,1.2318265128945893,300,1,1.1970357199272255
D2,0.9,CorrCUSUM,32,0.7553465996483952,216,0,1.3400708231651535
D2,0.9,DCC-CUSUM,32,3.668465088304419e-17,448,0,0.19954283167520703
D2,0.9,KCCA-logdet,32,2.167550067710841,468,1,1.1970357199272255
D2,0.9,CorrCUSUM,33,0.7733693392762611,490,0,1.3400708231651535
D2,0.9,DCC-CUSUM,33,0.08333193112529831,221,0,0.19954283167520703
D2,0.9,KCCA-logdet,33,1.808669976349258,490,1,1.1970357199272255
D2,0.9,CorrCUSUM,34,0.8543688108039719,257,0,1.3400708231651535
D2,0.9,DCC-CUSUM,34,3.059414899898666e-16,540,0,0.19954283167520703
D2,0.9,KCCA-logdet,34,1.389238049805618,403,1,1.1970357199272255
D2,0.9,CorrCUSUM,35,0.8405611077465699,278,0,1.3400708231651535
D2,0.9,DCC-CUSUM,35,0.05681907851873749,281,0,0.19954283167520703
D2,0.9,KCCA-logdet,35,1.744286387251573,422,1,1.1970357199272255
D2,0.9,CorrCUSUM,36,1.2744556004106855,459,0,1.3400708231651535
D2,0.9,DCC-CUSUM,36,0.05490770059831834,468,0,0.19954283167520703
D2,0.9,KCCA-logdet,36,2.0289143952087176,318,1,1.1970357199272255
D2,0.9,CorrCUSUM,37,0.6912432980384721,352,0,1.3400708231651535
D2,0.9,DCC-CUSUM,37,0.06470168464975576,353,0,0.19954283167520703
D2,0.9,KCCA-logdet,37,1.4178604869537565,421,1,1.1970357199272255
D2,0.9,CorrCUSUM,38,0.7611755929705116,494,0,1.3400708231651535
D2,0.9,DCC-CUSUM,38,0.07014633307556427,496,0,0.19954283167520703
D2,0.9,KCCA-logdet,38,1.7414034828058897,502,1,1.1970357199272255
D2,0.9,CorrCUSUM,39,1.2649039609707466,457,0,1.3400708231651535
D2,0.9,DCC-CUSUM,39,3.3143661415568886e-16,489,0,0.19954283167520703
D2,0.9,KCCA-logdet,39,2.1140113240015976,538,1,1.1970357199272255
D2,0.9,CorrCUSUM,40,0.6529870300364742,431,0,1.3400708231651535
D2,0.9,DCC-CUSUM,40,0.030740864000521863,432,0,0.19954283167520703
D2,0.9,KCCA-logdet,40,1.569808451413617,339,1,1.1970357199272255
D2,0.9,CorrCUSUM,41,0.6174337191467827,212,0,1.3400708231651535
D2,0.9,DCC-CUSUM,41,7.482110744775326e-17,213,0,0.19954283167520703
D2,0.9,KCCA-logdet,41,1.4251024251571547,538,1,1.1970357199272255
D2,0.9,CorrCUSUM,42,0.9565818322908886,407,0,1.3400708231651535
D2,0.9,DCC-CUSUM,42,0.09423004740336187,408,0,0.19954283167520703
D2,0.9,KCCA-logdet,42,1.2246063466353343,468,1,1.1970357199272255
D2,0.9,CorrCUSUM,43,1.288395967721846,387,0,1.3400708231651535
D2,0.9,DCC-CUSUM,43,0.09298119700618666,388,0,0.19954283167520703
D2,0.9,KCCA-logdet,43,1.4013031307994688,298,1,1.1970357199272255
D2,0.9,CorrCUSUM,44,1.0433601719078358,400,0,1.3400708231651535
D2,0.9,DCC-CUSUM,44,0.06341090025143951,401,0,0.19954283167520703
D2,0.9,KCCA-logdet,44,1.2414594164089072,345,1,1.1970357199272255
D2,0.9,CorrCUSUM,45,1.0075726978145283,231,0,1.3400708231651535
D2,0.9,DCC-CUSUM,45,1.0779657186361707e-16,231,0,0.19954283167520703
D2,0.9,KCCA-logdet,45,1.4908017874511583,300,1,1.1970357199272255
D2,0.9,CorrCUSUM,46,1.1809015774194642,321,0,1.3400708231651535
D2,0.9,DCC-CUSUM,46,0.0787894502126549,519,0,0.19954283167520703
D2,0.9,KCCA-logdet,46,2.130257342263353,525,1,1.1970357199272255
D2,0.9,CorrCUSUM,47,1.1507282511300447,218,0,1.3400708231651535
D2,0.9,DCC-CUSUM,47,1.1911888568586937e-16,219,0,0.19954283167520703
D2,0.9,KCCA-logdet,47,1.2612487271235218,517,1,1.1970357199272255
D2,0.9,CorrCUSUM,48,0.7321575509546512,467,0,1.3400708231651535
D2,0.9,DCC-CUSUM,48,1.010598394017453e-16,468,0,0.19954283167520703
D2,0.9,KCCA-logdet,48,1.3780354044860783,453,1,1.1970357199272255
D2,0.9,CorrCUSUM,49,1.304170153045201,341,0,1.3400708231651535
D2,0.9,DCC-CUSUM,49,0.037499926757539485,342,0,0.19954283167520703
D2,0.9,KCCA-logdet,49,1.711834350826678,486,1,1.1970357199272255
D2,0.9,CorrCUSUM,50,0.8785806514154679,244,0,1.3400708231651535
D2,0.9,DCC-CUSUM,50,0.040860396767229766,389,0,0.19954283167520703
D2,0.9,KCCA-logdet,50,0.8612999985258066,515,0,1.1970357199272255
D2,0.9,CorrCUSUM,51,1.1096910023696542,492,0,1.3400708231651535
D2,0.9,DCC-CUSUM,51,0.034680521195841835,495,0,0.19954283167520703
D2,0.9,KCCA-logdet,51,1.6305164409912614,491,1,1.1970357199272255
D2,0.9,CorrCUSUM,52,0.7647120565390484,344,0,1.3400708231651535
D2,0.9,DCC-CUSUM,52,0.0005472734589874144,343,0,0.19954283167520703
D2,0.9,KCCA-logdet,52,1.4561446058972676,468,1,1.1970357199272255
D2,0.9,CorrCUSUM,53,1.117252376801063,429,0,1.3400708231651535
D2,0.9,DCC-CUSUM,53,2.892988394927327e-17,430,0,0.19954283167520703
D2,0.9,KCCA-logdet,53,1.2952059239369706,529,1,1.1970357199272255
D2,0.9,CorrCUSUM,54,1.0132102323996826,516,0,1.3400708231651535
D2,0.9,DCC-CUSUM,54,0.21286104307844977,254,1,0.19954283167520703
D2,0.9,KCCA-logdet,54,1.392234735099631,313,1,1.1970357199272255
D2,0.9,CorrCUSUM,55,0.9222289229523828,454,0,1.3400708231651535
D2,0.9,DCC-CUSUM,55,0.09463705256140326,454,0,0.19954283167520703
D2,0.9,KCCA-logdet,55,1.312709938636239,313,1,1.1970357199272255
D2,0.9,CorrCUSUM,56,0.7172695115415137,212,0,1.3400708231651535
D2,0.9,DCC-CUSUM,56,5.2689923276032586e-17,475,0,0.19954283167520703
D2,0.9,KCCA-logdet,56,1.5119447366307799,393,1,1.1970357199272255
D2,0.9,CorrCUSUM,57,1.2530404783897768,491,0,1.3400708231651535
D2,0.9,DCC-CUSUM,57,0.012243149808144817,457,0,0.19954283167520703
D2,0.9,KCCA-logdet,57,1.123524583016523,498,0,1.1970357199272255
D2,0.9,CorrCUSUM,58,0.8264251691000455,465,0,1.3400708231651535
D2,0.9,DCC-CUSUM,58,6.118829799797333e-17,129,0,0.19954283167520703
D2,0.9,KCCA-logdet,58,1.7926761786797663,539,1,1.1970357199272255
D2,0.9,CorrCUSUM,59,1.2408264705972922,298,0,1.3400708231651535
D2,0.9,DCC-CUSUM,59,1.1897724610717036e-16,299,0,0.19954283167520703
D2,0.9,KCCA-logdet,59,1.5079193466518934,323,1,1.1970357199272255
D2,0.9,CorrCUSUM,60,0.9612567965939474,462,0,1.3400708231651535
D2,0.9,DCC-CUSUM,60,0.08901112403918175,385,0,0.19954283167520703
D2,0.9,KCCA-logdet,60,1.556926671512443,348,1,1.1970357199272255
D2,0.9,CorrCUSUM,61,1.0376458451259674,353,0,1.3400708231651535
D2,0.9,DCC-CUSUM,61,0.11679569868043208,175,0,0.19954283167520703
D2,0.9,KCCA-logdet,61,1.6608077141026487,439,1,1.1970357199272255
D2,0.9,CorrCUSUM,62,2.216427229483284,424,1,1.3400708231651535
D2,0.9,DCC-CUSUM,62,0.07820363393255374,425,0,0.19954283167520703
D2,0.9,KCCA-logdet,62,1.8283238279302276,499,1,1.1970357199272255
D2,0.9,CorrCUSUM,63,0.9572938111769064,330,0,1.3400708231651535
D2,0.9,DCC-CUSUM,63,0.043763822326278824,143,0,0.19954283167520703
D2,0.9,KCCA-logdet,63,2.134086819685505,538,1,1.1970357199272255
D2,0.9,CorrCUSUM,64,1.6595336701719323,394,1,1.3400708231651535
D2,0.9,DCC-CUSUM,64,0.04054047327090839,394,0,0.19954283167520703
D2,0.9,KCCA-logdet,64,1.4161712178184525,300,1,1.1970357199272255
D2,0.9,CorrCUSUM,65,1.322050629158833,197,0,1.3400708231651535
D2,0.9,DCC-CUSUM,65,0.03695134403977052,198,0,0.19954283167520703
D2,0.9,KCCA-logdet,65,1.5679095978775464,536,1,1.1970357199272255
D2,0.9,CorrCUSUM,66,1.107967338472186,324,0,1.3400708231651535
D2,0.9,DCC-CUSUM,66,0.12986180440846648,237,0,0.19954283167520703
D2,0.9,KCCA-logdet,66,2.209957100674829,539,1,1.1970357199272255
D2,0.9,CorrCUSUM,67,1.9037429782847324,314,1,1.3400708231651535
D2,0.9,DCC-CUSUM,67,1.1047887138522962e-16,315,0,0.19954283167520703
D2,0.9,KCCA-logdet,67,1.0910506428051157,402,0,1.1970357199272255
D2,0.9,CorrCUSUM,68,1.8417565723885538,357,1,1.3400708231651535
D2,0.9,DCC-CUSUM,68,0.36973696825193364,360,1,0.19954283167520703
D2,0.9,KCCA-logdet,68,1.6766829312215812,530,1,1.1970357199272255
D2,0.9,CorrCUSUM,69,0.8431566850537983,321,0,1.3400708231651535
D2,0.9,DCC-CUSUM,69,9.815622803841554e-17,477,0,0.19954283167520703
D2,0.9,KCCA-logdet,69,1.2873009224395036,299,1,1.1970357199272255
D2,0.9,CorrCUSUM,70,0.8791381037876177,478,0,1.3400708231651535
D2,0.9,DCC-CUSUM,70,0.049384109054115104,480,0,0.19954283167520703
D2,0.9,KCCA-logdet,70,2.104191575902402,522,1,1.1970357199272255
D2,0.9,CorrCUSUM,71,1.690338200993719,463,1,1.3400708231651535
D2,0.9,DCC-CUSUM,71,0.31249632362360763,489,1,0.19954283167520703
D2,0.9,KCCA-logdet,71,1.9634524543729834,487,1,1.1970357199272255
D2,0.9,CorrCUSUM,72,1.1443510865976547,355,0,1.3400708231651535
D2,0.9,DCC-CUSUM,72,0.0543031749437173,349,0,0.19954283167520703
D2,0.9,KCCA-logdet,72,1.6015963505375497,464,1,1.1970357199272255
D2,0.9,CorrCUSUM,73,1.026061803752528,348,0,1.3400708231651535
D2,0.9,DCC-CUSUM,73,0.04302329975752328,349,0,0.19954283167520703
D2,0.9,KCCA-logdet,73,1.9500000923731562,356,1,1.1970357199272255
D2,0.9,CorrCUSUM,74,1.4231291750810415,417,1,1.3400708231651535
D2,0.9,DCC-CUSUM,74,0.036540289557041104,418,0,0.19954283167520703
D2,0.9,KCCA-logdet,74,1.5413247316171168,339,1,1.1970357199272255
D2,0.9,CorrCUSUM,75,1.2502208664602223,355,0,1.3400708231651535
D2,0.9,DCC-CUSUM,75,0.5578593381116581,373,1,0.19954283167520703
D2,0.9,KCCA-logdet,75,1.5257452782460637,304,1,1.1970357199272255
D2,0.9,CorrCUSUM,76,0.6295924549148323,391,0,1.3400708231651535
D2,0.9,DCC-CUSUM,76,0.036031549964437685,393,0,0.19954283167520703
D2,0.9,KCCA-logdet,76,0.8997410858460149,378,0,1.1970357199272255
D2,0.9,CorrCUSUM,77,0.8759628943178254,202,0,1.3400708231651535
D2,0.9,DCC-CUSUM,77,1.529707449949333e-16,540,0,0.19954283167520703
D2,0.9,KCCA-logdet,77,1.4988460190803006,448,1,1.1970357199272255
D2,0.9,CorrCUSUM,78,1.1297745947759734,200,0,1.3400708231651535
D2,0.9,DCC-CUSUM,78,1.794130838433052e-16,201,0,0.19954283167520703
D2,0.9,KCCA-logdet,78,2.344570195411981,357,1,1.1970357199272255
D2,0.9,CorrCUSUM,79,1.0864096229207636,306,0,1.3400708231651535
D2,0.9,DCC-CUSUM,79,0.09320194402217516,310,0,0.19954283167520703
D2,0.9,KCCA-logdet,79,2.389696605663716,533,1,1.1970357199272255
D2,0.9,CorrCUSUM,80,1.7688911082321028,352,1,1.3400708231651535
D2,0.9,DCC-CUSUM,80,0.25095676727892674,358,1,0.19954283167520703
D2,0.9,KCCA-logdet,80,1.556507264772384,347,1,1.1970357199272255
D2,0.9,CorrCUSUM,81,0.8590805773599796,516,0,1.3400708231651535
D2,0.9,DCC-CUSUM,81,0.10074607166284441,519,0,0.19954283167520703
D2,0.9,KCCA-logdet,81,1.4823642550050358,337,1,1.1970357199272255
D2,0.9,CorrCUSUM,82,0.9103005033265316,430,0,1.3400708231651535
D2,0.9,DCC-CUSUM,82,0.007682759976636997,431,0,0.19954283167520703
D2,0.9,KCCA-logdet,82,1.9950521449843148,464,1,1.1970357199272255
D2,0.9,CorrCUSUM,83,0.9118259280375133,226,0,1.3400708231651535
D2,0.9,DCC-CUSUM,83,0.14697024012422577,230,0,0.19954283167520703
D2,0.9,KCCA-logdet,83,1.4201259819625023,303,1,1.1970357199272255
D2,0.9,CorrCUSUM,84,0.7359745330585657,406,0,1.3400708231651535
D2,0.9,DCC-CUSUM,84,0.022344831831197964,251,0,0.19954283167520703
D2,0.9,KCCA-logdet,84,1.1104699765889052,311,0,1.1970357199272255
D2,0.9,CorrCUSUM,85,0.6786074127544589,374,0,1.3400708231651535
D2,0.9,DCC-CUSUM,85,7.560012513059783e-17,375,0,0.19954283167520703
D2,0.9,KCCA-logdet,85,1.2252020470017992,517,1,1.1970357199272255
D2,0.9,CorrCUSUM,86,1.4249437056809688,320,1,1.3400708231651535
D2,0.9,DCC-CUSUM,86,0.08386814097257644,329,0,0.19954283167520703
D2,0.9,KCCA-logdet,86,1.9769943195775568,519,1,1.1970357199272255
D2,0.9,CorrCUSUM,87,1.2180761489995997,387,0,1.3400708231651535
D2,0.9,DCC-CUSUM,87,8.583358469160147e-17,540,0,0.19954283167520703
D2,0.9,KCCA-logdet,87,1.9138729193593453,377,1,1.1970357199272255
D2,0.9,CorrCUSUM,88,1.498555646748253,425,1,1.3400708231651535
D2,0.9,DCC-CUSUM,88,0.37116623099372376,435,1,0.19954283167520703
D2,0.9,KCCA-logdet,88,2.572676680874831,540,1,1.1970357199272255
D2,0.9,CorrCUSUM,89,0.7479771428531725,64,0,1.3400708231651535
D2,0.9,DCC-CUSUM,89,0.05862412640751563,81,0,0.19954283167520703
D2,0.9,KCCA-logdet,89,1.1622279140563687,306,0,1.1970357199272255
D2,0.9,CorrCUSUM,90,1.6819361969360787,382,1,1.3400708231651535
D2,0.9,DCC-CUSUM,90,0.08081848160689095,383,0,0.19954283167520703
D2,0.9,KCCA-logdet,90,1.8180633542636164,432,1,1.1970357199272255
D2,0.9,CorrCUSUM,91,0.9566578478161952,485,0,1.3400708231651535
D2,0.9,DCC-CUSUM,91,0.23217596573128696,497,1,0.19954283167520703
D2,0.9,KCCA-logdet,91,1.7242553145819424,367,1,1.1970357199272255
D2,0.9,CorrCUSUM,92,0.8529885409799601,212,0,1.3400708231651535
D2,0.9,DCC-CUSUM,92,0.02339175806342538,214,0,0.19954283167520703
D2,0.9,KCCA-logdet,92,1.543680661619288,540,1,1.1970357199272255
D2,0.9,CorrCUSUM,93,1.8659349813498638,363,1,1.3400708231651535
D2,0.9,DCC-CUSUM,93,0.159670724554076,369,0,0.19954283167520703
D2,0.9,KCCA-logdet,93,2.2708121330677264,367,1,1.1970357199272255
D2,0.9,CorrCUSUM,94,1.0599600135286311,420,0,1.3400708231651535
D2,0.9,DCC-CUSUM,94,0.1407859060370773,423,0,0.19954283167520703
D2,0.9,KCCA-logdet,94,1.7031400859152805,371,1,1.1970357199272255
D2,0.9,CorrCUSUM,95,0.981721438995341,523,0,1.3400708231651535
D2,0.9,DCC-CUSUM,95,5.793058768789605e-16,524,0,0.19954283167520703
D2,0.9,KCCA-logdet,95,1.2478370435788209,539,1,1.1970357199272255
D2,0.9,CorrCUSUM,96,0.8300375080242057,476,0,1.3400708231651535
D2,0.9,DCC-CUSUM,96,1.5127107005054517e-16,530,0,0.19954283167520703
D2,0.9,KCCA-logdet,96,2.057080759403874,456,1,1.1970357199272255
D2,0.9,CorrCUSUM,97,0.8055297085413082,169,0,1.3400708231651535
D2,0.9,DCC-CUSUM,97,0.029369016181543067,170,0,0.19954283167520703
D2,0.9,KCCA-logdet,97,1.2237474976759755,298,1,1.1970357199272255
D2,0.9,CorrCUSUM,98,0.9797400610424142,205,0,1.3400708231651535
D2,0.9,DCC-CUSUM,98,1.0311361329288098e-16,206,0,0.19954283167520703
D2,0.9,KCCA-logdet,98,1.4116647660731172,346,1,1.1970357199272255
D2,0.9,CorrCUSUM,99,2.1062801423519035,363,1,1.3400708231651535
D2,0.9,DCC-CUSUM,99,0.18890701215012576,364,0,0.19954283167520703
D2,0.9,KCCA-logdet,99,1.78220878328535,401,1,1.1970357199272255
D2,0.9,CorrCUSUM,100,1.1043644949298748,482,0,1.3400708231651535
D2,0.9,DCC-CUSUM,100,0.04605409094465998,484,0,0.19954283167520703
D2,0.9,KCCA-logdet,100,2.0674142476701878,507,1,1.1970357199272255
D2,0.9,CorrCUSUM,101,1.8686733007241072,311,1,1.3400708231651535
D2,0.9,DCC-CUSUM,101,3.059414899898666e-16,540,0,0.19954283167520703
D2,0.9,KCCA-logdet,101,1.28769235103784,492,1,1.1970357199272255
D2,0.9,CorrCUSUM,102,0.8202445690304532,347,0,1.3400708231651535
D2,0.9,DCC-CUSUM,102,0.018150031703707582,348,0,0.19954283167520703
D2,0.9,KCCA-logdet,102,2.2089695664702176,537,1,1.1970357199272255
D2,0.9,CorrCUSUM,103,1.2244204941903731,492,0,1.3400708231651535
D2,0.9,DCC-CUSUM,103,0.12232620848824634,494,0,0.19954283167520703
D2,0.9,KCCA-logdet,103,1.2519511088686877,539,1,1.1970357199272255
D2,0.9,CorrCUSUM,104,0.993790246650233,304,0,1.3400708231651535
D2,0.9,DCC-CUSUM,104,5.904954035961824e-16,305,0,0.19954283167520703
D2,0.9,KCCA-logdet,104,1.4700448983699832,520,1,1.1970357199272255
D2,0.9,CorrCUSUM,105,0.8305831833919866,279,0,1.3400708231651535
D2,0.9,DCC-CUSUM,105,0.017454093653797884,280,0,0.19954283167520703
D2,0.9,KCCA-logdet,105,1.378477202936605,491,1,1.1970357199272255
D2,0.9,CorrCUSUM,106,1.3002359532927659,490,0,1.3400708231651535
D2,0.9,DCC-CUSUM,106,0.17787038926337378,507,0,0.19954283167520703
D2,0.9,KCCA-logdet,106,1.427111542616735,480,1,1.1970357199272255
D2,0.9,CorrCUSUM,107,1.4405603980037935,494,1,1.3400708231651535
D2,0.9,DCC-CUSUM,107,0.06832438841692577,279,0,0.19954283167520703
D2,0.9,KCCA-logdet,107,1.5419396134144305,494,1,1.1970357199272255
D2,0.9,CorrCUSUM,108,2.036249767313597,432,1,1.3400708231651535
D2,0.9,DCC-CUSUM,108,0.13795308212395335,346,0,0.19954283167520703
D2,0.9,KCCA-logdet,108,1.7339783197912204,494,1,1.1970357199272255
D2,0.9,CorrCUSUM,109,1.3144347544527617,345,0,1.3400708231651535
D2,0.9,DCC-CUSUM,109,0.19845376596326306,368,0,0.19954283167520703
D2,0.9,KCCA-logdet,109,1.3474258849859393,307,1,1.1970357199272255
D2,0.9,CorrCUSUM,110,0.9977567063673951,477,0,1.3400708231651535
D2,0.9,DCC-CUSUM,110,1.1217854632961776e-16,478,0,0.19954283167520703
D2,0.9,KCCA-logdet,110,2.1997001034941386,539,1,1.1970357199272255
D2,0.9,CorrCUSUM,111,1.7409587281281047,265,1,1.3400708231651535
D2,0.9,DCC-CUSUM,111,0.5738639796776578,315,1,0.19954283167520703
D2,0.9,KCCA-logdet,111,2.0307317045592623,463,1,1.1970357199272255
D2,0.9,CorrCUSUM,112,1.078154114411907,240,0,1.3400708231651535
D2,0.9,DCC-CUSUM,112,0.06864269852005477,241,0,0.19954283167520703
D2,0.9,KCCA-logdet,112,1.5180369957975075,506,1,1.1970357199272255
D2,0.9,CorrCUSUM,113,0.965996898098505,162,0,1.3400708231651535
D2,0.9,DCC-CUSUM,113,1.275464406184606e-16,141,0,0.19954283167520703
D2,0.9,KCCA-logdet,113,2.598708512028201,540,1,1.1970357199272255
D2,0.9,CorrCUSUM,114,0.7777464832023556,384,0,1.3400708231651535
D2,0.9,DCC-CUSUM,114,0.025695855577148836,385,0,0.19954283167520703
D2,0.9,KCCA-logdet,114,1.0541952697806063,344,0,1.1970357199272255
D2,0.9,CorrCUSUM,115,2.0264144806881546,412,1,1.3400708231651535
D2,0.9,DCC-CUSUM,115,0.21270188024009193,413,1,0.19954283167520703
D2,0.9,KCCA-logdet,115,2.514229778553026,411,1,1.1970357199272255
D2,0.9,CorrCUSUM,116,1.192101113370931,439,0,1.3400708231651535
D2,0.9,DCC-CUSUM,116,1.0198049666328888e-16,224,0,0.19954283167520703
D2,0.9,KCCA-logdet,116,1.6567802645053984,477,1,1.1970357199272255
D2,0.9,CorrCUSUM,117,1.525998284962651,197,1,1.3400708231651535
D2,0.9,DCC-CUSUM,117,0.009373951448854407,198,0,0.19954283167520703
D2,0.9,KCCA-logdet,117,1.692953715569628,380,1,1.1970357199272255
D2,0.9,CorrCUSUM,118,0.9280845154170537,220,0,1.3400708231651535
D2,0.9,DCC-CUSUM,118,0.032139846280870694,221,0,0.19954283167520703
D2,0.9,KCCA-logdet,118,1.5974524119939535,530,1,1.1970357199272255
D2,0.9,CorrCUSUM,119,0.9420093169256395,537,0,1.3400708231651535
D2,0.9,DCC-CUSUM,119,0.012523518969128686,538,0,0.19954283167520703
D2,0.9,KCCA-logdet,119,2.1411306109331267,486,1,1.1970357199272255
D2,0.9,CorrCUSUM,120,0.6433485459699426,308,0,1.3400708231651535
D2,0.9,DCC-CUSUM,120,6.118829799797333e-17,293,0,0.19954283167520703
D2,0.9,KCCA-logdet,120,1.4004707480816327,520,1,1.1970357199272255
D2,0.9,CorrCUSUM,121,1.373473671433624,417,1,1.3400708231651535
D2,0.9,DCC-CUSUM,121,0.09534931428632357,418,0,0.19954283167520703
D2,0.9,KCCA-logdet,121,1.703447552283814,533,1,1.1970357199272255
D2,0.9,CorrCUSUM,122,0.7980513748216174,328,0,1.3400708231651535
D2,0.9,DCC-CUSUM,122,0.07953085174917054,329,0,0.19954283167520703
D2,0.9,KCCA-logdet,122,1.3586721978375782,458,1,1.1970357199272255
D2,0.9,CorrCUSUM,123,1.2348565906736795,347,0,1.3400708231651535
D2,0.9,DCC-CUSUM,123,0.23489867770876585,348,1,0.19954283167520703
D2,0.9,KCCA-logdet,123,1.8060008431525327,455,1,1.1970357199272255
D2,0.9,CorrCUSUM,124,0.480843383944053,412,0,1.3400708231651535
D2,0.9,DCC-CUSUM,124,1.1331166295920987e-16,413,0,0.19954283167520703
D2,0.9,KCCA-logdet,124,1.9335067113522446,510,1,1.1970357199272255
D2,0.9,CorrCUSUM,125,1.414738290471129,310,1,1.3400708231651535
D2,0.9,DCC-CUSUM,125,0.0964241222872949,312,0,0.19954283167520703
D2,0.9,KCCA-logdet,125,1.2186414804492134,304,1,1.1970357199272255
D2,0.9,CorrCUSUM,126,1.0805301563061267,509,0,1.3400708231651535
D2,0.9,DCC-CUSUM,126,1.3958580480787666e-16,510,0,0.19954283167520703
D2,0.9,KCCA-logdet,126,1.619908585121398,456,1,1.1970357199272255
D2,0.9,CorrCUSUM,127,0.6727435751138999,295,0,1.3400708231651535
D2,0.9,DCC-CUSUM,127,0.042805819898138066,298,0,0.19954283167520703
D2,0.9,KCCA-logdet,127,1.2933518843827203,524,1,1.1970357199272255
D2,0.9,CorrCUSUM,128,0.947936558081353,309,0,1.3400708231651535
D2,0.9,DCC-CUSUM,128,0.06344657320757917,307,0,0.19954283167520703
D2,0.9,KCCA-logdet,128,1.9064019947806718,436,1,1.1970357199272255
D2,0.9,CorrCUSUM,129,0.7713386605404536,514,0,1.3400708231651535
D2,0.9,DCC-CUSUM,129,0.015115138893042487,512,0,0.19954283167520703
D2,0.9,KCCA-logdet,129,1.876625560178238,400,1,1.1970357199272255
D2,0.9,CorrCUSUM,130,0.5887823131547402,223,0,1.3400708231651535
D2,0.9,DCC-CUSUM,130,9.376540109874616e-17,540,0,0.19954283167520703
D2,0.9,KCCA-logdet,130,2.5182708401231535,516,1,1.1970357199272255
D2,0.9,CorrCUSUM,131,1.2333922356836107,409,0,1.3400708231651535
D2,0.9,DCC-CUSUM,131,3.2350479774854414e-16,410,0,0.19954283167520703
D2,0.9,KCCA-logdet,131,1.9651415755031214,365,1,1.1970357199272255
D2,0.9,CorrCUSUM,132,0.9198383634662205,389,0,1.3400708231651535
D2,0.9,DCC-CUSUM,132,1.6175239887427207e-16,540,0,0.19954283167520703
D2,0.9,KCCA-logdet,132,1.17627206859971,540,0,1.1970357199272255
D2,0.9,CorrCUSUM,133,1.0476996044368339,439,0,1.3400708231651535
D2,0.9,DCC-CUSUM,133,0.014881153803983619,440,0,0.19954283167520703
D2,0.9,KCCA-logdet,133,1.6066211322545496,335,1,1.1970357199272255
D2,0.9,CorrCUSUM,134,0.9453362778507425,499,0,1.3400708231651535
D2,0.9,DCC-CUSUM,134,2.9248573001346046e-17,500,0,0.19954283167520703
D2,0.9,KCCA-logdet,134,1.456398034073521,417,1,1.1970357199272255
D2,0.9,CorrCUSUM,135,1.1897057292002862,491,0,1.3400708231651535
D2,0.9,DCC-CUSUM,135,0.14495302505480007,496,0,0.19954283167520703
D2,0.9,KCCA-logdet,135,2.1171298387053517,451,1,1.1970357199272255
D2,0.9,CorrCUSUM,136,0.6875969455885269,447,0,1.3400708231651535
D2,0.9,DCC-CUSUM,136,6.906921268152306e-17,448,0,0.19954283167520703
D2,0.9,KCCA-logdet,136,1.5017547749521305,539,1,1.1970357199272255
D2,0.9,CorrCUSUM,137,0.8119604020009245,310,0,1.3400708231651535
D2,0.9,DCC-CUSUM,137,2.1925806782607108e-16,311,0,0.19954283167520703
D2,0.9,KCCA-logdet,137,1.5760606026074635,540,1,1.1970357199272255
D2,0.9,CorrCUSUM,138,0.688442546830406,408,0,1.3400708231651535
D2,0.9,DCC-CUSUM,138,0.0027142353159274662,166,0,0.19954283167520703
D2,0.9,KCCA-logdet,138,1.6747372316376674,393,1,1.1970357199272255
D2,0.9,CorrCUSUM,139,0.8840967135317035,425,0,1.3400708231651535
D2,0.9,DCC-CUSUM,139,1.3526579765755677e-16,426,0,0.19954283167520703
D2,0.9,KCCA-logdet,139,1.4692854451875381,328,1,1.1970357199272255
D2,0.9,CorrCUSUM,140,0.5220014933821742,339,0,1.3400708231651535
D2,0.9,DCC-CUSUM,140,1.116119880148217e-16,340,0,0.19954283167520703
D2,0.9,KCCA-logdet,140,1.672726314232492,475,1,1.1970357199272255
D2,0.9,CorrCUSUM,141,1.1093834928908914,300,0,1.3400708231651535
D2,0.9,DCC-CUSUM,141,9.744803014492049e-17,301,0,0.19954283167520703
D2,0.9,KCCA-logdet,141,1.1291562222485552,301,0,1.1970357199272255
D2,0.9,CorrCUSUM,142,1.4842160586421873,433,1,1.3400708231651535
D2,0.9,DCC-CUSUM,142,1.3370776229186764e-16,433,0,0.19954283167520703
D2,0.9,KCCA-logdet,142,2.2567309972552825,498,1,1.1970357199272255
D2,0.9,CorrCUSUM,143,1.510822415537322,427,1,1.3400708231651535
D2,0.9,DCC-CUSUM,143,0.3181837812549113,428,1,0.19954283167520703
D2,0.9,KCCA-logdet,143,1.4187526382741833,342,1,1.1970357199272255
D2,0.9,CorrCUSUM,144,0.6901110554491589,335,0,1.3400708231651535
D2,0.9,DCC-CUSUM,144,0.04963114628967912,336,0,0.19954283167520703
D2,0.9,KCCA-logdet,144,1.6085014315287693,478,1,1.1970357199272255
D2,0.9,CorrCUSUM,145,1.0004595918362664,475,0,1.3400708231651535
D2,0.9,DCC-CUSUM,145,0.13307627730022348,476,0,0.19954283167520703
D2,0.9,KCCA-logdet,145,2.380611265533249,468,1,1.1970357199272255
D2,0.9,CorrCUSUM,146,2.295140683693117,328,1,1.3400708231651535
D2,0.9,DCC-CUSUM,146,0.6574636535843721,330,1,0.19954283167520703
D2,0.9,KCCA-logdet,146,2.116175969402599,417,1,1.1970357199272255
D2,0.9,CorrCUSUM,147,1.6915634271037698,365,1,1.3400708231651535
D2,0.9,DCC-CUSUM,147,0.009946048638625153,368,0,0.19954283167520703
D2,0.9,KCCA-logdet,147,2.160664384783821,540,1,1.1970357199272255
D2,0.9,CorrCUSUM,148,1.01834556099351,215,0,1.3400708231651535
D2,0.9,DCC-CUSUM,148,0.08463218326575161,216,0,0.19954283167520703
D2,0.9,KCCA-logdet,148,1.4349441706315051,507,1,1.1970357199272255
D2,0.9,CorrCUSUM,149,0.9154034585500285,219,0,1.3400708231651535
D2,0.9,DCC-CUSUM,149,0.021414994797880595,220,0,0.19954283167520703
D2,0.9,KCCA-logdet,149,2.1781067176765028,528,1,1.1970357199272255
D2,0.9,CorrCUSUM,150,1.27226506685405,284,0,1.3400708231651535
D2,0.9,DCC-CUSUM,150,0.11087698356662597,285,0,0.19954283167520703
D2,0.9,KCCA-logdet,150,1.4959342875755273,416,1,1.1970357199272255
D2,0.9,CorrCUSUM,151,0.9168929779323054,500,0,1.3400708231651535
D2,0.9,DCC-CUSUM,151,0.07702325933550631,504,0,0.19954283167520703
D2,0.9,KCCA-logdet,151,2.1171046721077733,465,1,1.1970357199272255
D2,0.9,CorrCUSUM,152,0.8246476808030144,128,0,1.3400708231651535
D2,0.9,DCC-CUSUM,152,0.04859014849100344,135,0,0.19954283167520703
D2,0.9,KCCA-logdet,152,1.2608008857337558,338,1,1.1970357199272255
D2,0.9,CorrCUSUM,153,1.227660296822173,471,0,1.3400708231651535
D2,0.9,DCC-CUSUM,153,0.27676430833699844,487,1,0.19954283167520703
D2,0.9,KCCA-logdet,153,1.525763332295312,489,1,1.1970357199272255
D2,0.9,CorrCUSUM,154,0.9297980324897577,385,0,1.3400708231651535
D2,0.9,DCC-CUSUM,154,0.011589509340852863,386,0,0.19954283167520703
D2,0.9,KCCA-logdet,154,1.7386401209567972,493,1,1.1970357199272255
D2,0.9,CorrCUSUM,155,0.6108619980280138,298,0,1.3400708231651535
D2,0.9,DCC-CUSUM,155,1.744999609571832e-16,428,0,0.19954283167520703
D2,0.9,KCCA-logdet,155,1.946720367735734,325,1,1.1970357199272255
D2,0.9,CorrCUSUM,156,0.4745610017250436,503,0,1.3400708231651535
D2,0.9,DCC-CUSUM,156,9.688147183012443e-17,503,0,0.19954283167520703
D2,0.9,KCCA-logdet,156,1.2390309006909073,540,1,1.1970357199272255
D2,0.9,CorrCUSUM,157,1.8007616062425447,254,1,1.3400708231651535
D2,0.9,DCC-CUSUM,157,1.95320979025938e-16,230,0,0.19954283167520703
D2,0.9,KCCA-logdet,157,1.7023135808905392,434,1,1.1970357199272255
D2,0.9,CorrCUSUM,158,1.5888801922445017,286,1,1.3400708231651535
D2,0.9,DCC-CUSUM,158,4.589122349847999e-16,534,0,0.19954283167520703
D2,0.9,KCCA-logdet,158,1.6948568589657884,451,1,1.1970357199272255
D2,0.9,CorrCUSUM,159,1.1105551062019499,465,0,1.3400708231651535
D2,0.9,DCC-CUSUM,159,0.06762195771571297,471,0,0.19954283167520703
D2,0.9,KCCA-logdet,159,2.0819749938074805,469,1,1.1970357199272255
D2,0.9,CorrCUSUM,160,1.1070358084530747,271,0,1.3400708231651535
D2,0.9,DCC-CUSUM,160,0.03768905559854509,271,0,0.19954283167520703
D2,0.9,KCCA-logdet,160,1.3376559341219452,277,1,1.1970357199272255
D2,0.9,CorrCUSUM,161,0.8664282519605526,413,0,1.3400708231651535
D2,0.9,DCC-CUSUM,161,0.01262275408899969,414,0,0.19954283167520703
D2,0.9,KCCA-logdet,161,1.3161954623841452,366,1,1.1970357199272255
D2,0.9,CorrCUSUM,162,1.0862862588548126,316,0,1.3400708231651535
D2,0.9,DCC-CUSUM,162,0.09552379234847735,317,0,0.19954283167520703
D2,0.9,KCCA-logdet,162,1.931028001877622,307,1,1.1970357199272255
D2,0.9,CorrCUSUM,163,1.1024035526353195,404,0,1.3400708231651535
D2,0.9,DCC-CUSUM,163,0.1442779315400945,405,0,0.19954283167520703
D2,0.9,KCCA-logdet,163,1.3268554295584893,372,1,1.1970357199272255
D2,0.9,CorrCUSUM,164,1.0152162575008545,330,0,1.3400708231651535
D2,0.9,DCC-CUSUM,164,0.005087428488725036,331,0,0.19954283167520703
D2,0.9,KCCA-logdet,164,0.9662861767025395,328,0,1.1970357199272255
D2,0.9,CorrCUSUM,165,0.6299196818571964,61,0,1.3400708231651535
D2,0.9,DCC-CUSUM,165,0.05787021841163027,60,0,0.19954283167520703
D2,0.9,KCCA-logdet,165,1.8367365923886898,336,1,1.1970357199272255
D2,0.9,CorrCUSUM,166,0.8830574041075409,242,0,1.3400708231651535
D2,0.9,DCC-CUSUM,166,0.16104387551717822,294,0,0.19954283167520703
D2,0.9,KCCA-logdet,166,1.2325457670088538,525,1,1.1970357199272255
D2,0.9,CorrCUSUM,167,1.3689825014987624,414,1,1.3400708231651535
D2,0.9,DCC-CUSUM,167,0.07830819777066148,414,0,0.19954283167520703
D2,0.9,KCCA-logdet,167,1.5114276078616833,364,1,1.1970357199272255
D2,0.9,CorrCUSUM,168,0.6434486199666227,513,0,1.3400708231651535
D2,0.9,DCC-CUSUM,168,7.648537249746665e-17,540,0,0.19954283167520703
D2,0.9,KCCA-logdet,168,1.7613013424146164,339,1,1.1970357199272255
D2,0.9,CorrCUSUM,169,1.12973799553413,139,0,1.3400708231651535
D2,0.9,DCC-CUSUM,169,0.025743979244603237,140,0,0.19954283167520703
D2,0.9,KCCA-logdet,169,1.718788705124882,386,1,1.1970357199272255
D2,0.9,CorrCUSUM,170,0.4465194737875247,213,0,1.3400708231651535
D2,0.9,DCC-CUSUM,170,0.017418369948097534,214,0,0.19954283167520703
D2,0.9,KCCA-logdet,170,1.3567279452342687,539,1,1.1970357199272255
D2,0.9,CorrCUSUM,171,1.9366468360574745,399,1,1.3400708231651535
D2,0.9,DCC-CUSUM,171,1.8526456893830812e-16,395,0,0.19954283167520703
D2,0.9,KCCA-logdet,171,1.671633191053959,524,1,1.1970357199272255
D2,0.9,CorrCUSUM,172,0.3575940032943057,199,0,1.3400708231651535
D2,0.9,DCC-CUSUM,172,0.0007638887821354995,200,0,0.19954283167520703
D2,0.9,KCCA-logdet,172,1.5801937731351905,539,1,1.1970357199272255
D2,0.9,CorrCUSUM,173,1.415640969432792,425,1,1.3400708231651535
D2,0.9,DCC-CUSUM,173,7.648537249746665e-17,301,0,0.19954283167520703
D2,0.9,KCCA-logdet,173,1.542775621651684,540,1,1.1970357199272255
D2,0.9,CorrCUSUM,174,0.6107358180525689,446,0,1.3400708231651535
D2,0.9,DCC-CUSUM,174,1.6486846960565034e-16,470,0,0.19954283167520703
D2,0.9,KCCA-logdet,174,1.1549462688718204,311,0,1.1970357199272255
D2,0.9,CorrCUSUM,175,1.7614781532241248,254,1,1.3400708231651535
D2,0.9,DCC-CUSUM,175,0.6628653818370432,263,1,0.19954283167520703
D2,0.9,KCCA-logdet,175,1.4525094884879908,536,1,1.1970357199272255
D2,0.9,CorrCUSUM,176,1.0182279887513885,532,0,1.3400708231651535
D2,0.9,DCC-CUSUM,176,1.3852350796763405e-16,533,0,0.19954283167520703
D2,0.9,KCCA-logdet,176,1.943303632188624,367,1,1.1970357199272255
D2,0.9,CorrCUSUM,177,1.259253279830698,265,0,1.3400708231651535
D2,0.9,DCC-CUSUM,177,1.1671101284798616e-16,268,0,0.19954283167520703
D2,0.9,KCCA-logdet,177,1.591397048252582,515,1,1.1970357199272255
D2,0.9,CorrCUSUM,178,0.6600745148248465,398,0,1.3400708231651535
D2,0.9,DCC-CUSUM,178,0.1288016495661635,334,0,0.19954283167520703
D2,0.9,KCCA-logdet,178,0.9503648274699875,524,0,1.1970357199272255
D2,0.9,CorrCUSUM,179,0.7321485095961257,311,0,1.3400708231651535
D2,0.9,DCC-CUSUM,179,9.461523857094024e-17,431,0,0.19954283167520703
D2,0.9,KCCA-logdet,179,1.387762346646754,491,1,1.1970357199272255
D2,0.9,CorrCUSUM,180,1.2614125839755361,191,0,1.3400708231651535
D2,0.9,DCC-CUSUM,180,0.008595895829172133,87,0,0.19954283167520703
D2,0.9,KCCA-logdet,180,1.7478705984444738,451,1,1.1970357199272255
D2,0.9,CorrCUSUM,181,0.945792431013628,486,0,1.3400708231651535
D2,0.9,DCC-CUSUM,181,0.13924871068791347,487,0,0.19954283167520703
D2,0.9,KCCA-logdet,181,1.22395882536073,471,1,1.1970357199272255
D2,0.9,CorrCUSUM,182,0.8031582666909285,366,0,1.3400708231651535
D2,0.9,DCC-CUSUM,182,1.1189526717221973e-16,367,0,0.19954283167520703
D2,0.9,KCCA-logdet,182,1.352714487810676,536,1,1.1970357199272255
D2,0.9,CorrCUSUM,183,1.3911333353904194,339,1,1.3400708231651535
D2,0.9,DCC-CUSUM,183,0.008618960575387292,340,0,0.19954283167520703
D2,0.9,KCCA-logdet,183,1.7267149357748075,302,1,1.1970357199272255
D2,0.9,CorrCUSUM,184,1.1050326363526937,489,0,1.3400708231651535
D2,0.9,DCC-CUSUM,184,0.23289484190070056,498,1,0.19954283167520703
D2,0.9,KCCA-logdet,184,1.5255368838505632,390,1,1.1970357199272255
D2,0.9,CorrCUSUM,185,1.1598439980768989,183,0,1.3400708231651535
D2,0.9,DCC-CUSUM,185,0.13963840133183364,186,0,0.19954283167520703
D2,0.9,KCCA-logdet,185,2.476553558253696,325,1,1.1970357199272255
D2,0.9,CorrCUSUM,186,1.496731688845798,456,1,1.3400708231651535
D2,0.9,DCC-CUSUM,186,0.1416360818908952,459,0,0.19954283167520703
D2,0.9,KCCA-logdet,186,1.6178563414098546,424,1,1.1970357199272255
D2,0.9,CorrCUSUM,187,0.8981813515013963,309,0,1.3400708231651535
D2,0.9,DCC-CUSUM,187,0.01247649523112062,310,0,0.19954283167520703
D2,0.9,KCCA-logdet,187,2.306977095247022,473,1,1.1970357199272255
D2,0.9,CorrCUSUM,188,1.0435249166247667,496,0,1.3400708231651535
D2,0.9,DCC-CUSUM,188,0.14976218578012723,331,0,0.19954283167520703
D2,0.9,KCCA-logdet,188,1.015154587441893,528,0,1.1970357199272255
D2,0.9,CorrCUSUM,189,2.4619996521399563,249,1,1.3400708231651535
D2,0.9,DCC-CUSUM,189,0.09282164211585567,250,0,0.19954283167520703
D2,0.9,KCCA-logdet,189,1.3909489844979697,358,1,1.1970357199272255
D2,0.9,CorrCUSUM,190,1.1783958336493108,372,0,1.3400708231651535
D2,0.9,DCC-CUSUM,190,0.06573382144615422,375,0,0.19954283167520703
D2,0.9,KCCA-logdet,190,2.051805525938193,399,1,1.1970357199272255
D2,0.9,CorrCUSUM,191,1.3065662517411076,305,0,1.3400708231651535
D2,0.9,DCC-CUSUM,191,0.25734653884945563,324,1,0.19954283167520703
D2,0.9,KCCA-logdet,191,1.446128618593699,327,1,1.1970357199272255
D2,0.9,CorrCUSUM,192,0.632042201852978,517,0,1.3400708231651535
D2,0.9,DCC-CUSUM,192,2.2662332591841973e-17,309,0,0.19954283167520703
D2,0.9,KCCA-logdet,192,1.8042000931454072,516,1,1.1970357199272255
D2,0.9,CorrCUSUM,193,1.0251347275166656,171,0,1.3400708231651535
D2,0.9,DCC-CUSUM,193,0.18938496114878026,190,0,0.19954283167520703
D2,0.9,KCCA-logdet,193,2.3861815601120657,495,1,1.1970357199272255
D2,0.9,CorrCUSUM,194,0.9163185143350238,289,0,1.3400708231651535
D2,0.9,DCC-CUSUM,194,1.2804217914390715e-16,390,0,0.19954283167520703
D2,0.9,KCCA-logdet,194,2.1066878728334073,507,1,1.1970357199272255
D2,0.9,CorrCUSUM,195,1.5211579670959319,540,1,1.3400708231651535
D2,0.9,DCC-CUSUM,195,0.33997106086028883,333,1,0.19954283167520703
D2,0.9,KCCA-logdet,195,1.7684080975275125,538,1,1.1970357199272255
D2,0.9,CorrCUSUM,196,1.062374773390755,306,0,1.3400708231651535
D2,0.9,DCC-CUSUM,196,0.07355956261304089,356,0,0.19954283167520703
D2,0.9,KCCA-logdet,196,1.3907088864299622,472,1,1.1970357199272255
D2,0.9,CorrCUSUM,197,1.5392035209503618,306,1,1.3400708231651535
D2,0.9,DCC-CUSUM,197,3.373854764610474e-16,307,0,0.19954283167520703
D2,0.9,KCCA-logdet,197,1.6191945274058115,524,1,1.1970357199272255
D2,0.9,CorrCUSUM,198,1.8696856571119578,360,1,1.3400708231651535
D2,0.9,DCC-CUSUM,198,3.008424651567022e-16,361,0,0.19954283167520703
D2,0.9,KCCA-logdet,198,1.108223873560121,314,0,1.1970357199272255
D2,0.9,CorrCUSUM,199,1.3725056240096785,494,1,1.3400708231651535
D2,0.9,DCC-CUSUM,199,1.630271550825632e-16,495,0,0.19954283167520703
D2,0.9,KCCA-logdet,199,1.7696555665315423,492,1,1.1970357199272255
D4,0.5,CorrCUSUM,0,0.7839470321572986,313,0,1.613687720314157
D4,0.5,DCC-CUSUM,0,1.1387822127400591e-16,314,0,0.26743708198664173
D4,0.5,KCCA-logdet,0,0.9324626185043277,540,0,1.3154371508731648
D4,0.5,CorrCUSUM,1,1.599374969803285,286,0,1.613687720314157
D4,0.5,DCC-CUSUM,1,0.2689509292459615,310,1,0.26743708198664173
D4,0.5,KCCA-logdet,1,0.7541303469518352,517,0,1.3154371508731648
D4,0.5,CorrCUSUM,2,1.0579959652646558,85,0,1.613687720314157
D4,0.5,DCC-CUSUM,2,0.4396768933833512,86,1,0.26743708198664173
D4,0.5,KCCA-logdet,2,0.6684582040303044,540,0,1.3154371508731648
D4,0.5,CorrCUSUM,3,0.7056844350278481,284,0,1.613687720314157
D4,0.5,DCC-CUSUM,3,0.054631799714720417,285,0,0.26743708198664173
D4,0.5,KCCA-logdet,3,1.3961457797985437,70,1,1.3154371508731648
D4,0.5,CorrCUSUM,4,1.35750669770721,204,0,1.613687720314157
D4,0.5,DCC-CUSUM,4,0.24687321224256364,206,0,0.26743708198664173
D4,0.5,KCCA-logdet,4,1.1477183364005128,64,0,1.3154371508731648
D4,0.5,CorrCUSUM,5,0.5536145845002246,234,0,1.613687720314157
D4,0.5,DCC-CUSUM,5,6.685388114593382e-17,200,0,0.26743708198664173
D4,0.5,KCCA-logdet,5,0.7888561348613086,524,0,1.3154371508731648
D4,0.5,CorrCUSUM,6,0.5487913237634814,215,0,1.613687720314157
D4,0.5,DCC-CUSUM,6,9.121588868216393e-17,540,0,0.26743708198664173
D4,0.5,KCCA-logdet,6,0.9064221543862021,99,0,1.3154371508731648
D4,0.5,CorrCUSUM,7,0.9828595522842449,242,0,1.613687720314157
D4,0.5,DCC-CUSUM,7,0.07426398698968706,243,0,0.26743708198664173
D4,0.5,KCCA-logdet,7,0.9402396283131216,517,0,1.3154371508731648
D4,0.5,CorrCUSUM,8,0.5837044676058336,537,0,1.613687720314157
D4,0.5,DCC-CUSUM,8,0.011135171258629286,538,0,0.26743708198664173
D4,0.5,KCCA-logdet,8,0.8480894889630414,540,0,1.3154371508731648
D4,0.5,CorrCUSUM,9,0.6391914132617746,399,0,1.613687720314157
D4,0.5,DCC-CUSUM,9,1.6260223634646616e-16,533,0,0.26743708198664173
D4,0.5,KCCA-logdet,9,0.7882103058996744,63,0,1.3154371508731648
D4,0.5,CorrCUSUM,10,0.8430016395165564,147,0,1.613687720314157
D4,0.5,DCC-CUSUM,10,3.535323884327348e-16,540,0,0.26743708198664173
D4,0.5,KCCA-logdet,10,1.635515473341121,60,1,1.3154371508731648
D4,0.5,CorrCUSUM,11,0.8508387073667902,525,0,1.613687720314157
D4,0.5,DCC-CUSUM,11,0.008115149566789576,527,0,0.26743708198664173
D4,0.5,KCCA-logdet,11,1.4861446033441188,538,1,1.3154371508731648
D4,0.5,CorrCUSUM,12,0.761891720766629,148,0,1.613687720314157
D4,0.5,DCC-CUSUM,12,0.14689066016895377,153,0,0.26743708198664173
D4,0.5,KCCA-logdet,12,0.605190999528606,117,0,1.3154371508731648
D4,0.5,CorrCUSUM,13,0.7132634259487287,356,0,1.613687720314157
D4,0.5,DCC-CUSUM,13,0.02521334058186846,89,0,0.26743708198664173
D4,0.5,KCCA-logdet,13,0.998257134307493,539,0,1.3154371508731648
D4,0.5,CorrCUSUM,14,0.5847582853639407,189,0,1.613687720314157
D4,0.5,DCC-CUSUM,14,0.011954040618955731,190,0,0.26743708198664173
D4,0.5,KCCA-logdet,14,1.14190169802172,528,0,1.3154371508731648
D4,0.5,CorrCUSUM,15,0.8562199831784011,74,0,1.613687720314157
D4,0.5,DCC-CUSUM,15,0.09841833003801458,75,0,0.26743708198664173
D4,0.5,KCCA-logdet,15,0.6349615764624269,60,0,1.3154371508731648
D4,0.5,CorrCUSUM,16,1.7614104457469608,142,1,1.613687720314157
D4,0.5,DCC-CUSUM,16,0.3013049954514547,143,1,0.26743708198664173
D4,0.5,KCCA-logdet,16,0.8350626697101874,141,0,1.3154371508731648
D4,0.5,CorrCUSUM,17,0.7992161441651238,92,0,1.613687720314157
D4,0.5,DCC-CUSUM,17,0.059553566690808704,93,0,0.26743708198664173
D4,0.5,KCCA-logdet,17,0.5390640478081797,61,0,1.3154371508731648
D4,0.5,CorrCUSUM,18,0.7572791293534603,367,0,1.613687720314157
D4,0.5,DCC-CUSUM,18,1.1090379012132665e-16,368,0,0.26743708198664173
D4,0.5,KCCA-logdet,18,0.6275905232169099,77,0,1.3154371508731648
D4,0.5,CorrCUSUM,19,1.135986512166585,332,0,1.613687720314157
D4,0.5,DCC-CUSUM,19,0.0747886576635043,339,0,0.26743708198664173
D4,0.5,KCCA-logdet,19,0.8893690967674148,63,0,1.3154371508731648
D4,0.5,CorrCUSUM,20,1.380409735013598,445,0,1.613687720314157
D4,0.5,DCC-CUSUM,20,7.852498243073243e-16,442,0,0.26743708198664173
D4,0.5,KCCA-logdet,20,0.6900372533768894,202,0,1.3154371508731648
D4,0.5,CorrCUSUM,21,0.7610929091928105,447,0,1.613687720314157
D4,0.5,DCC-CUSUM,21,0.03463393275351102,448,0,0.26743708198664173
D4,0.5,KCCA-logdet,21,1.0743837869219404,65,0,1.3154371508731648
D4,0.5,CorrCUSUM,22,0.715081964883213,245,0,1.613687720314157
D4,0.5,DCC-CUSUM,22,0.041754341775501136,246,0,0.26743708198664173
D4,0.5,KCCA-logdet,22,1.0208543574869124,65,0,1.3154371508731648
D4,0.5,CorrCUSUM,23,0.7948395356796754,430,0,1.613687720314157
D4,0.5,DCC-CUSUM,23,0.07544981483283464,106,0,0.26743708198664173
D4,0.5,KCCA-logdet,23,1.2447047931608501,540,0,1.3154371508731648
D4,0.5,CorrCUSUM,24,0.5908883216866543,211,0,1.613687720314157
D4,0.5,DCC-CUSUM,24,9.971426340410468e-17,499,0,0.26743708198664173
D4,0.5,KCCA-logdet,24,1.1015735321994995,82,0,1.3154371508731648
D4,0.5,CorrCUSUM,25,0.7955681313434548,260,0,1.613687720314157
D4,0.5,DCC-CUSUM,25,0.021701651427879925,262,0,0.26743708198664173
D4,0.5,KCCA-logdet,25,0.7583195731944903,82,0,1.3154371508731648
D4,0.5,CorrCUSUM,26,1.422072554270851,378,0,1.613687720314157
D4,0.5,DCC-CUSUM,26,0.08371656509154453,381,0,0.26743708198664173
D4,0.5,KCCA-logdet,26,1.0094007752985872,75,0,1.3154371508731648
D4,0.5,CorrCUSUM,27,0.9519097328015921,226,0,1.613687720314157
D4,0.5,DCC-CUSUM,27,2.688319203707254e-16,510,0,0.26743708198664173
D4,0.5,KCCA-logdet,27,0.7357295822687769,77,0,1.3154371508731648
D4,0.5,CorrCUSUM,28,1.2901628989577598,285,0,1.613687720314157
D4,0.5,DCC-CUSUM,28,0.34445637864240286,288,1,0.26743708198664173
D4,0.5,KCCA-logdet,28,0.6803999581712015,183,0,1.3154371508731648
D4,0.5,CorrCUSUM,29,0.8702301291800886,330,0,1.613687720314157
D4,0.5,DCC-CUSUM,29,3.7166225450620837e-16,539,0,0.26743708198664173
D4,0.5,KCCA-logdet,29,0.5712462297698734,488,0,1.3154371508731648
D4,0.5,CorrCUSUM,30,1.116899183696743,133,0,1.613687720314157
D4,0.5,DCC-CUSUM,30,1.988619684934133e-16,134,0,0.26743708198664173
D4,0.5,KCCA-logdet,30,1.2116838269835635,538,0,1.3154371508731648
D4,0.5,CorrCUSUM,31,0.6784676083743617,260,0,1.613687720314157
D4,0.5,DCC-CUSUM,31,0.0005897418123630031,261,0,0.26743708198664173
D4,0.5,KCCA-logdet,31,1.2450168420294796,539,0,1.3154371508731648
D4,0.5,CorrCUSUM,32,0.6297352663327159,383,0,1.613687720314157
D4,0.5,DCC-CUSUM,32,0.013844289599732449,384,0,0.26743708198664173
D4,0.5,KCCA-logdet,32,0.7760098861330975,539,0,1.3154371508731648
D4,0.5,CorrCUSUM,33,0.7718532719633597,274,0,1.613687720314157
D4,0.5,DCC-CUSUM,33,0.007075579692290308,278,0,0.26743708198664173
D4,0.5,KCCA-logdet,33,0.6622829777382737,66,0,1.3154371508731648
D4,0.5,CorrCUSUM,34,0.6181621679000656,113,0,1.613687720314157
D4,0.5,DCC-CUSUM,34,0.018707594508414405,109,0,0.26743708198664173
D4,0.5,KCCA-logdet,34,1.0450709298916354,540,0,1.3154371508731648
D4,0.5,CorrCUSUM,35,0.8290403579592455,98,0,1.613687720314157
D4,0.5,DCC-CUSUM,35,9.53234364644353e-17,99,0,0.26743708198664173
D4,0.5,KCCA-logdet,35,0.7364549654226878,528,0,1.3154371508731648
D4,0.5,CorrCUSUM,36,0.660725696942259,146,0,1.613687720314157
D4,0.5,DCC-CUSUM,36,0.017927705476403353,147,0,0.26743708198664173
D4,0.5,KCCA-logdet,36,0.7534730496528596,62,0,1.3154371508731648
D4,0.5,CorrCUSUM,37,1.0297091080759782,226,0,1.613687720314157
D4,0.5,DCC-CUSUM,37,0.1189437873445934,249,0,0.26743708198664173
D4,0.5,KCCA-logdet,37,0.6681225276397168,65,0,1.3154371508731648
D4,0.5,CorrCUSUM,38,1.3440624945648392,298,0,1.613687720314157
D4,0.5,DCC-CUSUM,38,2.2662332591841974e-18,474,0,0.26743708198664173
D4,0.5,KCCA-logdet,38,1.3321604094471564,507,1,1.3154371508731648
D4,0.5,CorrCUSUM,39,0.8386093960021399,235,0,1.613687720314157
D4,0.5,DCC-CUSUM,39,0.08454043071629178,242,0,0.26743708198664173
D4,0.5,KCCA-logdet,39,0.6164805991751336,506,0,1.3154371508731648
D4,0.5,CorrCUSUM,40,0.38033709002540755,282,0,1.613687720314157
D4,0.5,DCC-CUSUM,40,6.940339356251605e-17,486,0,0.26743708198664173
D4,0.5,KCCA-logdet,40,0.5680893115084156,198,0,1.3154371508731648
D4,0.5,CorrCUSUM,41,0.7497102771022348,211,0,1.613687720314157
D4,0.5,DCC-CUSUM,41,0.026940472492792775,214,0,0.26743708198664173
D4,0.5,KCCA-logdet,41,0.7406472313440486,535,0,1.3154371508731648
D4,0.5,CorrCUSUM,42,0.7501597841264618,430,0,1.613687720314157
D4,0.5,DCC-CUSUM,42,2.490023793528637e-16,483,0,0.26743708198664173
D4,0.5,KCCA-logdet,42,0.7257042271730713,63,0,1.3154371508731648
D4,0.5,CorrCUSUM,43,0.49012424350463685,525,0,1.613687720314157
D4,0.5,DCC-CUSUM,43,5.320336674881651e-17,526,0,0.26743708198664173
D4,0.5,KCCA-logdet,43,0.34884758722541936,103,0,1.3154371508731648
D4,0.5,CorrCUSUM,44,1.2153142948014595,186,0,1.613687720314157
D4,0.5,DCC-CUSUM,44,1.436225328007985e-16,187,0,0.26743708198664173
D4,0.5,KCCA-logdet,44,1.5423868936788934,62,1,1.3154371508731648
D4,0.5,CorrCUSUM,45,0.8546840658956334,291,0,1.613687720314157
D4,0.5,DCC-CUSUM,45,7.705193081226271e-17,488,0,0.26743708198664173
D4,0.5,KCCA-logdet,45,0.9716513016304101,78,0,1.3154371508731648
D4,0.5,CorrCUSUM,46,0.5316434143968072,88,0,1.613687720314157
D4,0.5,DCC-CUSUM,46,0.013643392087702306,89,0,0.26743708198664173
D4,0.5,KCCA-logdet,46,0.6569855535313508,61,0,1.3154371508731648
D4,0.5,CorrCUSUM,47,0.8969194018901789,241,0,1.613687720314157
D4,0.5,DCC-CUSUM,47,1.0608804444556024e-16,242,0,0.26743708198664173
D4,0.5,KCCA-logdet,47,0.4211927808605776,80,0,1.3154371508731648
D4,0.5,CorrCUSUM,48,1.2216904980055727,307,0,1.613687720314157
D4,0.5,DCC-CUSUM,48,0.4239658908057695,318,1,0.26743708198664173
D4,0.5,KCCA-logdet,48,0.8088768469474061,86,0,1.3154371508731648
D4,0.5,CorrCUSUM,49,0.4289758891621883,323,0,1.613687720314157
D4,0.5,DCC-CUSUM,49,9.518179688573628e-17,392,0,0.26743708198664173
D4,0.5,KCCA-logdet,49,0.7346657823445624,527,0,1.3154371508731648
D4,0.5,CorrCUSUM,50,1.7324420973695027,246,1,1.613687720314157
D4,0.5,DCC-CUSUM,50,0.8455669418896767,262,1,0.26743708198664173
D4,0.5,KCCA-logdet,50,1.1144137849251308,72,0,1.3154371508731648
D4,0.5,CorrCUSUM,51,0.3664917834937687,459,0,1.613687720314157
D4,0.5,DCC-CUSUM,51,0.00150151938748554,460,0,0.26743708198664173
D4,0.5,KCCA-logdet,51,1.1442271090075777,82,0,1.3154371508731648
D4,0.5,CorrCUSUM,52,1.4389860267035273,275,0,1.613687720314157
D4,0.5,DCC-CUSUM,52,0.2078725559356034,276,0,0.26743708198664173
D4,0.5,KCCA-logdet,52,1.2607306021631204,60,0,1.3154371508731648
D4,0.5,CorrCUSUM,53,0.9742322144866717,330,0,1.613687720314157
D4,0.5,DCC-CUSUM,53,0.1444531841697595,340,0,0.26743708198664173
D4,0.5,KCCA-logdet,53,0.8874881343779895,538,0,1.3154371508731648
D4,0.5,CorrCUSUM,54,0.7240241115612212,485,0,1.613687720314157
D4,0.5,DCC-CUSUM,54,0.14752140484359602,490,0,0.26743708198664173
D4,0.5,KCCA-logdet,54,1.0739294678459737,83,0,1.3154371508731648
D4,0.5,CorrCUSUM,55,0.9871548950951323,409,0,1.613687720314157
D4,0.5,DCC-CUSUM,55,0.000573807267325108,375,0,0.26743708198664173
D4,0.5,KCCA-logdet,55,1.0356624629906261,78,0,1.3154371508731648
D4,0.5,CorrCUSUM,56,1.1886116063877843,309,0,1.613687720314157
D4,0.5,DCC-CUSUM,56,0.07061492626731912,310,0,0.26743708198664173
D4,0.5,KCCA-logdet,56,1.1090374360816688,72,0,1.3154371508731648
D4,0.5,CorrCUSUM,57,1.055090195869815,253,0,1.613687720314157
D4,0.5,DCC-CUSUM,57,1.2917529577349924e-16,254,0,0.26743708198664173
D4,0.5,KCCA-logdet,57,0.37373942714962416,306,0,1.3154371508731648
D4,0.5,CorrCUSUM,58,0.547102596450227,299,0,1.613687720314157
D4,0.5,DCC-CUSUM,58,4.2208594452305675e-17,533,0,0.26743708198664173
D4,0.5,KCCA-logdet,58,0.7342315144873017,108,0,1.3154371508731648
D4,0.5,CorrCUSUM,59,0.8091819385684957,467,0,1.613687720314157
D4,0.5,DCC-CUSUM,59,1.7733275253116344e-16,533,0,0.26743708198664173
D4,0.5,KCCA-logdet,59,0.649168852524909,517,0,1.3154371508731648
D4,0.5,CorrCUSUM,60,0.9346858626482963,420,0,1.613687720314157
D4,0.5,DCC-CUSUM,60,0.00734636085799458,421,0,0.26743708198664173
D4,0.5,KCCA-logdet,60,0.4946399946293672,495,0,1.3154371508731648
D4,0.5,CorrCUSUM,61,0.9500848085414595,320,0,1.613687720314157
D4,0.5,DCC-CUSUM,61,0.017379904533883304,489,0,0.26743708198664173
D4,0.5,KCCA-logdet,61,1.2250821946709065,81,0,1.3154371508731648
D4,0.5,CorrCUSUM,62,0.670931891905441,299,0,1.613687720314157
D4,0.5,DCC-CUSUM,62,1.3030841240309135e-16,346,0,0.26743708198664173
D4,0.5,KCCA-logdet,62,0.9472462489807026,516,0,1.3154371508731648
D4,0.5,CorrCUSUM,63,0.5249325106865567,375,0,1.613687720314157
D4,0.5,DCC-CUSUM,63,7.322766218738937e-17,519,0,0.26743708198664173
D4,0.5,KCCA-logdet,63,1.3214787450550742,102,1,1.3154371508731648
D4,0.5,CorrCUSUM,64,0.7204631094931259,416,0,1.613687720314157
D4,0.5,DCC-CUSUM,64,1.206769210515585e-16,416,0,0.26743708198664173
D4,0.5,KCCA-logdet,64,0.8698934040466187,531,0,1.3154371508731648
D4,0.5,CorrCUSUM,65,0.8228652240121517,285,0,1.613687720314157
D4,0.5,DCC-CUSUM,65,0.0901271645701569,290,0,0.26743708198664173
D4,0.5,KCCA-logdet,65,0.6283794339073613,540,0,1.3154371508731648
D4,0.5,CorrCUSUM,66,0.5791140392670532,216,0,1.613687720314157
D4,0.5,DCC-CUSUM,66,7.308602260869036e-17,217,0,0.26743708198664173
D4,0.5,KCCA-logdet,66,0.6438413160453403,534,0,1.3154371508731648
D4,0.5,CorrCUSUM,67,1.204994482139969,355,0,1.613687720314157
D4,0.5,DCC-CUSUM,67,1.3611563512975086e-16,356,0,0.26743708198664173
D4,0.5,KCCA-logdet,67,0.9272924538285371,96,0,1.3154371508731648
D4,0.5,CorrCUSUM,68,1.4737959249914967,239,0,1.613687720314157
D4,0.5,DCC-CUSUM,68,0.0637151146618855,240,0,0.26743708198664173
D4,0.5,KCCA-logdet,68,0.5968385951866066,538,0,1.3154371508731648
D4,0.5,CorrCUSUM,69,0.8302997885001743,192,0,1.613687720314157
D4,0.5,DCC-CUSUM,69,0.09066915104513425,197,0,0.26743708198664173
D4,0.5,KCCA-logdet,69,0.6139328235863906,63,0,1.3154371508731648
D4,0.5,CorrCUSUM,70,1.2855205660037734,78,0,1.613687720314157
D4,0.5,DCC-CUSUM,70,0.19797397738870792,86,0,0.26743708198664173
D4,0.5,KCCA-logdet,70,0.9029568667413702,78,0,1.3154371508731648
D4,0.5,CorrCUSUM,71,0.8495400638442726,443,0,1.613687720314157
D4,0.5,DCC-CUSUM,71,0.06634011192483855,444,0,0.26743708198664173
D4,0.5,KCCA-logdet,71,0.5672305292840151,63,0,1.3154371508731648
D4,0.5,CorrCUSUM,72,1.084113474476287,259,0,1.613687720314157
D4,0.5,DCC-CUSUM,72,0.15016646194671773,305,0,0.26743708198664173
D4,0.5,KCCA-logdet,72,0.5814143922951668,60,0,1.3154371508731648
D4,0.5,CorrCUSUM,73,0.42001991643687026,177,0,1.613687720314157
D4,0.5,DCC-CUSUM,73,0.005691634518880782,237,0,0.26743708198664173
D4,0.5,KCCA-logdet,73,0.8126497948825959,119,0,1.3154371508731648
D4,0.5,CorrCUSUM,74,1.195214145328098,173,0,1.613687720314157
D4,0.5,DCC-CUSUM,74,0.03041859520730233,174,0,0.26743708198664173
D4,0.5,KCCA-logdet,74,1.176317642653886,540,0,1.3154371508731648
D4,0.5,CorrCUSUM,75,1.1961555832648716,150,0,1.613687720314157
D4,0.5,DCC-CUSUM,75,0.04099907508119732,151,0,0.26743708198664173
D4,0.5,KCCA-logdet,75,1.0070472560665729,68,0,1.3154371508731648
D4,0.5,CorrCUSUM,76,0.816623192397585,393,0,1.613687720314157
D4,0.5,DCC-CUSUM,76,1.6968421528141677e-16,536,0,0.26743708198664173
D4,0.5,KCCA-logdet,76,0.629242607187248,538,0,1.3154371508731648
D4,0.5,CorrCUSUM,77,0.6646143845072551,86,0,1.613687720314157
D4,0.5,DCC-CUSUM,77,7.563553502527259e-17,87,0,0.26743708198664173
D4,0.5,KCCA-logdet,77,0.5467586450452019,540,0,1.3154371508731648
D4,0.5,CorrCUSUM,78,0.7263339707047428,461,0,1.613687720314157
D4,0.5,DCC-CUSUM,78,0.08440519505536132,464,0,0.26743708198664173
D4,0.5,KCCA-logdet,78,1.0401234557402181,540,0,1.3154371508731648
D4,0.5,CorrCUSUM,79,0.6823992605888266,250,0,1.613687720314157
D4,0.5,DCC-CUSUM,79,1.7280028601279504e-16,519,0,0.26743708198664173
D4,0.5,KCCA-logdet,79,0.7264643826277887,504,0,1.3154371508731648
D4,0.5,CorrCUSUM,80,0.6269538949614969,273,0,1.613687720314157
D4,0.5,DCC-CUSUM,80,0.025969905004302813,131,0,0.26743708198664173
D4,0.5,KCCA-logdet,80,0.9437180041359745,540,0,1.3154371508731648
D4,0.5,CorrCUSUM,81,0.8735313645095358,79,0,1.613687720314157
D4,0.5,DCC-CUSUM,81,0.1340636738965146,110,0,0.26743708198664173
D4,0.5,KCCA-logdet,81,0.7938964955213023,65,0,1.3154371508731648
D4,0.5,CorrCUSUM,82,0.6377915680868252,79,0,1.613687720314157
D4,0.5,DCC-CUSUM,82,0.014325718252019143,80,0,0.26743708198664173
D4,0.5,KCCA-logdet,82,0.710746492285335,535,0,1.3154371508731648
D4,0.5,CorrCUSUM,83,1.2500135502599612,275,0,1.613687720314157
D4,0.5,DCC-CUSUM,83,0.0707960612313892,153,0,0.26743708198664173
D4,0.5,KCCA-logdet,83,0.8608081246803531,149,0,1.3154371508731648
D4,0.5,CorrCUSUM,84,1.0473607565583234,250,0,1.613687720314157
D4,0.5,DCC-CUSUM,84,1.1302838380181185e-16,506,0,0.26743708198664173
D4,0.5,KCCA-logdet,84,0.9414576704147006,539,0,1.3154371508731648
D4,0.5,CorrCUSUM,85,1.0686011316730082,311,0,1.613687720314157
D4,0.5,DCC-CUSUM,85,0.26308979842644764,316,0,0.26743708198664173
D4,0.5,KCCA-logdet,85,0.5215432145054189,60,0,1.3154371508731648
D4,0.5,CorrCUSUM,86,0.6455865641507926,374,0,1.613687720314157
D4,0.5,DCC-CUSUM,86,0.06586807788518799,392,0,0.26743708198664173
D4,0.5,KCCA-logdet,86,1.0462094932657304,60,0,1.3154371508731648
D4,0.5,CorrCUSUM,87,1.495128389170131,234,0,1.613687720314157
D4,0.5,DCC-CUSUM,87,0.1561103491148051,235,0,0.26743708198664173
D4,0.5,KCCA-logdet,87,0.4373552831128084,506,0,1.3154371508731648
D4,0.5,CorrCUSUM,88,0.6098579649858594,298,0,1.613687720314157
D4,0.5,DCC-CUSUM,88,6.968667271991407e-17,299,0,0.26743708198664173
D4,0.5,KCCA-logdet,88,0.5971346760845018,60,0,1.3154371508731648
D4,0.5,CorrCUSUM,89,0.7848225867879358,194,0,1.613687720314157
D4,0.5,DCC-CUSUM,89,0.12648754061169482,179,0,0.26743708198664173
D4,0.5,KCCA-logdet,89,0.7273884152170552,91,0,1.3154371508731648
D4,0.5,CorrCUSUM,90,0.8895299773292541,166,0,1.613687720314157
D4,0.5,DCC-CUSUM,90,8.795817837208665e-17,166,0,0.26743708198664173
D4,0.5,KCCA-logdet,90,0.5740695462386985,65,0,1.3154371508731648
D4,0.5,CorrCUSUM,91,0.8512187740362619,292,0,1.613687720314157
D4,0.5,DCC-CUSUM,91,1.1019559222783159e-16,278,0,0.26743708198664173
D4,0.5,KCCA-logdet,91,1.2231492577111573,531,0,1.3154371508731648
D4,0.5,CorrCUSUM,92,0.7053514030238471,444,0,1.613687720314157
D4,0.5,DCC-CUSUM,92,8.781653879338764e-17,540,0,0.26743708198664173
D4,0.5,KCCA-logdet,92,0.4188617874963578,60,0,1.3154371508731648
D4,0.5,CorrCUSUM,93,0.7566031430288803,182,0,1.613687720314157
D4,0.5,DCC-CUSUM,93,0.00534662119777939,183,0,0.26743708198664173
D4,0.5,KCCA-logdet,93,1.0180044973509048,531,0,1.3154371508731648
D4,0.5,CorrCUSUM,94,0.93560813383711,217,0,1.613687720314157
D4,0.5,DCC-CUSUM,94,0.16145813953166183,221,0,0.26743708198664173
D4,0.5,KCCA-logdet,94,0.8201583126370274,540,0,1.3154371508731648
D4,0.5,CorrCUSUM,95,0.6501450447513338,430,0,1.613687720314157
D4,0.5,DCC-CUSUM,95,0.05005161429905054,431,0,0.26743708198664173
D4,0.5,KCCA-logdet,95,0.8042432198579978,87,0,1.3154371508731648
D4,0.5,CorrCUSUM,96,0.9437253566042978,392,0,1.613687720314157
D4,0.5,DCC-CUSUM,96,0.028342987518099202,389,0,0.26743708198664173
D4,0.5,KCCA-logdet,96,0.8795741420937193,525,0,1.3154371508731648
D4,0.5,CorrCUSUM,97,0.9754485437858383,177,0,1.613687720314157
D4,0.5,DCC-CUSUM,97,0.19878807769992388,181,0,0.26743708198664173
D4,0.5,KCCA-logdet,97,0.8104262315145861,535,0,1.3154371508731648
D4,0.5,CorrCUSUM,98,0.8423695469200626,226,0,1.613687720314157
D4,0.5,DCC-CUSUM,98,0.023531271122807732,227,0,0.26743708198664173
D4,0.5,KCCA-logdet,98,0.8296520129923005,540,0,1.3154371508731648
D4,0.5,CorrCUSUM,99,0.8697572368980451,326,0,1.613687720314157
D4,0.5,DCC-CUSUM,99,0.016179846492472113,327,0,0.26743708198664173
D4,0.5,KCCA-logdet,99,1.064363933047088,63,0,1.3154371508731648
D4,0.5,CorrCUSUM,100,1.0399118886847616,534,0,1.613687720314157
D4,0.5,DCC-CUSUM,100,1.229431543107427e-16,535,0,0.26743708198664173
D4,0.5,KCCA-logdet,100,0.5573063397953759,538,0,1.3154371508731648
D4,0.5,CorrCUSUM,101,0.7639743467158029,78,0,1.613687720314157
D4,0.5,DCC-CUSUM,101,0.022330984626814532,79,0,0.26743708198664173
D4,0.5,KCCA-logdet,101,1.119509427131097,60,0,1.3154371508731648
D4,0.5,CorrCUSUM,102,1.986670108790747,335,1,1.613687720314157
D4,0.5,DCC-CUSUM,102,0.7458132779838159,354,1,0.26743708198664173
D4,0.5,KCCA-logdet,102,0.7019628197022738,62,0,1.3154371508731648
D4,0.5,CorrCUSUM,103,1.00363387760157,71,0,1.613687720314157
D4,0.5,DCC-CUSUM,103,0.016560361011396272,72,0,0.26743708198664173
D4,0.5,KCCA-logdet,103,1.2797973801472657,71,0,1.3154371508731648
D4,0.5,CorrCUSUM,104,0.8125733756068209,134,0,1.613687720314157
D4,0.5,DCC-CUSUM,104,0.004167584697913099,135,0,0.26743708198664173
D4,0.5,KCCA-logdet,104,0.8995133758020887,520,0,1.3154371508731648
D4,0.5,CorrCUSUM,105,0.7650015777889877,203,0,1.613687720314157
D4,0.5,DCC-CUSUM,105,0.11432523930599639,208,0,0.26743708198664173
D4,0.5,KCCA-logdet,105,1.1988572761729908,91,0,1.3154371508731648
D4,0.5,CorrCUSUM,106,0.6691854539268632,335,0,1.613687720314157
D4,0.5,DCC-CUSUM,106,0.022772828117980957,336,0,0.26743708198664173
D4,0.5,KCCA-logdet,106,0.5055667295438466,80,0,1.3154371508731648
D4,0.5,CorrCUSUM,107,0.8607647747868883,300,0,1.613687720314157
D4,0.5,DCC-CUSUM,107,0.007884006350382614,302,0,0.26743708198664173
D4,0.5,KCCA-logdet,107,0.7314732388132137,527,0,1.3154371508731648
D4,0.5,CorrCUSUM,108,0.7010749843567448,81,0,1.613687720314157
D4,0.5,DCC-CUSUM,108,0.08922061171687265,540,0,0.26743708198664173
D4,0.5,KCCA-logdet,108,1.1373688322513933,537,0,1.3154371508731648
D4,0.5,CorrCUSUM,109,1.7071152988306284,309,1,1.613687720314157
D4,0.5,DCC-CUSUM,109,0.09179249329786403,367,0,0.26743708198664173
D4,0.5,KCCA-logdet,109,0.46145356762332573,74,0,1.3154371508731648
D4,0.5,CorrCUSUM,110,0.6477446829534169,357,0,1.613687720314157
D4,0.5,DCC-CUSUM,110,8.912670489635351e-17,358,0,0.26743708198664173
D4,0.5,KCCA-logdet,110,0.7124094002470716,80,0,1.3154371508731648
D4,0.5,CorrCUSUM,111,0.8669131728215326,79,0,1.613687720314157
D4,0.5,DCC-CUSUM,111,9.433195941354222e-17,80,0,0.26743708198664173
D4,0.5,KCCA-logdet,111,0.6495862786184727,535,0,1.3154371508731648
D4,0.5,CorrCUSUM,112,0.4621314620955612,91,0,1.613687720314157
D4,0.5,DCC-CUSUM,112,6.182567610211888e-17,92,0,0.26743708198664173
D4,0.5,KCCA-logdet,112,0.5401118600864102,535,0,1.3154371508731648
D4,0.5,CorrCUSUM,113,1.1139045464951303,203,0,1.613687720314157
D4,0.5,DCC-CUSUM,113,0.03859378359068599,205,0,0.26743708198664173
D4,0.5,KCCA-logdet,113,1.450416614942297,71,1,1.3154371508731648
D4,0.5,CorrCUSUM,114,0.9837116159813291,72,0,1.613687720314157
D4,0.5,DCC-CUSUM,114,0.22009665064758568,87,0,0.26743708198664173
D4,0.5,KCCA-logdet,114,0.8223917584600816,104,0,1.3154371508731648
D4,0.5,CorrCUSUM,115,0.5956874759542309,318,0,1.613687720314157
D4,0.5,DCC-CUSUM,115,0.004124532433705095,479,0,0.26743708198664173
D4,0.5,KCCA-logdet,115,0.9896934495593472,61,0,1.3154371508731648
D4,0.5,CorrCUSUM,116,0.9186128230604773,345,0,1.613687720314157
D4,0.5,DCC-CUSUM,116,0.03927833083056197,346,0,0.26743708198664173
D4,0.5,KCCA-logdet,116,1.0820765908419026,77,0,1.3154371508731648
D4,0.5,CorrCUSUM,117,1.2115736559963322,119,0,1.613687720314157
D4,0.5,DCC-CUSUM,117,0.35715097393670103,122,1,0.26743708198664173
D4,0.5,KCCA-logdet,117,0.7161661963096482,531,0,1.3154371508731648
D4,0.5,CorrCUSUM,118,1.1499558816971887,222,0,1.613687720314157
D4,0.5,DCC-CUSUM,118,0.12006245926722006,223,0,0.26743708198664173
D4,0.5,KCCA-logdet,118,0.5915761477174821,539,0,1.3154371508731648
D4,0.5,CorrCUSUM,119,0.897324965630461,303,0,1.613687720314157
D4,0.5,DCC-CUSUM,119,0.012022165206848573,308,0,0.26743708198664173
D4,0.5,KCCA-logdet,119,0.842058733439444,80,0,1.3154371508731648
D4,0.5,CorrCUSUM,120,1.4489580137081428,181,0,1.613687720314157
D4,0.5,DCC-CUSUM,120,0.3225150691658144,194,1,0.26743708198664173
D4,0.5,KCCA-logdet,120,0.7105515653485733,539,0,1.3154371508731648
D4,0.5,CorrCUSUM,121,1.6036415553790901,130,0,1.613687720314157
D4,0.5,DCC-CUSUM,121,0.530472809331676,141,1,0.26743708198664173
D4,0.5,KCCA-logdet,121,1.0052693831978459,72,0,1.3154371508731648
D4,0.5,CorrCUSUM,122,0.49856765215124627,74,0,1.613687720314157
D4,0.5,DCC-CUSUM,122,5.665583147960493e-17,312,0,0.26743708198664173
D4,0.5,KCCA-logdet,122,1.0786979349307007,85,0,1.3154371508731648
D4,0.5,CorrCUSUM,123,0.7233581323214587,470,0,1.613687720314157
D4,0.5,DCC-CUSUM,123,1.2605922504212097e-16,471,0,0.26743708198664173
D4,0.5,KCCA-logdet,123,0.7029256020312576,61,0,1.3154371508731648
D4,0.5,CorrCUSUM,124,1.1923628031262026,215,0,1.613687720314157
D4,0.5,DCC-CUSUM,124,0.08720433324525227,231,0,0.26743708198664173
D4,0.5,KCCA-logdet,124,0.6922796070709061,535,0,1.3154371508731648
D4,0.5,CorrCUSUM,125,1.2160216001517035,296,0,1.613687720314157
D4,0.5,DCC-CUSUM,125,0.08240222017215315,318,0,0.26743708198664173
D4,0.5,KCCA-logdet,125,0.9896569012653809,534,0,1.3154371508731648
D4,0.5,CorrCUSUM,126,0.849924371115064,373,0,1.613687720314157
D4,0.5,DCC-CUSUM,126,7.648537249746665e-17,540,0,0.26743708198664173
D4,0.5,KCCA-logdet,126,0.6593882443511428,66,0,1.3154371508731648
D4,0.5,CorrCUSUM,127,0.702529875823609,367,0,1.613687720314157
D4,0.5,DCC-CUSUM,127,5.835550642399308e-17,368,0,0.26743708198664173
D4,0.5,KCCA-logdet,127,0.950892072179269,94,0,1.3154371508731648
D4,0.5,CorrCUSUM,128,0.8524819788708483,334,0,1.613687720314157
D4,0.5,DCC-CUSUM,128,1.0325525287157999e-16,335,0,0.26743708198664173
D4,0.5,KCCA-logdet,128,1.1882994768271142,68,0,1.3154371508731648
D4,0.5,CorrCUSUM,129,0.6030115772051794,297,0,1.613687720314157
D4,0.5,DCC-CUSUM,129,7.138634766430222e-17,424,0,0.26743708198664173
D4,0.5,KCCA-logdet,129,0.776373507925239,65,0,1.3154371508731648
D4,0.5,CorrCUSUM,130,0.7312564020727479,134,0,1.613687720314157
D4,0.5,DCC-CUSUM,130,2.2209085940005133e-16,341,0,0.26743708198664173
D4,0.5,KCCA-logdet,130,0.8232960552929748,539,0,1.3154371508731648
D4,0.5,CorrCUSUM,131,1.1163898622453636,284,0,1.613687720314157
D4,0.5,DCC-CUSUM,131,0.006135356915108213,285,0,0.26743708198664173
D4,0.5,KCCA-logdet,131,1.0084507226095456,536,0,1.3154371508731648
D4,0.5,CorrCUSUM,132,1.2190632790059528,365,0,1.613687720314157
D4,0.5,DCC-CUSUM,132,0.054577924499273234,366,0,0.26743708198664173
D4,0.5,KCCA-logdet,132,0.5525113066828367,77,0,1.3154371508731648
D4,0.5,CorrCUSUM,133,0.9944788551591142,387,0,1.613687720314157
D4,0.5,DCC-CUSUM,133,0.007151592079727302,388,0,0.26743708198664173
D4,0.5,KCCA-logdet,133,0.8403883015609769,537,0,1.3154371508731648
D4,0.5,CorrCUSUM,134,1.0758064599701862,533,0,1.613687720314157
D4,0.5,DCC-CUSUM,134,0.16030697215432782,385,0,0.26743708198664173
D4,0.5,KCCA-logdet,134,1.1386486194272925,533,0,1.3154371508731648
D4,0.5,CorrCUSUM,135,0.8862935820150513,130,0,1.613687720314157
D4,0.5,DCC-CUSUM,135,0.07104549306714891,131,0,0.26743708198664173
D4,0.5,KCCA-logdet,135,0.6927469002496107,538,0,1.3154371508731648
D4,0.5,CorrCUSUM,136,0.6273993568758328,211,0,1.613687720314157
D4,0.5,DCC-CUSUM,136,7.223618513649628e-17,211,0,0.26743708198664173
D4,0.5,KCCA-logdet,136,0.6697473518214235,540,0,1.3154371508731648
D4,0.5,CorrCUSUM,137,1.2229301963918808,256,0,1.613687720314157
D4,0.5,DCC-CUSUM,137,0.0,60,0,0.26743708198664173
D4,0.5,KCCA-logdet,137,1.0521542552472722,534,0,1.3154371508731648
D4,0.5,CorrCUSUM,138,1.3014351240078246,128,0,1.613687720314157
D4,0.5,DCC-CUSUM,138,0.19034698923393775,126,0,0.26743708198664173
D4,0.5,KCCA-logdet,138,0.6161228546764441,66,0,1.3154371508731648
D4,0.5,CorrCUSUM,139,0.9447986925174954,507,0,1.613687720314157
D4,0.5,DCC-CUSUM,139,0.013593113940688297,507,0,0.26743708198664173
D4,0.5,KCCA-logdet,139,0.6451001586516463,94,0,1.3154371508731648
D4,0.5,CorrCUSUM,140,0.9273714411427992,191,0,1.613687720314157
D4,0.5,DCC-CUSUM,140,0.09280461577335063,192,0,0.26743708198664173
D4,0.5,KCCA-logdet,140,1.0832910582316353,65,0,1.3154371508731648
D4,0.5,CorrCUSUM,141,0.6729120493446579,339,0,1.613687720314157
D4,0.5,DCC-CUSUM,141,1.195438044219664e-16,535,0,0.26743708198664173
D4,0.5,KCCA-logdet,141,0.9053305551287546,539,0,1.3154371508731648
D4,0.5,CorrCUSUM,142,1.5492882962596686,397,0,1.613687720314157
D4,0.5,DCC-CUSUM,142,0.0314030602291139,397,0,0.26743708198664173
D4,0.5,KCCA-logdet,142,0.8983234643618883,537,0,1.3154371508731648
D4,0.5,CorrCUSUM,143,0.9112049558370808,146,0,1.613687720314157
D4,0.5,DCC-CUSUM,143,0.021557283455013603,147,0,0.26743708198664173
D4,0.5,KCCA-logdet,143,0.7024087673181777,88,0,1.3154371508731648
D4,0.5,CorrCUSUM,144,1.2482260564801004,300,0,1.613687720314157
D4,0.5,DCC-CUSUM,144,0.1974958823871743,303,0,0.26743708198664173
D4,0.5,KCCA-logdet,144,0.7361412043195127,103,0,1.3154371508731648
D4,0.5,CorrCUSUM,145,1.428648227417865,242,0,1.613687720314157
D4,0.5,DCC-CUSUM,145,1.7166716938320295e-16,243,0,0.26743708198664173
D4,0.5,KCCA-logdet,145,1.1012539738325238,197,0,1.3154371508731648
D4,0.5,CorrCUSUM,146,0.8334318767188127,468,0,1.613687720314157
D4,0.5,DCC-CUSUM,146,0.06730092145037132,469,0,0.26743708198664173
D4,0.5,KCCA-logdet,146,0.771095813727445,498,0,1.3154371508731648
D4,0.5,CorrCUSUM,147,1.2691972782874918,240,0,1.613687720314157
D4,0.5,DCC-CUSUM,147,0.22307924884001443,248,0,0.26743708198664173
D4,0.5,KCCA-logdet,147,0.8807219231169854,507,0,1.3154371508731648
D4,0.5,CorrCUSUM,148,1.2538334895609773,215,0,1.613687720314157
D4,0.5,DCC-CUSUM,148,0.16896574390127994,231,0,0.26743708198664173
D4,0.5,KCCA-logdet,148,0.6678868519879066,540,0,1.3154371508731648
D4,0.5,CorrCUSUM,149,0.8836555338940494,165,0,1.613687720314157
D4,0.5,DCC-CUSUM,149,1.0899165580888999e-16,161,0,0.26743708198664173
D4,0.5,KCCA-logdet,149,0.613173135630837,81,0,1.3154371508731648
D4,0.5,CorrCUSUM,150,0.8437009785372686,289,0,1.613687720314157
D4,0.5,DCC-CUSUM,150,0.015343903144716224,279,0,0.26743708198664173
D4,0.5,KCCA-logdet,150,0.7156105205321893,537,0,1.3154371508731648
D4,0.5,CorrCUSUM,151,2.1534223564813275,349,1,1.613687720314157
D4,0.5,DCC-CUSUM,151,0.6382038687995124,371,1,0.26743708198664173
D4,0.5,KCCA-logdet,151,0.6506466120429818,92,0,1.3154371508731648
D4,0.5,CorrCUSUM,152,1.1072532801241737,509,0,1.613687720314157
D4,0.5,DCC-CUSUM,152,7.506897671047653e-17,510,0,0.26743708198664173
D4,0.5,KCCA-logdet,152,0.8849567240292875,60,0,1.3154371508731648
D4,0.5,CorrCUSUM,153,1.4697569307152245,238,0,1.613687720314157
D4,0.5,DCC-CUSUM,153,0.24814815476122856,242,0,0.26743708198664173
D4,0.5,KCCA-logdet,153,0.6605932369956204,537,0,1.3154371508731648
D4,0.5,CorrCUSUM,154,1.034327739979778,167,0,1.613687720314157
D4,0.5,DCC-CUSUM,154,0.008755647462154055,168,0,0.26743708198664173
D4,0.5,KCCA-logdet,154,0.9240970055130999,60,0,1.3154371508731648
D4,0.5,CorrCUSUM,155,1.060188368804504,293,0,1.613687720314157
D4,0.5,DCC-CUSUM,155,1.0325525287157999e-16,293,0,0.26743708198664173
D4,0.5,KCCA-logdet,155,0.9340889989643658,138,0,1.3154371508731648
D4,0.5,CorrCUSUM,156,1.428849856568375,450,0,1.613687720314157
D4,0.5,DCC-CUSUM,156,0.1812169088398632,400,0,0.26743708198664173
D4,0.5,KCCA-logdet,156,0.7125269505243799,87,0,1.3154371508731648
D4,0.5,CorrCUSUM,157,0.791874361376115,92,0,1.613687720314157
D4,0.5,DCC-CUSUM,157,9.022441163127086e-17,93,0,0.26743708198664173
D4,0.5,KCCA-logdet,157,1.0034542308640195,92,0,1.3154371508731648
D4,0.5,CorrCUSUM,158,0.6726097578346822,539,0,1.613687720314157
D4,0.5,DCC-CUSUM,158,3.059414899898666e-16,540,0,0.26743708198664173
D4,0.5,KCCA-logdet,158,1.0823817453097213,540,0,1.3154371508731648
D4,0.5,CorrCUSUM,159,0.82541257476159,186,0,1.613687720314157
D4,0.5,DCC-CUSUM,159,0.0747316899864812,187,0,0.26743708198664173
D4,0.5,KCCA-logdet,159,0.9362189495756114,540,0,1.3154371508731648
D4,0.5,CorrCUSUM,160,0.7890088784635878,388,0,1.613687720314157
D4,0.5,DCC-CUSUM,160,0.025454015397886064,381,0,0.26743708198664173
D4,0.5,KCCA-logdet,160,1.118980614684939,81,0,1.3154371508731648
D4,0.5,CorrCUSUM,161,0.6855163238234004,295,0,1.613687720314157
D4,0.5,DCC-CUSUM,161,0.03485643526967125,295,0,0.26743708198664173
D4,0.5,KCCA-logdet,161,0.8928995572458646,95,0,1.3154371508731648
D4,0.5,CorrCUSUM,162,0.5777845403887302,205,0,1.613687720314157
D4,0.5,DCC-CUSUM,162,8.115947859453407e-17,367,0,0.26743708198664173
D4,0.5,KCCA-logdet,162,0.5286318276793093,540,0,1.3154371508731648
D4,0.5,CorrCUSUM,163,0.991307378255615,436,0,1.613687720314157
D4,0.5,DCC-CUSUM,163,1.3852350796763405e-16,437,0,0.26743708198664173
D4,0.5,KCCA-logdet,163,0.9161396419187542,532,0,1.3154371508731648
D4,0.5,CorrCUSUM,164,0.560797838700119,297,0,1.613687720314157
D4,0.5,DCC-CUSUM,164,0.026777527688021285,160,0,0.26743708198664173
D4,0.5,KCCA-logdet,164,0.9515603124691462,535,0,1.3154371508731648
D4,0.5,CorrCUSUM,165,1.5333509888963146,392,0,1.613687720314157
D4,0.5,DCC-CUSUM,165,0.137025076145737,386,0,0.26743708198664173
D4,0.5,KCCA-logdet,165,0.7265013572725721,68,0,1.3154371508731648
D4,0.5,CorrCUSUM,166,1.065140524814879,128,0,1.613687720314157
D4,0.5,DCC-CUSUM,166,0.043372532593392014,166,0,0.26743708198664173
D4,0.5,KCCA-logdet,166,0.7364005996318987,61,0,1.3154371508731648
D4,0.5,CorrCUSUM,167,0.8379646325862782,79,0,1.613687720314157
D4,0.5,DCC-CUSUM,167,0.06807168396518817,532,0,0.26743708198664173
D4,0.5,KCCA-logdet,167,0.9795213614640788,66,0,1.3154371508731648
D4,0.5,CorrCUSUM,168,1.3541910714653838,421,0,1.613687720314157
D4,0.5,DCC-CUSUM,168,0.01184113812907085,422,0,0.26743708198664173
D4,0.5,KCCA-logdet,168,0.568010034199045,83,0,1.3154371508731648
D4,0.5,CorrCUSUM,169,0.7150746930174342,499,0,1.613687720314157
D4,0.5,DCC-CUSUM,169,0.011869627741546863,500,0,0.26743708198664173
D4,0.5,KCCA-logdet,169,0.5659303865703853,497,0,1.3154371508731648
D4,0.5,CorrCUSUM,170,1.993464405181264,260,1,1.613687720314157
D4,0.5,DCC-CUSUM,170,0.2638482693770777,264,0,0.26743708198664173
D4,0.5,KCCA-logdet,170,0.8454871305883324,70,0,1.3154371508731648
D4,0.5,CorrCUSUM,171,0.9989768579719915,262,0,1.613687720314157
D4,0.5,DCC-CUSUM,171,0.10228468402171777,265,0,0.26743708198664173
D4,0.5,KCCA-logdet,171,0.9642189734991702,536,0,1.3154371508731648
D4,0.5,CorrCUSUM,172,0.6822244082256083,330,0,1.613687720314157
D4,0.5,DCC-CUSUM,172,8.880801584428073e-17,331,0,0.26743708198664173
D4,0.5,KCCA-logdet,172,1.4093037201695466,60,1,1.3154371508731648
D4,0.5,CorrCUSUM,173,0.9049289043000547,422,0,1.613687720314157
D4,0.5,DCC-CUSUM,173,0.0030999415365273353,428,0,0.26743708198664173
D4,0.5,KCCA-logdet,173,0.7328101918686867,505,0,1.3154371508731648
D4,0.5,CorrCUSUM,174,1.1899455766189064,280,0,1.613687720314157
D4,0.5,DCC-CUSUM,174,1.2407627094033481e-16,463,0,0.26743708198664173
D4,0.5,KCCA-logdet,174,0.35297817500156803,524,0,1.3154371508731648
D4,0.5,CorrCUSUM,175,1.3215539293248568,459,0,1.613687720314157
D4,0.5,DCC-CUSUM,175,0.03955889469437654,460,0,0.26743708198664173
D4,0.5,KCCA-logdet,175,0.645774629188359,60,0,1.3154371508731648
D4,0.5,CorrCUSUM,176,1.3777149476924115,262,0,1.613687720314157
D4,0.5,DCC-CUSUM,176,0.04209689726994939,264,0,0.26743708198664173
D4,0.5,KCCA-logdet,176,1.084665837268913,61,0,1.3154371508731648
D4,0.5,CorrCUSUM,177,0.901342443082828,187,0,1.613687720314157
D4,0.5,DCC-CUSUM,177,0.043778844247048504,188,0,0.26743708198664173
D4,0.5,KCCA-logdet,177,0.6279536615456325,61,0,1.3154371508731648
D4,0.5,CorrCUSUM,178,1.6861172393782045,235,1,1.613687720314157
D4,0.5,DCC-CUSUM,178,0.09469610970021075,236,0,0.26743708198664173
D4,0.5,KCCA-logdet,178,0.6553937027516307,540,0,1.3154371508731648
D4,0.5,CorrCUSUM,179,0.8770688592763314,242,0,1.613687720314157
D4,0.5,DCC-CUSUM,179,1.0265328466210918e-16,243,0,0.26743708198664173
D4,0.5,KCCA-logdet,179,0.7171053107574414,61,0,1.3154371508731648
D4,0.5,CorrCUSUM,180,0.5350737379985258,198,0,1.613687720314157
D4,0.5,DCC-CUSUM,180,0.0041263069077240346,199,0,0.26743708198664173
D4,0.5,KCCA-logdet,180,1.0264498331852279,84,0,1.3154371508731648
D4,0.5,CorrCUSUM,181,0.5372851073164595,116,0,1.613687720314157
D4,0.5,DCC-CUSUM,181,1.9121343124366663e-17,540,0,0.26743708198664173
D4,0.5,KCCA-logdet,181,1.0897922963303082,84,0,1.3154371508731648
D4,0.5,CorrCUSUM,182,0.6298754251643436,121,0,1.613687720314157
D4,0.5,DCC-CUSUM,182,0.053057408082108785,123,0,0.26743708198664173
D4,0.5,KCCA-logdet,182,0.7831615134803505,60,0,1.3154371508731648
D4,0.5,CorrCUSUM,183,1.297994636703733,112,0,1.613687720314157
D4,0.5,DCC-CUSUM,183,0.4331544776214203,139,1,0.26743708198664173
D4,0.5,KCCA-logdet,183,1.5066930380102312,66,1,1.3154371508731648
D4,0.5,CorrCUSUM,184,1.0108359495835684,491,0,1.613687720314157
D4,0.5,DCC-CUSUM,184,0.05972281422750173,494,0,0.26743708198664173
D4,0.5,KCCA-logdet,184,0.819063172545745,535,0,1.3154371508731648
D4,0.5,CorrCUSUM,185,1.1040229687912562,163,0,1.613687720314157
D4,0.5,DCC-CUSUM,185,0.005338866590601372,164,0,0.26743708198664173
D4,0.5,KCCA-logdet,185,0.8834908227451322,60,0,1.3154371508731648
D4,0.5,CorrCUSUM,186,1.2002634140435373,237,0,1.613687720314157
D4,0.5,DCC-CUSUM,186,0.2504571082435857,238,0,0.26743708198664173
D4,0.5,KCCA-logdet,186,0.7805260238272983,138,0,1.3154371508731648
D4,0.5,CorrCUSUM,187,1.3043161464345419,510,0,1.613687720314157
D4,0.5,DCC-CUSUM,187,0.17243222248273823,512,0,0.26743708198664173
D4,0.5,KCCA-logdet,187,1.3172633721004843,66,1,1.3154371508731648
D4,0.5,CorrCUSUM,188,1.95382983265876,160,1,1.613687720314157
D4,0.5,DCC-CUSUM,188,0.9526596555217757,180,1,0.26743708198664173
D4,0.5,KCCA-logdet,188,0.5421627263789578,482,0,1.3154371508731648
D4,0.5,CorrCUSUM,189,0.6989939071861837,169,0,1.613687720314157
D4,0.5,DCC-CUSUM,189,0.015493484088738888,170,0,0.26743708198664173
D4,0.5,KCCA-logdet,189,0.6209942959413485,526,0,1.3154371508731648
D4,0.5,CorrCUSUM,190,1.5144959624108634,270,0,1.613687720314157
D4,0.5,DCC-CUSUM,190,0.020315569171378757,273,0,0.26743708198664173
D4,0.5,KCCA-logdet,190,1.1132754945545713,60,0,1.3154371508731648
D4,0.5,CorrCUSUM,191,0.6048564345994473,264,0,1.613687720314157
D4,0.5,DCC-CUSUM,191,0.01242870476713526,265,0,0.26743708198664173
D4,0.5,KCCA-logdet,191,0.5600923172015165,114,0,1.3154371508731648
D4,0.5,CorrCUSUM,192,1.1603455551202704,457,0,1.613687720314157
D4,0.5,DCC-CUSUM,192,0.10016355878665645,458,0,0.26743708198664173
D4,0.5,KCCA-logdet,192,1.1260229909345594,535,0,1.3154371508731648
D4,0.5,CorrCUSUM,193,0.914983974118689,446,0,1.613687720314157
D4,0.5,DCC-CUSUM,193,8.455882848331036e-17,447,0,0.26743708198664173
D4,0.5,KCCA-logdet,193,1.1315387894405329,106,0,1.3154371508731648
D4,0.5,CorrCUSUM,194,0.7992606184791573,66,0,1.613687720314157
D4,0.5,DCC-CUSUM,194,0.05621886598262816,475,0,0.26743708198664173
D4,0.5,KCCA-logdet,194,1.7670224840258573,63,1,1.3154371508731648
D4,0.5,CorrCUSUM,195,0.7330344838654446,210,0,1.613687720314157
D4,0.5,DCC-CUSUM,195,0.11001207528072673,212,0,0.26743708198664173
D4,0.5,KCCA-logdet,195,0.8545711647987861,540,0,1.3154371508731648
D4,0.5,CorrCUSUM,196,0.9826830385847429,415,0,1.613687720314157
D4,0.5,DCC-CUSUM,196,0.15644430970824713,429,0,0.26743708198664173
D4,0.5,KCCA-logdet,196,0.8224042604993943,539,0,1.3154371508731648
D4,0.5,CorrCUSUM,197,0.6844714916766477,153,0,1.613687720314157
D4,0.5,DCC-CUSUM,197,0.005919026615091451,154,0,0.26743708198664173
D4,0.5,KCCA-logdet,197,0.8608210029077435,61,0,1.3154371508731648
D4,0.5,CorrCUSUM,198,0.9978348347006478,432,0,1.613687720314157
D4,0.5,DCC-CUSUM,198,2.1968298656216812e-16,340,0,0.26743708198664173
D4,0.5,KCCA-logdet,198,0.954534262215141,79,0,1.3154371508731648
D4,0.5,CorrCUSUM,199,0.47352173610356857,422,0,1.613687720314157
D4,0.5,DCC-CUSUM,199,7.69102912335637e-17,423,0,0.26743708198664173
D4,0.5,KCCA-logdet,199,0.7168850219697364,105,0,1.3154371508731648
D4,0.7,CorrCUSUM,0,1.0700667166476399,138,0,1.613687720314157
D4,0.7,DCC-CUSUM,0,0.12167555276852951,443,0,0.26743708198664173
D4,0.7,KCCA-logdet,0,0.8090653205570987,243,0,1.3154371508731648
D4,0.7,CorrCUSUM,1,1.3275221257487426,328,0,1.613687720314157
D4,0.7,DCC-CUSUM,1,0.09816477161556424,333,0,0.26743708198664173
D4,0.7,KCCA-logdet,1,0.7214289215265621,279,0,1.3154371508731648
D4,0.7,CorrCUSUM,2,0.5892913819691531,165,0,1.613687720314157
D4,0.7,DCC-CUSUM,2,9.54650760431343e-17,522,0,0.26743708198664173
D4,0.7,KCCA-logdet,2,0.8337440326293462,300,0,1.3154371508731648
D4,0.7,CorrCUSUM,3,1.1460614036952375,357,0,1.613687720314157
D4,0.7,DCC-CUSUM,3,3.116070731378271e-16,365,0,0.26743708198664173
D4,0.7,KCCA-logdet,3,0.8520879930629552,209,0,1.3154371508731648
D4,0.7,CorrCUSUM,4,0.6530864733249139,264,0,1.613687720314157
D4,0.7,DCC-CUSUM,4,8.144275775193209e-17,109,0,0.26743708198664173
D4,0.7,KCCA-logdet,4,1.257055350837062,107,0,1.3154371508731648
D4,0.7,CorrCUSUM,5,1.2949144321546755,214,0,1.613687720314157
D4,0.7,DCC-CUSUM,5,0.2543167488376524,217,0,0.26743708198664173
D4,0.7,KCCA-logdet,5,1.8388318438888525,69,1,1.3154371508731648
D4,0.7,CorrCUSUM,6,0.9899324002175045,253,0,1.613687720314157
D4,0.7,DCC-CUSUM,6,0.04726916056807315,254,0,0.26743708198664173
D4,0.7,KCCA-logdet,6,1.5384479846381072,63,1,1.3154371508731648
D4,0.7,CorrCUSUM,7,1.0470797532622802,102,0,1.613687720314157
D4,0.7,DCC-CUSUM,7,0.0026012798879057,78,0,0.26743708198664173
D4,0.7,KCCA-logdet,7,1.3679937020767776,151,1,1.3154371508731648
D4,0.7,CorrCUSUM,8,1.089423141213862,304,0,1.613687720314157
D4,0.7,DCC-CUSUM,8,1.23474302730864e-16,305,0,0.26743708198664173
D4,0.7,KCCA-logdet,8,1.3952116183260248,94,1,1.3154371508731648
D4,0.7,CorrCUSUM,9,0.5111508832628895,495,0,1.613687720314157
D4,0.7,DCC-CUSUM,9,0.015689946147250625,496,0,0.26743708198664173
D4,0.7,KCCA-logdet,9,1.6304710002409006,62,1,1.3154371508731648
D4,0.7,CorrCUSUM,10,0.8217577769445525,241,0,1.613687720314157
D4,0.7,DCC-CUSUM,10,1.8753080219749232e-16,532,0,0.26743708198664173
D4,0.7,KCCA-logdet,10,1.1376446987372884,297,0,1.3154371508731648
D4,0.7,CorrCUSUM,11,1.231533278034714,266,0,1.613687720314157
D4,0.7,DCC-CUSUM,11,1.2393463136163578e-16,240,0,0.26743708198664173
D4,0.7,KCCA-logdet,11,1.1732966446607989,239,0,1.3154371508731648
D4,0.7,CorrCUSUM,12,0.9614791441152952,261,0,1.613687720314157
D4,0.7,DCC-CUSUM,12,1.1552478137638193e-16,298,0,0.26743708198664173
D4,0.7,KCCA-logdet,12,1.223491786436979,215,0,1.3154371508731648
D4,0.7,CorrCUSUM,13,0.8788325950397579,513,0,1.613687720314157
D4,0.7,DCC-CUSUM,13,8.080537964778653e-17,514,0,0.26743708198664173
D4,0.7,KCCA-logdet,13,1.0071710926256559,510,0,1.3154371508731648
D4,0.7,CorrCUSUM,14,0.7300484816173172,136,0,1.613687720314157
D4,0.7,DCC-CUSUM,14,2.5693419576000837e-16,529,0,0.26743708198664173
D4,0.7,KCCA-logdet,14,0.6867014861685404,60,0,1.3154371508731648
D4,0.7,CorrCUSUM,15,1.344646732053384,202,0,1.613687720314157
D4,0.7,DCC-CUSUM,15,0.2512381559388291,229,0,0.26743708198664173
D4,0.7,KCCA-logdet,15,1.4291802829585767,144,1,1.3154371508731648
D4,0.7,CorrCUSUM,16,0.8581834463501379,343,0,1.613687720314157
D4,0.7,DCC-CUSUM,16,8.994113247387283e-17,344,0,0.26743708198664173
D4,0.7,KCCA-logdet,16,0.9626026838085953,193,0,1.3154371508731648
D4,0.7,CorrCUSUM,17,1.100491425641822,242,0,1.613687720314157
D4,0.7,DCC-CUSUM,17,0.10990137589634966,243,0,0.26743708198664173
D4,0.7,KCCA-logdet,17,1.0944765335940416,163,0,1.3154371508731648
D4,0.7,CorrCUSUM,18,0.6763758952426947,516,0,1.613687720314157
D4,0.7,DCC-CUSUM,18,7.246634945188219e-17,516,0,0.26743708198664173
D4,0.7,KCCA-logdet,18,1.6008340093556923,255,1,1.3154371508731648
D4,0.7,CorrCUSUM,19,1.3831669737803112,279,0,1.613687720314157
D4,0.7,DCC-CUSUM,19,0.3559854084753079,307,1,0.26743708198664173
D4,0.7,KCCA-logdet,19,1.0712356374160785,132,0,1.3154371508731648
D4,0.7,CorrCUSUM,20,1.5893003971719188,82,0,1.613687720314157
D4,0.7,DCC-CUSUM,20,0.4729934150265372,107,1,0.26743708198664173
D4,0.7,KCCA-logdet,20,1.3411352222909863,80,1,1.3154371508731648
D4,0.7,CorrCUSUM,21,0.8898622042311787,166,0,1.613687720314157
D4,0.7,DCC-CUSUM,21,0.005368576726041064,166,0,0.26743708198664173
D4,0.7,KCCA-logdet,21,1.1980595247296781,244,0,1.3154371508731648
D4,0.7,CorrCUSUM,22,0.9003895154462171,169,0,1.613687720314157
D4,0.7,DCC-CUSUM,22,0.04638157123494592,180,0,0.26743708198664173
D4,0.7,KCCA-logdet,22,0.9538158709336538,73,0,1.3154371508731648
D4,0.7,CorrCUSUM,23,1.1977247499734895,314,0,1.613687720314157
D4,0.7,DCC-CUSUM,23,0.03625115954971457,315,0,0.26743708198664173
D4,0.7,KCCA-logdet,23,0.8038706351932284,229,0,1.3154371508731648
D4,0.7,CorrCUSUM,24,0.7240781518988172,456,0,1.613687720314157
D4,0.7,DCC-CUSUM,24,0.031104592129547592,457,0,0.26743708198664173
D4,0.7,KCCA-logdet,24,1.3966023904456237,60,1,1.3154371508731648
D4,0.7,CorrCUSUM,25,0.6480556519225316,157,0,1.613687720314157
D4,0.7,DCC-CUSUM,25,8.781653879338764e-17,158,0,0.26743708198664173
D4,0.7,KCCA-logdet,25,1.7557927748714728,168,1,1.3154371508731648
D4,0.7,CorrCUSUM,26,0.6806068612454275,384,0,1.613687720314157
D4,0.7,DCC-CUSUM,26,0.00964878759552433,385,0,0.26743708198664173
D4,0.7,KCCA-logdet,26,0.9410703656094808,130,0,1.3154371508731648
D4,0.7,CorrCUSUM,27,0.8327462204920436,393,0,1.613687720314157
D4,0.7,DCC-CUSUM,27,1.5467041993932147e-16,394,0,0.26743708198664173
D4,0.7,KCCA-logdet,27,0.8221507132674787,262,0,1.3154371508731648
D4,0.7,CorrCUSUM,28,0.9110160688246494,381,0,1.613687720314157
D4,0.7,DCC-CUSUM,28,1.229431543107427e-16,382,0,0.26743708198664173
D4,0.7,KCCA-logdet,28,1.636914582238597,141,1,1.3154371508731648
D4,0.7,CorrCUSUM,29,0.9551769460502012,377,0,1.613687720314157
D4,0.7,DCC-CUSUM,29,0.05462143023176594,379,0,0.26743708198664173
D4,0.7,KCCA-logdet,29,1.667564580609466,66,1,1.3154371508731648
D4,0.7,CorrCUSUM,30,1.0010554169786152,449,0,1.613687720314157
D4,0.7,DCC-CUSUM,30,3.7619472102457673e-16,540,0,0.26743708198664173
D4,0.7,KCCA-logdet,30,1.0998997068340746,132,0,1.3154371508731648
D4,0.7,CorrCUSUM,31,0.8488117600445991,278,0,1.613687720314157
D4,0.7,DCC-CUSUM,31,9.841737601164185e-17,279,0,0.26743708198664173
D4,0.7,KCCA-logdet,31,0.712549701100995,323,0,1.3154371508731648
D4,0.7,CorrCUSUM,32,0.6399317279793845,357,0,1.613687720314157
D4,0.7,DCC-CUSUM,32,8.781653879338764e-17,358,0,0.26743708198664173
D4,0.7,KCCA-logdet,32,1.5204473644343122,237,1,1.3154371508731648
D4,0.7,CorrCUSUM,33,0.9263831734709216,265,0,1.613687720314157
D4,0.7,DCC-CUSUM,33,0.10013008980372547,266,0,0.26743708198664173
D4,0.7,KCCA-logdet,33,0.8147663483687875,203,0,1.3154371508731648
D4,0.7,CorrCUSUM,34,0.985836832156476,113,0,1.613687720314157
D4,0.7,DCC-CUSUM,34,0.0,60,0,0.26743708198664173
D4,0.7,KCCA-logdet,34,0.8317004227796593,131,0,1.3154371508731648
D4,0.7,CorrCUSUM,35,1.5057674932909444,179,0,1.613687720314157
D4,0.7,DCC-CUSUM,35,0.08433549858893032,182,0,0.26743708198664173
D4,0.7,KCCA-logdet,35,0.968482119633796,184,0,1.3154371508731648
D4,0.7,CorrCUSUM,36,0.949044650795547,84,0,1.613687720314157
D4,0.7,DCC-CUSUM,36,0.02917938120860618,166,0,0.26743708198664173
D4,0.7,KCCA-logdet,36,1.6189542993919677,69,1,1.3154371508731648
D4,0.7,CorrCUSUM,37,0.8165996800610732,198,0,1.613687720314157
D4,0.7,DCC-CUSUM,37,0.06909033529981834,199,0,0.26743708198664173
D4,0.7,KCCA-logdet,37,1.573698469101478,117,1,1.3154371508731648
D4,0.7,CorrCUSUM,38,0.48160752575895766,158,0,1.613687720314157
D4,0.7,DCC-CUSUM,38,0.012715230073636643,160,0,0.26743708198664173
D4,0.7,KCCA-logdet,38,1.1662723588779047,206,0,1.3154371508731648
D4,0.7,CorrCUSUM,39,0.8645699973285403,278,0,1.613687720314157
D4,0.7,DCC-CUSUM,39,0.018323192714457197,284,0,0.26743708198664173
D4,0.7,KCCA-logdet,39,1.4533285067887642,65,1,1.3154371508731648
D4,0.7,CorrCUSUM,40,0.7955571154403339,425,0,1.613687720314157
D4,0.7,DCC-CUSUM,40,0.015725307420300504,426,0,0.26743708198664173
D4,0.7,KCCA-logdet,40,1.270538995742511,210,0,1.3154371508731648
D4,0.7,CorrCUSUM,41,0.8546115708289199,163,0,1.613687720314157
D4,0.7,DCC-CUSUM,41,0.011091662552547657,325,0,0.26743708198664173
D4,0.7,KCCA-logdet,41,0.7302411720646732,93,0,1.3154371508731648
D4,0.7,CorrCUSUM,42,0.7567618959312887,287,0,1.613687720314157
D4,0.7,DCC-CUSUM,42,0.11555782565119271,290,0,0.26743708198664173
D4,0.7,KCCA-logdet,42,2.5590230534928793,83,1,1.3154371508731648
D4,0.7,CorrCUSUM,43,1.2588275405466922,495,0,1.613687720314157
D4,0.7,DCC-CUSUM,43,0.15151707326482422,496,0,0.26743708198664173
D4,0.7,KCCA-logdet,43,0.8278252991993239,284,0,1.3154371508731648
D4,0.7,CorrCUSUM,44,1.1459997019539745,99,0,1.613687720314157
D4,0.7,DCC-CUSUM,44,0.02931986179775228,99,0,0.26743708198664173
D4,0.7,KCCA-logdet,44,1.9672660435870652,72,1,1.3154371508731648
D4,0.7,CorrCUSUM,45,1.2050936744318383,277,0,1.613687720314157
D4,0.7,DCC-CUSUM,45,1.5891960730029182e-16,278,0,0.26743708198664173
D4,0.7,KCCA-logdet,45,0.6954730038793607,60,0,1.3154371508731648
D4,0.7,CorrCUSUM,46,0.6892627677272707,78,0,1.613687720314157
D4,0.7,DCC-CUSUM,46,0.06160107768677952,79,0,0.26743708198664173
D4,0.7,KCCA-logdet,46,1.5331403871767961,76,1,1.3154371508731648
D4,0.7,CorrCUSUM,47,1.1475346830282818,427,0,1.613687720314157
D4,0.7,DCC-CUSUM,47,1.1345330253790888e-16,428,0,0.26743708198664173
D4,0.7,KCCA-logdet,47,1.2255222700258595,73,0,1.3154371508731648
D4,0.7,CorrCUSUM,48,1.3860632408374327,225,0,1.613687720314157
D4,0.7,DCC-CUSUM,48,0.21261150639158757,226,0,0.26743708198664173
D4,0.7,KCCA-logdet,48,1.4786304363399003,60,1,1.3154371508731648
D4,0.7,CorrCUSUM,49,0.7911871888310201,71,0,1.613687720314157
D4,0.7,DCC-CUSUM,49,0.025046072421082612,72,0,0.26743708198664173
D4,0.7,KCCA-logdet,49,1.1556196971380561,71,0,1.3154371508731648
D4,0.7,CorrCUSUM,50,0.6694967352533912,276,0,1.613687720314157
D4,0.7,DCC-CUSUM,50,6.43043687293516e-17,277,0,0.26743708198664173
D4,0.7,KCCA-logdet,50,1.301885388308247,61,0,1.3154371508731648
D4,0.7,CorrCUSUM,51,0.9440420625163155,139,0,1.613687720314157
D4,0.7,DCC-CUSUM,51,0.018906888118546808,140,0,0.26743708198664173
D4,0.7,KCCA-logdet,51,1.052194607342515,60,0,1.3154371508731648
D4,0.7,CorrCUSUM,52,1.3330844690526358,254,0,1.613687720314157
D4,0.7,DCC-CUSUM,52,1.5311238457363232e-16,255,0,0.26743708198664173
D4,0.7,KCCA-logdet,52,1.0938597910848302,117,0,1.3154371508731648
D4,0.7,CorrCUSUM,53,0.9032213956047649,239,0,1.613687720314157
D4,0.7,DCC-CUSUM,53,1.2124347936635457e-16,240,0,0.26743708198664173
D4,0.7,KCCA-logdet,53,1.387423965895272,62,1,1.3154371508731648
D4,0.7,CorrCUSUM,54,1.3606376721182896,145,0,1.613687720314157
D4,0.7,DCC-CUSUM,54,1.7421668179978517e-16,531,0,0.26743708198664173
D4,0.7,KCCA-logdet,54,1.5637465341995187,125,1,1.3154371508731648
D4,0.7,CorrCUSUM,55,0.935708590976097,293,0,1.613687720314157
D4,0.7,DCC-CUSUM,55,7.648537249746665e-17,540,0,0.26743708198664173
D4,0.7,KCCA-logdet,55,1.4048801955988184,82,1,1.3154371508731648
D4,0.7,CorrCUSUM,56,0.7013212094490427,260,0,1.613687720314157
D4,0.7,DCC-CUSUM,56,7.903488491404888e-17,533,0,0.26743708198664173
D4,0.7,KCCA-logdet,56,0.8793178203122978,60,0,1.3154371508731648
D4,0.7,CorrCUSUM,57,0.7209200681722223,244,0,1.613687720314157
D4,0.7,DCC-CUSUM,57,7.421913923828246e-17,128,0,0.26743708198664173
D4,0.7,KCCA-logdet,57,1.0820286260806269,134,0,1.3154371508731648
D4,0.7,CorrCUSUM,58,1.4230114040984565,249,0,1.613687720314157
D4,0.7,DCC-CUSUM,58,0.24115444624600757,257,0,0.26743708198664173
D4,0.7,KCCA-logdet,58,1.0922259677703303,62,0,1.3154371508731648
D4,0.7,CorrCUSUM,59,0.494972795858191,134,0,1.613687720314157
D4,0.7,DCC-CUSUM,59,0.01765068352377632,135,0,0.26743708198664173
D4,0.7,KCCA-logdet,59,0.7456991889297958,252,0,1.3154371508731648
D4,0.7,CorrCUSUM,60,1.5279228907777027,325,0,1.613687720314157
D4,0.7,DCC-CUSUM,60,1.6373535297605825e-16,314,0,0.26743708198664173
D4,0.7,KCCA-logdet,60,1.3774536152770693,270,1,1.3154371508731648
D4,0.7,CorrCUSUM,61,1.1531291386748022,244,0,1.613687720314157
D4,0.7,DCC-CUSUM,61,1.3484087892145973e-16,245,0,0.26743708198664173
D4,0.7,KCCA-logdet,61,1.3690785936031862,176,1,1.3154371508731648
D4,0.7,CorrCUSUM,62,0.9069053114197948,119,0,1.613687720314157
D4,0.7,DCC-CUSUM,62,0.050001073655521706,96,0,0.26743708198664173
D4,0.7,KCCA-logdet,62,1.3705585229960229,61,1,1.3154371508731648
D4,0.7,CorrCUSUM,63,1.1330934314972896,309,0,1.613687720314157
D4,0.7,DCC-CUSUM,63,1.2906906608947498e-16,310,0,0.26743708198664173
D4,0.7,KCCA-logdet,63,1.3772962939086562,111,1,1.3154371508731648
D4,0.7,CorrCUSUM,64,1.1926484980808563,335,0,1.613687720314157
D4,0.7,DCC-CUSUM,64,1.654350279204464e-16,336,0,0.26743708198664173
D4,0.7,KCCA-logdet,64,1.121601106269139,64,0,1.3154371508731648
D4,0.7,CorrCUSUM,65,1.1530353991887783,133,0,1.613687720314157
D4,0.7,DCC-CUSUM,65,0.11255281691773532,241,0,0.26743708198664173
D4,0.7,KCCA-logdet,65,1.0799906307806735,135,0,1.3154371508731648
D4,0.7,CorrCUSUM,66,0.9489698078780873,258,0,1.613687720314157
D4,0.7,DCC-CUSUM,66,9.008277205257185e-17,259,0,0.26743708198664173
D4,0.7,KCCA-logdet,66,1.0112105106937392,192,0,1.3154371508731648
D4,0.7,CorrCUSUM,67,0.6675594056010621,540,0,1.613687720314157
D4,0.7,DCC-CUSUM,67,0.028100157651265834,537,0,0.26743708198664173
D4,0.7,KCCA-logdet,67,1.5329066454126394,61,1,1.3154371508731648
D4,0.7,CorrCUSUM,68,1.0589689517987075,160,0,1.613687720314157
D4,0.7,DCC-CUSUM,68,0.1612724156190554,175,0,0.26743708198664173
D4,0.7,KCCA-logdet,68,0.9998087952403217,224,0,1.3154371508731648
D4,0.7,CorrCUSUM,69,1.4301657693043748,108,0,1.613687720314157
D4,0.7,DCC-CUSUM,69,0.022819433578122057,109,0,0.26743708198664173
D4,0.7,KCCA-logdet,69,1.4180683011690838,73,1,1.3154371508731648
D4,0.7,CorrCUSUM,70,1.2128756700007346,358,0,1.613687720314157
D4,0.7,DCC-CUSUM,70,4.1695150979521754e-17,371,0,0.26743708198664173
D4,0.7,KCCA-logdet,70,1.1322702720785238,178,0,1.3154371508731648
D4,0.7,CorrCUSUM,71,0.9743663744894081,82,0,1.613687720314157
D4,0.7,DCC-CUSUM,71,9.086178973541641e-17,83,0,0.26743708198664173
D4,0.7,KCCA-logdet,71,1.317906555995863,78,1,1.3154371508731648
D4,0.7,CorrCUSUM,72,1.1761363948391501,127,0,1.613687720314157
D4,0.7,DCC-CUSUM,72,0.24478764991545698,130,0,0.26743708198664173
D4,0.7,KCCA-logdet,72,3.050785093664679,60,1,1.3154371508731648
D4,0.7,CorrCUSUM,73,0.7797822398727806,392,0,1.613687720314157
D4,0.7,DCC-CUSUM,73,1.2832545830130517e-16,478,0,0.26743708198664173
D4,0.7,KCCA-logdet,73,1.196801389627179,160,0,1.3154371508731648
D4,0.7,CorrCUSUM,74,0.9867663920406063,252,0,1.613687720314157
D4,0.7,DCC-CUSUM,74,0.0902311992013956,253,0,0.26743708198664173
D4,0.7,KCCA-logdet,74,1.2496505663454736,78,0,1.3154371508731648
D4,0.7,CorrCUSUM,75,1.0472757129599535,309,0,1.613687720314157
D4,0.7,DCC-CUSUM,75,1.230847938894417e-16,310,0,0.26743708198664173
D4,0.7,KCCA-logdet,75,1.0503832679693252,282,0,1.3154371508731648
D4,0.7,CorrCUSUM,76,1.148059062104031,321,0,1.613687720314157
D4,0.7,DCC-CUSUM,76,0.1630218520259291,327,0,0.26743708198664173
D4,0.7,KCCA-logdet,76,0.9306509833162372,290,0,1.3154371508731648
D4,0.7,CorrCUSUM,77,0.7342750149268467,442,0,1.613687720314157
D4,0.7,DCC-CUSUM,77,1.26342504199519e-16,443,0,0.26743708198664173
D4,0.7,KCCA-logdet,77,1.3437921832681905,73,1,1.3154371508731648
D4,0.7,CorrCUSUM,78,0.4764492636497335,215,0,1.613687720314157
D4,0.7,DCC-CUSUM,78,9.801458845971653e-17,521,0,0.26743708198664173
D4,0.7,KCCA-logdet,78,1.3621863873278526,177,1,1.3154371508731648
D4,0.7,CorrCUSUM,79,1.0268055223399177,332,0,1.613687720314157
D4,0.7,DCC-CUSUM,79,0.04205940201163098,333,0,0.26743708198664173
D4,0.7,KCCA-logdet,79,0.6721180064703232,142,0,1.3154371508731648
D4,0.7,CorrCUSUM,80,1.2447454754521607,81,0,1.613687720314157
D4,0.7,DCC-CUSUM,80,0.1941201039721575,82,0,0.26743708198664173
D4,0.7,KCCA-logdet,80,1.5366859258310457,63,1,1.3154371508731648
D4,0.7,CorrCUSUM,81,1.2481271098912785,259,0,1.613687720314157
D4,0.7,DCC-CUSUM,81,0.09487124250936446,260,0,0.26743708198664173
D4,0.7,KCCA-logdet,81,0.9208411099528392,288,0,1.3154371508731648
D4,0.7,CorrCUSUM,82,0.8015409809961812,397,0,1.613687720314157
D4,0.7,DCC-CUSUM,82,0.013343689581437224,398,0,0.26743708198664173
D4,0.7,KCCA-logdet,82,0.984479172066897,107,0,1.3154371508731648
D4,0.7,CorrCUSUM,83,1.3820032352628362,255,0,1.613687720314157
D4,0.7,DCC-CUSUM,83,0.11743117509860483,257,0,0.26743708198664173
D4,0.7,KCCA-logdet,83,2.6792089400096697,68,1,1.3154371508731648
D4,0.7,CorrCUSUM,84,0.6439650403788633,88,0,1.613687720314157
D4,0.7,DCC-CUSUM,84,2.447531919918933e-16,539,0,0.26743708198664173
D4,0.7,KCCA-logdet,84,0.9036969454269879,222,0,1.3154371508731648
D4,0.7,CorrCUSUM,85,0.8030126629419133,276,0,1.613687720314157
D4,0.7,DCC-CUSUM,85,8.866637626558172e-17,277,0,0.26743708198664173
D4,0.7,KCCA-logdet,85,1.093889323824383,112,0,1.3154371508731648
D4,0.7,CorrCUSUM,86,1.2987831952436528,118,0,1.613687720314157
D4,0.7,DCC-CUSUM,86,1.6486846960565034e-16,131,0,0.26743708198664173
D4,0.7,KCCA-logdet,86,1.7363020036500885,60,1,1.3154371508731648
D4,0.7,CorrCUSUM,87,0.6709317550210798,122,0,1.613687720314157
D4,0.7,DCC-CUSUM,87,1.195438044219664e-16,492,0,0.26743708198664173
D4,0.7,KCCA-logdet,87,0.8670303651911629,237,0,1.3154371508731648
D4,0.7,CorrCUSUM,88,0.5722762208095281,354,0,1.613687720314157
D4,0.7,DCC-CUSUM,88,5.892206473878912e-17,131,0,0.26743708198664173
D4,0.7,KCCA-logdet,88,1.5154792415611553,61,1,1.3154371508731648
D4,0.7,CorrCUSUM,89,0.5448708388590175,127,0,1.613687720314157
D4,0.7,DCC-CUSUM,89,0.00891667428603678,128,0,0.26743708198664173
D4,0.7,KCCA-logdet,89,1.0861165393166636,192,0,1.3154371508731648
D4,0.7,CorrCUSUM,90,1.193660979557806,221,0,1.613687720314157
D4,0.7,DCC-CUSUM,90,0.060277993653972045,221,0,0.26743708198664173
D4,0.7,KCCA-logdet,90,1.746824885606809,107,1,1.3154371508731648
D4,0.7,CorrCUSUM,91,0.9456708538287057,266,0,1.613687720314157
D4,0.7,DCC-CUSUM,91,0.18577595618442164,267,0,0.26743708198664173
D4,0.7,KCCA-logdet,91,1.6149737653070908,65,1,1.3154371508731648
D4,0.7,CorrCUSUM,92,0.70742668235027,363,0,1.613687720314157
D4,0.7,DCC-CUSUM,92,0.0,60,0,0.26743708198664173
D4,0.7,KCCA-logdet,92,1.7125347356715357,67,1,1.3154371508731648
D4,0.7,CorrCUSUM,93,0.778229917772109,149,0,1.613687720314157
D4,0.7,DCC-CUSUM,93,0.053245856946145954,217,0,0.26743708198664173
D4,0.7,KCCA-logdet,93,0.8663575094680227,262,0,1.3154371508731648
D4,0.7,CorrCUSUM,94,0.6376230948406122,300,0,1.613687720314157
D4,0.7,DCC-CUSUM,94,1.113287088574237e-16,293,0,0.26743708198664173
D4,0.7,KCCA-logdet,94,1.9013929501432936,79,1,1.3154371508731648
D4,0.7,CorrCUSUM,95,0.8616824866884382,321,0,1.613687720314157
D4,0.7,DCC-CUSUM,95,0.0,60,0,0.26743708198664173
D4,0.7,KCCA-logdet,95,0.868504546076546,170,0,1.3154371508731648
D4,0.7,CorrCUSUM,96,0.7794981105314724,274,0,1.613687720314157
D4,0.7,DCC-CUSUM,96,8.186767648802913e-17,177,0,0.26743708198664173
D4,0.7,KCCA-logdet,96,1.4238939311222663,80,1,1.3154371508731648
D4,0.7,CorrCUSUM,97,0.9854913890862876,264,0,1.613687720314157
D4,0.7,DCC-CUSUM,97,0.0329739426776476,265,0,0.26743708198664173
D4,0.7,KCCA-logdet,97,1.5264645352980375,243,1,1.3154371508731648
D4,0.7,CorrCUSUM,98,0.9561417954783299,310,0,1.613687720314157
D4,0.7,DCC-CUSUM,98,0.004868380283642598,311,0,0.26743708198664173
D4,0.7,KCCA-logdet,98,0.9646223958796363,270,0,1.3154371508731648
D4,0.7,CorrCUSUM,99,0.6983997118239338,83,0,1.613687720314157
D4,0.7,DCC-CUSUM,99,9.265884189016013e-17,84,0,0.26743708198664173
D4,0.7,KCCA-logdet,99,1.5559507411048936,72,1,1.3154371508731648
D4,0.7,CorrCUSUM,100,1.1400094820047397,216,0,1.613687720314157
D4,0.7,DCC-CUSUM,100,0.030515509630474603,249,0,0.26743708198664173
D4,0.7,KCCA-logdet,100,1.04887107868314,61,0,1.3154371508731648
D4,0.7,CorrCUSUM,101,1.3113828142257316,467,0,1.613687720314157
D4,0.7,DCC-CUSUM,101,0.40566776503274793,496,1,0.26743708198664173
D4,0.7,KCCA-logdet,101,1.0970985785487721,118,0,1.3154371508731648
D4,0.7,CorrCUSUM,102,0.7137756242511838,356,0,1.613687720314157
D4,0.7,DCC-CUSUM,102,0.005981305860165662,357,0,0.26743708198664173
D4,0.7,KCCA-logdet,102,1.9312487739813484,61,1,1.3154371508731648
D4,0.7,CorrCUSUM,103,0.9020991317883574,66,0,1.613687720314157
D4,0.7,DCC-CUSUM,103,2.135924846781106e-16,480,0,0.26743708198664173
D4,0.7,KCCA-logdet,103,1.1683559211530603,64,0,1.3154371508731648
D4,0.7,CorrCUSUM,104,0.9148118392634559,304,0,1.613687720314157
D4,0.7,DCC-CUSUM,104,0.010921149769862196,305,0,0.26743708198664173
D4,0.7,KCCA-logdet,104,1.2300266429013926,135,0,1.3154371508731648
D4,0.7,CorrCUSUM,105,1.8924144008205057,261,1,1.613687720314157
D4,0.7,DCC-CUSUM,105,0.4763919589560115,394,1,0.26743708198664173
D4,0.7,KCCA-logdet,105,2.696248225346555,63,1,1.3154371508731648
D4,0.7,CorrCUSUM,106,1.0505463559401416,171,0,1.613687720314157
D4,0.7,DCC-CUSUM,106,0.08521012381177731,172,0,0.26743708198664173
D4,0.7,KCCA-logdet,106,0.8508679585931538,174,0,1.3154371508731648
D4,0.7,CorrCUSUM,107,1.180819478255609,189,0,1.613687720314157
D4,0.7,DCC-CUSUM,107,1.529707449949333e-16,540,0,0.26743708198664173
D4,0.7,KCCA-logdet,107,1.0194244008162896,61,0,1.3154371508731648
D4,0.7,CorrCUSUM,108,1.2256844916906116,177,0,1.613687720314157
D4,0.7,DCC-CUSUM,108,1.4787172016176888e-16,172,0,0.26743708198664173
D4,0.7,KCCA-logdet,108,1.5596932562029246,210,1,1.3154371508731648
D4,0.7,CorrCUSUM,109,2.0400259140464145,196,1,1.613687720314157
D4,0.7,DCC-CUSUM,109,0.6824764373682097,201,1,0.26743708198664173
D4,0.7,KCCA-logdet,109,1.5558098413233459,121,1,1.3154371508731648
D4,0.7,CorrCUSUM,110,1.9463413771520168,109,1,1.613687720314157
D4,0.7,DCC-CUSUM,110,0.9786073110504644,128,1,0.26743708198664173
D4,0.7,KCCA-logdet,110,2.2717562675021745,73,1,1.3154371508731648
D4,0.7,CorrCUSUM,111,0.9636285733434033,236,0,1.613687720314157
D4,0.7,DCC-CUSUM,111,9.971426340410468e-17,237,0,0.26743708198664173
D4,0.7,KCCA-logdet,111,1.5256158677606317,69,1,1.3154371508731648
D4,0.7,CorrCUSUM,112,0.9707302503598785,485,0,1.613687720314157
D4,0.7,DCC-CUSUM,112,0.005878955508279555,486,0,0.26743708198664173
D4,0.7,KCCA-logdet,112,1.2511361108321608,119,0,1.3154371508731648
D4,0.7,CorrCUSUM,113,1.1847039634591134,266,0,1.613687720314157
D4,0.7,DCC-CUSUM,113,2.135924846781106e-16,540,0,0.26743708198664173
D4,0.7,KCCA-logdet,113,1.3053194868765858,138,0,1.3154371508731648
D4,0.7,CorrCUSUM,114,1.0756816018316138,525,0,1.613687720314157
D4,0.7,DCC-CUSUM,114,0.08576946414961771,532,0,0.26743708198664173
D4,0.7,KCCA-logdet,114,0.9161426463105227,78,0,1.3154371508731648
D4,0.7,CorrCUSUM,115,0.6839446611611956,540,0,1.613687720314157
D4,0.7,DCC-CUSUM,115,0.008526537226730859,141,0,0.26743708198664173
D4,0.7,KCCA-logdet,115,0.7597542533371844,133,0,1.3154371508731648
D4,0.7,CorrCUSUM,116,1.050318154259548,171,0,1.613687720314157
D4,0.7,DCC-CUSUM,116,1.2435955009773284e-16,172,0,0.26743708198664173
D4,0.7,KCCA-logdet,116,1.1257050895357132,193,0,1.3154371508731648
D4,0.7,CorrCUSUM,117,0.7158337139912506,294,0,1.613687720314157
D4,0.7,DCC-CUSUM,117,1.7053405275361084e-16,537,0,0.26743708198664173
D4,0.7,KCCA-logdet,117,1.1284880081100002,238,0,1.3154371508731648
D4,0.7,CorrCUSUM,118,0.9940892642667899,325,0,1.613687720314157
D4,0.7,DCC-CUSUM,118,0.038766593106021686,326,0,0.26743708198664173
D4,0.7,KCCA-logdet,118,0.8170900412025301,540,0,1.3154371508731648
D4,0.7,CorrCUSUM,119,2.193415731388917,361,1,1.613687720314157
D4,0.7,DCC-CUSUM,119,0.9958749037255324,368,1,0.26743708198664173
D4,0.7,KCCA-logdet,119,2.048487582584677,105,1,1.3154371508731648
D4,0.7,CorrCUSUM,120,1.0006964549788033,231,0,1.613687720314157
D4,0.7,DCC-CUSUM,120,0.1557734642800814,235,0,0.26743708198664173
D4,0.7,KCCA-logdet,120,0.791938729507502,305,0,1.3154371508731648
D4,0.7,CorrCUSUM,121,1.008482203163039,157,0,1.613687720314157
D4,0.7,DCC-CUSUM,121,1.2974185408829528e-16,158,0,0.26743708198664173
D4,0.7,KCCA-logdet,121,1.040852225529539,100,0,1.3154371508731648
D4,0.7,CorrCUSUM,122,0.7536926379159553,328,0,1.613687720314157
D4,0.7,DCC-CUSUM,122,7.790176828445678e-17,463,0,0.26743708198664173
D4,0.7,KCCA-logdet,122,1.639022116136531,121,1,1.3154371508731648
D4,0.7,CorrCUSUM,123,1.0232115584845862,306,0,1.613687720314157
D4,0.7,DCC-CUSUM,123,0.036450556115575176,520,0,0.26743708198664173
D4,0.7,KCCA-logdet,123,1.1631414322281277,60,0,1.3154371508731648
D4,0.7,CorrCUSUM,124,1.3472485329366106,232,0,1.613687720314157
D4,0.7,DCC-CUSUM,124,0.03437334064133632,233,0,0.26743708198664173
D4,0.7,KCCA-logdet,124,1.1825545709134617,75,0,1.3154371508731648
D4,0.7,CorrCUSUM,125,1.7631506340013228,362,1,1.613687720314157
D4,0.7,DCC-CUSUM,125,0.6177458385360377,368,1,0.26743708198664173
D4,0.7,KCCA-logdet,125,1.7385200938799752,126,1,1.3154371508731648
D4,0.7,CorrCUSUM,126,0.7471752510578379,120,0,1.613687720314157
D4,0.7,DCC-CUSUM,126,9.744803014492049e-17,481,0,0.26743708198664173
D4,0.7,KCCA-logdet,126,1.2013694990515604,77,0,1.3154371508731648
D4,0.7,CorrCUSUM,127,0.8490275063559539,260,0,1.613687720314157
D4,0.7,DCC-CUSUM,127,9.149916783956197e-17,477,0,0.26743708198664173
D4,0.7,KCCA-logdet,127,1.0141500104184422,291,0,1.3154371508731648
D4,0.7,CorrCUSUM,128,1.020416451747391,367,0,1.613687720314157
D4,0.7,DCC-CUSUM,128,0.04227454380165029,368,0,0.26743708198664173
D4,0.7,KCCA-logdet,128,1.3055361642663155,69,0,1.3154371508731648
D4,0.7,CorrCUSUM,129,1.3325072865057228,157,0,1.613687720314157
D4,0.7,DCC-CUSUM,129,0.2097376217175336,169,0,0.26743708198664173
D4,0.7,KCCA-logdet,129,0.7744921217030107,61,0,1.3154371508731648
D4,0.7,CorrCUSUM,130,1.3821589346853647,161,0,1.613687720314157
D4,0.7,DCC-CUSUM,130,0.27103851088020275,226,1,0.26743708198664173
D4,0.7,KCCA-logdet,130,1.7132970235050635,60,1,1.3154371508731648
D4,0.7,CorrCUSUM,131,0.7467873710283184,388,0,1.613687720314157
D4,0.7,DCC-CUSUM,131,2.0056164343780147e-16,532,0,0.26743708198664173
D4,0.7,KCCA-logdet,131,1.28230880266017,133,0,1.3154371508731648
D4,0.7,CorrCUSUM,132,0.8459194473627876,254,0,1.613687720314157
D4,0.7,DCC-CUSUM,132,0.032685577592119326,255,0,0.26743708198664173
D4,0.7,KCCA-logdet,132,1.101449205804638,63,0,1.3154371508731648
D4,0.7,CorrCUSUM,133,0.6966774009192995,255,0,1.613687720314157
D4,0.7,DCC-CUSUM,133,7.882242554600036e-17,256,0,0.26743708198664173
D4,0.7,KCCA-logdet,133,1.0020391613254949,150,0,1.3154371508731648
D4,0.7,CorrCUSUM,134,1.0599106652981252,249,0,1.613687720314157
D4,0.7,DCC-CUSUM,134,0.11620826503332303,250,0,0.26743708198664173
D4,0.7,KCCA-logdet,134,0.909254744952475,172,0,1.3154371508731648
D4,0.7,CorrCUSUM,135,0.9344014382165251,103,0,1.613687720314157
D4,0.7,DCC-CUSUM,135,0.041459905095488095,104,0,0.26743708198664173
D4,0.7,KCCA-logdet,135,1.1924065339966794,79,0,1.3154371508731648
D4,0.7,CorrCUSUM,136,0.9111226796471587,225,0,1.613687720314157
D4,0.7,DCC-CUSUM,136,8.144275775193209e-17,115,0,0.26743708198664173
D4,0.7,KCCA-logdet,136,1.0469467729974054,67,0,1.3154371508731648
D4,0.7,CorrCUSUM,137,1.0896896732816466,260,0,1.613687720314157
D4,0.7,DCC-CUSUM,137,0.16446129726643,263,0,0.26743708198664173
D4,0.7,KCCA-logdet,137,1.4522741412226636,82,1,1.3154371508731648
D4,0.7,CorrCUSUM,138,2.122251414054509,191,1,1.613687720314157
D4,0.7,DCC-CUSUM,138,0.6363708137042118,194,1,0.26743708198664173
D4,0.7,KCCA-logdet,138,1.6254024992347418,61,1,1.3154371508731648
D4,0.7,CorrCUSUM,139,1.1048417296859294,104,0,1.613687720314157
D4,0.7,DCC-CUSUM,139,0.05548483123176748,105,0,0.26743708198664173
D4,0.7,KCCA-logdet,139,1.732174630255024,89,1,1.3154371508731648
D4,0.7,CorrCUSUM,140,1.092636834680729,328,0,1.613687720314157
D4,0.7,DCC-CUSUM,140,1.4206449743510938e-16,327,0,0.26743708198664173
D4,0.7,KCCA-logdet,140,1.4431127153157617,72,1,1.3154371508731648
D4,0.7,CorrCUSUM,141,0.7002332826623949,63,0,1.613687720314157
D4,0.7,DCC-CUSUM,141,0.016097803614082185,60,0,0.26743708198664173
D4,0.7,KCCA-logdet,141,0.9561996869908996,258,0,1.3154371508731648
D4,0.7,CorrCUSUM,142,1.5639928826372522,330,0,1.613687720314157
D4,0.7,DCC-CUSUM,142,0.6008038877451375,333,1,0.26743708198664173
D4,0.7,KCCA-logdet,142,1.4297651950576895,221,1,1.3154371508731648
D4,0.7,CorrCUSUM,143,1.2220326089126385,288,0,1.613687720314157
D4,0.7,DCC-CUSUM,143,2.674155245837353e-16,538,0,0.26743708198664173
D4,0.7,KCCA-logdet,143,0.8321744358383181,291,0,1.3154371508731648
D4,0.7,CorrCUSUM,144,1.3486311569650231,181,0,1.613687720314157
D4,0.7,DCC-CUSUM,144,1.4539302753453616e-16,182,0,0.26743708198664173
D4,0.7,KCCA-logdet,144,1.162673285623345,170,0,1.3154371508731648
D4,0.7,CorrCUSUM,145,0.8231135259270371,295,0,1.613687720314157
D4,0.7,DCC-CUSUM,145,8.894965542297974e-17,393,0,0.26743708198664173
D4,0.7,KCCA-logdet,145,1.098528190097905,67,0,1.3154371508731648
D4,0.7,CorrCUSUM,146,0.5905927714262769,201,0,1.613687720314157
D4,0.7,DCC-CUSUM,146,8.016800154364098e-17,202,0,0.26743708198664173
D4,0.7,KCCA-logdet,146,1.3958035181515678,219,1,1.3154371508731648
D4,0.7,CorrCUSUM,147,2.5715428878962214,254,1,1.613687720314157
D4,0.7,DCC-CUSUM,147,1.0502203422032117,268,1,0.26743708198664173
D4,0.7,KCCA-logdet,147,0.6469713118913183,148,0,1.3154371508731648
D4,0.7,CorrCUSUM,148,0.8018681323241037,383,0,1.613687720314157
D4,0.7,DCC-CUSUM,148,0.03520353130631933,250,0,0.26743708198664173
D4,0.7,KCCA-logdet,148,1.0723989515582346,61,0,1.3154371508731648
D4,0.7,CorrCUSUM,149,0.6708655621715659,117,0,1.613687720314157
D4,0.7,DCC-CUSUM,149,0.008142425024085322,380,0,0.26743708198664173
D4,0.7,KCCA-logdet,149,0.8577689162524369,540,0,1.3154371508731648
D4,0.7,CorrCUSUM,150,0.563384061580973,246,0,1.613687720314157
D4,0.7,DCC-CUSUM,150,1.1387822127400591e-16,482,0,0.26743708198664173
D4,0.7,KCCA-logdet,150,1.5181230651503137,69,1,1.3154371508731648
D4,0.7,CorrCUSUM,151,0.9530106885311009,135,0,1.613687720314157
D4,0.7,DCC-CUSUM,151,1.1203690675091874e-16,126,0,0.26743708198664173
D4,0.7,KCCA-logdet,151,1.0893931568589081,186,0,1.3154371508731648
D4,0.7,CorrCUSUM,152,1.0692825712560423,258,0,1.613687720314157
D4,0.7,DCC-CUSUM,152,1.3597399555105185e-16,259,0,0.26743708198664173
D4,0.7,KCCA-logdet,152,1.0284675704297634,262,0,1.3154371508731648
D4,0.7,CorrCUSUM,153,1.1270168917992345,274,0,1.613687720314157
D4,0.7,DCC-CUSUM,153,0.0310701392308239,277,0,0.26743708198664173
D4,0.7,KCCA-logdet,153,1.226490636702098,126,0,1.3154371508731648
D4,0.7,CorrCUSUM,154,1.0667049687326358,301,0,1.613687720314157
D4,0.7,DCC-CUSUM,154,0.09373001751873183,302,0,0.26743708198664173
D4,0.7,KCCA-logdet,154,1.1531207471686296,222,0,1.3154371508731648
D4,0.7,CorrCUSUM,155,1.2731719290662369,147,0,1.613687720314157
D4,0.7,DCC-CUSUM,155,1.6040682287663147e-16,148,0,0.26743708198664173
D4,0.7,KCCA-logdet,155,0.8751422337308455,99,0,1.3154371508731648
D4,0.7,CorrCUSUM,156,1.2275163546409573,83,0,1.613687720314157
D4,0.7,DCC-CUSUM,156,0.07412406924714941,123,0,0.26743708198664173
D4,0.7,KCCA-logdet,156,1.536083686099246,60,1,1.3154371508731648
D4,0.7,CorrCUSUM,157,1.2296797227332548,345,0,1.613687720314157
D4,0.7,DCC-CUSUM,157,0.45046750819087406,350,1,0.26743708198664173
D4,0.7,KCCA-logdet,157,1.1024351349344323,62,0,1.3154371508731648
D4,0.7,CorrCUSUM,158,1.4663402176226685,215,0,1.613687720314157
D4,0.7,DCC-CUSUM,158,0.25133955689306026,219,0,0.26743708198664173
D4,0.7,KCCA-logdet,158,1.1050268820336897,132,0,1.3154371508731648
D4,0.7,CorrCUSUM,159,0.707548761474872,202,0,1.613687720314157
D4,0.7,DCC-CUSUM,159,0.009393956344730415,203,0,0.26743708198664173
D4,0.7,KCCA-logdet,159,0.6776893428458304,215,0,1.3154371508731648
D4,0.7,CorrCUSUM,160,0.7103550299984195,148,0,1.613687720314157
D4,0.7,DCC-CUSUM,160,9.220736573305702e-17,127,0,0.26743708198664173
D4,0.7,KCCA-logdet,160,1.1849442205353857,126,0,1.3154371508731648
D4,0.7,CorrCUSUM,161,1.1805969828061507,294,0,1.613687720314157
D4,0.7,DCC-CUSUM,161,0.012822391474239503,295,0,0.26743708198664173
D4,0.7,KCCA-logdet,161,1.478196086300864,228,1,1.3154371508731648
D4,0.7,CorrCUSUM,162,1.1618381436834322,439,0,1.613687720314157
D4,0.7,DCC-CUSUM,162,1.1793265421426514e-16,440,0,0.26743708198664173
D4,0.7,KCCA-logdet,162,0.7040746653255562,66,0,1.3154371508731648
D4,0.7,CorrCUSUM,163,0.5363394377981296,230,0,1.613687720314157
D4,0.7,DCC-CUSUM,163,6.111747820862382e-17,438,0,0.26743708198664173
D4,0.7,KCCA-logdet,163,1.1269170672958895,293,0,1.3154371508731648
D4,0.7,CorrCUSUM,164,0.7826245871327073,379,0,1.613687720314157
D4,0.7,DCC-CUSUM,164,0.10534534602292732,457,0,0.26743708198664173
D4,0.7,KCCA-logdet,164,0.8430320815121648,79,0,1.3154371508731648
D4,0.7,CorrCUSUM,165,0.7793284596500965,105,0,1.613687720314157
D4,0.7,DCC-CUSUM,165,1.158611753757921e-16,105,0,0.26743708198664173
D4,0.7,KCCA-logdet,165,1.606508182715159,69,1,1.3154371508731648
D4,0.7,CorrCUSUM,166,1.112346250823136,71,0,1.613687720314157
D4,0.7,DCC-CUSUM,166,1.1338248274855937e-16,68,0,0.26743708198664173
D4,0.7,KCCA-logdet,166,1.34744433886661,272,1,1.3154371508731648
D4,0.7,CorrCUSUM,167,0.9650890984852173,205,0,1.613687720314157
D4,0.7,DCC-CUSUM,167,1.4617204521738072e-16,201,0,0.26743708198664173
D4,0.7,KCCA-logdet,167,0.9629126908156305,112,0,1.3154371508731648
D4,0.7,CorrCUSUM,168,1.0586676019008605,130,0,1.613687720314157
D4,0.7,DCC-CUSUM,168,0.02292541963096694,131,0,0.26743708198664173
D4,0.7,KCCA-logdet,168,1.0454362786097577,95,0,1.3154371508731648
D4,0.7,CorrCUSUM,169,0.7455595538400154,443,0,1.613687720314157
D4,0.7,DCC-CUSUM,169,0.05133601422395847,518,0,0.26743708198664173
D4,0.7,KCCA-logdet,169,0.8819146532936791,304,0,1.3154371508731648
D4,0.7,CorrCUSUM,170,0.7715382737757309,513,0,1.613687720314157
D4,0.7,DCC-CUSUM,170,0.10049431600540831,503,0,0.26743708198664173
D4,0.7,KCCA-logdet,170,1.0156929789023648,95,0,1.3154371508731648
D4,0.7,CorrCUSUM,171,1.5692227475804148,300,0,1.613687720314157
D4,0.7,DCC-CUSUM,171,1.7903242747555158e-16,300,0,0.26743708198664173
D4,0.7,KCCA-logdet,171,1.652022669141528,293,1,1.3154371508731648
D4,0.7,CorrCUSUM,172,1.0650822442082308,261,0,1.613687720314157
D4,0.7,DCC-CUSUM,172,0.1792035386542126,268,0,0.26743708198664173
D4,0.7,KCCA-logdet,172,0.833111626308564,263,0,1.3154371508731648
D4,0.7,CorrCUSUM,173,1.3120588457208002,309,0,1.613687720314157
D4,0.7,DCC-CUSUM,173,0.2652813143960283,313,0,0.26743708198664173
D4,0.7,KCCA-logdet,173,1.2253253726044315,192,0,1.3154371508731648
D4,0.7,CorrCUSUM,174,1.0512861388885522,307,0,1.613687720314157
D4,0.7,DCC-CUSUM,174,0.0,60,0,0.26743708198664173
D4,0.7,KCCA-logdet,174,0.8494431540605499,533,0,1.3154371508731648
D4,0.7,CorrCUSUM,175,1.6660172235358053,229,1,1.613687720314157
D4,0.7,DCC-CUSUM,175,0.09835335951352382,197,0,0.26743708198664173
D4,0.7,KCCA-logdet,175,1.5519960192844144,60,1,1.3154371508731648
D4,0.7,CorrCUSUM,176,1.9844127410441281,292,1,1.613687720314157
D4,0.7,DCC-CUSUM,176,0.46652463613426154,319,1,0.26743708198664173
D4,0.7,KCCA-logdet,176,1.0710170772994045,282,0,1.3154371508731648
D4,0.7,CorrCUSUM,177,1.2657209377317344,358,0,1.613687720314157
D4,0.7,DCC-CUSUM,177,7.648537249746665e-17,540,0,0.26743708198664173
D4,0.7,KCCA-logdet,177,1.3761419215674378,119,1,1.3154371508731648
D4,0.7,CorrCUSUM,178,1.0037689070538351,109,0,1.613687720314157
D4,0.7,DCC-CUSUM,178,0.16012417548648938,114,0,0.26743708198664173
D4,0.7,KCCA-logdet,178,1.3558483141627202,207,1,1.3154371508731648
D4,0.7,CorrCUSUM,179,1.558137698289321,157,0,1.613687720314157
D4,0.7,DCC-CUSUM,179,0.17681411056040353,203,0,0.26743708198664173
D4,0.7,KCCA-logdet,179,1.069113670415098,515,0,1.3154371508731648
D4,0.7,CorrCUSUM,180,0.9769235419365809,285,0,1.613687720314157
D4,0.7,DCC-CUSUM,180,2.3710465474214666e-16,486,0,0.26743708198664173
D4,0.7,KCCA-logdet,180,0.7629572853689781,291,0,1.3154371508731648
D4,0.7,CorrCUSUM,181,0.760056677911918,313,0,1.613687720314157
D4,0.7,DCC-CUSUM,181,0.02600292734795581,314,0,0.26743708198664173
D4,0.7,KCCA-logdet,181,1.0277210372883934,65,0,1.3154371508731648
D4,0.7,CorrCUSUM,182,1.0681024669724373,388,0,1.613687720314157
D4,0.7,DCC-CUSUM,182,0.15907971934380047,397,0,0.26743708198664173
D4,0.7,KCCA-logdet,182,1.2490188168653853,68,0,1.3154371508731648
D4,0.7,CorrCUSUM,183,0.9923751663954783,235,0,1.613687720314157
D4,0.7,DCC-CUSUM,183,1.058047652881622e-16,233,0,0.26743708198664173
D4,0.7,KCCA-logdet,183,1.242990295365435,72,0,1.3154371508731648
D4,0.7,CorrCUSUM,184,0.9601539202307199,401,0,1.613687720314157
D4,0.7,DCC-CUSUM,184,1.15011337903598e-16,402,0,0.26743708198664173
D4,0.7,KCCA-logdet,184,1.0654172634317314,110,0,1.3154371508731648
D4,0.7,CorrCUSUM,185,1.5249732815182313,263,0,1.613687720314157
D4,0.7,DCC-CUSUM,185,2.3370530485337034e-16,264,0,0.26743708198664173
D4,0.7,KCCA-logdet,185,1.0595294276159584,160,0,1.3154371508731648
D4,0.7,CorrCUSUM,186,1.3596889451070142,267,0,1.613687720314157
D4,0.7,DCC-CUSUM,186,0.08193174800827185,268,0,0.26743708198664173
D4,0.7,KCCA-logdet,186,1.3673942512230435,210,1,1.3154371508731648
D4,0.7,CorrCUSUM,187,1.6473845837186638,374,1,1.613687720314157
D4,0.7,DCC-CUSUM,187,2.183374105645275e-16,377,0,0.26743708198664173
D4,0.7,KCCA-logdet,187,1.310064583510654,61,0,1.3154371508731648
D4,0.7,CorrCUSUM,188,0.3746744259908667,387,0,1.613687720314157
D4,0.7,DCC-CUSUM,188,1.0736280065385135e-16,462,0,0.26743708198664173
D4,0.7,KCCA-logdet,188,1.2672588490081984,105,0,1.3154371508731648
D4,0.7,CorrCUSUM,189,1.2015975207984027,223,0,1.613687720314157
D4,0.7,DCC-CUSUM,189,0.3549699401722904,258,1,0.26743708198664173
D4,0.7,KCCA-logdet,189,0.9659428833871666,61,0,1.3154371508731648
D4,0.7,CorrCUSUM,190,0.7196650759909826,365,0,1.613687720314157
D4,0.7,DCC-CUSUM,190,1.3965662459722616e-16,366,0,0.26743708198664173
D4,0.7,KCCA-logdet,190,1.2600250053642508,81,0,1.3154371508731648
D4,0.7,CorrCUSUM,191,0.5122504890190224,357,0,1.613687720314157
D4,0.7,DCC-CUSUM,191,1.5268746583753528e-16,516,0,0.26743708198664173
D4,0.7,KCCA-logdet,191,1.481454314699391,203,1,1.3154371508731648
D4,0.7,CorrCUSUM,192,0.7116444570253228,536,0,1.613687720314157
D4,0.7,DCC-CUSUM,192,7.450241839568049e-17,62,0,0.26743708198664173
D4,0.7,KCCA-logdet,192,0.7945520736338547,143,0,1.3154371508731648
D4,0.7,CorrCUSUM,193,0.837521944161573,124,0,1.613687720314157
D4,0.7,DCC-CUSUM,193,1.3257464566227553e-16,300,0,0.26743708198664173
D4,0.7,KCCA-logdet,193,1.8344112890292943,70,1,1.3154371508731648
D4,0.7,CorrCUSUM,194,1.7340837101554394,285,1,1.613687720314157
D4,0.7,DCC-CUSUM,194,0.040002502228484414,286,0,0.26743708198664173
D4,0.7,KCCA-logdet,194,1.5727261926145248,259,1,1.3154371508731648
D4,0.7,CorrCUSUM,195,0.8325921442614428,149,0,1.613687720314157
D4,0.7,DCC-CUSUM,195,0.004606515429263667,150,0,0.26743708198664173
D4,0.7,KCCA-logdet,195,1.0454409328114505,197,0,1.3154371508731648
D4,0.7,CorrCUSUM,196,1.113483943860188,269,0,1.613687720314157
D4,0.7,DCC-CUSUM,196,2.6939847868552145e-16,432,0,0.26743708198664173
D4,0.7,KCCA-logdet,196,0.9749443627197892,322,0,1.3154371508731648
D4,0.7,CorrCUSUM,197,1.0943135432656044,234,0,1.613687720314157
D4,0.7,DCC-CUSUM,197,1.4220613701380839e-16,235,0,0.26743708198664173
D4,0.7,KCCA-logdet,197,1.1946320066176896,191,0,1.3154371508731648
D4,0.7,CorrCUSUM,198,1.0573388982370096,166,0,1.613687720314157
D4,0.7,DCC-CUSUM,198,0.004284640787322558,167,0,0.26743708198664173
D4,0.7,KCCA-logdet,198,0.8253305309109827,63,0,1.3154371508731648
D4,0.7,CorrCUSUM,199,0.8636569384714384,161,0,1.613687720314157
D4,0.7,DCC-CUSUM,199,2.41353842103117e-16,463,0,0.26743708198664173
D4,0.7,KCCA-logdet,199,1.232911982250363,61,0,1.3154371508731648
D4,0.85,CorrCUSUM,0,1.09623754671051,153,0,1.613687720314157
D4,0.85,DCC-CUSUM,0,0.15005517534114193,157,0,0.26743708198664173
D4,0.85,KCCA-logdet,0,2.0963627380626226,276,1,1.3154371508731648
D4,0.85,CorrCUSUM,1,0.9857563423380026,242,0,1.613687720314157
D4,0.85,DCC-CUSUM,1,0.01281222415912857,243,0,0.26743708198664173
D4,0.85,KCCA-logdet,1,2.686319357047814,246,1,1.3154371508731648
D4,0.85,CorrCUSUM,2,0.626302259786473,81,0,1.613687720314157
D4,0.85,DCC-CUSUM,2,0.0010022876095975176,358,0,0.26743708198664173
D4,0.85,KCCA-logdet,2,3.2145713778682006,161,1,1.3154371508731648
D4,0.85,CorrCUSUM,3,1.2054226639822319,350,0,1.613687720314157
D4,0.85,DCC-CUSUM,3,0.2555352416700904,368,0,0.26743708198664173
D4,0.85,KCCA-logdet,3,3.089756378788566,285,1,1.3154371508731648
D4,0.85,CorrCUSUM,4,1.0457267378682955,152,0,1.613687720314157
D4,0.85,DCC-CUSUM,4,0.19031136265094156,167,0,0.26743708198664173
D4,0.85,KCCA-logdet,4,2.3417264016659014,232,1,1.3154371508731648
D4,0.85,CorrCUSUM,5,1.0321312414407644,181,0,1.613687720314157
D4,0.85,DCC-CUSUM,5,1.0646870081331383e-16,182,0,0.26743708198664173
D4,0.85,KCCA-logdet,5,3.0281070629663973,238,1,1.3154371508731648
D4,0.85,CorrCUSUM,6,1.5307814272340874,111,0,1.613687720314157
D4,0.85,DCC-CUSUM,6,0.3056789253597829,113,1,0.26743708198664173
D4,0.85,KCCA-logdet,6,2.771342322486633,77,1,1.3154371508731648
D4,0.85,CorrCUSUM,7,1.1328374139231296,127,0,1.613687720314157
D4,0.85,DCC-CUSUM,7,3.059414899898666e-16,540,0,0.26743708198664173
D4,0.85,KCCA-logdet,7,2.390651020335328,229,1,1.3154371508731648
D4,0.85,CorrCUSUM,8,0.8903315770654041,171,0,1.613687720314157
D4,0.85,DCC-CUSUM,8,0.03551527919764499,172,0,0.26743708198664173
D4,0.85,KCCA-logdet,8,2.5252592482311575,213,1,1.3154371508731648
D4,0.85,CorrCUSUM,9,1.1663501395443676,212,0,1.613687720314157
D4,0.85,DCC-CUSUM,9,1.5325402415233133e-16,208,0,0.26743708198664173
D4,0.85,KCCA-logdet,9,2.497568816352236,76,1,1.3154371508731648
D4,0.85,CorrCUSUM,10,0.8822927162062584,484,0,1.613687720314157
D4,0.85,DCC-CUSUM,10,1.0424672992247307e-16,485,0,0.26743708198664173
D4,0.85,KCCA-logdet,10,2.693368883654859,296,1,1.3154371508731648
D4,0.85,CorrCUSUM,11,2.0636914364349184,113,1,1.613687720314157
D4,0.85,DCC-CUSUM,11,0.2206696464978181,274,0,0.26743708198664173
D4,0.85,KCCA-logdet,11,3.7355251212889073,105,1,1.3154371508731648
D4,0.85,CorrCUSUM,12,1.1147895307353792,190,0,1.613687720314157
D4,0.85,DCC-CUSUM,12,0.056852687154770806,158,0,0.26743708198664173
D4,0.85,KCCA-logdet,12,2.5821269327666756,72,1,1.3154371508731648
D4,0.85,CorrCUSUM,13,1.4250812651811695,269,0,1.613687720314157
D4,0.85,DCC-CUSUM,13,3.059414899898666e-16,540,0,0.26743708198664173
D4,0.85,KCCA-logdet,13,2.261846512654939,286,1,1.3154371508731648
D4,0.85,CorrCUSUM,14,0.6813222108484444,68,0,1.613687720314157
D4,0.85,DCC-CUSUM,14,0.027920057489694623,219,0,0.26743708198664173
D4,0.85,KCCA-logdet,14,2.5557576713906007,289,1,1.3154371508731648
D4,0.85,CorrCUSUM,15,0.9188976652616564,333,0,1.613687720314157
D4,0.85,DCC-CUSUM,15,0.0,60,0,0.26743708198664173
D4,0.85,KCCA-logdet,15,2.1868805366728004,67,1,1.3154371508731648
D4,0.85,CorrCUSUM,16,0.8251001629773339,148,0,1.613687720314157
D4,0.85,DCC-CUSUM,16,0.057860570300112366,172,0,0.26743708198664173
D4,0.85,KCCA-logdet,16,2.505343648319151,227,1,1.3154371508731648
D4,0.85,CorrCUSUM,17,1.1618844080022228,130,0,1.613687720314157
D4,0.85,DCC-CUSUM,17,0.17093584245202906,133,0,0.26743708198664173
D4,0.85,KCCA-logdet,17,2.7598589924732226,60,1,1.3154371508731648
D4,0.85,CorrCUSUM,18,1.3541575241327715,152,0,1.613687720314157
D4,0.85,DCC-CUSUM,18,0.2416811618176287,191,0,0.26743708198664173
D4,0.85,KCCA-logdet,18,2.074245444384418,152,1,1.3154371508731648
D4,0.85,CorrCUSUM,19,1.2358249412067286,291,0,1.613687720314157
D4,0.85,DCC-CUSUM,19,1.1331166295920987e-16,290,0,0.26743708198664173
D4,0.85,KCCA-logdet,19,2.9162458345203124,202,1,1.3154371508731648
D4,0.85,CorrCUSUM,20,0.9807441611148021,285,0,1.613687720314157
D4,0.85,DCC-CUSUM,20,1.586363281428938e-16,460,0,0.26743708198664173
D4,0.85,KCCA-logdet,20,2.817767923669684,284,1,1.3154371508731648
D4,0.85,CorrCUSUM,21,0.9794366344435039,194,0,1.613687720314157
D4,0.85,DCC-CUSUM,21,0.0973903127811702,195,0,0.26743708198664173
D4,0.85,KCCA-logdet,21,2.1244217477932748,110,1,1.3154371508731648
D4,0.85,CorrCUSUM,22,0.9520475630655512,107,0,1.613687720314157
D4,0.85,DCC-CUSUM,22,0.039132177716806577,108,0,0.26743708198664173
D4,0.85,KCCA-logdet,22,2.790492352003604,227,1,1.3154371508731648
D4,0.85,CorrCUSUM,23,1.1973597079673433,186,0,1.613687720314157
D4,0.85,DCC-CUSUM,23,0.09229820642673178,187,0,0.26743708198664173
D4,0.85,KCCA-logdet,23,2.222354907423535,169,1,1.3154371508731648
D4,0.85,CorrCUSUM,24,0.6496132898927754,65,0,1.613687720314157
D4,0.85,DCC-CUSUM,24,0.021156413986725357,66,0,0.26743708198664173
D4,0.85,KCCA-logdet,24,2.0356853493972413,74,1,1.3154371508731648
D4,0.85,CorrCUSUM,25,1.1813452941330629,445,0,1.613687720314157
D4,0.85,DCC-CUSUM,25,0.18333651329539355,485,0,0.26743708198664173
D4,0.85,KCCA-logdet,25,2.8595089424030866,74,1,1.3154371508731648
D4,0.85,CorrCUSUM,26,0.84333723009877,470,0,1.613687720314157
D4,0.85,DCC-CUSUM,26,0.04289166629964297,471,0,0.26743708198664173
D4,0.85,KCCA-logdet,26,2.7001071989716507,212,1,1.3154371508731648
D4,0.85,CorrCUSUM,27,1.3637826604584822,154,0,1.613687720314157
D4,0.85,DCC-CUSUM,27,0.014519665925656072,155,0,0.26743708198664173
D4,0.85,KCCA-logdet,27,2.471279286359161,292,1,1.3154371508731648
D4,0.85,CorrCUSUM,28,0.7074251925955544,76,0,1.613687720314157
D4,0.85,DCC-CUSUM,28,1.0311361329288098e-16,206,0,0.26743708198664173
D4,0.85,KCCA-logdet,28,2.713642394345506,164,1,1.3154371508731648
D4,0.85,CorrCUSUM,29,1.282830347262009,413,0,1.613687720314157
D4,0.85,DCC-CUSUM,29,1.452867978505119e-16,414,0,0.26743708198664173
D4,0.85,KCCA-logdet,29,2.4878254154267037,203,1,1.3154371508731648
D4,0.85,CorrCUSUM,30,1.0805085222968478,250,0,1.613687720314157
D4,0.85,DCC-CUSUM,30,9.277392404785308e-17,251,0,0.26743708198664173
D4,0.85,KCCA-logdet,30,2.1039650732591313,217,1,1.3154371508731648
D4,0.85,CorrCUSUM,31,1.0172918908186745,301,0,1.613687720314157
D4,0.85,DCC-CUSUM,31,0.12078419143745737,306,0,0.26743708198664173
D4,0.85,KCCA-logdet,31,3.1392137190161975,88,1,1.3154371508731648
D4,0.85,CorrCUSUM,32,1.5063879404427793,235,0,1.613687720314157
D4,0.85,DCC-CUSUM,32,0.1836327264392689,236,0,0.26743708198664173
D4,0.85,KCCA-logdet,32,2.559500071461476,194,1,1.3154371508731648
D4,0.85,CorrCUSUM,33,0.8525916467643135,490,0,1.613687720314157
D4,0.85,DCC-CUSUM,33,1.0084738003369678e-16,491,0,0.26743708198664173
D4,0.85,KCCA-logdet,33,2.4641916638331147,71,1,1.3154371508731648
D4,0.85,CorrCUSUM,34,1.6636247417941161,135,1,1.613687720314157
D4,0.85,DCC-CUSUM,34,0.06460335797147142,134,0,0.26743708198664173
D4,0.85,KCCA-logdet,34,2.5868677024636058,230,1,1.3154371508731648
D4,0.85,CorrCUSUM,35,1.3817986642260287,258,0,1.613687720314157
D4,0.85,DCC-CUSUM,35,1.3597399555105185e-16,259,0,0.26743708198664173
D4,0.85,KCCA-logdet,35,2.5970061480852435,232,1,1.3154371508731648
D4,0.85,CorrCUSUM,36,1.1079644004963065,339,0,1.613687720314157
D4,0.85,DCC-CUSUM,36,2.492856585102617e-16,340,0,0.26743708198664173
D4,0.85,KCCA-logdet,36,2.1235231818307523,235,1,1.3154371508731648
D4,0.85,CorrCUSUM,37,1.2297585043411716,140,0,1.613687720314157
D4,0.85,DCC-CUSUM,37,0.3709746633854617,152,1,0.26743708198664173
D4,0.85,KCCA-logdet,37,1.7433093912332187,136,1,1.3154371508731648
D4,0.85,CorrCUSUM,38,0.824290712264856,189,0,1.613687720314157
D4,0.85,DCC-CUSUM,38,1.124618254870158e-16,367,0,0.26743708198664173
D4,0.85,KCCA-logdet,38,2.713281983371355,298,1,1.3154371508731648
D4,0.85,CorrCUSUM,39,1.1913362899190987,499,0,1.613687720314157
D4,0.85,DCC-CUSUM,39,0.07598229099769933,507,0,0.26743708198664173
D4,0.85,KCCA-logdet,39,2.1378226768316693,90,1,1.3154371508731648
D4,0.85,CorrCUSUM,40,1.4641090558562273,467,0,1.613687720314157
D4,0.85,DCC-CUSUM,40,0.051181830909435226,468,0,0.26743708198664173
D4,0.85,KCCA-logdet,40,2.09647151210059,288,1,1.3154371508731648
D4,0.85,CorrCUSUM,41,1.063153164056962,141,0,1.613687720314157
D4,0.85,DCC-CUSUM,41,0.04579029099871037,142,0,0.26743708198664173
D4,0.85,KCCA-logdet,41,2.5161177023229513,247,1,1.3154371508731648
D4,0.85,CorrCUSUM,42,1.2088307695866976,261,0,1.613687720314157
D4,0.85,DCC-CUSUM,42,4.410468365621784e-17,261,0,0.26743708198664173
D4,0.85,KCCA-logdet,42,2.7732095855165175,294,1,1.3154371508731648
D4,0.85,CorrCUSUM,43,1.9897891118385413,266,1,1.613687720314157
D4,0.85,DCC-CUSUM,43,0.11133737046975227,270,0,0.26743708198664173
D4,0.85,KCCA-logdet,43,2.5176915656767394,237,1,1.3154371508731648
D4,0.85,CorrCUSUM,44,1.5990449662489914,280,0,1.613687720314157
D4,0.85,DCC-CUSUM,44,7.648537249746665e-17,540,0,0.26743708198664173
D4,0.85,KCCA-logdet,44,2.0143032185905994,292,1,1.3154371508731648
D4,0.85,CorrCUSUM,45,1.4193795187822875,327,0,1.613687720314157
D4,0.85,DCC-CUSUM,45,0.0,60,0,0.26743708198664173
D4,0.85,KCCA-logdet,45,2.881534622184245,223,1,1.3154371508731648
D4,0.85,CorrCUSUM,46,1.3845293161751155,221,0,1.613687720314157
D4,0.85,DCC-CUSUM,46,1.5112943047184616e-16,222,0,0.26743708198664173
D4,0.85,KCCA-logdet,46,2.2563510753700733,267,1,1.3154371508731648
D4,0.85,CorrCUSUM,47,1.498240850064989,220,0,1.613687720314157
D4,0.85,DCC-CUSUM,47,0.14482290291028,221,0,0.26743708198664173
D4,0.85,KCCA-logdet,47,1.9223634770254605,299,1,1.3154371508731648
D4,0.85,CorrCUSUM,48,1.3620446901118708,188,0,1.613687720314157
D4,0.85,DCC-CUSUM,48,0.013568050839523811,189,0,0.26743708198664173
D4,0.85,KCCA-logdet,48,2.1721539070979117,276,1,1.3154371508731648
D4,0.85,CorrCUSUM,49,1.0581982462932629,285,0,1.613687720314157
D4,0.85,DCC-CUSUM,49,0.04885443696435731,286,0,0.26743708198664173
D4,0.85,KCCA-logdet,49,2.0249626706442037,297,1,1.3154371508731648
D4,0.85,CorrCUSUM,50,1.2056071159993684,126,0,1.613687720314157
D4,0.85,DCC-CUSUM,50,0.0024043088217954463,127,0,0.26743708198664173
D4,0.85,KCCA-logdet,50,2.871811564026992,143,1,1.3154371508731648
D4,0.85,CorrCUSUM,51,0.982227737447265,297,0,1.613687720314157
D4,0.85,DCC-CUSUM,51,0.12239678099209372,307,0,0.26743708198664173
D4,0.85,KCCA-logdet,51,2.0384330746833124,185,1,1.3154371508731648
D4,0.85,CorrCUSUM,52,0.5577904928474401,269,0,1.613687720314157
D4,0.85,DCC-CUSUM,52,0.023033668412223363,456,0,0.26743708198664173
D4,0.85,KCCA-logdet,52,2.276687577104099,299,1,1.3154371508731648
D4,0.85,CorrCUSUM,53,1.082633791367206,375,0,1.613687720314157
D4,0.85,DCC-CUSUM,53,0.08000220472246768,91,0,0.26743708198664173
D4,0.85,KCCA-logdet,53,2.367989749137007,91,1,1.3154371508731648
D4,0.85,CorrCUSUM,54,1.1566478820224066,349,0,1.613687720314157
D4,0.85,DCC-CUSUM,54,1.4078974122681825e-16,350,0,0.26743708198664173
D4,0.85,KCCA-logdet,54,3.295624342953489,275,1,1.3154371508731648
D4,0.85,CorrCUSUM,55,0.8895185328785922,265,0,1.613687720314157
D4,0.85,DCC-CUSUM,55,0.020636951653066334,266,0,0.26743708198664173
D4,0.85,KCCA-logdet,55,2.098627523715568,304,1,1.3154371508731648
D4,0.85,CorrCUSUM,56,1.3271052287665541,70,0,1.613687720314157
D4,0.85,DCC-CUSUM,56,0.08098893377763199,71,0,0.26743708198664173
D4,0.85,KCCA-logdet,56,2.2595840964316185,190,1,1.3154371508731648
D4,0.85,CorrCUSUM,57,0.993364269115729,148,0,1.613687720314157
D4,0.85,DCC-CUSUM,57,0.06475583096662912,149,0,0.26743708198664173
D4,0.85,KCCA-logdet,57,2.8439510638704855,61,1,1.3154371508731648
D4,0.85,CorrCUSUM,58,1.830949047661732,220,1,1.613687720314157
D4,0.85,DCC-CUSUM,58,0.41594184058338873,228,1,0.26743708198664173
D4,0.85,KCCA-logdet,58,2.405453108791996,245,1,1.3154371508731648
D4,0.85,CorrCUSUM,59,0.8981375067593851,89,0,1.613687720314157
D4,0.85,DCC-CUSUM,59,9.064933036736789e-17,90,0,0.26743708198664173
D4,0.85,KCCA-logdet,59,2.198429005047913,276,1,1.3154371508731648
D4,0.85,CorrCUSUM,60,0.617838902253414,467,0,1.613687720314157
D4,0.85,DCC-CUSUM,60,6.814634230156231e-17,467,0,0.26743708198664173
D4,0.85,KCCA-logdet,60,2.8442745057004473,296,1,1.3154371508731648
D4,0.85,CorrCUSUM,61,1.4744761105770725,88,0,1.613687720314157
D4,0.85,DCC-CUSUM,61,0.04029662533952806,89,0,0.26743708198664173
D4,0.85,KCCA-logdet,61,2.606784616455526,112,1,1.3154371508731648
D4,0.85,CorrCUSUM,62,1.6040782413713788,294,0,1.613687720314157
D4,0.85,DCC-CUSUM,62,0.18946163062688856,295,0,0.26743708198664173
D4,0.85,KCCA-logdet,62,2.606807961538341,301,1,1.3154371508731648
D4,0.85,CorrCUSUM,63,0.7412409574802697,153,0,1.613687720314157
D4,0.85,DCC-CUSUM,63,0.08837091753238834,319,0,0.26743708198664173
D4,0.85,KCCA-logdet,63,2.620023815001527,166,1,1.3154371508731648
D4,0.85,CorrCUSUM,64,1.8806223767748453,202,1,1.613687720314157
D4,0.85,DCC-CUSUM,64,0.8687224194434957,217,1,0.26743708198664173
D4,0.85,KCCA-logdet,64,2.5425485883567682,108,1,1.3154371508731648
D4,0.85,CorrCUSUM,65,1.077141557460505,182,0,1.613687720314157
D4,0.85,DCC-CUSUM,65,1.7846586916075553e-16,183,0,0.26743708198664173
D4,0.85,KCCA-logdet,65,2.1814844750391917,223,1,1.3154371508731648
D4,0.85,CorrCUSUM,66,0.7264618066648366,91,0,1.613687720314157
D4,0.85,DCC-CUSUM,66,0.0765726982931782,97,0,0.26743708198664173
D4,0.85,KCCA-logdet,66,1.8395968611315596,94,1,1.3154371508731648
D4,0.85,CorrCUSUM,67,0.9617590581181152,283,0,1.613687720314157
D4,0.85,DCC-CUSUM,67,1.0651296318165727e-16,482,0,0.26743708198664173
D4,0.85,KCCA-logdet,67,2.15000069559552,248,1,1.3154371508731648
D4,0.85,CorrCUSUM,68,0.8716514692764683,482,0,1.613687720314157
D4,0.85,DCC-CUSUM,68,0.03315004917220036,483,0,0.26743708198664173
D4,0.85,KCCA-logdet,68,2.627285682206148,298,1,1.3154371508731648
D4,0.85,CorrCUSUM,69,0.6723372308762062,91,0,1.613687720314157
D4,0.85,DCC-CUSUM,69,7.804340786315579e-17,442,0,0.26743708198664173
D4,0.85,KCCA-logdet,69,2.9733599752536426,243,1,1.3154371508731648
D4,0.85,CorrCUSUM,70,1.9125501906504951,324,1,1.613687720314157
D4,0.85,DCC-CUSUM,70,1.1228566721625424,348,1,0.26743708198664173
D4,0.85,KCCA-logdet,70,1.9498748396576784,292,1,1.3154371508731648
D4,0.85,CorrCUSUM,71,0.993310609147519,153,0,1.613687720314157
D4,0.85,DCC-CUSUM,71,1.1756085032018023e-16,154,0,0.26743708198664173
D4,0.85,KCCA-logdet,71,2.502488786939227,295,1,1.3154371508731648
D4,0.85,CorrCUSUM,72,0.9181514834437957,133,0,1.613687720314157
D4,0.85,DCC-CUSUM,72,0.049027213784972094,134,0,0.26743708198664173
D4,0.85,KCCA-logdet,72,2.5977479324022115,165,1,1.3154371508731648
D4,0.85,CorrCUSUM,73,0.8402497849052044,153,0,1.613687720314157
D4,0.85,DCC-CUSUM,73,0.02752823560078873,154,0,0.26743708198664173
D4,0.85,KCCA-logdet,73,2.7032169568173425,170,1,1.3154371508731648
D4,0.85,CorrCUSUM,74,0.9400222829931718,90,0,1.613687720314157
D4,0.85,DCC-CUSUM,74,0.03454781914946165,195,0,0.26743708198664173
D4,0.85,KCCA-logdet,74,2.4878378115013686,248,1,1.3154371508731648
D4,0.85,CorrCUSUM,75,1.5195845309940497,324,0,1.613687720314157
D4,0.85,DCC-CUSUM,75,0.1922193247327912,325,0,0.26743708198664173
D4,0.85,KCCA-logdet,75,2.920434539028497,77,1,1.3154371508731648
D4,0.85,CorrCUSUM,76,0.903987964986012,214,0,1.613687720314157
D4,0.85,DCC-CUSUM,76,0.05858688934206685,215,0,0.26743708198664173
D4,0.85,KCCA-logdet,76,2.7100325427411716,287,1,1.3154371508731648
D4,0.85,CorrCUSUM,77,1.4648623095151974,338,0,1.613687720314157
D4,0.85,DCC-CUSUM,77,0.0077778295534254235,338,0,0.26743708198664173
D4,0.85,KCCA-logdet,77,2.6169246197080556,63,1,1.3154371508731648
D4,0.85,CorrCUSUM,78,1.4109213285413447,243,0,1.613687720314157
D4,0.85,DCC-CUSUM,78,0.21354548782656052,246,0,0.26743708198664173
D4,0.85,KCCA-logdet,78,1.931540318921212,262,1,1.3154371508731648
D4,0.85,CorrCUSUM,79,1.6215398673002617,362,1,1.613687720314157
D4,0.85,DCC-CUSUM,79,0.061940163138747235,363,0,0.26743708198664173
D4,0.85,KCCA-logdet,79,3.0492288728099304,285,1,1.3154371508731648
D4,0.85,CorrCUSUM,80,1.1474990038550572,189,0,1.613687720314157
D4,0.85,DCC-CUSUM,80,1.274048010397616e-16,119,0,0.26743708198664173
D4,0.85,KCCA-logdet,80,2.4342483836564526,282,1,1.3154371508731648
D4,0.85,CorrCUSUM,81,1.3452552517128589,302,0,1.613687720314157
D4,0.85,DCC-CUSUM,81,0.2628103250022421,317,0,0.26743708198664173
D4,0.85,KCCA-logdet,81,2.6023244123358293,213,1,1.3154371508731648
D4,0.85,CorrCUSUM,82,1.0929437943090423,223,0,1.613687720314157
D4,0.85,DCC-CUSUM,82,4.9290573387256294e-17,375,0,0.26743708198664173
D4,0.85,KCCA-logdet,82,2.76786454235951,299,1,1.3154371508731648
D4,0.85,CorrCUSUM,83,1.7190716263453163,269,1,1.613687720314157
D4,0.85,DCC-CUSUM,83,0.5113321314188344,273,1,0.26743708198664173
D4,0.85,KCCA-logdet,83,2.9598397933024163,187,1,1.3154371508731648
D4,0.85,CorrCUSUM,84,1.5150921332150487,150,0,1.613687720314157
D4,0.85,DCC-CUSUM,84,0.31106056826850514,223,1,0.26743708198664173
D4,0.85,KCCA-logdet,84,2.2891177276298995,169,1,1.3154371508731648
D4,0.85,CorrCUSUM,85,1.531764221483405,63,0,1.613687720314157
D4,0.85,DCC-CUSUM,85,0.28505415623562835,65,1,0.26743708198664173
D4,0.85,KCCA-logdet,85,2.883403583174203,60,1,1.3154371508731648
D4,0.85,CorrCUSUM,86,0.8243439507888409,153,0,1.613687720314157
D4,0.85,DCC-CUSUM,86,0.018410139757866296,154,0,0.26743708198664173
D4,0.85,KCCA-logdet,86,2.5181464946187857,269,1,1.3154371508731648
D4,0.85,CorrCUSUM,87,0.8680370048437852,269,0,1.613687720314157
D4,0.85,DCC-CUSUM,87,1.0552148613076418e-16,270,0,0.26743708198664173
D4,0.85,KCCA-logdet,87,2.5353085506525828,299,1,1.3154371508731648
D4,0.85,CorrCUSUM,88,1.6723120908463993,83,1,1.613687720314157
D4,0.85,DCC-CUSUM,88,0.4597236232337658,93,1,0.26743708198664173
D4,0.85,KCCA-logdet,88,4.0326924803452915,71,1,1.3154371508731648
D4,0.85,CorrCUSUM,89,1.4869420260498432,161,0,1.613687720314157
D4,0.85,DCC-CUSUM,89,1.6837404917845092e-16,162,0,0.26743708198664173
D4,0.85,KCCA-logdet,89,2.684212721639569,278,1,1.3154371508731648
D4,0.85,CorrCUSUM,90,0.7733329216622715,416,0,1.613687720314157
D4,0.85,DCC-CUSUM,90,0.037452565782606355,421,0,0.26743708198664173
D4,0.85,KCCA-logdet,90,2.915981712756115,140,1,1.3154371508731648
D4,0.85,CorrCUSUM,91,1.0005404488925875,182,0,1.613687720314157
D4,0.85,DCC-CUSUM,91,1.2690906251431504e-16,182,0,0.26743708198664173
D4,0.85,KCCA-logdet,91,2.561839349044839,183,1,1.3154371508731648
D4,0.85,CorrCUSUM,92,0.9291982180094971,143,0,1.613687720314157
D4,0.85,DCC-CUSUM,92,0.00497790592468464,144,0,0.26743708198664173
D4,0.85,KCCA-logdet,92,2.6341761659052976,114,1,1.3154371508731648
D4,0.85,CorrCUSUM,93,1.319739462538641,170,0,1.613687720314157
D4,0.85,DCC-CUSUM,93,1.3002513324569333e-16,170,0,0.26743708198664173
D4,0.85,KCCA-logdet,93,2.499532218845103,231,1,1.3154371508731648
D4,0.85,CorrCUSUM,94,1.203216593860748,273,0,1.613687720314157
D4,0.85,DCC-CUSUM,94,1.3144152903268344e-16,274,0,0.26743708198664173
D4,0.85,KCCA-logdet,94,3.1000965649610057,248,1,1.3154371508731648
D4,0.85,CorrCUSUM,95,0.7444464479458214,106,0,1.613687720314157
D4,0.85,DCC-CUSUM,95,9.787294888101752e-17,107,0,0.26743708198664173
D4,0.85,KCCA-logdet,95,2.116785845353637,65,1,1.3154371508731648
D4,0.85,CorrCUSUM,96,0.9411481170223694,452,0,1.613687720314157
D4,0.85,DCC-CUSUM,96,0.03346256988482706,453,0,0.26743708198664173
D4,0.85,KCCA-logdet,96,2.333831352052744,268,1,1.3154371508731648
D4,0.85,CorrCUSUM,97,0.957455816237147,193,0,1.613687720314157
D4,0.85,DCC-CUSUM,97,0.04792181050841113,129,0,0.26743708198664173
D4,0.85,KCCA-logdet,97,2.9935226849007637,191,1,1.3154371508731648
D4,0.85,CorrCUSUM,98,0.8679981429148806,109,0,1.613687720314157
D4,0.85,DCC-CUSUM,98,1.2110183978765553e-16,371,0,0.26743708198664173
D4,0.85,KCCA-logdet,98,1.9252499385884236,297,1,1.3154371508731648
D4,0.85,CorrCUSUM,99,1.7256576072927539,140,1,1.613687720314157
D4,0.85,DCC-CUSUM,99,2.6005026649138666e-16,141,0,0.26743708198664173
D4,0.85,KCCA-logdet,99,2.6757024291598697,207,1,1.3154371508731648
D4,0.85,CorrCUSUM,100,1.0818673433678225,376,0,1.613687720314157
D4,0.85,DCC-CUSUM,100,0.0,60,0,0.26743708198664173
D4,0.85,KCCA-logdet,100,2.2362930275052837,266,1,1.3154371508731648
D4,0.85,CorrCUSUM,101,1.4917477925000124,331,0,1.613687720314157
D4,0.85,DCC-CUSUM,101,2.3228890906638023e-16,379,0,0.26743708198664173
D4,0.85,KCCA-logdet,101,2.2393000852821943,298,1,1.3154371508731648
D4,0.85,CorrCUSUM,102,1.2979531748460527,261,0,1.613687720314157
D4,0.85,DCC-CUSUM,102,0.08944655211431063,262,0,0.26743708198664173
D4,0.85,KCCA-logdet,102,2.3860723657401723,100,1,1.3154371508731648
D4,0.85,CorrCUSUM,103,0.884801361871117,179,0,1.613687720314157
D4,0.85,DCC-CUSUM,103,1.529707449949333e-16,540,0,0.26743708198664173
D4,0.85,KCCA-logdet,103,2.379473725601194,277,1,1.3154371508731648
D4,0.85,CorrCUSUM,104,0.9976034723456366,476,0,1.613687720314157
D4,0.85,DCC-CUSUM,104,0.0929301054377452,477,0,0.26743708198664173
D4,0.85,KCCA-logdet,104,2.200944796428392,267,1,1.3154371508731648
D4,0.85,CorrCUSUM,105,1.0394130072407544,80,0,1.613687720314157
D4,0.85,DCC-CUSUM,105,1.1911888568586937e-16,80,0,0.26743708198664173
D4,0.85,KCCA-logdet,105,2.704099517794157,288,1,1.3154371508731648
D4,0.85,CorrCUSUM,106,1.7536869043350287,207,1,1.613687720314157
D4,0.85,DCC-CUSUM,106,0.2890021650095555,211,1,0.26743708198664173
D4,0.85,KCCA-logdet,106,1.9926272832442795,297,1,1.3154371508731648
D4,0.85,CorrCUSUM,107,1.2029370977136276,143,0,1.613687720314157
D4,0.85,DCC-CUSUM,107,0.006113195359965203,144,0,0.26743708198664173
D4,0.85,KCCA-logdet,107,3.2953149959180457,212,1,1.3154371508731648
D4,0.85,CorrCUSUM,108,2.387992832819853,253,1,1.613687720314157
D4,0.85,DCC-CUSUM,108,0.44899768908923204,266,1,0.26743708198664173
D4,0.85,KCCA-logdet,108,2.5551440929174776,217,1,1.3154371508731648
D4,0.85,CorrCUSUM,109,1.3827191209853602,337,0,1.613687720314157
D4,0.85,DCC-CUSUM,109,0.14638777281155152,388,0,0.26743708198664173
D4,0.85,KCCA-logdet,109,2.387537750985872,230,1,1.3154371508731648
D4,0.85,CorrCUSUM,110,0.9245380418726304,164,0,1.613687720314157
D4,0.85,DCC-CUSUM,110,3.059414899898666e-16,540,0,0.26743708198664173
D4,0.85,KCCA-logdet,110,2.926658217298871,71,1,1.3154371508731648
D4,0.85,CorrCUSUM,111,1.0452528466645146,131,0,1.613687720314157
D4,0.85,DCC-CUSUM,111,0.03428100586206607,134,0,0.26743708198664173
D4,0.85,KCCA-logdet,111,2.8542012238115704,174,1,1.3154371508731648
D4,0.85,CorrCUSUM,112,1.2405586811547613,173,0,1.613687720314157
D4,0.85,DCC-CUSUM,112,0.1038378649889835,174,0,0.26743708198664173
D4,0.85,KCCA-logdet,112,2.757271063074353,143,1,1.3154371508731648
D4,0.85,CorrCUSUM,113,0.8498335704182839,207,0,1.613687720314157
D4,0.85,DCC-CUSUM,113,0.17326213250600642,208,0,0.26743708198664173
D4,0.85,KCCA-logdet,113,2.9101939238594023,180,1,1.3154371508731648
D4,0.85,CorrCUSUM,114,0.9355828813084546,79,0,1.613687720314157
D4,0.85,DCC-CUSUM,114,0.021265632563454987,80,0,0.26743708198664173
D4,0.85,KCCA-logdet,114,2.642882720408847,276,1,1.3154371508731648
D4,0.85,CorrCUSUM,115,0.9214363477822105,226,0,1.613687720314157
D4,0.85,DCC-CUSUM,115,1.0780542433728576e-16,227,0,0.26743708198664173
D4,0.85,KCCA-logdet,115,3.113816486620374,262,1,1.3154371508731648
D4,0.85,CorrCUSUM,116,1.080099218936049,182,0,1.613687720314157
D4,0.85,DCC-CUSUM,116,1.6005272392988394e-16,188,0,0.26743708198664173
D4,0.85,KCCA-logdet,116,2.1011170419187404,298,1,1.3154371508731648
D4,0.85,CorrCUSUM,117,0.8365536330938671,183,0,1.613687720314157
D4,0.85,DCC-CUSUM,117,9.744803014492049e-17,411,0,0.26743708198664173
D4,0.85,KCCA-logdet,117,2.599946601831435,253,1,1.3154371508731648
D4,0.85,CorrCUSUM,118,1.8823904926814317,291,1,1.613687720314157
D4,0.85,DCC-CUSUM,118,0.3417508346277944,173,1,0.26743708198664173
D4,0.85,KCCA-logdet,118,2.44409565214891,85,1,1.3154371508731648
D4,0.85,CorrCUSUM,119,0.8067527143310225,202,0,1.613687720314157
D4,0.85,DCC-CUSUM,119,0.009038089302231173,203,0,0.26743708198664173
D4,0.85,KCCA-logdet,119,3.1430178094343444,221,1,1.3154371508731648
D4,0.85,CorrCUSUM,120,1.087601736387509,238,0,1.613687720314157
D4,0.85,DCC-CUSUM,120,5.764730853049801e-17,238,0,0.26743708198664173
D4,0.85,KCCA-logdet,120,3.5801547373237326,260,1,1.3154371508731648
D4,0.85,CorrCUSUM,121,1.1289428770911978,164,0,1.613687720314157
D4,0.85,DCC-CUSUM,121,0.13438334213681435,170,0,0.26743708198664173
D4,0.85,KCCA-logdet,121,2.0916204427752922,279,1,1.3154371508731648
D4,0.85,CorrCUSUM,122,0.9549140385727201,258,0,1.613687720314157
D4,0.85,DCC-CUSUM,122,0.17943267231043747,259,0,0.26743708198664173
D4,0.85,KCCA-logdet,122,2.653995626060919,241,1,1.3154371508731648
D4,0.85,CorrCUSUM,123,0.8589801881486456,69,0,1.613687720314157
D4,0.85,DCC-CUSUM,123,0.23054652459069414,427,0,0.26743708198664173
D4,0.85,KCCA-logdet,123,2.1435228427776627,86,1,1.3154371508731648
D4,0.85,CorrCUSUM,124,1.7356698603131544,241,1,1.613687720314157
D4,0.85,DCC-CUSUM,124,0.04930590068936012,242,0,0.26743708198664173
D4,0.85,KCCA-logdet,124,2.5310940144096143,73,1,1.3154371508731648
D4,0.85,CorrCUSUM,125,1.4478339715524855,187,0,1.613687720314157
D4,0.85,DCC-CUSUM,125,1.6118584055947603e-16,188,0,0.26743708198664173
D4,0.85,KCCA-logdet,125,2.58219774386849,160,1,1.3154371508731648
D4,0.85,CorrCUSUM,126,0.9806379121673718,162,0,1.613687720314157
D4,0.85,DCC-CUSUM,126,0.10893523471048196,162,0,0.26743708198664173
D4,0.85,KCCA-logdet,126,3.0259078750536474,153,1,1.3154371508731648
D4,0.85,CorrCUSUM,127,0.8250320788645132,178,0,1.613687720314157
D4,0.85,DCC-CUSUM,127,2.3058923412199205e-16,540,0,0.26743708198664173
D4,0.85,KCCA-logdet,127,2.290713638831475,248,1,1.3154371508731648
D4,0.85,CorrCUSUM,128,1.921693700169124,184,1,1.613687720314157
D4,0.85,DCC-CUSUM,128,0.7014251455587154,216,1,0.26743708198664173
D4,0.85,KCCA-logdet,128,2.8984398737554944,159,1,1.3154371508731648
D4,0.85,CorrCUSUM,129,0.9929355445297603,245,0,1.613687720314157
D4,0.85,DCC-CUSUM,129,1.1961462421131591e-16,246,0,0.26743708198664173
D4,0.85,KCCA-logdet,129,1.8300031040321578,130,1,1.3154371508731648
D4,0.85,CorrCUSUM,130,0.9745695536992627,288,0,1.613687720314157
D4,0.85,DCC-CUSUM,130,0.19183769679298393,291,0,0.26743708198664173
D4,0.85,KCCA-logdet,130,3.184205802610886,128,1,1.3154371508731648
D4,0.85,CorrCUSUM,131,1.2258219418190692,240,0,1.613687720314157
D4,0.85,DCC-CUSUM,131,1.2889201661610122e-16,241,0,0.26743708198664173
D4,0.85,KCCA-logdet,131,2.5811341329452726,284,1,1.3154371508731648
D4,0.85,CorrCUSUM,132,1.7302907064664812,244,1,1.613687720314157
D4,0.85,DCC-CUSUM,132,0.2067905634995401,245,0,0.26743708198664173
D4,0.85,KCCA-logdet,132,2.8087630590702126,154,1,1.3154371508731648
D4,0.85,CorrCUSUM,133,1.5109025790166968,242,0,1.613687720314157
D4,0.85,DCC-CUSUM,133,1.2084688854599733e-15,243,0,0.26743708198664173
D4,0.85,KCCA-logdet,133,2.684058374390907,299,1,1.3154371508731648
D4,0.85,CorrCUSUM,134,0.8820654905781138,116,0,1.613687720314157
D4,0.85,DCC-CUSUM,134,0.04324966213616201,117,0,0.26743708198664173
D4,0.85,KCCA-logdet,134,1.8173350562286479,275,1,1.3154371508731648
D4,0.85,CorrCUSUM,135,0.39143976580247347,370,0,1.613687720314157
D4,0.85,DCC-CUSUM,135,1.2889201661610122e-16,522,0,0.26743708198664173
D4,0.85,KCCA-logdet,135,1.9990748871407065,247,1,1.3154371508731648
D4,0.85,CorrCUSUM,136,1.0389529840727716,159,0,1.613687720314157
D4,0.85,DCC-CUSUM,136,0.2034358222131712,206,0,0.26743708198664173
D4,0.85,KCCA-logdet,136,2.6746585798385443,63,1,1.3154371508731648
D4,0.85,CorrCUSUM,137,0.8483876621875196,363,0,1.613687720314157
D4,0.85,DCC-CUSUM,137,0.09256916165619455,230,0,0.26743708198664173
D4,0.85,KCCA-logdet,137,2.414071938271251,281,1,1.3154371508731648
D4,0.85,CorrCUSUM,138,0.7128116451080009,147,0,1.613687720314157
D4,0.85,DCC-CUSUM,138,0.06159634473673648,148,0,0.26743708198664173
D4,0.85,KCCA-logdet,138,2.6041056830204954,209,1,1.3154371508731648
D4,0.85,CorrCUSUM,139,0.9456143063463314,281,0,1.613687720314157
D4,0.85,DCC-CUSUM,139,0.023351982539319346,282,0,0.26743708198664173
D4,0.85,KCCA-logdet,139,2.6343476950669986,195,1,1.3154371508731648
D4,0.85,CorrCUSUM,140,1.473295685140967,180,0,1.613687720314157
D4,0.85,DCC-CUSUM,140,1.7903242747555158e-16,181,0,0.26743708198664173
D4,0.85,KCCA-logdet,140,3.10197749979972,135,1,1.3154371508731648
D4,0.85,CorrCUSUM,141,1.4060093247581076,123,0,1.613687720314157
D4,0.85,DCC-CUSUM,141,0.06997598102243888,125,0,0.26743708198664173
D4,0.85,KCCA-logdet,141,3.4891874376151426,111,1,1.3154371508731648
D4,0.85,CorrCUSUM,142,1.1063440137356857,230,0,1.613687720314157
D4,0.85,DCC-CUSUM,142,0.022151061005579883,234,0,0.26743708198664173
D4,0.85,KCCA-logdet,142,1.7029694023165907,228,1,1.3154371508731648
D4,0.85,CorrCUSUM,143,0.9849227976320324,121,0,1.613687720314157
D4,0.85,DCC-CUSUM,143,0.28090609523799576,127,1,0.26743708198664173
D4,0.85,KCCA-logdet,143,3.623307726597634,200,1,1.3154371508731648
D4,0.85,CorrCUSUM,144,1.2830025108323704,247,0,1.613687720314157
D4,0.85,DCC-CUSUM,144,1.3767367049543998e-16,248,0,0.26743708198664173
D4,0.85,KCCA-logdet,144,2.720124823225819,192,1,1.3154371508731648
D4,0.85,CorrCUSUM,145,0.9407186690588841,228,0,1.613687720314157
D4,0.85,DCC-CUSUM,145,9.943098424670665e-17,229,0,0.26743708198664173
D4,0.85,KCCA-logdet,145,3.0302770657604814,66,1,1.3154371508731648
D4,0.85,CorrCUSUM,146,1.0923574937279583,229,0,1.613687720314157
D4,0.85,DCC-CUSUM,146,3.059414899898666e-16,540,0,0.26743708198664173
D4,0.85,KCCA-logdet,146,2.5440252535764913,301,1,1.3154371508731648
D4,0.85,CorrCUSUM,147,0.7334160728081617,339,0,1.613687720314157
D4,0.85,DCC-CUSUM,147,1.252093875699269e-16,340,0,0.26743708198664173
D4,0.85,KCCA-logdet,147,2.2795118817379274,272,1,1.3154371508731648
D4,0.85,CorrCUSUM,148,1.5565144466081127,102,0,1.613687720314157
D4,0.85,DCC-CUSUM,148,0.2937880112882333,107,1,0.26743708198664173
D4,0.85,KCCA-logdet,148,2.5049168792800476,214,1,1.3154371508731648
D4,0.85,CorrCUSUM,149,0.674142191547191,527,0,1.613687720314157
D4,0.85,DCC-CUSUM,149,8.25758743815242e-17,528,0,0.26743708198664173
D4,0.85,KCCA-logdet,149,2.714243680603408,228,1,1.3154371508731648
D4,0.85,CorrCUSUM,150,0.8593213003552063,364,0,1.613687720314157
D4,0.85,DCC-CUSUM,150,2.3115579243678814e-16,398,0,0.26743708198664173
D4,0.85,KCCA-logdet,150,2.5952445832511524,255,1,1.3154371508731648
D4,0.85,CorrCUSUM,151,1.5358759637389316,163,0,1.613687720314157
D4,0.85,DCC-CUSUM,151,0.028814014462271102,126,0,0.26743708198664173
D4,0.85,KCCA-logdet,151,2.08947524265318,209,1,1.3154371508731648
D4,0.85,CorrCUSUM,152,1.5974062166122136,164,0,1.613687720314157
D4,0.85,DCC-CUSUM,152,0.3593948389080955,177,1,0.26743708198664173
D4,0.85,KCCA-logdet,152,2.4752459368951514,100,1,1.3154371508731648
D4,0.85,CorrCUSUM,153,0.5466611357498746,81,0,1.613687720314157
D4,0.85,DCC-CUSUM,153,6.157780683939561e-17,113,0,0.26743708198664173
D4,0.85,KCCA-logdet,153,2.1129604678420213,294,1,1.3154371508731648
D4,0.85,CorrCUSUM,154,0.67093233854179,395,0,1.613687720314157
D4,0.85,DCC-CUSUM,154,4.617450265587802e-16,529,0,0.26743708198664173
D4,0.85,KCCA-logdet,154,1.867082724705951,295,1,1.3154371508731648
D4,0.85,CorrCUSUM,155,0.7203028831691787,453,0,1.613687720314157
D4,0.85,DCC-CUSUM,155,6.016141105240548e-17,454,0,0.26743708198664173
D4,0.85,KCCA-logdet,155,2.0279845709426527,267,1,1.3154371508731648
D4,0.85,CorrCUSUM,156,2.0171181486681324,278,1,1.613687720314157
D4,0.85,DCC-CUSUM,156,0.24594687076195781,279,0,0.26743708198664173
D4,0.85,KCCA-logdet,156,2.676562029454489,300,1,1.3154371508731648
D4,0.85,CorrCUSUM,157,0.9154840156772819,154,0,1.613687720314157
D4,0.85,DCC-CUSUM,157,0.011807803966073628,139,0,0.26743708198664173
D4,0.85,KCCA-logdet,157,2.3569668155808574,236,1,1.3154371508731648
D4,0.85,CorrCUSUM,158,0.8935820041819466,217,0,1.613687720314157
D4,0.85,DCC-CUSUM,158,0.0,60,0,0.26743708198664173
D4,0.85,KCCA-logdet,158,2.8083266210652225,278,1,1.3154371508731648
D4,0.85,CorrCUSUM,159,0.7313200258894519,102,0,1.613687720314157
D4,0.85,DCC-CUSUM,159,0.01420262627035537,439,0,0.26743708198664173
D4,0.85,KCCA-logdet,159,2.6780923020934453,106,1,1.3154371508731648
D4,0.85,CorrCUSUM,160,1.059054528407057,131,0,1.613687720314157
D4,0.85,DCC-CUSUM,160,1.26342504199519e-16,132,0,0.26743708198664173
D4,0.85,KCCA-logdet,160,2.078806813596239,61,1,1.3154371508731648
D4,0.85,CorrCUSUM,161,0.7876175440111679,68,0,1.613687720314157
D4,0.85,DCC-CUSUM,161,1.3342448313446962e-16,510,0,0.26743708198664173
D4,0.85,KCCA-logdet,161,2.728543194850958,267,1,1.3154371508731648
D4,0.85,CorrCUSUM,162,1.4750597193706583,166,0,1.613687720314157
D4,0.85,DCC-CUSUM,162,0.018875408337286455,167,0,0.26743708198664173
D4,0.85,KCCA-logdet,162,2.342939308005013,171,1,1.3154371508731648
D4,0.85,CorrCUSUM,163,1.7096622100740742,263,1,1.613687720314157
D4,0.85,DCC-CUSUM,163,2.0396099332657776e-16,264,0,0.26743708198664173
D4,0.85,KCCA-logdet,163,2.450571583296575,268,1,1.3154371508731648
D4,0.85,CorrCUSUM,164,1.2241320734086492,298,0,1.613687720314157
D4,0.85,DCC-CUSUM,164,0.31869745967209134,117,1,0.26743708198664173
D4,0.85,KCCA-logdet,164,2.334561963919267,300,1,1.3154371508731648
D4,0.85,CorrCUSUM,165,0.7038329803063208,469,0,1.613687720314157
D4,0.85,DCC-CUSUM,165,0.028049165186302755,470,0,0.26743708198664173
D4,0.85,KCCA-logdet,165,2.3715920396388888,274,1,1.3154371508731648
D4,0.85,CorrCUSUM,166,1.8880550303235621,231,1,1.613687720314157
D4,0.85,DCC-CUSUM,166,0.29329336780806525,252,1,0.26743708198664173
D4,0.85,KCCA-logdet,166,1.7757032093504594,241,1,1.3154371508731648
D4,0.85,CorrCUSUM,167,1.289552181726243,231,0,1.613687720314157
D4,0.85,DCC-CUSUM,167,0.23431728450970335,233,0,0.26743708198664173
D4,0.85,KCCA-logdet,167,2.5908461431213863,291,1,1.3154371508731648
D4,0.85,CorrCUSUM,168,0.7026039719103421,266,0,1.613687720314157
D4,0.85,DCC-CUSUM,168,0.07783109705468015,274,0,0.26743708198664173
D4,0.85,KCCA-logdet,168,2.8450033387679503,287,1,1.3154371508731648
D4,0.85,CorrCUSUM,169,0.7560848772774774,108,0,1.613687720314157
D4,0.85,DCC-CUSUM,169,1.1784412947757825e-16,466,0,0.26743708198664173
D4,0.85,KCCA-logdet,169,2.0388541288901383,276,1,1.3154371508731648
D4,0.85,CorrCUSUM,170,1.5803807205271623,322,0,1.613687720314157
D4,0.85,DCC-CUSUM,170,0.13920426273464978,323,0,0.26743708198664173
D4,0.85,KCCA-logdet,170,2.931549961858585,278,1,1.3154371508731648
D4,0.85,CorrCUSUM,171,1.4576899464065127,288,0,1.613687720314157
D4,0.85,DCC-CUSUM,171,0.07710199852898364,289,0,0.26743708198664173
D4,0.85,KCCA-logdet,171,3.169794127606311,262,1,1.3154371508731648
D4,0.85,CorrCUSUM,172,1.630043863384832,208,1,1.613687720314157
D4,0.85,DCC-CUSUM,172,0.00444953827815179,209,0,0.26743708198664173
D4,0.85,KCCA-logdet,172,2.6323573738998522,203,1,1.3154371508731648
D4,0.85,CorrCUSUM,173,0.5769904542725814,477,0,1.613687720314157
D4,0.85,DCC-CUSUM,173,0.0,60,0,0.26743708198664173
D4,0.85,KCCA-logdet,173,2.0631629903194266,221,1,1.3154371508731648
D4,0.85,CorrCUSUM,174,1.8927022796386201,147,1,1.613687720314157
D4,0.85,DCC-CUSUM,174,0.2904710526267401,215,1,0.26743708198664173
D4,0.85,KCCA-logdet,174,3.0495707854907206,128,1,1.3154371508731648
D4,0.85,CorrCUSUM,175,0.9389381997755417,136,0,1.613687720314157
D4,0.85,DCC-CUSUM,175,1.6840945907312567e-16,136,0,0.26743708198664173
D4,0.85,KCCA-logdet,175,3.3697642481000694,223,1,1.3154371508731648
D4,0.85,CorrCUSUM,176,0.8771197885988373,69,0,1.613687720314157
D4,0.85,DCC-CUSUM,176,1.5806976982809776e-16,495,0,0.26743708198664173
D4,0.85,KCCA-logdet,176,2.3721302268495514,207,1,1.3154371508731648
D4,0.85,CorrCUSUM,177,0.9747666387580697,271,0,1.613687720314157
D4,0.85,DCC-CUSUM,177,0.04570909022153054,270,0,0.26743708198664173
D4,0.85,KCCA-logdet,177,2.8453780803296747,276,1,1.3154371508731648
D4,0.85,CorrCUSUM,178,1.265020951750646,79,0,1.613687720314157
D4,0.85,DCC-CUSUM,178,1.3356612271316863e-16,80,0,0.26743708198664173
D4,0.85,KCCA-logdet,178,2.1856163162351323,244,1,1.3154371508731648
D4,0.85,CorrCUSUM,179,0.6292431372742032,93,0,1.613687720314157
D4,0.85,DCC-CUSUM,179,0.03618408275821585,76,0,0.26743708198664173
D4,0.85,KCCA-logdet,179,2.4512556209647176,64,1,1.3154371508731648
D4,0.85,CorrCUSUM,180,0.5172754563687648,431,0,1.613687720314157
D4,0.85,DCC-CUSUM,180,0.06513748867442494,432,0,0.26743708198664173
D4,0.85,KCCA-logdet,180,2.419149336471685,271,1,1.3154371508731648
D4,0.85,CorrCUSUM,181,1.4771730598405808,291,0,1.613687720314157
D4,0.85,DCC-CUSUM,181,0.0,60,0,0.26743708198664173
D4,0.85,KCCA-logdet,181,2.387760639181659,256,1,1.3154371508731648
D4,0.85,CorrCUSUM,182,1.0409186218145818,316,0,1.613687720314157
D4,0.85,DCC-CUSUM,182,0.04649316641871799,358,0,0.26743708198664173
D4,0.85,KCCA-logdet,182,2.331004374672531,130,1,1.3154371508731648
D4,0.85,CorrCUSUM,183,1.2189564596769045,68,0,1.613687720314157
D4,0.85,DCC-CUSUM,183,0.010795449926299445,69,0,0.26743708198664173
D4,0.85,KCCA-logdet,183,2.85233920163485,164,1,1.3154371508731648
D4,0.85,CorrCUSUM,184,0.9166810576055113,327,0,1.613687720314157
D4,0.85,DCC-CUSUM,184,0.06763165976246635,328,0,0.26743708198664173
D4,0.85,KCCA-logdet,184,2.6953152068537665,228,1,1.3154371508731648
D4,0.85,CorrCUSUM,185,1.6149689315672222,286,1,1.613687720314157
D4,0.85,DCC-CUSUM,185,0.037158964297327554,287,0,0.26743708198664173
D4,0.85,KCCA-logdet,185,2.8291132888112185,253,1,1.3154371508731648
D4,0.85,CorrCUSUM,186,0.7010279642657711,152,0,1.613687720314157
D4,0.85,DCC-CUSUM,186,2.328554673811763e-16,539,0,0.26743708198664173
D4,0.85,KCCA-logdet,186,2.4638371321066397,151,1,1.3154371508731648
D4,0.85,CorrCUSUM,187,0.7349094454027935,424,0,1.613687720314157
D4,0.85,DCC-CUSUM,187,0.044038169101002125,425,0,0.26743708198664173
D4,0.85,KCCA-logdet,187,2.2566252949077987,61,1,1.3154371508731648
D4,0.85,CorrCUSUM,188,1.118695341149192,344,0,1.613687720314157
D4,0.85,DCC-CUSUM,188,0.024748545634669248,345,0,0.26743708198664173
D4,0.85,KCCA-logdet,188,2.5823028286278777,141,1,1.3154371508731648
D4,0.85,CorrCUSUM,189,0.8305855327812259,236,0,1.613687720314157
D4,0.85,DCC-CUSUM,189,9.737721035557098e-17,237,0,0.26743708198664173
D4,0.85,KCCA-logdet,189,3.0642784115759047,255,1,1.3154371508731648
D4,0.85,CorrCUSUM,190,0.9096780622683968,157,0,1.613687720314157
D4,0.85,DCC-CUSUM,190,3.4956648022916244e-16,540,0,0.26743708198664173
D4,0.85,KCCA-logdet,190,2.422452361459239,243,1,1.3154371508731648
D4,0.85,CorrCUSUM,191,1.5297499995760728,216,0,1.613687720314157
D4,0.85,DCC-CUSUM,191,1.2832545830130517e-16,217,0,0.26743708198664173
D4,0.85,KCCA-logdet,191,2.400056404089899,290,1,1.3154371508731648
D4,0.85,CorrCUSUM,192,1.4831883703527025,282,0,1.613687720314157
D4,0.85,DCC-CUSUM,192,0.10451288158553318,283,0,0.26743708198664173
D4,0.85,KCCA-logdet,192,2.1422767129803235,302,1,1.3154371508731648
D4,0.85,CorrCUSUM,193,0.8819096295056671,65,0,1.613687720314157
D4,0.85,DCC-CUSUM,193,0.10861762839483488,66,0,0.26743708198664173
D4,0.85,KCCA-logdet,193,3.4542334412418856,70,1,1.3154371508731648
D4,0.85,CorrCUSUM,194,1.1498643502010946,65,0,1.613687720314157
D4,0.85,DCC-CUSUM,194,0.22495466408050632,76,0,0.26743708198664173
D4,0.85,KCCA-logdet,194,2.742538353077576,261,1,1.3154371508731648
D4,0.85,CorrCUSUM,195,0.6818224979222152,134,0,1.613687720314157
D4,0.85,DCC-CUSUM,195,0.013784315298510106,135,0,0.26743708198664173
D4,0.85,KCCA-logdet,195,3.08802180286326,222,1,1.3154371508731648
D4,0.85,CorrCUSUM,196,0.8768598598053513,293,0,1.613687720314157
D4,0.85,DCC-CUSUM,196,0.10890955354512445,455,0,0.26743708198664173
D4,0.85,KCCA-logdet,196,1.7630018516992527,301,1,1.3154371508731648
D4,0.85,CorrCUSUM,197,0.7537945721553477,262,0,1.613687720314157
D4,0.85,DCC-CUSUM,197,0.04918804051427874,261,0,0.26743708198664173
D4,0.85,KCCA-logdet,197,2.712117830199078,301,1,1.3154371508731648
D4,0.85,CorrCUSUM,198,0.8104581184070391,230,0,1.613687720314157
D4,0.85,DCC-CUSUM,198,8.420472953656283e-17,291,0,0.26743708198664173
D4,0.85,KCCA-logdet,198,2.6075459074971286,252,1,1.3154371508731648
D4,0.85,CorrCUSUM,199,1.1377058000123925,95,0,1.613687720314157
D4,0.85,DCC-CUSUM,199,1.4900483679136097e-16,539,0,0.26743708198664173
D4,0.85,KCCA-logdet,199,2.786421959669721,196,1,1.3154371508731648
M1,1.3,CorrCUSUM,0,0.5916836733022325,377,0,1.3790160913774456
M1,1.3,DCC-CUSUM,0,0.05590101971002743,378,0,0.33106906837409783
M1,1.3,KCCA-logdet,0,0.7592577014115411,69,0,1.1852439274975721
M1,1.3,CorrCUSUM,1,1.2148905587548724,220,0,1.3790160913774456
M1,1.3,DCC-CUSUM,1,0.16689025865281013,228,0,0.33106906837409783
M1,1.3,KCCA-logdet,1,1.1394093633453994,69,0,1.1852439274975721
M1,1.3,CorrCUSUM,2,0.7803752765335343,467,0,1.3790160913774456
M1,1.3,DCC-CUSUM,2,0.07449909877458318,469,0,0.33106906837409783
M1,1.3,KCCA-logdet,2,1.0011229896096696,78,0,1.1852439274975721
M1,1.3,CorrCUSUM,3,1.5449422687898031,368,1,1.3790160913774456
M1,1.3,DCC-CUSUM,3,0.08783694226909759,374,0,0.33106906837409783
M1,1.3,KCCA-logdet,3,1.1170963816424933,64,0,1.1852439274975721
M1,1.3,CorrCUSUM,4,0.5687388643730937,204,0,1.3790160913774456
M1,1.3,DCC-CUSUM,4,0.015804508862210718,205,0,0.33106906837409783
M1,1.3,KCCA-logdet,4,0.8952375651917623,62,0,1.1852439274975721
M1,1.3,CorrCUSUM,5,0.7747460388272821,124,0,1.3790160913774456
M1,1.3,DCC-CUSUM,5,0.08343925709388558,135,0,0.33106906837409783
M1,1.3,KCCA-logdet,5,0.5439230138544863,89,0,1.1852439274975721
M1,1.3,CorrCUSUM,6,0.818108860149019,394,0,1.3790160913774456
M1,1.3,DCC-CUSUM,6,0.01463530194366379,398,0,0.33106906837409783
M1,1.3,KCCA-logdet,6,0.45716784178731834,516,0,1.1852439274975721
M1,1.3,CorrCUSUM,7,0.7719400226833039,431,0,1.3790160913774456
M1,1.3,DCC-CUSUM,7,0.0032494052769864662,432,0,0.33106906837409783
M1,1.3,KCCA-logdet,7,1.287506531737955,60,1,1.1852439274975721
M1,1.3,CorrCUSUM,8,1.0868536423776243,335,0,1.3790160913774456
M1,1.3,DCC-CUSUM,8,0.0,60,0,0.33106906837409783
M1,1.3,KCCA-logdet,8,0.48197001206105766,77,0,1.1852439274975721
M1,1.3,CorrCUSUM,9,0.8186260080328679,450,0,1.3790160913774456
M1,1.3,DCC-CUSUM,9,0.07994851980762442,223,0,0.33106906837409783
M1,1.3,KCCA-logdet,9,0.8079343661396404,536,0,1.1852439274975721
M1,1.3,CorrCUSUM,10,1.1766553460270195,310,0,1.3790160913774456
M1,1.3,DCC-CUSUM,10,0.15564209608887317,420,0,0.33106906837409783
M1,1.3,KCCA-logdet,10,0.6755503048792629,526,0,1.1852439274975721
M1,1.3,CorrCUSUM,11,0.8047933684706512,243,0,1.3790160913774456
M1,1.3,DCC-CUSUM,11,0.004007675108099953,244,0,0.33106906837409783
M1,1.3,KCCA-logdet,11,1.031385092142298,61,0,1.1852439274975721
M1,1.3,CorrCUSUM,12,1.063528128746807,211,0,1.3790160913774456
M1,1.3,DCC-CUSUM,12,0.012752853283667808,212,0,0.33106906837409783
M1,1.3,KCCA-logdet,12,0.732254034388301,73,0,1.1852439274975721
M1,1.3,CorrCUSUM,13,1.8456906167776002,470,1,1.3790160913774456
M1,1.3,DCC-CUSUM,13,0.546628484178326,474,1,0.33106906837409783
M1,1.3,KCCA-logdet,13,0.8584188324172934,539,0,1.1852439274975721
M1,1.3,CorrCUSUM,14,0.6192881696488268,444,0,1.3790160913774456
M1,1.3,DCC-CUSUM,14,0.06219982748439903,445,0,0.33106906837409783
M1,1.3,KCCA-logdet,14,0.6765056581025425,61,0,1.1852439274975721
M1,1.3,CorrCUSUM,15,0.598998890070108,137,0,1.3790160913774456
M1,1.3,DCC-CUSUM,15,6.101124852459956e-17,338,0,0.33106906837409783
M1,1.3,KCCA-logdet,15,0.9645892222825929,65,0,1.1852439274975721
M1,1.3,CorrCUSUM,16,1.2560932146751012,419,0,1.3790160913774456
M1,1.3,DCC-CUSUM,16,0.06333683390034886,436,0,0.33106906837409783
M1,1.3,KCCA-logdet,16,0.9020503837314681,529,0,1.1852439274975721
M1,1.3,CorrCUSUM,17,0.6901401225908564,78,0,1.3790160913774456
M1,1.3,DCC-CUSUM,17,0.003673316749354112,79,0,0.33106906837409783
M1,1.3,KCCA-logdet,17,0.9564206327471502,60,0,1.1852439274975721
M1,1.3,CorrCUSUM,18,0.8766540390451887,135,0,1.3790160913774456
M1,1.3,DCC-CUSUM,18,1.250677479912279e-16,534,0,0.33106906837409783
M1,1.3,KCCA-logdet,18,0.8462142944871913,64,0,1.1852439274975721
M1,1.3,CorrCUSUM,19,0.8681320573979839,185,0,1.3790160913774456
M1,1.3,DCC-CUSUM,19,0.03455540688976635,186,0,0.33106906837409783
M1,1.3,KCCA-logdet,19,0.6386756120865382,306,0,1.1852439274975721
M1,1.3,CorrCUSUM,20,1.0916692868485165,396,0,1.3790160913774456
M1,1.3,DCC-CUSUM,20,6.600404367373974e-17,476,0,0.33106906837409783
M1,1.3,KCCA-logdet,20,0.7648500026001139,105,0,1.1852439274975721
M1,1.3,CorrCUSUM,21,1.2035348773196735,254,0,1.3790160913774456
M1,1.3,DCC-CUSUM,21,0.006823614617158619,242,0,0.33106906837409783
M1,1.3,KCCA-logdet,21,0.8088022327432639,104,0,1.1852439274975721
M1,1.3,CorrCUSUM,22,0.5631001534077641,278,0,1.3790160913774456
M1,1.3,DCC-CUSUM,22,0.004800344520289416,279,0,0.33106906837409783
M1,1.3,KCCA-logdet,22,0.9597335667128284,62,0,1.1852439274975721
M1,1.3,CorrCUSUM,23,0.7935986284296568,460,0,1.3790160913774456
M1,1.3,DCC-CUSUM,23,0.012081308344024782,114,0,0.33106906837409783
M1,1.3,KCCA-logdet,23,0.8368285982359563,540,0,1.1852439274975721
M1,1.3,CorrCUSUM,24,0.6446495372091496,151,0,1.3790160913774456
M1,1.3,DCC-CUSUM,24,0.021312556036065723,139,0,0.33106906837409783
M1,1.3,KCCA-logdet,24,0.8684917076400402,540,0,1.1852439274975721
M1,1.3,CorrCUSUM,25,0.6699104045727464,432,0,1.3790160913774456
M1,1.3,DCC-CUSUM,25,0.04712251039123216,433,0,0.33106906837409783
M1,1.3,KCCA-logdet,25,1.0617863176483813,540,0,1.1852439274975721
M1,1.3,CorrCUSUM,26,0.9660167369360261,415,0,1.3790160913774456
M1,1.3,DCC-CUSUM,26,7.988472238624296e-17,416,0,0.33106906837409783
M1,1.3,KCCA-logdet,26,0.7704295694862869,537,0,1.1852439274975721
M1,1.3,CorrCUSUM,27,1.0590962848567234,104,0,1.3790160913774456
M1,1.3,DCC-CUSUM,27,0.21149637009340364,172,0,0.33106906837409783
M1,1.3,KCCA-logdet,27,0.8742633080372183,115,0,1.1852439274975721
M1,1.3,CorrCUSUM,28,1.3859820836217172,271,1,1.3790160913774456
M1,1.3,DCC-CUSUM,28,0.1086900392925216,272,0,0.33106906837409783
M1,1.3,KCCA-logdet,28,0.857800498115957,80,0,1.1852439274975721
M1,1.3,CorrCUSUM,29,1.7585083850589864,287,1,1.3790160913774456
M1,1.3,DCC-CUSUM,29,0.3840512297030099,326,1,0.33106906837409783
M1,1.3,KCCA-logdet,29,0.6959035202170362,537,0,1.1852439274975721
M1,1.3,CorrCUSUM,30,0.9906736020733423,451,0,1.3790160913774456
M1,1.3,DCC-CUSUM,30,0.06781016939437462,180,0,0.33106906837409783
M1,1.3,KCCA-logdet,30,1.091467197524067,60,0,1.1852439274975721
M1,1.3,CorrCUSUM,31,0.843948495538529,192,0,1.3790160913774456
M1,1.3,DCC-CUSUM,31,0.03906339200048272,193,0,0.33106906837409783
M1,1.3,KCCA-logdet,31,0.6666839831731732,525,0,1.1852439274975721
M1,1.3,CorrCUSUM,32,0.5979524194812735,540,0,1.3790160913774456
M1,1.3,DCC-CUSUM,32,0.03916649831986536,108,0,0.33106906837409783
M1,1.3,KCCA-logdet,32,1.0312708420045846,60,0,1.1852439274975721
M1,1.3,CorrCUSUM,33,1.2611381569279898,297,0,1.3790160913774456
M1,1.3,DCC-CUSUM,33,0.2055970154328881,299,0,0.33106906837409783
M1,1.3,KCCA-logdet,33,0.9273905282675229,540,0,1.1852439274975721
M1,1.3,CorrCUSUM,34,0.4696223526739841,85,0,1.3790160913774456
M1,1.3,DCC-CUSUM,34,0.01880436000803992,504,0,0.33106906837409783
M1,1.3,KCCA-logdet,34,0.5949511392824202,85,0,1.1852439274975721
M1,1.3,CorrCUSUM,35,0.6195197227892972,538,0,1.3790160913774456
M1,1.3,DCC-CUSUM,35,1.331412039770716e-16,540,0,0.33106906837409783
M1,1.3,KCCA-logdet,35,1.9168154124946928,62,1,1.1852439274975721
M1,1.3,CorrCUSUM,36,1.221957999109499,383,0,1.3790160913774456
M1,1.3,DCC-CUSUM,36,1.5240418668013726e-16,384,0,0.33106906837409783
M1,1.3,KCCA-logdet,36,0.9699632086487037,76,0,1.1852439274975721
M1,1.3,CorrCUSUM,37,1.225850215949761,282,0,1.3790160913774456
M1,1.3,DCC-CUSUM,37,0.20875913002097615,308,0,0.33106906837409783
M1,1.3,KCCA-logdet,37,0.6861782328126721,64,0,1.1852439274975721
M1,1.3,CorrCUSUM,38,0.9518344020812692,389,0,1.3790160913774456
M1,1.3,DCC-CUSUM,38,0.012349072439504524,390,0,0.33106906837409783
M1,1.3,KCCA-logdet,38,0.8282553082841811,539,0,1.1852439274975721
M1,1.3,CorrCUSUM,39,0.6773248918246371,340,0,1.3790160913774456
M1,1.3,DCC-CUSUM,39,6.118829799797332e-16,540,0,0.33106906837409783
M1,1.3,KCCA-logdet,39,1.0716654678750153,64,0,1.1852439274975721
M1,1.3,CorrCUSUM,40,0.49138965300225235,501,0,1.3790160913774456
M1,1.3,DCC-CUSUM,40,6.713716030333184e-17,507,0,0.33106906837409783
M1,1.3,KCCA-logdet,40,0.6955787869788924,540,0,1.1852439274975721
M1,1.3,CorrCUSUM,41,0.4880686388293369,533,0,1.3790160913774456
M1,1.3,DCC-CUSUM,41,1.03396892450279e-16,534,0,0.33106906837409783
M1,1.3,KCCA-logdet,41,0.5420025381553283,246,0,1.1852439274975721
M1,1.3,CorrCUSUM,42,0.5552205344221055,489,0,1.3790160913774456
M1,1.3,DCC-CUSUM,42,7.308602260869036e-17,490,0,0.33106906837409783
M1,1.3,KCCA-logdet,42,0.9587204746605644,66,0,1.1852439274975721
M1,1.3,CorrCUSUM,43,1.3846709674715252,229,1,1.3790160913774456
M1,1.3,DCC-CUSUM,43,0.09645245087264329,230,0,0.33106906837409783
M1,1.3,KCCA-logdet,43,0.6910388583625592,540,0,1.1852439274975721
M1,1.3,CorrCUSUM,44,0.8414529353866644,417,0,1.3790160913774456
M1,1.3,DCC-CUSUM,44,0.14967408206288937,190,0,0.33106906837409783
M1,1.3,KCCA-logdet,44,1.441346724903598,79,1,1.1852439274975721
M1,1.3,CorrCUSUM,45,0.819315385750882,447,0,1.3790160913774456
M1,1.3,DCC-CUSUM,45,0.009123960617426742,448,0,0.33106906837409783
M1,1.3,KCCA-logdet,45,0.9592424669293564,537,0,1.1852439274975721
M1,1.3,CorrCUSUM,46,0.5436302162520487,125,0,1.3790160913774456
M1,1.3,DCC-CUSUM,46,0.0035041616105642745,126,0,0.33106906837409783
M1,1.3,KCCA-logdet,46,0.6079173119315383,151,0,1.1852439274975721
M1,1.3,CorrCUSUM,47,0.38145652488191295,352,0,1.3790160913774456
M1,1.3,DCC-CUSUM,47,1.0198049666328888e-16,539,0,0.33106906837409783
M1,1.3,KCCA-logdet,47,0.848886551100475,72,0,1.1852439274975721
M1,1.3,CorrCUSUM,48,0.7333868166844504,357,0,1.3790160913774456
M1,1.3,DCC-CUSUM,48,6.761519388144101e-17,354,0,0.33106906837409783
M1,1.3,KCCA-logdet,48,0.8180890032289984,72,0,1.1852439274975721
M1,1.3,CorrCUSUM,49,0.6148631285585249,463,0,1.3790160913774456
M1,1.3,DCC-CUSUM,49,0.002090456161423774,464,0,0.33106906837409783
M1,1.3,KCCA-logdet,49,0.9835841066470837,60,0,1.1852439274975721
M1,1.3,CorrCUSUM,50,1.025615740831901,307,0,1.3790160913774456
M1,1.3,DCC-CUSUM,50,0.08283367078243499,308,0,0.33106906837409783
M1,1.3,KCCA-logdet,50,1.1472282786264412,81,0,1.1852439274975721
M1,1.3,CorrCUSUM,51,0.653245632124158,392,0,1.3790160913774456
M1,1.3,DCC-CUSUM,51,0.0006294564241806232,393,0,0.33106906837409783
M1,1.3,KCCA-logdet,51,0.7627693572482969,80,0,1.1852439274975721
M1,1.3,CorrCUSUM,52,0.607420496310471,280,0,1.3790160913774456
M1,1.3,DCC-CUSUM,52,3.8242686248733327e-17,540,0,0.33106906837409783
M1,1.3,KCCA-logdet,52,0.915973733431715,88,0,1.1852439274975721
M1,1.3,CorrCUSUM,53,0.8169341350734801,501,0,1.3790160913774456
M1,1.3,DCC-CUSUM,53,1.4857991805526394e-16,502,0,0.33106906837409783
M1,1.3,KCCA-logdet,53,0.8389023500049803,100,0,1.1852439274975721
M1,1.3,CorrCUSUM,54,1.6100214602937992,406,1,1.3790160913774456
M1,1.3,DCC-CUSUM,54,0.13719640597407545,407,0,0.33106906837409783
M1,1.3,KCCA-logdet,54,0.8384453555595346,135,0,1.1852439274975721
M1,1.3,CorrCUSUM,55,0.8966773141375611,460,0,1.3790160913774456
M1,1.3,DCC-CUSUM,55,0.02283103750406144,461,0,0.33106906837409783
M1,1.3,KCCA-logdet,55,1.1994712779133905,60,1,1.1852439274975721
M1,1.3,CorrCUSUM,56,2.2004408206948347,438,1,1.3790160913774456
M1,1.3,DCC-CUSUM,56,0.6182498816033469,440,1,0.33106906837409783
M1,1.3,KCCA-logdet,56,0.6478486357353179,82,0,1.1852439274975721
M1,1.3,CorrCUSUM,57,0.7280213774209643,160,0,1.3790160913774456
M1,1.3,DCC-CUSUM,57,8.402768006318907e-17,160,0,0.33106906837409783
M1,1.3,KCCA-logdet,57,1.0030467768826172,66,0,1.1852439274975721
M1,1.3,CorrCUSUM,58,1.416631170907758,411,1,1.3790160913774456
M1,1.3,DCC-CUSUM,58,0.10085089094056567,414,0,0.33106906837409783
M1,1.3,KCCA-logdet,58,1.057273515265862,66,0,1.1852439274975721
M1,1.3,CorrCUSUM,59,1.488022538678562,208,1,1.3790160913774456
M1,1.3,DCC-CUSUM,59,0.3316128997983016,210,1,0.33106906837409783
M1,1.3,KCCA-logdet,59,0.8838690311392691,75,0,1.1852439274975721
M1,1.3,CorrCUSUM,60,1.373750779829658,260,0,1.3790160913774456
M1,1.3,DCC-CUSUM,60,1.8101538157733776e-16,260,0,0.33106906837409783
M1,1.3,KCCA-logdet,60,1.0150773142274965,61,0,1.1852439274975721
M1,1.3,CorrCUSUM,61,1.0209747896310943,350,0,1.3790160913774456
M1,1.3,DCC-CUSUM,61,0.10495224397326064,374,0,0.33106906837409783
M1,1.3,KCCA-logdet,61,1.0016524950912176,538,0,1.1852439274975721
M1,1.3,CorrCUSUM,62,0.8170367970798099,537,0,1.3790160913774456
M1,1.3,DCC-CUSUM,62,0.09943526595767536,540,0,0.33106906837409783
M1,1.3,KCCA-logdet,62,1.117492221102853,537,0,1.1852439274975721
M1,1.3,CorrCUSUM,63,1.0133282369325736,456,0,1.3790160913774456
M1,1.3,DCC-CUSUM,63,4.815037477872924e-16,457,0,0.33106906837409783
M1,1.3,KCCA-logdet,63,0.926923705250048,106,0,1.1852439274975721
M1,1.3,CorrCUSUM,64,0.6932846045483558,266,0,1.3790160913774456
M1,1.3,DCC-CUSUM,64,3.8242686248733327e-17,540,0,0.33106906837409783
M1,1.3,KCCA-logdet,64,0.8523900538337477,60,0,1.1852439274975721
M1,1.3,CorrCUSUM,65,0.8364007124087575,422,0,1.3790160913774456
M1,1.3,DCC-CUSUM,65,0.07882320259668751,423,0,0.33106906837409783
M1,1.3,KCCA-logdet,65,1.0796758598221687,61,0,1.1852439274975721
M1,1.3,CorrCUSUM,66,0.564113181498828,131,0,1.3790160913774456
M1,1.3,DCC-CUSUM,66,0.03537304247515282,439,0,0.33106906837409783
M1,1.3,KCCA-logdet,66,0.5545751447497457,193,0,1.1852439274975721
M1,1.3,CorrCUSUM,67,1.0581684341695492,321,0,1.3790160913774456
M1,1.3,DCC-CUSUM,67,0.023508777798380787,322,0,0.33106906837409783
M1,1.3,KCCA-logdet,67,0.6365767181590676,286,0,1.1852439274975721
M1,1.3,CorrCUSUM,68,0.696479340355308,466,0,1.3790160913774456
M1,1.3,DCC-CUSUM,68,0.06894502363167779,467,0,0.33106906837409783
M1,1.3,KCCA-logdet,68,0.4050832433479482,65,0,1.1852439274975721
M1,1.3,CorrCUSUM,69,1.2136389096074942,409,0,1.3790160913774456
M1,1.3,DCC-CUSUM,69,0.011318645115149122,411,0,0.33106906837409783
M1,1.3,KCCA-logdet,69,0.6558532852732498,92,0,1.1852439274975721
M1,1.3,CorrCUSUM,70,1.3481845379463002,368,0,1.3790160913774456
M1,1.3,DCC-CUSUM,70,0.11620034157905011,365,0,0.33106906837409783
M1,1.3,KCCA-logdet,70,0.6744234148624946,68,0,1.1852439274975721
M1,1.3,CorrCUSUM,71,1.2081129576134502,455,0,1.3790160913774456
M1,1.3,DCC-CUSUM,71,0.1287182025200794,457,0,0.33106906837409783
M1,1.3,KCCA-logdet,71,0.5336972148588774,61,0,1.1852439274975721
M1,1.3,CorrCUSUM,72,1.6167826155520004,331,1,1.3790160913774456
M1,1.3,DCC-CUSUM,72,0.005216696178542984,332,0,0.33106906837409783
M1,1.3,KCCA-logdet,72,0.9452539499065129,70,0,1.1852439274975721
M1,1.3,CorrCUSUM,73,0.8914439964170537,326,0,1.3790160913774456
M1,1.3,DCC-CUSUM,73,2.430535170475052e-16,327,0,0.33106906837409783
M1,1.3,KCCA-logdet,73,0.6860859372018591,61,0,1.1852439274975721
M1,1.3,CorrCUSUM,74,0.7725734505252798,509,0,1.3790160913774456
M1,1.3,DCC-CUSUM,74,8.852473668688271e-17,510,0,0.33106906837409783
M1,1.3,KCCA-logdet,74,1.1284472040576459,62,0,1.1852439274975721
M1,1.3,CorrCUSUM,75,0.834169076721199,290,0,1.3790160913774456
M1,1.3,DCC-CUSUM,75,7.138634766430222e-17,487,0,0.33106906837409783
M1,1.3,KCCA-logdet,75,0.6191107004388262,539,0,1.1852439274975721
M1,1.3,CorrCUSUM,76,0.8802389100578322,143,0,1.3790160913774456
M1,1.3,DCC-CUSUM,76,8.512538679810641e-17,144,0,0.33106906837409783
M1,1.3,KCCA-logdet,76,0.6169248148940824,111,0,1.1852439274975721
M1,1.3,CorrCUSUM,77,0.7459597930301518,100,0,1.3790160913774456
M1,1.3,DCC-CUSUM,77,1.045300090798711e-16,370,0,0.33106906837409783
M1,1.3,KCCA-logdet,77,0.701742714390621,91,0,1.1852439274975721
M1,1.3,CorrCUSUM,78,0.785885491363293,332,0,1.3790160913774456
M1,1.3,DCC-CUSUM,78,6.940339356251605e-17,504,0,0.33106906837409783
M1,1.3,KCCA-logdet,78,0.6325461910699585,73,0,1.1852439274975721
M1,1.3,CorrCUSUM,79,0.7336926887689769,437,0,1.3790160913774456
M1,1.3,DCC-CUSUM,79,0.023216259505185636,438,0,0.33106906837409783
M1,1.3,KCCA-logdet,79,0.7923316644397412,86,0,1.1852439274975721
M1,1.3,CorrCUSUM,80,0.8188608810963947,329,0,1.3790160913774456
M1,1.3,DCC-CUSUM,80,0.1136583340013049,330,0,0.33106906837409783
M1,1.3,KCCA-logdet,80,0.8227639532884283,117,0,1.1852439274975721
M1,1.3,CorrCUSUM,81,0.8912761549115876,358,0,1.3790160913774456
M1,1.3,DCC-CUSUM,81,0.12376067500368387,496,0,0.33106906837409783
M1,1.3,KCCA-logdet,81,1.1023329781271582,60,0,1.1852439274975721
M1,1.3,CorrCUSUM,82,0.6839181492382399,386,0,1.3790160913774456
M1,1.3,DCC-CUSUM,82,0.0029993333405822077,385,0,0.33106906837409783
M1,1.3,KCCA-logdet,82,0.6775582206086133,85,0,1.1852439274975721
M1,1.3,CorrCUSUM,83,0.772640504449062,186,0,1.3790160913774456
M1,1.3,DCC-CUSUM,83,0.0,60,0,0.33106906837409783
M1,1.3,KCCA-logdet,83,0.9807901889978803,524,0,1.1852439274975721
M1,1.3,CorrCUSUM,84,0.6744511655277444,304,0,1.3790160913774456
M1,1.3,DCC-CUSUM,84,0.026939723393658667,309,0,0.33106906837409783
M1,1.3,KCCA-logdet,84,0.6545637671345342,79,0,1.1852439274975721
M1,1.3,CorrCUSUM,85,0.9066404411429156,222,0,1.3790160913774456
M1,1.3,DCC-CUSUM,85,0.009934699010063032,223,0,0.33106906837409783
M1,1.3,KCCA-logdet,85,0.8816511058403658,60,0,1.1852439274975721
M1,1.3,CorrCUSUM,86,1.2642036654369162,397,0,1.3790160913774456
M1,1.3,DCC-CUSUM,86,1.2892742651077597e-16,398,0,0.33106906837409783
M1,1.3,KCCA-logdet,86,0.8810203188327143,61,0,1.1852439274975721
M1,1.3,CorrCUSUM,87,1.2656171567240682,300,0,1.3790160913774456
M1,1.3,DCC-CUSUM,87,0.1101568090040888,488,0,0.33106906837409783
M1,1.3,KCCA-logdet,87,0.7538314900575921,185,0,1.1852439274975721
M1,1.3,CorrCUSUM,88,1.2407843393657558,361,0,1.3790160913774456
M1,1.3,DCC-CUSUM,88,0.3108902103648588,365,0,0.33106906837409783
M1,1.3,KCCA-logdet,88,0.7518254539171183,519,0,1.1852439274975721
M1,1.3,CorrCUSUM,89,0.6663998247443046,67,0,1.3790160913774456
M1,1.3,DCC-CUSUM,89,6.66414217778853e-17,68,0,0.33106906837409783
M1,1.3,KCCA-logdet,89,0.6819195016040539,67,0,1.1852439274975721
M1,1.3,CorrCUSUM,90,0.6914651091821319,397,0,1.3790160913774456
M1,1.3,DCC-CUSUM,90,0.009248630289685885,398,0,0.33106906837409783
M1,1.3,KCCA-logdet,90,0.6962802970274032,64,0,1.1852439274975721
M1,1.3,CorrCUSUM,91,0.9022130007444661,384,0,1.3790160913774456
M1,1.3,DCC-CUSUM,91,0.05986275909440015,182,0,0.33106906837409783
M1,1.3,KCCA-logdet,91,0.5498173367008649,533,0,1.1852439274975721
M1,1.3,CorrCUSUM,92,1.4867129896403357,299,1,1.3790160913774456
M1,1.3,DCC-CUSUM,92,0.07926064305853858,300,0,0.33106906837409783
M1,1.3,KCCA-logdet,92,0.7179535294772692,536,0,1.1852439274975721
M1,1.3,CorrCUSUM,93,1.2708774516620704,387,0,1.3790160913774456
M1,1.3,DCC-CUSUM,93,0.028658029643973792,388,0,0.33106906837409783
M1,1.3,KCCA-logdet,93,0.7228566077707635,91,0,1.1852439274975721
M1,1.3,CorrCUSUM,94,0.8287077084493397,408,0,1.3790160913774456
M1,1.3,DCC-CUSUM,94,1.1897724610717036e-16,419,0,0.33106906837409783
M1,1.3,KCCA-logdet,94,0.6962142857535049,60,0,1.1852439274975721
M1,1.3,CorrCUSUM,95,0.8011130498376042,537,0,1.3790160913774456
M1,1.3,DCC-CUSUM,95,1.6146911971687405e-16,538,0,0.33106906837409783
M1,1.3,KCCA-logdet,95,0.6804096123857147,68,0,1.1852439274975721
M1,1.3,CorrCUSUM,96,0.8776306544552285,187,0,1.3790160913774456
M1,1.3,DCC-CUSUM,96,0.059826837281204026,188,0,0.33106906837409783
M1,1.3,KCCA-logdet,96,0.769456015898579,61,0,1.1852439274975721
M1,1.3,CorrCUSUM,97,0.5641636646065883,344,0,1.3790160913774456
M1,1.3,DCC-CUSUM,97,0.019847739194913873,362,0,0.33106906837409783
M1,1.3,KCCA-logdet,97,0.7085332483988597,71,0,1.1852439274975721
M1,1.3,CorrCUSUM,98,1.7945042692432416,435,1,1.3790160913774456
M1,1.3,DCC-CUSUM,98,0.6226543864638567,439,1,0.33106906837409783
M1,1.3,KCCA-logdet,98,0.660716904024309,60,0,1.1852439274975721
M1,1.3,CorrCUSUM,99,0.9655254081518789,175,0,1.3790160913774456
M1,1.3,DCC-CUSUM,99,0.15100458485628176,191,0,0.33106906837409783
M1,1.3,KCCA-logdet,99,0.8969948775325863,69,0,1.1852439274975721
M1,1.3,CorrCUSUM,100,1.497071451404018,415,1,1.3790160913774456
M1,1.3,DCC-CUSUM,100,0.1708889474826222,420,0,0.33106906837409783
M1,1.3,KCCA-logdet,100,0.3986837969031283,352,0,1.1852439274975721
M1,1.3,CorrCUSUM,101,0.8436800092243558,474,0,1.3790160913774456
M1,1.3,DCC-CUSUM,101,0.02997193870046846,476,0,0.33106906837409783
M1,1.3,KCCA-logdet,101,1.216072739028948,65,1,1.1852439274975721
M1,1.3,CorrCUSUM,102,0.8692117032472041,230,0,1.3790160913774456
M1,1.3,DCC-CUSUM,102,0.06122863022547671,231,0,0.33106906837409783
M1,1.3,KCCA-logdet,102,0.7239079829595354,75,0,1.1852439274975721
M1,1.3,CorrCUSUM,103,0.598959249403915,446,0,1.3790160913774456
M1,1.3,DCC-CUSUM,103,5.410631906302271e-17,365,0,0.33106906837409783
M1,1.3,KCCA-logdet,103,1.1223989704611452,62,0,1.1852439274975721
M1,1.3,CorrCUSUM,104,1.4873108425853065,423,1,1.3790160913774456
M1,1.3,DCC-CUSUM,104,0.45615311315502954,457,1,0.33106906837409783
M1,1.3,KCCA-logdet,104,0.8346890047011181,530,0,1.1852439274975721
M1,1.3,CorrCUSUM,105,0.7338598569273338,366,0,1.3790160913774456
M1,1.3,DCC-CUSUM,105,0.05158415520763252,369,0,0.33106906837409783
M1,1.3,KCCA-logdet,105,0.693845226253252,540,0,1.1852439274975721
M1,1.3,CorrCUSUM,106,1.230388670713628,515,0,1.3790160913774456
M1,1.3,DCC-CUSUM,106,0.15146922228310108,517,0,0.33106906837409783
M1,1.3,KCCA-logdet,106,0.5580377151685454,240,0,1.1852439274975721
M1,1.3,CorrCUSUM,107,0.6742302888758661,205,0,1.3790160913774456
M1,1.3,DCC-CUSUM,107,0.011441919270372908,206,0,0.33106906837409783
M1,1.3,KCCA-logdet,107,0.6357110443743914,62,0,1.1852439274975721
M1,1.3,CorrCUSUM,108,0.807470866215858,253,0,1.3790160913774456
M1,1.3,DCC-CUSUM,108,0.013829768708454789,254,0,0.33106906837409783
M1,1.3,KCCA-logdet,108,0.8977765540924724,84,0,1.1852439274975721
M1,1.3,CorrCUSUM,109,0.6243931110409341,289,0,1.3790160913774456
M1,1.3,DCC-CUSUM,109,0.03246705084807826,290,0,0.33106906837409783
M1,1.3,KCCA-logdet,109,0.9803724325333487,62,0,1.1852439274975721
M1,1.3,CorrCUSUM,110,0.9340893344296365,288,0,1.3790160913774456
M1,1.3,DCC-CUSUM,110,0.024515923142978124,288,0,0.33106906837409783
M1,1.3,KCCA-logdet,110,1.1078299244944978,60,0,1.1852439274975721
M1,1.3,CorrCUSUM,111,0.587119512804607,234,0,1.3790160913774456
M1,1.3,DCC-CUSUM,111,0.021615887672252726,235,0,0.33106906837409783
M1,1.3,KCCA-logdet,111,0.5185637828542999,284,0,1.1852439274975721
M1,1.3,CorrCUSUM,112,1.2408271030320555,400,0,1.3790160913774456
M1,1.3,DCC-CUSUM,112,0.02507057941991468,401,0,0.33106906837409783
M1,1.3,KCCA-logdet,112,0.7881457016155387,152,0,1.1852439274975721
M1,1.3,CorrCUSUM,113,0.8061577872489997,334,0,1.3790160913774456
M1,1.3,DCC-CUSUM,113,2.719479911021037e-16,530,0,0.33106906837409783
M1,1.3,KCCA-logdet,113,0.8167066371642361,532,0,1.1852439274975721
M1,1.3,CorrCUSUM,114,0.6756494073594613,91,0,1.3790160913774456
M1,1.3,DCC-CUSUM,114,0.03719915388425931,373,0,0.33106906837409783
M1,1.3,KCCA-logdet,114,0.5272882774162975,105,0,1.1852439274975721
M1,1.3,CorrCUSUM,115,1.1128744068584726,324,0,1.3790160913774456
M1,1.3,DCC-CUSUM,115,0.03862798907064668,331,0,0.33106906837409783
M1,1.3,KCCA-logdet,115,1.064581612228883,61,0,1.1852439274975721
M1,1.3,CorrCUSUM,116,0.8295888186868247,148,0,1.3790160913774456
M1,1.3,DCC-CUSUM,116,0.05343697924292059,149,0,0.33106906837409783
M1,1.3,KCCA-logdet,116,0.7903921587970864,64,0,1.1852439274975721
M1,1.3,CorrCUSUM,117,0.6990115147697403,114,0,1.3790160913774456
M1,1.3,DCC-CUSUM,117,5.042369001684839e-17,252,0,0.33106906837409783
M1,1.3,KCCA-logdet,117,0.8502156513020214,64,0,1.1852439274975721
M1,1.3,CorrCUSUM,118,0.8356219231397697,355,0,1.3790160913774456
M1,1.3,DCC-CUSUM,118,0.03481461479166426,356,0,0.33106906837409783
M1,1.3,KCCA-logdet,118,0.5574554920220868,100,0,1.1852439274975721
M1,1.3,CorrCUSUM,119,2.3521152970784547,236,1,1.3790160913774456
M1,1.3,DCC-CUSUM,119,0.10237726537825687,356,0,0.33106906837409783
M1,1.3,KCCA-logdet,119,1.707760908499282,67,1,1.1852439274975721
M1,1.3,CorrCUSUM,120,0.5712373416099428,497,0,1.3790160913774456
M1,1.3,DCC-CUSUM,120,7.46440579743795e-17,498,0,0.33106906837409783
M1,1.3,KCCA-logdet,120,0.6764382098365644,111,0,1.1852439274975721
M1,1.3,CorrCUSUM,121,1.0735691132643745,445,0,1.3790160913774456
M1,1.3,DCC-CUSUM,121,0.12345888785333375,489,0,0.33106906837409783
M1,1.3,KCCA-logdet,121,1.2530356768344733,60,1,1.1852439274975721
M1,1.3,CorrCUSUM,122,0.8534695525933076,454,0,1.3790160913774456
M1,1.3,DCC-CUSUM,122,6.713716030333184e-17,455,0,0.33106906837409783
M1,1.3,KCCA-logdet,122,0.6778715840729785,61,0,1.1852439274975721
M1,1.3,CorrCUSUM,123,0.9051116171400956,237,0,1.3790160913774456
M1,1.3,DCC-CUSUM,123,1.781825900033575e-16,452,0,0.33106906837409783
M1,1.3,KCCA-logdet,123,0.41049005067223504,512,0,1.1852439274975721
M1,1.3,CorrCUSUM,124,1.1887997922581075,117,0,1.3790160913774456
M1,1.3,DCC-CUSUM,124,0.4651067048991905,161,1,0.33106906837409783
M1,1.3,KCCA-logdet,124,0.6964198335247226,107,0,1.1852439274975721
M1,1.3,CorrCUSUM,125,1.0468142020511928,463,0,1.3790160913774456
M1,1.3,DCC-CUSUM,125,1.252093875699269e-16,464,0,0.33106906837409783
M1,1.3,KCCA-logdet,125,0.5838194650681573,523,0,1.1852439274975721
M1,1.3,CorrCUSUM,126,0.7177447913892985,332,0,1.3790160913774456
M1,1.3,DCC-CUSUM,126,1.1472805874619998e-16,434,0,0.33106906837409783
M1,1.3,KCCA-logdet,126,0.47130180969016017,97,0,1.1852439274975721
M1,1.3,CorrCUSUM,127,0.9745750346760294,453,0,1.3790160913774456
M1,1.3,DCC-CUSUM,127,0.2064598048298257,482,0,0.33106906837409783
M1,1.3,KCCA-logdet,127,0.5860115112248895,533,0,1.1852439274975721
M1,1.3,CorrCUSUM,128,0.690440876383932,356,0,1.3790160913774456
M1,1.3,DCC-CUSUM,128,0.07207471216277288,358,0,0.33106906837409783
M1,1.3,KCCA-logdet,128,0.9184646361692892,78,0,1.1852439274975721
M1,1.3,CorrCUSUM,129,1.292407278849747,416,0,1.3790160913774456
M1,1.3,DCC-CUSUM,129,0.15027541714357512,421,0,0.33106906837409783
M1,1.3,KCCA-logdet,129,0.7394627279620725,60,0,1.1852439274975721
M1,1.3,CorrCUSUM,130,1.4426539602230144,333,1,1.3790160913774456
M1,1.3,DCC-CUSUM,130,0.3692597985799018,414,1,0.33106906837409783
M1,1.3,KCCA-logdet,130,0.8248038958620248,94,0,1.1852439274975721
M1,1.3,CorrCUSUM,131,1.2890794319103545,326,0,1.3790160913774456
M1,1.3,DCC-CUSUM,131,0.041272834813615995,327,0,0.33106906837409783
M1,1.3,KCCA-logdet,131,0.7252274005852081,540,0,1.1852439274975721
M1,1.3,CorrCUSUM,132,0.6875739688366789,300,0,1.3790160913774456
M1,1.3,DCC-CUSUM,132,5.5097796113915793e-17,85,0,0.33106906837409783
M1,1.3,KCCA-logdet,132,1.4706736202899557,60,1,1.1852439274975721
M1,1.3,CorrCUSUM,133,0.8542698406780087,463,0,1.3790160913774456
M1,1.3,DCC-CUSUM,133,0.023445805777324795,464,0,0.33106906837409783
M1,1.3,KCCA-logdet,133,0.9677064365292868,63,0,1.1852439274975721
M1,1.3,CorrCUSUM,134,1.0587594408498726,417,0,1.3790160913774456
M1,1.3,DCC-CUSUM,134,1.4220613701380839e-16,417,0,0.33106906837409783
M1,1.3,KCCA-logdet,134,1.0637418861855528,73,0,1.1852439274975721
M1,1.3,CorrCUSUM,135,0.42521066275170377,455,0,1.3790160913774456
M1,1.3,DCC-CUSUM,135,9.447359899224123e-17,540,0,0.33106906837409783
M1,1.3,KCCA-logdet,135,0.7342576325168915,61,0,1.1852439274975721
M1,1.3,CorrCUSUM,136,1.2838540559430383,209,0,1.3790160913774456
M1,1.3,DCC-CUSUM,136,0.22357329956120758,255,0,0.33106906837409783
M1,1.3,KCCA-logdet,136,0.6663702441311296,539,0,1.1852439274975721
M1,1.3,CorrCUSUM,137,1.1449209923867512,224,0,1.3790160913774456
M1,1.3,DCC-CUSUM,137,0.018502761463173534,225,0,0.33106906837409783
M1,1.3,KCCA-logdet,137,0.831361877152077,123,0,1.1852439274975721
M1,1.3,CorrCUSUM,138,0.5988717466990586,137,0,1.3790160913774456
M1,1.3,DCC-CUSUM,138,0.049947420533386556,141,0,0.33106906837409783
M1,1.3,KCCA-logdet,138,0.9785305788272103,68,0,1.1852439274975721
M1,1.3,CorrCUSUM,139,1.1920896242857688,314,0,1.3790160913774456
M1,1.3,DCC-CUSUM,139,1.0537984655206517e-16,315,0,0.33106906837409783
M1,1.3,KCCA-logdet,139,0.9923044328473801,116,0,1.1852439274975721
M1,1.3,CorrCUSUM,140,0.7362190031401621,260,0,1.3790160913774456
M1,1.3,DCC-CUSUM,140,0.003501301703944198,262,0,0.33106906837409783
M1,1.3,KCCA-logdet,140,0.5793619058504098,61,0,1.1852439274975721
M1,1.3,CorrCUSUM,141,1.1646652864782834,445,0,1.3790160913774456
M1,1.3,DCC-CUSUM,141,0.10874026082052993,446,0,0.33106906837409783
M1,1.3,KCCA-logdet,141,0.7105854412237191,539,0,1.1852439274975721
M1,1.3,CorrCUSUM,142,0.9950336380784477,187,0,1.3790160913774456
M1,1.3,DCC-CUSUM,142,0.19032233671732565,195,0,0.33106906837409783
M1,1.3,KCCA-logdet,142,0.5860238338660002,94,0,1.1852439274975721
M1,1.3,CorrCUSUM,143,1.0142828513112523,372,0,1.3790160913774456
M1,1.3,DCC-CUSUM,143,0.017788974461338224,373,0,0.33106906837409783
M1,1.3,KCCA-logdet,143,0.8953245603629685,62,0,1.1852439274975721
M1,1.3,CorrCUSUM,144,1.3751392250812862,267,0,1.3790160913774456
M1,1.3,DCC-CUSUM,144,0.02974176545978325,268,0,0.33106906837409783
M1,1.3,KCCA-logdet,144,1.0462557154843677,61,0,1.1852439274975721
M1,1.3,CorrCUSUM,145,0.9425092995777141,116,0,1.3790160913774456
M1,1.3,DCC-CUSUM,145,0.037497947633240825,498,0,0.33106906837409783
M1,1.3,KCCA-logdet,145,0.8515157640470757,77,0,1.1852439274975721
M1,1.3,CorrCUSUM,146,1.025808567014707,348,0,1.3790160913774456
M1,1.3,DCC-CUSUM,146,1.2450118967643185e-16,349,0,0.33106906837409783
M1,1.3,KCCA-logdet,146,1.0998374954759884,63,0,1.1852439274975721
M1,1.3,CorrCUSUM,147,0.7490026079991219,448,0,1.3790160913774456
M1,1.3,DCC-CUSUM,147,0.007900738002049108,449,0,0.33106906837409783
M1,1.3,KCCA-logdet,147,0.600450463399397,517,0,1.1852439274975721
M1,1.3,CorrCUSUM,148,1.3329955896447594,304,0,1.3790160913774456
M1,1.3,DCC-CUSUM,148,0.021913662726050182,305,0,0.33106906837409783
M1,1.3,KCCA-logdet,148,0.8817945984714503,76,0,1.1852439274975721
M1,1.3,CorrCUSUM,149,0.7712583704180833,136,0,1.3790160913774456
M1,1.3,DCC-CUSUM,149,7.945980365014591e-17,137,0,0.33106906837409783
M1,1.3,KCCA-logdet,149,0.9163367057802139,61,0,1.1852439274975721
M1,1.3,CorrCUSUM,150,1.0145322507649603,148,0,1.3790160913774456
M1,1.3,DCC-CUSUM,150,1.3115824987528542e-16,444,0,0.33106906837409783
M1,1.3,KCCA-logdet,150,0.7165337215453229,60,0,1.1852439274975721
M1,1.3,CorrCUSUM,151,1.1250605547247792,413,0,1.3790160913774456
M1,1.3,DCC-CUSUM,151,0.14467834341241453,414,0,0.33106906837409783
M1,1.3,KCCA-logdet,151,0.8643675711537088,71,0,1.1852439274975721
M1,1.3,CorrCUSUM,152,1.14333464594242,244,0,1.3790160913774456
M1,1.3,DCC-CUSUM,152,9.461523857094024e-17,511,0,0.33106906837409783
M1,1.3,KCCA-logdet,152,0.8582832561460567,63,0,1.1852439274975721
M1,1.3,CorrCUSUM,153,0.8114073641251532,297,0,1.3790160913774456
M1,1.3,DCC-CUSUM,153,0.018411908727801466,298,0,0.33106906837409783
M1,1.3,KCCA-logdet,153,0.7122245839493708,537,0,1.1852439274975721
M1,1.3,CorrCUSUM,154,1.2570941832990181,240,0,1.3790160913774456
M1,1.3,DCC-CUSUM,154,0.03586664607619345,237,0,0.33106906837409783
M1,1.3,KCCA-logdet,154,0.75667332794216,60,0,1.1852439274975721
M1,1.3,CorrCUSUM,155,1.0509788131197706,377,0,1.3790160913774456
M1,1.3,DCC-CUSUM,155,0.18293233981393292,226,0,0.33106906837409783
M1,1.3,KCCA-logdet,155,0.9814560162955515,61,0,1.1852439274975721
M1,1.3,CorrCUSUM,156,0.852314706372598,250,0,1.3790160913774456
M1,1.3,DCC-CUSUM,156,0.025401977116106405,255,0,0.33106906837409783
M1,1.3,KCCA-logdet,156,0.586340887680099,87,0,1.1852439274975721
M1,1.3,CorrCUSUM,157,0.8822231066564487,421,0,1.3790160913774456
M1,1.3,DCC-CUSUM,157,0.04064766917550106,422,0,0.33106906837409783
M1,1.3,KCCA-logdet,157,0.6073357544365079,102,0,1.1852439274975721
M1,1.3,CorrCUSUM,158,0.9752166704792496,294,0,1.3790160913774456
M1,1.3,DCC-CUSUM,158,0.094510103267277,301,0,0.33106906837409783
M1,1.3,KCCA-logdet,158,0.7731265622971184,78,0,1.1852439274975721
M1,1.3,CorrCUSUM,159,0.8604762046428859,516,0,1.3790160913774456
M1,1.3,DCC-CUSUM,159,0.047244552564291914,518,0,0.33106906837409783
M1,1.3,KCCA-logdet,159,0.5933429137154269,532,0,1.1852439274975721
M1,1.3,CorrCUSUM,160,0.7624914412104891,467,0,1.3790160913774456
M1,1.3,DCC-CUSUM,160,0.04574294225339869,442,0,0.33106906837409783
M1,1.3,KCCA-logdet,160,0.8285086653814601,60,0,1.1852439274975721
M1,1.3,CorrCUSUM,161,0.8708940960303211,127,0,1.3790160913774456
M1,1.3,DCC-CUSUM,161,0.1770290701117166,158,0,0.33106906837409783
M1,1.3,KCCA-logdet,161,0.6607140009385396,63,0,1.1852439274975721
M1,1.3,CorrCUSUM,162,0.822673219754333,531,0,1.3790160913774456
M1,1.3,DCC-CUSUM,162,0.05282703832988233,532,0,0.33106906837409783
M1,1.3,KCCA-logdet,162,1.0448004411696017,66,0,1.1852439274975721
M1,1.3,CorrCUSUM,163,0.8532939452465715,397,0,1.3790160913774456
M1,1.3,DCC-CUSUM,163,6.855355609032197e-17,197,0,0.33106906837409783
M1,1.3,KCCA-logdet,163,0.6426950936066812,104,0,1.1852439274975721
M1,1.3,CorrCUSUM,164,0.7572839498013322,94,0,1.3790160913774456
M1,1.3,DCC-CUSUM,164,0.014342233535913282,96,0,0.33106906837409783
M1,1.3,KCCA-logdet,164,1.1601587238111997,69,0,1.1852439274975721
M1,1.3,CorrCUSUM,165,1.139946640986567,383,0,1.3790160913774456
M1,1.3,DCC-CUSUM,165,0.13271547688923985,405,0,0.33106906837409783
M1,1.3,KCCA-logdet,165,1.0531564669363123,64,0,1.1852439274975721
M1,1.3,CorrCUSUM,166,0.5919800942431951,108,0,1.3790160913774456
M1,1.3,DCC-CUSUM,166,0.014611775756749617,122,0,0.33106906837409783
M1,1.3,KCCA-logdet,166,0.75025900060283,95,0,1.1852439274975721
M1,1.3,CorrCUSUM,167,1.246250415324983,369,0,1.3790160913774456
M1,1.3,DCC-CUSUM,167,0.0,60,0,0.33106906837409783
M1,1.3,KCCA-logdet,167,0.797661284350415,72,0,1.1852439274975721
M1,1.3,CorrCUSUM,168,0.44490293527137925,80,0,1.3790160913774456
M1,1.3,DCC-CUSUM,168,0.009347331242835244,81,0,0.33106906837409783
M1,1.3,KCCA-logdet,168,0.6134506348823376,72,0,1.1852439274975721
M1,1.3,CorrCUSUM,169,1.468397339396458,285,1,1.3790160913774456
M1,1.3,DCC-CUSUM,169,0.28070148266650385,288,0,0.33106906837409783
M1,1.3,KCCA-logdet,169,0.7225584235078781,540,0,1.1852439274975721
M1,1.3,CorrCUSUM,170,0.5962025278011673,513,0,1.3790160913774456
M1,1.3,DCC-CUSUM,170,7.846832659925283e-17,514,0,0.33106906837409783
M1,1.3,KCCA-logdet,170,0.5760373804591943,74,0,1.1852439274975721
M1,1.3,CorrCUSUM,171,0.504943525278291,504,0,1.3790160913774456
M1,1.3,DCC-CUSUM,171,0.013145249180593264,273,0,0.33106906837409783
M1,1.3,KCCA-logdet,171,0.6046634165219665,529,0,1.1852439274975721
M1,1.3,CorrCUSUM,172,0.8683489870431664,127,0,1.3790160913774456
M1,1.3,DCC-CUSUM,172,0.03919190322124344,166,0,0.33106906837409783
M1,1.3,KCCA-logdet,172,1.270410824345781,63,1,1.1852439274975721
M1,1.3,CorrCUSUM,173,0.6174676998406443,137,0,1.3790160913774456
M1,1.3,DCC-CUSUM,173,9.631491351532838e-17,497,0,0.33106906837409783
M1,1.3,KCCA-logdet,173,0.8114526274827327,278,0,1.1852439274975721
M1,1.3,CorrCUSUM,174,0.5241632052263343,492,0,1.3790160913774456
M1,1.3,DCC-CUSUM,174,0.019288744782206216,494,0,0.33106906837409783
M1,1.3,KCCA-logdet,174,0.9791908020551121,97,0,1.1852439274975721
M1,1.3,CorrCUSUM,175,0.7705864363972892,367,0,1.3790160913774456
M1,1.3,DCC-CUSUM,175,5.920534389618716e-17,533,0,0.33106906837409783
M1,1.3,KCCA-logdet,175,0.4680500763481095,540,0,1.1852439274975721
M1,1.3,CorrCUSUM,176,0.8721261459377427,372,0,1.3790160913774456
M1,1.3,DCC-CUSUM,176,0.011918488370297749,376,0,0.33106906837409783
M1,1.3,KCCA-logdet,176,0.7878619518703426,109,0,1.1852439274975721
M1,1.3,CorrCUSUM,177,0.8209161783262037,302,0,1.3790160913774456
M1,1.3,DCC-CUSUM,177,0.0,60,0,0.33106906837409783
M1,1.3,KCCA-logdet,177,0.8489861986973198,187,0,1.1852439274975721
M1,1.3,CorrCUSUM,178,2.3134670451838484,277,1,1.3790160913774456
M1,1.3,DCC-CUSUM,178,0.8893584906448965,293,1,0.33106906837409783
M1,1.3,KCCA-logdet,178,0.5412104736357466,523,0,1.1852439274975721
M1,1.3,CorrCUSUM,179,1.1607104681156402,404,0,1.3790160913774456
M1,1.3,DCC-CUSUM,179,0.041650676885714895,405,0,0.33106906837409783
M1,1.3,KCCA-logdet,179,1.0373604258320834,62,0,1.1852439274975721
M1,1.3,CorrCUSUM,180,1.0360070918142492,337,0,1.3790160913774456
M1,1.3,DCC-CUSUM,180,0.10135465730131069,339,0,0.33106906837409783
M1,1.3,KCCA-logdet,180,1.5752537173321908,67,1,1.1852439274975721
M1,1.3,CorrCUSUM,181,0.6077876408067189,242,0,1.3790160913774456
M1,1.3,DCC-CUSUM,181,6.487092704414764e-17,464,0,0.33106906837409783
M1,1.3,KCCA-logdet,181,0.7971155537730086,540,0,1.1852439274975721
M1,1.3,CorrCUSUM,182,0.724816271365999,306,0,1.3790160913774456
M1,1.3,DCC-CUSUM,182,3.8242686248733327e-17,540,0,0.33106906837409783
M1,1.3,KCCA-logdet,182,0.6194118298577769,65,0,1.1852439274975721
M1,1.3,CorrCUSUM,183,0.6805007471959128,297,0,1.3790160913774456
M1,1.3,DCC-CUSUM,183,0.028603645120600856,298,0,0.33106906837409783
M1,1.3,KCCA-logdet,183,0.5988513417078398,521,0,1.1852439274975721
M1,1.3,CorrCUSUM,184,0.4920169425137684,119,0,1.3790160913774456
M1,1.3,DCC-CUSUM,184,9.845367115368348e-16,120,0,0.33106906837409783
M1,1.3,KCCA-logdet,184,0.9234149972342023,119,0,1.1852439274975721
M1,1.3,CorrCUSUM,185,0.646652074805916,480,0,1.3790160913774456
M1,1.3,DCC-CUSUM,185,4.858237549376123e-17,321,0,0.33106906837409783
M1,1.3,KCCA-logdet,185,0.6832871709329859,68,0,1.1852439274975721
M1,1.3,CorrCUSUM,186,0.7351471468374402,494,0,1.3790160913774456
M1,1.3,DCC-CUSUM,186,0.010012533958115022,243,0,0.33106906837409783
M1,1.3,KCCA-logdet,186,0.7212941680088577,80,0,1.1852439274975721
M1,1.3,CorrCUSUM,187,0.9902651302188827,333,0,1.3790160913774456
M1,1.3,DCC-CUSUM,187,1.0987690317575881e-16,334,0,0.33106906837409783
M1,1.3,KCCA-logdet,187,0.5754226280106018,535,0,1.1852439274975721
M1,1.3,CorrCUSUM,188,1.1030860041784907,282,0,1.3790160913774456
M1,1.3,DCC-CUSUM,188,1.1756085032018023e-16,495,0,0.33106906837409783
M1,1.3,KCCA-logdet,188,0.8229020545917841,61,0,1.1852439274975721
M1,1.3,CorrCUSUM,189,0.8120464150041729,337,0,1.3790160913774456
M1,1.3,DCC-CUSUM,189,0.07403149829048447,394,0,0.33106906837409783
M1,1.3,KCCA-logdet,189,0.866105197096555,107,0,1.1852439274975721
M1,1.3,CorrCUSUM,190,1.3674572576819097,208,0,1.3790160913774456
M1,1.3,DCC-CUSUM,190,0.09409308813456031,174,0,0.33106906837409783
M1,1.3,KCCA-logdet,190,0.8527349905466443,70,0,1.1852439274975721
M1,1.3,CorrCUSUM,191,0.7263475685608172,315,0,1.3790160913774456
M1,1.3,DCC-CUSUM,191,0.02266435191013653,316,0,0.33106906837409783
M1,1.3,KCCA-logdet,191,0.7595841714272332,540,0,1.1852439274975721
M1,1.3,CorrCUSUM,192,0.6794915678302236,190,0,1.3790160913774456
M1,1.3,DCC-CUSUM,192,0.007880134030331139,192,0,0.33106906837409783
M1,1.3,KCCA-logdet,192,0.5804322608340392,309,0,1.1852439274975721
M1,1.3,CorrCUSUM,193,1.320041082383278,327,0,1.3790160913774456
M1,1.3,DCC-CUSUM,193,0.07822881065109573,360,0,0.33106906837409783
M1,1.3,KCCA-logdet,193,1.5214119568549511,68,1,1.1852439274975721
M1,1.3,CorrCUSUM,194,1.0337031088478517,312,0,1.3790160913774456
M1,1.3,DCC-CUSUM,194,0.036736202199669825,200,0,0.33106906837409783
M1,1.3,KCCA-logdet,194,0.6270461978908733,243,0,1.1852439274975721
M1,1.3,CorrCUSUM,195,0.9543742272264263,497,0,1.3790160913774456
M1,1.3,DCC-CUSUM,195,6.31712520997595e-17,144,0,0.33106906837409783
M1,1.3,KCCA-logdet,195,0.8124143587184058,78,0,1.1852439274975721
M1,1.3,CorrCUSUM,196,0.7528914570972555,135,0,1.3790160913774456
M1,1.3,DCC-CUSUM,196,0.06820598049699302,137,0,0.33106906837409783
M1,1.3,KCCA-logdet,196,0.7330405131645794,80,0,1.1852439274975721
M1,1.3,CorrCUSUM,197,1.045913173159619,302,0,1.3790160913774456
M1,1.3,DCC-CUSUM,197,0.052905980821286315,303,0,0.33106906837409783
M1,1.3,KCCA-logdet,197,0.608420498650404,82,0,1.1852439274975721
M1,1.3,CorrCUSUM,198,0.9939521433139109,366,0,1.3790160913774456
M1,1.3,DCC-CUSUM,198,9.489851772833826e-17,367,0,0.33106906837409783
M1,1.3,KCCA-logdet,198,0.7095040338404301,60,0,1.1852439274975721
M1,1.3,CorrCUSUM,199,0.8448292891815259,191,0,1.3790160913774456
M1,1.3,DCC-CUSUM,199,7.882242554600036e-17,192,0,0.33106906837409783
M1,1.3,KCCA-logdet,199,1.588588525637842,61,1,1.1852439274975721
M1,1.6,CorrCUSUM,0,1.520809805698162,316,1,1.3790160913774456
M1,1.6,DCC-CUSUM,0,0.33458418920737903,325,1,0.33106906837409783
M1,1.6,KCCA-logdet,0,1.3483381692773881,60,1,1.1852439274975721
M1,1.6,CorrCUSUM,1,1.7347664064282717,332,1,1.3790160913774456
M1,1.6,DCC-CUSUM,1,0.14215316995572488,370,0,0.33106906837409783
M1,1.6,KCCA-logdet,1,1.3189319646988162,63,1,1.1852439274975721
M1,1.6,CorrCUSUM,2,0.7800700832029354,155,0,1.3790160913774456
M1,1.6,DCC-CUSUM,2,0.022521350354714878,161,0,0.33106906837409783
M1,1.6,KCCA-logdet,2,0.9060026801227612,540,0,1.1852439274975721
M1,1.6,CorrCUSUM,3,0.8143742072969677,66,0,1.3790160913774456
M1,1.6,DCC-CUSUM,3,0.07780021660230713,190,0,0.33106906837409783
M1,1.6,KCCA-logdet,3,0.5723004714849487,64,0,1.1852439274975721
M1,1.6,CorrCUSUM,4,1.4048446431916464,366,1,1.3790160913774456
M1,1.6,DCC-CUSUM,4,1.3792153975816325e-16,367,0,0.33106906837409783
M1,1.6,KCCA-logdet,4,0.7606363737854274,122,0,1.1852439274975721
M1,1.6,CorrCUSUM,5,0.9102276943160267,397,0,1.3790160913774456
M1,1.6,DCC-CUSUM,5,0.117324788913563,398,0,0.33106906837409783
M1,1.6,KCCA-logdet,5,0.7384183508035416,117,0,1.1852439274975721
M1,1.6,CorrCUSUM,6,1.883228346978183,362,1,1.3790160913774456
M1,1.6,DCC-CUSUM,6,0.5401920560012485,386,1,0.33106906837409783
M1,1.6,KCCA-logdet,6,0.9293918774660263,89,0,1.1852439274975721
M1,1.6,CorrCUSUM,7,0.8021405687862165,442,0,1.3790160913774456
M1,1.6,DCC-CUSUM,7,0.01006491288512536,470,0,0.33106906837409783
M1,1.6,KCCA-logdet,7,0.9104618884066588,69,0,1.1852439274975721
M1,1.6,CorrCUSUM,8,1.0116910315259229,460,0,1.3790160913774456
M1,1.6,DCC-CUSUM,8,0.05099340657688355,501,0,0.33106906837409783
M1,1.6,KCCA-logdet,8,1.0410750910121616,537,0,1.1852439274975721
M1,1.6,CorrCUSUM,9,1.0319177998141178,511,0,1.3790160913774456
M1,1.6,DCC-CUSUM,9,0.05779144781026998,520,0,0.33106906837409783
M1,1.6,KCCA-logdet,9,1.107842781636374,89,0,1.1852439274975721
M1,1.6,CorrCUSUM,10,1.2241256178397382,470,0,1.3790160913774456
M1,1.6,DCC-CUSUM,10,0.05347420011608309,472,0,0.33106906837409783
M1,1.6,KCCA-logdet,10,0.9501863536405036,76,0,1.1852439274975721
M1,1.6,CorrCUSUM,11,2.055524296113556,336,1,1.3790160913774456
M1,1.6,DCC-CUSUM,11,0.1638042605699658,337,0,0.33106906837409783
M1,1.6,KCCA-logdet,11,1.1648398861569125,476,0,1.1852439274975721
M1,1.6,CorrCUSUM,12,0.5543402733303088,379,0,1.3790160913774456
M1,1.6,DCC-CUSUM,12,0.0024946333745311387,319,0,0.33106906837409783
M1,1.6,KCCA-logdet,12,0.7663825003905286,67,0,1.1852439274975721
M1,1.6,CorrCUSUM,13,0.997184014546726,369,0,1.3790160913774456
M1,1.6,DCC-CUSUM,13,8.83122773188342e-17,370,0,0.33106906837409783
M1,1.6,KCCA-logdet,13,0.9250586715732078,94,0,1.1852439274975721
M1,1.6,CorrCUSUM,14,0.9735350550959302,465,0,1.3790160913774456
M1,1.6,DCC-CUSUM,14,8.557686295520951e-17,466,0,0.33106906837409783
M1,1.6,KCCA-logdet,14,0.9734862536459263,74,0,1.1852439274975721
M1,1.6,CorrCUSUM,15,0.7607550244508042,478,0,1.3790160913774456
M1,1.6,DCC-CUSUM,15,0.01070385906580978,207,0,0.33106906837409783
M1,1.6,KCCA-logdet,15,0.8115947898643303,62,0,1.1852439274975721
M1,1.6,CorrCUSUM,16,0.5751794623070998,528,0,1.3790160913774456
M1,1.6,DCC-CUSUM,16,0.001344466273645388,529,0,0.33106906837409783
M1,1.6,KCCA-logdet,16,0.7387232342207869,531,0,1.1852439274975721
M1,1.6,CorrCUSUM,17,0.9091925865079622,258,0,1.3790160913774456
M1,1.6,DCC-CUSUM,17,0.05693803826784553,261,0,0.33106906837409783
M1,1.6,KCCA-logdet,17,1.6120112920332093,60,1,1.1852439274975721
M1,1.6,CorrCUSUM,18,1.14054458545591,480,0,1.3790160913774456
M1,1.6,DCC-CUSUM,18,2.2379053434443947e-17,481,0,0.33106906837409783
M1,1.6,KCCA-logdet,18,0.8186750387090749,111,0,1.1852439274975721
M1,1.6,CorrCUSUM,19,0.8462558443572331,162,0,1.3790160913774456
M1,1.6,DCC-CUSUM,19,1.0247623518873542e-16,391,0,0.33106906837409783
M1,1.6,KCCA-logdet,19,0.9620385304992699,63,0,1.1852439274975721
M1,1.6,CorrCUSUM,20,1.4200545068213835,429,1,1.3790160913774456
M1,1.6,DCC-CUSUM,20,0.2577698410107743,519,0,0.33106906837409783
M1,1.6,KCCA-logdet,20,0.898260879953366,141,0,1.1852439274975721
M1,1.6,CorrCUSUM,21,1.1339259824512795,307,0,1.3790160913774456
M1,1.6,DCC-CUSUM,21,0.008940456363715233,251,0,0.33106906837409783
M1,1.6,KCCA-logdet,21,0.765362955494817,60,0,1.1852439274975721
M1,1.6,CorrCUSUM,22,0.8400633899980954,441,0,1.3790160913774456
M1,1.6,DCC-CUSUM,22,0.013120535376723568,442,0,0.33106906837409783
M1,1.6,KCCA-logdet,22,0.835766889510706,538,0,1.1852439274975721
M1,1.6,CorrCUSUM,23,0.8601344972684652,455,0,1.3790160913774456
M1,1.6,DCC-CUSUM,23,7.853914638860234e-17,456,0,0.33106906837409783
M1,1.6,KCCA-logdet,23,0.89875861703531,60,0,1.1852439274975721
M1,1.6,CorrCUSUM,24,1.2261823429717025,430,0,1.3790160913774456
M1,1.6,DCC-CUSUM,24,2.3384694443206937e-15,441,0,0.33106906837409783
M1,1.6,KCCA-logdet,24,1.0330386446481126,171,0,1.1852439274975721
M1,1.6,CorrCUSUM,25,1.4265295385004961,445,1,1.3790160913774456
M1,1.6,DCC-CUSUM,25,0.1744083915280759,449,0,0.33106906837409783
M1,1.6,KCCA-logdet,25,1.2670652790759105,192,1,1.1852439274975721
M1,1.6,CorrCUSUM,26,0.7585925505294897,192,0,1.3790160913774456
M1,1.6,DCC-CUSUM,26,0.013725660255200224,193,0,0.33106906837409783
M1,1.6,KCCA-logdet,26,1.2797197423757876,60,1,1.1852439274975721
M1,1.6,CorrCUSUM,27,0.6357553607276951,203,0,1.3790160913774456
M1,1.6,DCC-CUSUM,27,1.1104542970002567e-16,520,0,0.33106906837409783
M1,1.6,KCCA-logdet,27,0.968487394820206,538,0,1.1852439274975721
M1,1.6,CorrCUSUM,28,1.612195251939436,435,1,1.3790160913774456
M1,1.6,DCC-CUSUM,28,0.09576260976156263,436,0,0.33106906837409783
M1,1.6,KCCA-logdet,28,1.2584777936787666,101,1,1.1852439274975721
M1,1.6,CorrCUSUM,29,1.7320948357669346,359,1,1.3790160913774456
M1,1.6,DCC-CUSUM,29,0.15391906894117624,363,0,0.33106906837409783
M1,1.6,KCCA-logdet,29,1.002185787195824,64,0,1.1852439274975721
M1,1.6,CorrCUSUM,30,1.4987545489349754,167,1,1.3790160913774456
M1,1.6,DCC-CUSUM,30,0.04165112474948705,168,0,0.33106906837409783
M1,1.6,KCCA-logdet,30,1.1058143525607491,111,0,1.1852439274975721
M1,1.6,CorrCUSUM,31,1.1260523558013555,392,0,1.3790160913774456
M1,1.6,DCC-CUSUM,31,1.0396345076507505e-16,393,0,0.33106906837409783
M1,1.6,KCCA-logdet,31,0.847046491771596,84,0,1.1852439274975721
M1,1.6,CorrCUSUM,32,1.0908757333678982,317,0,1.3790160913774456
M1,1.6,DCC-CUSUM,32,0.1359296602728068,362,0,0.33106906837409783
M1,1.6,KCCA-logdet,32,1.0992301681504197,63,0,1.1852439274975721
M1,1.6,CorrCUSUM,33,0.9914320244069535,131,0,1.3790160913774456
M1,1.6,DCC-CUSUM,33,0.06166626435688881,139,0,0.33106906837409783
M1,1.6,KCCA-logdet,33,0.9331276921882561,122,0,1.1852439274975721
M1,1.6,CorrCUSUM,34,0.9435368928733433,184,0,1.3790160913774456
M1,1.6,DCC-CUSUM,34,8.937457415907678e-17,185,0,0.33106906837409783
M1,1.6,KCCA-logdet,34,1.0723391895225156,60,0,1.1852439274975721
M1,1.6,CorrCUSUM,35,0.7463788132157602,331,0,1.3790160913774456
M1,1.6,DCC-CUSUM,35,0.07157023785745327,222,0,0.33106906837409783
M1,1.6,KCCA-logdet,35,1.0941544017049858,68,0,1.1852439274975721
M1,1.6,CorrCUSUM,36,1.7172124916720317,218,1,1.3790160913774456
M1,1.6,DCC-CUSUM,36,0.17741412877911356,219,0,0.33106906837409783
M1,1.6,KCCA-logdet,36,1.147512734471308,79,0,1.1852439274975721
M1,1.6,CorrCUSUM,37,1.29682203716947,237,0,1.3790160913774456
M1,1.6,DCC-CUSUM,37,1.356907163936538e-16,238,0,0.33106906837409783
M1,1.6,KCCA-logdet,37,1.0142912761258318,101,0,1.1852439274975721
M1,1.6,CorrCUSUM,38,0.8068311562755078,228,0,1.3790160913774456
M1,1.6,DCC-CUSUM,38,0.07578598668067593,278,0,0.33106906837409783
M1,1.6,KCCA-logdet,38,0.7485238976778992,193,0,1.1852439274975721
M1,1.6,CorrCUSUM,39,1.342127299039743,275,0,1.3790160913774456
M1,1.6,DCC-CUSUM,39,1.2237659599594666e-16,276,0,0.33106906837409783
M1,1.6,KCCA-logdet,39,1.0238776054718024,85,0,1.1852439274975721
M1,1.6,CorrCUSUM,40,0.7413869347098979,232,0,1.3790160913774456
M1,1.6,DCC-CUSUM,40,0.1069090365389505,236,0,0.33106906837409783
M1,1.6,KCCA-logdet,40,1.046105335323449,524,0,1.1852439274975721
M1,1.6,CorrCUSUM,41,1.5331731193334548,297,1,1.3790160913774456
M1,1.6,DCC-CUSUM,41,0.3330389305130025,301,1,0.33106906837409783
M1,1.6,KCCA-logdet,41,0.8188261481477214,64,0,1.1852439274975721
M1,1.6,CorrCUSUM,42,1.2028712904238703,258,0,1.3790160913774456
M1,1.6,DCC-CUSUM,42,0.11164852817993587,262,0,0.33106906837409783
M1,1.6,KCCA-logdet,42,1.7245887558588655,62,1,1.1852439274975721
M1,1.6,CorrCUSUM,43,1.159046508541571,411,0,1.3790160913774456
M1,1.6,DCC-CUSUM,43,5.594763358610987e-16,412,0,0.33106906837409783
M1,1.6,KCCA-logdet,43,0.635639614011225,114,0,1.1852439274975721
M1,1.6,CorrCUSUM,44,1.2668537325657419,248,0,1.3790160913774456
M1,1.6,DCC-CUSUM,44,0.13904798777179134,250,0,0.33106906837409783
M1,1.6,KCCA-logdet,44,0.6655024038239004,105,0,1.1852439274975721
M1,1.6,CorrCUSUM,45,1.7612524856520537,298,1,1.3790160913774456
M1,1.6,DCC-CUSUM,45,6.996995187731209e-16,299,0,0.33106906837409783
M1,1.6,KCCA-logdet,45,1.3192289760912579,61,1,1.1852439274975721
M1,1.6,CorrCUSUM,46,0.9077485906670051,394,0,1.3790160913774456
M1,1.6,DCC-CUSUM,46,0.08117515126278306,397,0,0.33106906837409783
M1,1.6,KCCA-logdet,46,0.7301084668066353,538,0,1.1852439274975721
M1,1.6,CorrCUSUM,47,1.0795535021363025,195,0,1.3790160913774456
M1,1.6,DCC-CUSUM,47,0.007473699038440164,196,0,0.33106906837409783
M1,1.6,KCCA-logdet,47,0.7424058917916556,142,0,1.1852439274975721
M1,1.6,CorrCUSUM,48,0.9077996566079696,399,0,1.3790160913774456
M1,1.6,DCC-CUSUM,48,0.004370631396698415,400,0,0.33106906837409783
M1,1.6,KCCA-logdet,48,0.8080502712253251,108,0,1.1852439274975721
M1,1.6,CorrCUSUM,49,1.3857783376807404,285,1,1.3790160913774456
M1,1.6,DCC-CUSUM,49,8.894965542297974e-17,282,0,0.33106906837409783
M1,1.6,KCCA-logdet,49,1.2690593787790183,80,1,1.1852439274975721
M1,1.6,CorrCUSUM,50,1.0018522765819435,465,0,1.3790160913774456
M1,1.6,DCC-CUSUM,50,0.014380801459251254,466,0,0.33106906837409783
M1,1.6,KCCA-logdet,50,1.1829919969474456,85,0,1.1852439274975721
M1,1.6,CorrCUSUM,51,1.1297977555418788,280,0,1.3790160913774456
M1,1.6,DCC-CUSUM,51,1.909301520862686e-16,535,0,0.33106906837409783
M1,1.6,KCCA-logdet,51,1.1077215189610536,98,0,1.1852439274975721
M1,1.6,CorrCUSUM,52,1.5946729933939099,335,1,1.3790160913774456
M1,1.6,DCC-CUSUM,52,0.12293181626957173,343,0,0.33106906837409783
M1,1.6,KCCA-logdet,52,1.1908654783677124,60,1,1.1852439274975721
M1,1.6,CorrCUSUM,53,0.9927392415424716,389,0,1.3790160913774456
M1,1.6,DCC-CUSUM,53,0.06258939559841677,396,0,0.33106906837409783
M1,1.6,KCCA-logdet,53,0.9633081423748897,68,0,1.1852439274975721
M1,1.6,CorrCUSUM,54,1.1087617395499876,177,0,1.3790160913774456
M1,1.6,DCC-CUSUM,54,0.09166948972043615,178,0,0.33106906837409783
M1,1.6,KCCA-logdet,54,1.3507819369951832,60,1,1.1852439274975721
M1,1.6,CorrCUSUM,55,0.9029482067136555,277,0,1.3790160913774456
M1,1.6,DCC-CUSUM,55,8.555030553420345e-17,466,0,0.33106906837409783
M1,1.6,KCCA-logdet,55,0.7088635288951506,75,0,1.1852439274975721
M1,1.6,CorrCUSUM,56,1.09766719951456,470,0,1.3790160913774456
M1,1.6,DCC-CUSUM,56,0.23051523039267832,157,0,0.33106906837409783
M1,1.6,KCCA-logdet,56,0.6959273465292786,259,0,1.1852439274975721
M1,1.6,CorrCUSUM,57,0.7295970684675522,307,0,1.3790160913774456
M1,1.6,DCC-CUSUM,57,1.0488410802661863e-16,308,0,0.33106906837409783
M1,1.6,KCCA-logdet,57,0.625275766989449,78,0,1.1852439274975721
M1,1.6,CorrCUSUM,58,0.7550184967170168,97,0,1.3790160913774456
M1,1.6,DCC-CUSUM,58,6.827027693292395e-17,98,0,0.33106906837409783
M1,1.6,KCCA-logdet,58,0.9592550230419319,88,0,1.1852439274975721
M1,1.6,CorrCUSUM,59,1.1007507951316715,466,0,1.3790160913774456
M1,1.6,DCC-CUSUM,59,0.07273350338839427,237,0,0.33106906837409783
M1,1.6,KCCA-logdet,59,1.3195712860480244,94,1,1.1852439274975721
M1,1.6,CorrCUSUM,60,0.9304178900588873,210,0,1.3790160913774456
M1,1.6,DCC-CUSUM,60,1.0821263812604542e-16,481,0,0.33106906837409783
M1,1.6,KCCA-logdet,60,0.7944935580690093,65,0,1.1852439274975721
M1,1.6,CorrCUSUM,61,1.0658204461570213,270,0,1.3790160913774456
M1,1.6,DCC-CUSUM,61,1.102664120171811e-16,271,0,0.33106906837409783
M1,1.6,KCCA-logdet,61,1.37300069253798,524,1,1.1852439274975721
M1,1.6,CorrCUSUM,62,1.7918105190527773,329,1,1.3790160913774456
M1,1.6,DCC-CUSUM,62,0.16996071243295513,330,0,0.33106906837409783
M1,1.6,KCCA-logdet,62,0.5529057041314095,61,0,1.1852439274975721
M1,1.6,CorrCUSUM,63,0.6309511453719997,124,0,1.3790160913774456
M1,1.6,DCC-CUSUM,63,6.65706019885358e-17,125,0,0.33106906837409783
M1,1.6,KCCA-logdet,63,0.9116840201122209,171,0,1.1852439274975721
M1,1.6,CorrCUSUM,64,1.5036655219962105,339,1,1.3790160913774456
M1,1.6,DCC-CUSUM,64,0.09129758654299217,340,0,0.33106906837409783
M1,1.6,KCCA-logdet,64,1.018798192877008,230,0,1.1852439274975721
M1,1.6,CorrCUSUM,65,0.8433067084689754,494,0,1.3790160913774456
M1,1.6,DCC-CUSUM,65,0.06443004132327161,517,0,0.33106906837409783
M1,1.6,KCCA-logdet,65,0.8935652941873466,62,0,1.1852439274975721
M1,1.6,CorrCUSUM,66,1.4075745990105444,439,1,1.3790160913774456
M1,1.6,DCC-CUSUM,66,0.08254513367973892,444,0,0.33106906837409783
M1,1.6,KCCA-logdet,66,1.23183223466855,540,1,1.1852439274975721
M1,1.6,CorrCUSUM,67,1.4339255654719882,310,1,1.3790160913774456
M1,1.6,DCC-CUSUM,67,0.1839378504034587,312,0,0.33106906837409783
M1,1.6,KCCA-logdet,67,0.9511621518645407,536,0,1.1852439274975721
M1,1.6,CorrCUSUM,68,1.0588203112036034,358,0,1.3790160913774456
M1,1.6,DCC-CUSUM,68,0.06690219299396546,359,0,0.33106906837409783
M1,1.6,KCCA-logdet,68,0.8994206757212787,63,0,1.1852439274975721
M1,1.6,CorrCUSUM,69,0.8147223450397418,431,0,1.3790160913774456
M1,1.6,DCC-CUSUM,69,0.10654187644736056,432,0,0.33106906837409783
M1,1.6,KCCA-logdet,69,1.0359845382254473,70,0,1.1852439274975721
M1,1.6,CorrCUSUM,70,0.7959045641830764,346,0,1.3790160913774456
M1,1.6,DCC-CUSUM,70,2.0481083079877183e-16,347,0,0.33106906837409783
M1,1.6,KCCA-logdet,70,0.803975162029065,284,0,1.1852439274975721
M1,1.6,CorrCUSUM,71,1.6350421516586944,335,1,1.3790160913774456
M1,1.6,DCC-CUSUM,71,0.09075882356447794,336,0,0.33106906837409783
M1,1.6,KCCA-logdet,71,1.3312909203170749,175,1,1.1852439274975721
M1,1.6,CorrCUSUM,72,0.5708049928543056,342,0,1.3790160913774456
M1,1.6,DCC-CUSUM,72,2.685486412133274e-16,540,0,0.33106906837409783
M1,1.6,KCCA-logdet,72,1.0384953805863943,88,0,1.1852439274975721
M1,1.6,CorrCUSUM,73,1.3660895622091016,399,0,1.3790160913774456
M1,1.6,DCC-CUSUM,73,0.33828017102836405,433,1,0.33106906837409783
M1,1.6,KCCA-logdet,73,1.2103283036360948,72,1,1.1852439274975721
M1,1.6,CorrCUSUM,74,0.9050170424305789,416,0,1.3790160913774456
M1,1.6,DCC-CUSUM,74,0.025006880815878936,419,0,0.33106906837409783
M1,1.6,KCCA-logdet,74,0.7370478330933447,257,0,1.1852439274975721
M1,1.6,CorrCUSUM,75,1.3469575192251877,427,0,1.3790160913774456
M1,1.6,DCC-CUSUM,75,0.3741314695079347,489,1,0.33106906837409783
M1,1.6,KCCA-logdet,75,1.2917132814527732,61,1,1.1852439274975721
M1,1.6,CorrCUSUM,76,1.055051843072066,309,0,1.3790160913774456
M1,1.6,DCC-CUSUM,76,0.05394645029487332,310,0,0.33106906837409783
M1,1.6,KCCA-logdet,76,0.842931701263039,176,0,1.1852439274975721
M1,1.6,CorrCUSUM,77,1.0384190685616124,164,0,1.3790160913774456
M1,1.6,DCC-CUSUM,77,0.14846021909477142,176,0,0.33106906837409783
M1,1.6,KCCA-logdet,77,1.015189495925895,110,0,1.1852439274975721
M1,1.6,CorrCUSUM,78,1.129699997156482,321,0,1.3790160913774456
M1,1.6,DCC-CUSUM,78,0.059082565589083924,327,0,0.33106906837409783
M1,1.6,KCCA-logdet,78,1.6265774519179148,61,1,1.1852439274975721
M1,1.6,CorrCUSUM,79,0.9970000454571328,365,0,1.3790160913774456
M1,1.6,DCC-CUSUM,79,0.0611896253280785,221,0,0.33106906837409783
M1,1.6,KCCA-logdet,79,0.9127127223464497,60,0,1.1852439274975721
M1,1.6,CorrCUSUM,80,0.49122061854233506,354,0,1.3790160913774456
M1,1.6,DCC-CUSUM,80,0.009879263464132815,140,0,0.33106906837409783
M1,1.6,KCCA-logdet,80,1.30460249192068,60,1,1.1852439274975721
M1,1.6,CorrCUSUM,81,0.776920286034495,128,0,1.3790160913774456
M1,1.6,DCC-CUSUM,81,0.04879047295028273,129,0,0.33106906837409783
M1,1.6,KCCA-logdet,81,0.7755603012955408,89,0,1.1852439274975721
M1,1.6,CorrCUSUM,82,0.7211858838573876,338,0,1.3790160913774456
M1,1.6,DCC-CUSUM,82,0.0,60,0,0.33106906837409783
M1,1.6,KCCA-logdet,82,1.0166025347594363,123,0,1.1852439274975721
M1,1.6,CorrCUSUM,83,0.7165754251398663,265,0,1.3790160913774456
M1,1.6,DCC-CUSUM,83,8.512538679810641e-17,266,0,0.33106906837409783
M1,1.6,KCCA-logdet,83,0.8075588258921275,232,0,1.1852439274975721
M1,1.6,CorrCUSUM,84,0.7683576599260503,381,0,1.3790160913774456
M1,1.6,DCC-CUSUM,84,8.215095564542715e-17,451,0,0.33106906837409783
M1,1.6,KCCA-logdet,84,1.2391512812972763,87,1,1.1852439274975721
M1,1.6,CorrCUSUM,85,1.931650424087705,311,1,1.3790160913774456
M1,1.6,DCC-CUSUM,85,0.09525080113294475,313,0,0.33106906837409783
M1,1.6,KCCA-logdet,85,1.2604373181686332,71,1,1.1852439274975721
M1,1.6,CorrCUSUM,86,1.005390725260787,196,0,1.3790160913774456
M1,1.6,DCC-CUSUM,86,0.1222481747635057,138,0,0.33106906837409783
M1,1.6,KCCA-logdet,86,1.1215031260101678,117,0,1.1852439274975721
M1,1.6,CorrCUSUM,87,1.1038567429289703,459,0,1.3790160913774456
M1,1.6,DCC-CUSUM,87,0.06526868583459809,460,0,0.33106906837409783
M1,1.6,KCCA-logdet,87,0.6114432244546962,172,0,1.1852439274975721
M1,1.6,CorrCUSUM,88,0.6674373433492763,510,0,1.3790160913774456
M1,1.6,DCC-CUSUM,88,0.026564766378016608,86,0,0.33106906837409783
M1,1.6,KCCA-logdet,88,0.5891922194251071,226,0,1.1852439274975721
M1,1.6,CorrCUSUM,89,1.2947452932143009,379,0,1.3790160913774456
M1,1.6,DCC-CUSUM,89,0.0837398998385153,381,0,0.33106906837409783
M1,1.6,KCCA-logdet,89,0.7399810147341651,245,0,1.1852439274975721
M1,1.6,CorrCUSUM,90,1.2001662544825564,366,0,1.3790160913774456
M1,1.6,DCC-CUSUM,90,0.020772315773789483,367,0,0.33106906837409783
M1,1.6,KCCA-logdet,90,0.8039977276935317,68,0,1.1852439274975721
M1,1.6,CorrCUSUM,91,0.6751288245209632,370,0,1.3790160913774456
M1,1.6,DCC-CUSUM,91,0.020048056999133007,474,0,0.33106906837409783
M1,1.6,KCCA-logdet,91,0.8690340067705998,62,0,1.1852439274975721
M1,1.6,CorrCUSUM,92,0.746859208008027,89,0,1.3790160913774456
M1,1.6,DCC-CUSUM,92,0.011982301564887202,90,0,0.33106906837409783
M1,1.6,KCCA-logdet,92,1.2799392312704112,66,1,1.1852439274975721
M1,1.6,CorrCUSUM,93,0.7300395703811151,452,0,1.3790160913774456
M1,1.6,DCC-CUSUM,93,1.116119880148217e-16,326,0,0.33106906837409783
M1,1.6,KCCA-logdet,93,0.9607606892304551,144,0,1.1852439274975721
M1,1.6,CorrCUSUM,94,0.6794489578200166,518,0,1.3790160913774456
M1,1.6,DCC-CUSUM,94,0.005837088992817136,519,0,0.33106906837409783
M1,1.6,KCCA-logdet,94,1.042104232681513,62,0,1.1852439274975721
M1,1.6,CorrCUSUM,95,0.8005206206763558,202,0,1.3790160913774456
M1,1.6,DCC-CUSUM,95,6.366699062520605e-17,207,0,0.33106906837409783
M1,1.6,KCCA-logdet,95,0.8006510515542162,62,0,1.1852439274975721
M1,1.6,CorrCUSUM,96,1.5989146558490432,325,1,1.3790160913774456
M1,1.6,DCC-CUSUM,96,0.1567457477347507,329,0,0.33106906837409783
M1,1.6,KCCA-logdet,96,0.9572329871662587,140,0,1.1852439274975721
M1,1.6,CorrCUSUM,97,1.2325267500788881,306,0,1.3790160913774456
M1,1.6,DCC-CUSUM,97,0.13792415647065848,312,0,0.33106906837409783
M1,1.6,KCCA-logdet,97,1.1947428517921672,110,1,1.1852439274975721
M1,1.6,CorrCUSUM,98,0.8863619377281976,433,0,1.3790160913774456
M1,1.6,DCC-CUSUM,98,0.0520532460003534,434,0,0.33106906837409783
M1,1.6,KCCA-logdet,98,0.8131891557656513,60,0,1.1852439274975721
M1,1.6,CorrCUSUM,99,0.9494851916408346,195,0,1.3790160913774456
M1,1.6,DCC-CUSUM,99,0.20660481933923525,198,0,0.33106906837409783
M1,1.6,KCCA-logdet,99,0.7982085709903707,63,0,1.1852439274975721
M1,1.6,CorrCUSUM,100,1.0556710725103877,319,0,1.3790160913774456
M1,1.6,DCC-CUSUM,100,7.960144322884494e-17,320,0,0.33106906837409783
M1,1.6,KCCA-logdet,100,1.0650605652616663,91,0,1.1852439274975721
M1,1.6,CorrCUSUM,101,1.5970167091126901,371,1,1.3790160913774456
M1,1.6,DCC-CUSUM,101,0.08895809328753715,372,0,0.33106906837409783
M1,1.6,KCCA-logdet,101,0.7331849854418886,61,0,1.1852439274975721
M1,1.6,CorrCUSUM,102,1.182250418757415,394,0,1.3790160913774456
M1,1.6,DCC-CUSUM,102,0.11892194068689638,395,0,0.33106906837409783
M1,1.6,KCCA-logdet,102,1.1694534009406128,62,0,1.1852439274975721
M1,1.6,CorrCUSUM,103,1.0167458204539794,217,0,1.3790160913774456
M1,1.6,DCC-CUSUM,103,0.026592492119986953,220,0,0.33106906837409783
M1,1.6,KCCA-logdet,103,0.6966207395913854,211,0,1.1852439274975721
M1,1.6,CorrCUSUM,104,0.9141079046267024,345,0,1.3790160913774456
M1,1.6,DCC-CUSUM,104,0.016836797287325837,346,0,0.33106906837409783
M1,1.6,KCCA-logdet,104,0.8569865812486368,528,0,1.1852439274975721
M1,1.6,CorrCUSUM,105,0.6457323420316796,425,0,1.3790160913774456
M1,1.6,DCC-CUSUM,105,0.07953182053840122,281,0,0.33106906837409783
M1,1.6,KCCA-logdet,105,0.9853465025374235,539,0,1.1852439274975721
M1,1.6,CorrCUSUM,106,1.3988448575995494,401,1,1.3790160913774456
M1,1.6,DCC-CUSUM,106,0.034378169577481556,410,0,0.33106906837409783
M1,1.6,KCCA-logdet,106,0.6510410515702532,118,0,1.1852439274975721
M1,1.6,CorrCUSUM,107,0.9183454759019242,481,0,1.3790160913774456
M1,1.6,DCC-CUSUM,107,1.0056410087629876e-16,482,0,0.33106906837409783
M1,1.6,KCCA-logdet,107,0.9887932099742595,114,0,1.1852439274975721
M1,1.6,CorrCUSUM,108,1.0805884105154904,257,0,1.3790160913774456
M1,1.6,DCC-CUSUM,108,0.005254141765546094,256,0,0.33106906837409783
M1,1.6,KCCA-logdet,108,0.8782589994643333,182,0,1.1852439274975721
M1,1.6,CorrCUSUM,109,1.023553384101681,358,0,1.3790160913774456
M1,1.6,DCC-CUSUM,109,0.11964426821762325,379,0,0.33106906837409783
M1,1.6,KCCA-logdet,109,0.8422967152750999,133,0,1.1852439274975721
M1,1.6,CorrCUSUM,110,0.8401830677145405,252,0,1.3790160913774456
M1,1.6,DCC-CUSUM,110,9.744803014492049e-17,253,0,0.33106906837409783
M1,1.6,KCCA-logdet,110,0.9667590158717068,105,0,1.1852439274975721
M1,1.6,CorrCUSUM,111,1.1349494647154819,236,0,1.3790160913774456
M1,1.6,DCC-CUSUM,111,0.09606303742587793,237,0,0.33106906837409783
M1,1.6,KCCA-logdet,111,0.7203674371538763,60,0,1.1852439274975721
M1,1.6,CorrCUSUM,112,0.7136659814551298,428,0,1.3790160913774456
M1,1.6,DCC-CUSUM,112,0.011937491474990038,159,0,0.33106906837409783
M1,1.6,KCCA-logdet,112,0.7339338054113455,147,0,1.1852439274975721
M1,1.6,CorrCUSUM,113,0.9149146131225296,446,0,1.3790160913774456
M1,1.6,DCC-CUSUM,113,0.09334134142427973,464,0,0.33106906837409783
M1,1.6,KCCA-logdet,113,0.9132258319577331,228,0,1.1852439274975721
M1,1.6,CorrCUSUM,114,0.5328786288193538,65,0,1.3790160913774456
M1,1.6,DCC-CUSUM,114,4.796270233695305e-17,61,0,0.33106906837409783
M1,1.6,KCCA-logdet,114,0.5093924659854914,198,0,1.1852439274975721
M1,1.6,CorrCUSUM,115,1.3659696373872403,187,0,1.3790160913774456
M1,1.6,DCC-CUSUM,115,0.056075292596231084,188,0,0.33106906837409783
M1,1.6,KCCA-logdet,115,0.8781737138791021,102,0,1.1852439274975721
M1,1.6,CorrCUSUM,116,0.5432935293646983,200,0,1.3790160913774456
M1,1.6,DCC-CUSUM,116,6.713716030333184e-17,201,0,0.33106906837409783
M1,1.6,KCCA-logdet,116,0.847742053948981,72,0,1.1852439274975721
M1,1.6,CorrCUSUM,117,0.7986828807950914,273,0,1.3790160913774456
M1,1.6,DCC-CUSUM,117,4.0319264112039547e-14,274,0,0.33106906837409783
M1,1.6,KCCA-logdet,117,0.9314291801997752,74,0,1.1852439274975721
M1,1.6,CorrCUSUM,118,1.1034988101020078,142,0,1.3790160913774456
M1,1.6,DCC-CUSUM,118,0.14770821909584833,146,0,0.33106906837409783
M1,1.6,KCCA-logdet,118,1.029083030539265,60,0,1.1852439274975721
M1,1.6,CorrCUSUM,119,0.7174933696734033,99,0,1.3790160913774456
M1,1.6,DCC-CUSUM,119,6.175485631276937e-17,206,0,0.33106906837409783
M1,1.6,KCCA-logdet,119,0.5996067708436068,540,0,1.1852439274975721
M1,1.6,CorrCUSUM,120,1.0209553940816267,332,0,1.3790160913774456
M1,1.6,DCC-CUSUM,120,0.009374877665269784,333,0,0.33106906837409783
M1,1.6,KCCA-logdet,120,1.215926284081387,114,1,1.1852439274975721
M1,1.6,CorrCUSUM,121,1.335656603338013,322,0,1.3790160913774456
M1,1.6,DCC-CUSUM,121,0.03948925640416612,193,0,0.33106906837409783
M1,1.6,KCCA-logdet,121,1.1113417105577938,65,0,1.1852439274975721
M1,1.6,CorrCUSUM,122,0.9429542807858299,375,0,1.3790160913774456
M1,1.6,DCC-CUSUM,122,2.883781822311891e-16,539,0,0.33106906837409783
M1,1.6,KCCA-logdet,122,1.5725846094287605,62,1,1.1852439274975721
M1,1.6,CorrCUSUM,123,0.7419116200639873,417,0,1.3790160913774456
M1,1.6,DCC-CUSUM,123,0.03916802783987667,277,0,0.33106906837409783
M1,1.6,KCCA-logdet,123,0.7008717141869929,60,0,1.1852439274975721
M1,1.6,CorrCUSUM,124,0.9322291552228825,473,0,1.3790160913774456
M1,1.6,DCC-CUSUM,124,0.006818807580860173,474,0,0.33106906837409783
M1,1.6,KCCA-logdet,124,0.9251261676083863,196,0,1.1852439274975721
M1,1.6,CorrCUSUM,125,1.0675228359618518,143,0,1.3790160913774456
M1,1.6,DCC-CUSUM,125,0.047733098758931454,144,0,0.33106906837409783
M1,1.6,KCCA-logdet,125,0.7144356655653518,105,0,1.1852439274975721
M1,1.6,CorrCUSUM,126,1.184614189349422,350,0,1.3790160913774456
M1,1.6,DCC-CUSUM,126,8.73208002679411e-17,341,0,0.33106906837409783
M1,1.6,KCCA-logdet,126,0.9181580215304778,95,0,1.1852439274975721
M1,1.6,CorrCUSUM,127,1.1081313475243693,291,0,1.3790160913774456
M1,1.6,DCC-CUSUM,127,5.209503704549674e-16,292,0,0.33106906837409783
M1,1.6,KCCA-logdet,127,1.0206883596691687,289,0,1.1852439274975721
M1,1.6,CorrCUSUM,128,0.9448067742797606,474,0,1.3790160913774456
M1,1.6,DCC-CUSUM,128,0.06392335755604561,480,0,0.33106906837409783
M1,1.6,KCCA-logdet,128,0.9441719563934654,72,0,1.1852439274975721
M1,1.6,CorrCUSUM,129,0.8873342212321395,343,0,1.3790160913774456
M1,1.6,DCC-CUSUM,129,0.07909013485579165,349,0,0.33106906837409783
M1,1.6,KCCA-logdet,129,0.9806461360505527,62,0,1.1852439274975721
M1,1.6,CorrCUSUM,130,1.6490932330775385,362,1,1.3790160913774456
M1,1.6,DCC-CUSUM,130,0.1939154994267064,365,0,0.33106906837409783
M1,1.6,KCCA-logdet,130,0.8036557056468847,85,0,1.1852439274975721
M1,1.6,CorrCUSUM,131,1.8698520060586712,257,1,1.3790160913774456
M1,1.6,DCC-CUSUM,131,0.517641563709992,287,1,0.33106906837409783
M1,1.6,KCCA-logdet,131,1.0134622012397332,201,0,1.1852439274975721
M1,1.6,CorrCUSUM,132,0.9431192642703466,480,0,1.3790160913774456
M1,1.6,DCC-CUSUM,132,0.04011912761891443,481,0,0.33106906837409783
M1,1.6,KCCA-logdet,132,0.7894824276718464,68,0,1.1852439274975721
M1,1.6,CorrCUSUM,133,0.8665742528123882,303,0,1.3790160913774456
M1,1.6,DCC-CUSUM,133,0.04066340778156176,304,0,0.33106906837409783
M1,1.6,KCCA-logdet,133,1.492658405817609,70,1,1.1852439274975721
M1,1.6,CorrCUSUM,134,1.9674801761868588,386,1,1.3790160913774456
M1,1.6,DCC-CUSUM,134,0.22170826536243157,391,0,0.33106906837409783
M1,1.6,KCCA-logdet,134,0.7576927816825578,65,0,1.1852439274975721
M1,1.6,CorrCUSUM,135,0.5912752548262116,313,0,1.3790160913774456
M1,1.6,DCC-CUSUM,135,1.0530902676271567e-16,491,0,0.33106906837409783
M1,1.6,KCCA-logdet,135,0.8307530112910592,532,0,1.1852439274975721
M1,1.6,CorrCUSUM,136,1.4341522171511811,418,1,1.3790160913774456
M1,1.6,DCC-CUSUM,136,0.012895809532470775,418,0,0.33106906837409783
M1,1.6,KCCA-logdet,136,0.7301292223833006,67,0,1.1852439274975721
M1,1.6,CorrCUSUM,137,2.127251811406287,334,1,1.3790160913774456
M1,1.6,DCC-CUSUM,137,0.21572402792576273,335,0,0.33106906837409783
M1,1.6,KCCA-logdet,137,0.761623776101994,536,0,1.1852439274975721
M1,1.6,CorrCUSUM,138,1.4068203879282957,294,1,1.3790160913774456
M1,1.6,DCC-CUSUM,138,0.036291587993113446,296,0,0.33106906837409783
M1,1.6,KCCA-logdet,138,0.929499427518693,62,0,1.1852439274975721
M1,1.6,CorrCUSUM,139,0.4441531499648466,287,0,1.3790160913774456
M1,1.6,DCC-CUSUM,139,6.069255947252679e-17,151,0,0.33106906837409783
M1,1.6,KCCA-logdet,139,0.8815494614155195,535,0,1.1852439274975721
M1,1.6,CorrCUSUM,140,0.426079683103769,272,0,1.3790160913774456
M1,1.6,DCC-CUSUM,140,0.009658437862295779,430,0,0.33106906837409783
M1,1.6,KCCA-logdet,140,0.8508557692949844,71,0,1.1852439274975721
M1,1.6,CorrCUSUM,141,1.071934434922627,336,0,1.3790160913774456
M1,1.6,DCC-CUSUM,141,1.342743206066637e-16,436,0,0.33106906837409783
M1,1.6,KCCA-logdet,141,0.7425247474494298,237,0,1.1852439274975721
M1,1.6,CorrCUSUM,142,1.087247484814526,442,0,1.3790160913774456
M1,1.6,DCC-CUSUM,142,1.1047887138522962e-16,443,0,0.33106906837409783
M1,1.6,KCCA-logdet,142,1.106925642013027,83,0,1.1852439274975721
M1,1.6,CorrCUSUM,143,0.8777102329556089,76,0,1.3790160913774456
M1,1.6,DCC-CUSUM,143,0.10921165705999054,79,0,0.33106906837409783
M1,1.6,KCCA-logdet,143,1.4152591075312695,60,1,1.1852439274975721
M1,1.6,CorrCUSUM,144,1.1393807446393107,328,0,1.3790160913774456
M1,1.6,DCC-CUSUM,144,0.0303864272398314,240,0,0.33106906837409783
M1,1.6,KCCA-logdet,144,1.1916659813078818,65,1,1.1852439274975721
M1,1.6,CorrCUSUM,145,1.1519155763052025,504,0,1.3790160913774456
M1,1.6,DCC-CUSUM,145,0.07412217017593224,506,0,0.33106906837409783
M1,1.6,KCCA-logdet,145,0.6634339356593482,96,0,1.1852439274975721
M1,1.6,CorrCUSUM,146,1.343448018617964,369,0,1.3790160913774456
M1,1.6,DCC-CUSUM,146,0.013255777263896974,375,0,0.33106906837409783
M1,1.6,KCCA-logdet,146,0.9168575780456371,114,0,1.1852439274975721
M1,1.6,CorrCUSUM,147,0.9668591696029333,191,0,1.3790160913774456
M1,1.6,DCC-CUSUM,147,1.529707449949333e-16,540,0,0.33106906837409783
M1,1.6,KCCA-logdet,147,0.7804787180362289,74,0,1.1852439274975721
M1,1.6,CorrCUSUM,148,0.4982125432010986,393,0,1.3790160913774456
M1,1.6,DCC-CUSUM,148,4.3270891292548265e-17,328,0,0.33106906837409783
M1,1.6,KCCA-logdet,148,0.7686765178442052,89,0,1.1852439274975721
M1,1.6,CorrCUSUM,149,0.9123290136619793,344,0,1.3790160913774456
M1,1.6,DCC-CUSUM,149,0.013004918797579661,345,0,0.33106906837409783
M1,1.6,KCCA-logdet,149,1.2094381385741988,60,1,1.1852439274975721
M1,1.6,CorrCUSUM,150,0.924426356096085,391,0,1.3790160913774456
M1,1.6,DCC-CUSUM,150,0.037348943308013235,392,0,0.33106906837409783
M1,1.6,KCCA-logdet,150,0.6888437380677634,200,0,1.1852439274975721
M1,1.6,CorrCUSUM,151,1.4286852249445503,420,1,1.3790160913774456
M1,1.6,DCC-CUSUM,151,0.06752711656628169,424,0,0.33106906837409783
M1,1.6,KCCA-logdet,151,0.7374446291064286,75,0,1.1852439274975721
M1,1.6,CorrCUSUM,152,1.2103456892438849,218,0,1.3790160913774456
M1,1.6,DCC-CUSUM,152,0.1410459148709795,220,0,0.33106906837409783
M1,1.6,KCCA-logdet,152,1.2610574818327926,71,1,1.1852439274975721
M1,1.6,CorrCUSUM,153,0.9669363848486908,316,0,1.3790160913774456
M1,1.6,DCC-CUSUM,153,0.07231938748046075,317,0,0.33106906837409783
M1,1.6,KCCA-logdet,153,0.9335688346624266,514,0,1.1852439274975721
M1,1.6,CorrCUSUM,154,1.1989655160301,510,0,1.3790160913774456
M1,1.6,DCC-CUSUM,154,0.020437183539017422,511,0,0.33106906837409783
M1,1.6,KCCA-logdet,154,0.6308109467910215,265,0,1.1852439274975721
M1,1.6,CorrCUSUM,155,1.1247076760915542,294,0,1.3790160913774456
M1,1.6,DCC-CUSUM,155,1.5013795342095306e-16,295,0,0.33106906837409783
M1,1.6,KCCA-logdet,155,0.9956474652627851,226,0,1.1852439274975721
M1,1.6,CorrCUSUM,156,1.3695385031672147,184,0,1.3790160913774456
M1,1.6,DCC-CUSUM,156,0.050436698523090746,165,0,0.33106906837409783
M1,1.6,KCCA-logdet,156,1.1725801142373933,70,0,1.1852439274975721
M1,1.6,CorrCUSUM,157,1.5192557991230533,321,1,1.3790160913774456
M1,1.6,DCC-CUSUM,157,0.17711675951484243,328,0,0.33106906837409783
M1,1.6,KCCA-logdet,157,0.8681052437503501,83,0,1.1852439274975721
M1,1.6,CorrCUSUM,158,1.6201318673094152,403,1,1.3790160913774456
M1,1.6,DCC-CUSUM,158,0.007512187958044809,404,0,0.33106906837409783
M1,1.6,KCCA-logdet,158,0.9294772629382387,65,0,1.1852439274975721
M1,1.6,CorrCUSUM,159,1.040585247338245,442,0,1.3790160913774456
M1,1.6,DCC-CUSUM,159,0.08507913982686768,470,0,0.33106906837409783
M1,1.6,KCCA-logdet,159,0.7115198232821951,63,0,1.1852439274975721
M1,1.6,CorrCUSUM,160,0.8113418924913455,472,0,1.3790160913774456
M1,1.6,DCC-CUSUM,160,0.028813369609329058,473,0,0.33106906837409783
M1,1.6,KCCA-logdet,160,0.8354513256196389,539,0,1.1852439274975721
M1,1.6,CorrCUSUM,161,1.0213334611538372,238,0,1.3790160913774456
M1,1.6,DCC-CUSUM,161,0.24777498158795203,241,0,0.33106906837409783
M1,1.6,KCCA-logdet,161,1.0228874282025038,63,0,1.1852439274975721
M1,1.6,CorrCUSUM,162,0.5717551674708141,340,0,1.3790160913774456
M1,1.6,DCC-CUSUM,162,0.007561449838099114,60,0,0.33106906837409783
M1,1.6,KCCA-logdet,162,0.8228733536001012,86,0,1.1852439274975721
M1,1.6,CorrCUSUM,163,1.0923329916525286,498,0,1.3790160913774456
M1,1.6,DCC-CUSUM,163,0.14116881900652442,527,0,0.33106906837409783
M1,1.6,KCCA-logdet,163,0.9485686957585147,69,0,1.1852439274975721
M1,1.6,CorrCUSUM,164,0.9769078284274252,264,0,1.3790160913774456
M1,1.6,DCC-CUSUM,164,1.0566312570946319e-16,265,0,0.33106906837409783
M1,1.6,KCCA-logdet,164,0.7143774937397072,539,0,1.1852439274975721
M1,1.6,CorrCUSUM,165,0.7270959616433785,352,0,1.3790160913774456
M1,1.6,DCC-CUSUM,165,0.010620262188254737,178,0,0.33106906837409783
M1,1.6,KCCA-logdet,165,0.9225070357320604,60,0,1.1852439274975721
M1,1.6,CorrCUSUM,166,0.6042739788414668,188,0,1.3790160913774456
M1,1.6,DCC-CUSUM,166,7.478569755307851e-17,525,0,0.33106906837409783
M1,1.6,KCCA-logdet,166,1.0056032484688173,530,0,1.1852439274975721
M1,1.6,CorrCUSUM,167,1.5042161829488345,272,1,1.3790160913774456
M1,1.6,DCC-CUSUM,167,0.095986103301959,273,0,0.33106906837409783
M1,1.6,KCCA-logdet,167,0.8674082303700952,316,0,1.1852439274975721
M1,1.6,CorrCUSUM,168,0.6400968240249013,301,0,1.3790160913774456
M1,1.6,DCC-CUSUM,168,0.03254421801845248,303,0,0.33106906837409783
M1,1.6,KCCA-logdet,168,0.6803043062284061,260,0,1.1852439274975721
M1,1.6,CorrCUSUM,169,0.7353510412486334,334,0,1.3790160913774456
M1,1.6,DCC-CUSUM,169,5.693911063700296e-17,510,0,0.33106906837409783
M1,1.6,KCCA-logdet,169,0.9666899099920221,212,0,1.1852439274975721
M1,1.6,CorrCUSUM,170,0.6684741316000657,212,0,1.3790160913774456
M1,1.6,DCC-CUSUM,170,0.05221213950176302,162,0,0.33106906837409783
M1,1.6,KCCA-logdet,170,0.7889871988300287,540,0,1.1852439274975721
M1,1.6,CorrCUSUM,171,1.768694961084922,325,1,1.3790160913774456
M1,1.6,DCC-CUSUM,171,0.519862290753447,328,1,0.33106906837409783
M1,1.6,KCCA-logdet,171,1.026722632201155,65,0,1.1852439274975721
M1,1.6,CorrCUSUM,172,1.3986140854416436,287,1,1.3790160913774456
M1,1.6,DCC-CUSUM,172,0.21826592277251355,312,0,0.33106906837409783
M1,1.6,KCCA-logdet,172,0.9720416551332116,149,0,1.1852439274975721
M1,1.6,CorrCUSUM,173,0.8898791553960078,444,0,1.3790160913774456
M1,1.6,DCC-CUSUM,173,5.906370431748814e-17,261,0,0.33106906837409783
M1,1.6,KCCA-logdet,173,0.7792745770022828,164,0,1.1852439274975721
M1,1.6,CorrCUSUM,174,0.8354091490956704,191,0,1.3790160913774456
M1,1.6,DCC-CUSUM,174,0.29100881007711427,196,0,0.33106906837409783
M1,1.6,KCCA-logdet,174,0.7898106720291828,91,0,1.1852439274975721
M1,1.6,CorrCUSUM,175,0.701469723289052,358,0,1.3790160913774456
M1,1.6,DCC-CUSUM,175,2.433367962049032e-16,526,0,0.33106906837409783
M1,1.6,KCCA-logdet,175,0.9915469966199366,60,0,1.1852439274975721
M1,1.6,CorrCUSUM,176,0.5118897016033843,461,0,1.3790160913774456
M1,1.6,DCC-CUSUM,176,0.009112737190195147,322,0,0.33106906837409783
M1,1.6,KCCA-logdet,176,0.5710754512123121,163,0,1.1852439274975721
M1,1.6,CorrCUSUM,177,0.8437410849311621,521,0,1.3790160913774456
M1,1.6,DCC-CUSUM,177,6.307776997781815e-15,522,0,0.33106906837409783
M1,1.6,KCCA-logdet,177,1.0136758737159357,520,0,1.1852439274975721
M1,1.6,CorrCUSUM,178,0.669560507480122,123,0,1.3790160913774456
M1,1.6,DCC-CUSUM,178,0.0024659358746180935,124,0,0.33106906837409783
M1,1.6,KCCA-logdet,178,0.8125421319767602,535,0,1.1852439274975721
M1,1.6,CorrCUSUM,179,1.389241202983661,215,1,1.3790160913774456
M1,1.6,DCC-CUSUM,179,0.5329509743707569,242,1,0.33106906837409783
M1,1.6,KCCA-logdet,179,0.9486855014988101,114,0,1.1852439274975721
M1,1.6,CorrCUSUM,180,0.7851372755958164,462,0,1.3790160913774456
M1,1.6,DCC-CUSUM,180,0.0019455667028614827,463,0,0.33106906837409783
M1,1.6,KCCA-logdet,180,0.8810049155067726,60,0,1.1852439274975721
M1,1.6,CorrCUSUM,181,0.7346793158866294,384,0,1.3790160913774456
M1,1.6,DCC-CUSUM,181,0.05276669642519611,470,0,0.33106906837409783
M1,1.6,KCCA-logdet,181,1.3146413580530973,68,1,1.1852439274975721
M1,1.6,CorrCUSUM,182,1.011404062838482,412,0,1.3790160913774456
M1,1.6,DCC-CUSUM,182,8.377981080046579e-17,254,0,0.33106906837409783
M1,1.6,KCCA-logdet,182,0.9919860571125045,65,0,1.1852439274975721
M1,1.6,CorrCUSUM,183,1.462871034870278,381,1,1.3790160913774456
M1,1.6,DCC-CUSUM,183,1.493589357381085e-16,382,0,0.33106906837409783
M1,1.6,KCCA-logdet,183,1.1812048108159088,69,0,1.1852439274975721
M1,1.6,CorrCUSUM,184,1.0203101353572641,371,0,1.3790160913774456
M1,1.6,DCC-CUSUM,184,0.015177858894413717,372,0,0.33106906837409783
M1,1.6,KCCA-logdet,184,1.4081132235469487,87,1,1.1852439274975721
M1,1.6,CorrCUSUM,185,0.8725994140564294,251,0,1.3790160913774456
M1,1.6,DCC-CUSUM,185,9.858114677451259e-17,265,0,0.33106906837409783
M1,1.6,KCCA-logdet,185,0.43604056669341024,165,0,1.1852439274975721
M1,1.6,CorrCUSUM,186,0.6311533645301153,537,0,1.3790160913774456
M1,1.6,DCC-CUSUM,186,0.0,60,0,0.33106906837409783
M1,1.6,KCCA-logdet,186,0.9646562768930146,76,0,1.1852439274975721
M1,1.6,CorrCUSUM,187,0.7850789269408788,234,0,1.3790160913774456
M1,1.6,DCC-CUSUM,187,7.790176828445678e-17,495,0,0.33106906837409783
M1,1.6,KCCA-logdet,187,0.8457935345305522,316,0,1.1852439274975721
M1,1.6,CorrCUSUM,188,1.21329997144989,335,0,1.3790160913774456
M1,1.6,DCC-CUSUM,188,0.06059178260417584,397,0,0.33106906837409783
M1,1.6,KCCA-logdet,188,0.8359383662242424,77,0,1.1852439274975721
M1,1.6,CorrCUSUM,189,0.6882482027758204,188,0,1.3790160913774456
M1,1.6,DCC-CUSUM,189,6.798699777552592e-17,189,0,0.33106906837409783
M1,1.6,KCCA-logdet,189,0.7062952763466134,271,0,1.1852439274975721
M1,1.6,CorrCUSUM,190,0.6761522905476417,395,0,1.3790160913774456
M1,1.6,DCC-CUSUM,190,0.03713034718485835,212,0,0.33106906837409783
M1,1.6,KCCA-logdet,190,1.0567448027919366,181,0,1.1852439274975721
M1,1.6,CorrCUSUM,191,1.3309243725739899,416,0,1.3790160913774456
M1,1.6,DCC-CUSUM,191,0.0510506277809161,417,0,0.33106906837409783
M1,1.6,KCCA-logdet,191,0.7337885278364706,532,0,1.1852439274975721
M1,1.6,CorrCUSUM,192,1.1114227857826224,333,0,1.3790160913774456
M1,1.6,DCC-CUSUM,192,0.02420557512879771,225,0,0.33106906837409783
M1,1.6,KCCA-logdet,192,1.4179463241016768,81,1,1.1852439274975721
M1,1.6,CorrCUSUM,193,1.488582116055648,332,1,1.3790160913774456
M1,1.6,DCC-CUSUM,193,0.1691284634366344,334,0,0.33106906837409783
M1,1.6,KCCA-logdet,193,1.104493482484788,107,0,1.1852439274975721
M1,1.6,CorrCUSUM,194,0.7785281790480364,97,0,1.3790160913774456
M1,1.6,DCC-CUSUM,194,1.3257464566227553e-16,529,0,0.33106906837409783
M1,1.6,KCCA-logdet,194,0.7783610884840338,75,0,1.1852439274975721
M1,1.6,CorrCUSUM,195,0.7281863455235165,309,0,1.3790160913774456
M1,1.6,DCC-CUSUM,195,0.024344691926411043,125,0,0.33106906837409783
M1,1.6,KCCA-logdet,195,1.1682634380501855,135,0,1.1852439274975721
M1,1.6,CorrCUSUM,196,1.043315456664724,446,0,1.3790160913774456
M1,1.6,DCC-CUSUM,196,0.12364408368126568,447,0,0.33106906837409783
M1,1.6,KCCA-logdet,196,1.6160964142468925,61,1,1.1852439274975721
M1,1.6,CorrCUSUM,197,1.8435350243612882,237,1,1.3790160913774456
M1,1.6,DCC-CUSUM,197,0.029362699025869268,238,0,0.33106906837409783
M1,1.6,KCCA-logdet,197,0.7289878180036725,60,0,1.1852439274975721
M1,1.6,CorrCUSUM,198,0.6850512744689967,347,0,1.3790160913774456
M1,1.6,DCC-CUSUM,198,0.05891995654364122,169,0,0.33106906837409783
M1,1.6,KCCA-logdet,198,0.8371499163415982,163,0,1.1852439274975721
M1,1.6,CorrCUSUM,199,1.1381676364150342,342,0,1.3790160913774456
M1,1.6,DCC-CUSUM,199,0.04088017813692995,343,0,0.33106906837409783
M1,1.6,KCCA-logdet,199,0.5167344076835398,102,0,1.1852439274975721
M1,2.0,CorrCUSUM,0,1.0004655865347445,205,0,1.3790160913774456
M1,2.0,DCC-CUSUM,0,0.01739860323259732,206,0,0.33106906837409783
M1,2.0,KCCA-logdet,0,1.1396133711703706,77,0,1.1852439274975721
M1,2.0,CorrCUSUM,1,0.6519143437606937,219,0,1.3790160913774456
M1,2.0,DCC-CUSUM,1,0.05373731024876,219,0,0.33106906837409783
M1,2.0,KCCA-logdet,1,0.947037144505688,71,0,1.1852439274975721
M1,2.0,CorrCUSUM,2,1.6425368528684323,289,1,1.3790160913774456
M1,2.0,DCC-CUSUM,2,0.08831900468384964,344,0,0.33106906837409783
M1,2.0,KCCA-logdet,2,1.2433890587997576,123,1,1.1852439274975721
M1,2.0,CorrCUSUM,3,0.9201194932913054,284,0,1.3790160913774456
M1,2.0,DCC-CUSUM,3,0.15730489886042182,286,0,0.33106906837409783
M1,2.0,KCCA-logdet,3,1.0826607224401343,252,0,1.1852439274975721
M1,2.0,CorrCUSUM,4,1.1712097708454046,195,0,1.3790160913774456
M1,2.0,DCC-CUSUM,4,0.027412695039749736,196,0,0.33106906837409783
M1,2.0,KCCA-logdet,4,1.0735939274648103,540,0,1.1852439274975721
M1,2.0,CorrCUSUM,5,0.7305115002987461,353,0,1.3790160913774456
M1,2.0,DCC-CUSUM,5,0.028670783523481517,252,0,0.33106906837409783
M1,2.0,KCCA-logdet,5,1.0189840061316353,240,0,1.1852439274975721
M1,2.0,CorrCUSUM,6,0.9194540123321701,223,0,1.3790160913774456
M1,2.0,DCC-CUSUM,6,0.037701969887422436,224,0,0.33106906837409783
M1,2.0,KCCA-logdet,6,1.239300493394333,78,1,1.1852439274975721
M1,2.0,CorrCUSUM,7,1.1330683419722964,399,0,1.3790160913774456
M1,2.0,DCC-CUSUM,7,0.12736721955226302,224,0,0.33106906837409783
M1,2.0,KCCA-logdet,7,1.1102106662760232,65,0,1.1852439274975721
M1,2.0,CorrCUSUM,8,1.0127605209926243,185,0,1.3790160913774456
M1,2.0,DCC-CUSUM,8,0.19798148910330254,186,0,0.33106906837409783
M1,2.0,KCCA-logdet,8,1.0369190942162523,122,0,1.1852439274975721
M1,2.0,CorrCUSUM,9,1.240375017137395,349,0,1.3790160913774456
M1,2.0,DCC-CUSUM,9,0.05673804623121606,350,0,0.33106906837409783
M1,2.0,KCCA-logdet,9,1.6776670479777052,74,1,1.1852439274975721
M1,2.0,CorrCUSUM,10,0.9591688044294914,173,0,1.3790160913774456
M1,2.0,DCC-CUSUM,10,1.529707449949333e-16,540,0,0.33106906837409783
M1,2.0,KCCA-logdet,10,1.084982637983208,95,0,1.1852439274975721
M1,2.0,CorrCUSUM,11,1.4122140756779182,310,1,1.3790160913774456
M1,2.0,DCC-CUSUM,11,0.10211153182370629,311,0,0.33106906837409783
M1,2.0,KCCA-logdet,11,1.2108980638088425,136,1,1.1852439274975721
M1,2.0,CorrCUSUM,12,0.774557618906064,523,0,1.3790160913774456
M1,2.0,DCC-CUSUM,12,1.0424672992247307e-16,524,0,0.33106906837409783
M1,2.0,KCCA-logdet,12,1.0633358963929411,172,0,1.1852439274975721
M1,2.0,CorrCUSUM,13,0.7512577844252203,377,0,1.3790160913774456
M1,2.0,DCC-CUSUM,13,0.07771053444929873,60,0,0.33106906837409783
M1,2.0,KCCA-logdet,13,1.3570003306307552,73,1,1.1852439274975721
M1,2.0,CorrCUSUM,14,0.5835538509083574,513,0,1.3790160913774456
M1,2.0,DCC-CUSUM,14,6.742043946072987e-17,208,0,0.33106906837409783
M1,2.0,KCCA-logdet,14,0.820192721787135,263,0,1.1852439274975721
M1,2.0,CorrCUSUM,15,0.9915703447146567,285,0,1.3790160913774456
M1,2.0,DCC-CUSUM,15,0.06422790161604279,286,0,0.33106906837409783
M1,2.0,KCCA-logdet,15,0.9335121189945751,65,0,1.1852439274975721
M1,2.0,CorrCUSUM,16,0.684110816608055,321,0,1.3790160913774456
M1,2.0,DCC-CUSUM,16,0.019111937400954123,335,0,0.33106906837409783
M1,2.0,KCCA-logdet,16,0.8684511213758858,269,0,1.1852439274975721
M1,2.0,CorrCUSUM,17,0.6816617816601608,222,0,1.3790160913774456
M1,2.0,DCC-CUSUM,17,0.016363187059052965,223,0,0.33106906837409783
M1,2.0,KCCA-logdet,17,0.88483495455698,206,0,1.1852439274975721
M1,2.0,CorrCUSUM,18,1.0072686495362697,449,0,1.3790160913774456
M1,2.0,DCC-CUSUM,18,0.03689598681897882,450,0,0.33106906837409783
M1,2.0,KCCA-logdet,18,1.1625653712573105,61,0,1.1852439274975721
M1,2.0,CorrCUSUM,19,0.8083586535779952,123,0,1.3790160913774456
M1,2.0,DCC-CUSUM,19,0.022305515052550084,124,0,0.33106906837409783
M1,2.0,KCCA-logdet,19,1.301881677231805,119,1,1.1852439274975721
M1,2.0,CorrCUSUM,20,1.2307495455877657,385,0,1.3790160913774456
M1,2.0,DCC-CUSUM,20,0.006858126531114801,386,0,0.33106906837409783
M1,2.0,KCCA-logdet,20,0.8785129607564287,61,0,1.1852439274975721
M1,2.0,CorrCUSUM,21,1.8821404245892828,323,1,1.3790160913774456
M1,2.0,DCC-CUSUM,21,0.5046488735525307,431,1,0.33106906837409783
M1,2.0,KCCA-logdet,21,1.1543338869302417,289,0,1.1852439274975721
M1,2.0,CorrCUSUM,22,1.1156281899768599,301,0,1.3790160913774456
M1,2.0,DCC-CUSUM,22,0.14714359397298568,112,0,0.33106906837409783
M1,2.0,KCCA-logdet,22,0.9881259883180893,66,0,1.1852439274975721
M1,2.0,CorrCUSUM,23,1.2976885713954647,326,0,1.3790160913774456
M1,2.0,DCC-CUSUM,23,0.09397184274766143,454,0,0.33106906837409783
M1,2.0,KCCA-logdet,23,1.0813573814735034,154,0,1.1852439274975721
M1,2.0,CorrCUSUM,24,1.1034964845558206,485,0,1.3790160913774456
M1,2.0,DCC-CUSUM,24,0.009009694440580262,487,0,0.33106906837409783
M1,2.0,KCCA-logdet,24,0.9780262392813127,116,0,1.1852439274975721
M1,2.0,CorrCUSUM,25,0.777816578688672,418,0,1.3790160913774456
M1,2.0,DCC-CUSUM,25,0.03427335596366006,419,0,0.33106906837409783
M1,2.0,KCCA-logdet,25,1.6499547055207147,537,1,1.1852439274975721
M1,2.0,CorrCUSUM,26,0.5986491556793797,435,0,1.3790160913774456
M1,2.0,DCC-CUSUM,26,0.0011807906598428862,368,0,0.33106906837409783
M1,2.0,KCCA-logdet,26,1.1582533404529733,79,0,1.1852439274975721
M1,2.0,CorrCUSUM,27,0.9186402402382119,205,0,1.3790160913774456
M1,2.0,DCC-CUSUM,27,0.17202561459257706,213,0,0.33106906837409783
M1,2.0,KCCA-logdet,27,1.0286236639015216,539,0,1.1852439274975721
M1,2.0,CorrCUSUM,28,1.290386581794543,233,0,1.3790160913774456
M1,2.0,DCC-CUSUM,28,1.630271550825632e-16,234,0,0.33106906837409783
M1,2.0,KCCA-logdet,28,1.095766757534739,182,0,1.1852439274975721
M1,2.0,CorrCUSUM,29,1.0894852735688278,427,0,1.3790160913774456
M1,2.0,DCC-CUSUM,29,6.4363857352405186e-15,428,0,0.33106906837409783
M1,2.0,KCCA-logdet,29,1.0675110592317842,94,0,1.1852439274975721
M1,2.0,CorrCUSUM,30,0.9581006866678933,266,0,1.3790160913774456
M1,2.0,DCC-CUSUM,30,1.699674944388148e-16,455,0,0.33106906837409783
M1,2.0,KCCA-logdet,30,0.8443474700114674,60,0,1.1852439274975721
M1,2.0,CorrCUSUM,31,0.8050552470757393,168,0,1.3790160913774456
M1,2.0,DCC-CUSUM,31,0.037868767630385915,169,0,0.33106906837409783
M1,2.0,KCCA-logdet,31,0.8083345904010916,536,0,1.1852439274975721
M1,2.0,CorrCUSUM,32,1.3819508864931538,399,1,1.3790160913774456
M1,2.0,DCC-CUSUM,32,0.040927878300766316,400,0,0.33106906837409783
M1,2.0,KCCA-logdet,32,0.8800480158900461,189,0,1.1852439274975721
M1,2.0,CorrCUSUM,33,1.1759341160974803,298,0,1.3790160913774456
M1,2.0,DCC-CUSUM,33,3.8242686248733327e-17,540,0,0.33106906837409783
M1,2.0,KCCA-logdet,33,1.469114027568141,62,1,1.1852439274975721
M1,2.0,CorrCUSUM,34,0.8228946902624469,534,0,1.3790160913774456
M1,2.0,DCC-CUSUM,34,0.019695389244085697,535,0,0.33106906837409783
M1,2.0,KCCA-logdet,34,1.5151437979173978,63,1,1.1852439274975721
M1,2.0,CorrCUSUM,35,1.4645178830591574,351,1,1.3790160913774456
M1,2.0,DCC-CUSUM,35,1.3066251134983888e-16,352,0,0.33106906837409783
M1,2.0,KCCA-logdet,35,1.1761645476812816,97,0,1.1852439274975721
M1,2.0,CorrCUSUM,36,1.202699896432502,190,0,1.3790160913774456
M1,2.0,DCC-CUSUM,36,9.574835520053234e-17,537,0,0.33106906837409783
M1,2.0,KCCA-logdet,36,1.307543448662605,63,1,1.1852439274975721
M1,2.0,CorrCUSUM,37,2.399059646150585,276,1,1.3790160913774456
M1,2.0,DCC-CUSUM,37,0.40070052360539965,277,1,0.33106906837409783
M1,2.0,KCCA-logdet,37,0.9248159743115895,488,0,1.1852439274975721
M1,2.0,CorrCUSUM,38,0.8158524689422773,395,0,1.3790160913774456
M1,2.0,DCC-CUSUM,38,5.631943748019478e-17,262,0,0.33106906837409783
M1,2.0,KCCA-logdet,38,1.213114616297752,62,1,1.1852439274975721
M1,2.0,CorrCUSUM,39,1.267806066102523,288,0,1.3790160913774456
M1,2.0,DCC-CUSUM,39,0.06652834252310612,276,0,0.33106906837409783
M1,2.0,KCCA-logdet,39,0.8269178354917602,280,0,1.1852439274975721
M1,2.0,CorrCUSUM,40,1.9201126039787693,351,1,1.3790160913774456
M1,2.0,DCC-CUSUM,40,0.13808492693059704,352,0,0.33106906837409783
M1,2.0,KCCA-logdet,40,1.1517259749293662,283,0,1.1852439274975721
M1,2.0,CorrCUSUM,41,2.2630162043706976,288,1,1.3790160913774456
M1,2.0,DCC-CUSUM,41,0.959170225340689,309,1,0.33106906837409783
M1,2.0,KCCA-logdet,41,1.0031182098385203,176,0,1.1852439274975721
M1,2.0,CorrCUSUM,42,1.6476995962207712,288,1,1.3790160913774456
M1,2.0,DCC-CUSUM,42,0.2605988823158455,289,0,0.33106906837409783
M1,2.0,KCCA-logdet,42,1.0055534716094066,162,0,1.1852439274975721
M1,2.0,CorrCUSUM,43,0.6130935772970336,420,0,1.3790160913774456
M1,2.0,DCC-CUSUM,43,1.4900483679136097e-16,540,0,0.33106906837409783
M1,2.0,KCCA-logdet,43,0.8303786618729602,68,0,1.1852439274975721
M1,2.0,CorrCUSUM,44,1.81807403560572,241,1,1.3790160913774456
M1,2.0,DCC-CUSUM,44,0.11274904733404963,242,0,0.33106906837409783
M1,2.0,KCCA-logdet,44,1.1111272124924547,61,0,1.1852439274975721
M1,2.0,CorrCUSUM,45,0.6118783850012555,282,0,1.3790160913774456
M1,2.0,DCC-CUSUM,45,0.027128186533880234,490,0,0.33106906837409783
M1,2.0,KCCA-logdet,45,0.9455032380274692,296,0,1.1852439274975721
M1,2.0,CorrCUSUM,46,1.406914281484108,383,1,1.3790160913774456
M1,2.0,DCC-CUSUM,46,0.002113361492695273,383,0,0.33106906837409783
M1,2.0,KCCA-logdet,46,1.0965314183732289,120,0,1.1852439274975721
M1,2.0,CorrCUSUM,47,1.048301967290956,236,0,1.3790160913774456
M1,2.0,DCC-CUSUM,47,0.1490089539490296,239,0,0.33106906837409783
M1,2.0,KCCA-logdet,47,0.966903354272336,236,0,1.1852439274975721
M1,2.0,CorrCUSUM,48,1.1801704216553373,406,0,1.3790160913774456
M1,2.0,DCC-CUSUM,48,0.0024793280341999452,407,0,0.33106906837409783
M1,2.0,KCCA-logdet,48,1.3544254752981986,62,1,1.1852439274975721
M1,2.0,CorrCUSUM,49,0.6255524902357756,311,0,1.3790160913774456
M1,2.0,DCC-CUSUM,49,0.037909035865614886,312,0,0.33106906837409783
M1,2.0,KCCA-logdet,49,0.8236507586503409,256,0,1.1852439274975721
M1,2.0,CorrCUSUM,50,1.7279921316973934,305,1,1.3790160913774456
M1,2.0,DCC-CUSUM,50,0.23533221164032617,469,0,0.33106906837409783
M1,2.0,KCCA-logdet,50,0.7676478913419713,141,0,1.1852439274975721
M1,2.0,CorrCUSUM,51,0.7841066360112998,533,0,1.3790160913774456
M1,2.0,DCC-CUSUM,51,0.024473231014330982,118,0,0.33106906837409783
M1,2.0,KCCA-logdet,51,1.0505374458335865,75,0,1.1852439274975721
M1,2.0,CorrCUSUM,52,0.9686673531247311,506,0,1.3790160913774456
M1,2.0,DCC-CUSUM,52,0.19867492959254648,523,0,0.33106906837409783
M1,2.0,KCCA-logdet,52,0.8968234190455571,275,0,1.1852439274975721
M1,2.0,CorrCUSUM,53,0.6244656016536919,329,0,1.3790160913774456
M1,2.0,DCC-CUSUM,53,0.04785555477411105,332,0,0.33106906837409783
M1,2.0,KCCA-logdet,53,0.7655298926337692,86,0,1.1852439274975721
M1,2.0,CorrCUSUM,54,1.367612539197928,318,0,1.3790160913774456
M1,2.0,DCC-CUSUM,54,0.11519496495011565,319,0,0.33106906837409783
M1,2.0,KCCA-logdet,54,1.0120307072774193,97,0,1.1852439274975721
M1,2.0,CorrCUSUM,55,1.7468721876964488,370,1,1.3790160913774456
M1,2.0,DCC-CUSUM,55,0.15813499122167202,371,0,0.33106906837409783
M1,2.0,KCCA-logdet,55,0.9742457645413739,175,0,1.1852439274975721
M1,2.0,CorrCUSUM,56,1.0557686004944882,350,0,1.3790160913774456
M1,2.0,DCC-CUSUM,56,0.04598636668273158,109,0,0.33106906837409783
M1,2.0,KCCA-logdet,56,0.9851019314770374,92,0,1.1852439274975721
M1,2.0,CorrCUSUM,57,0.7210915776122798,478,0,1.3790160913774456
M1,2.0,DCC-CUSUM,57,0.01114434911885919,479,0,0.33106906837409783
M1,2.0,KCCA-logdet,57,0.9744432384758274,297,0,1.1852439274975721
M1,2.0,CorrCUSUM,58,0.9449131031895209,418,0,1.3790160913774456
M1,2.0,DCC-CUSUM,58,0.02901028850220372,419,0,0.33106906837409783
M1,2.0,KCCA-logdet,58,1.3697895427033149,89,1,1.1852439274975721
M1,2.0,CorrCUSUM,59,1.5618789405514755,315,1,1.3790160913774456
M1,2.0,DCC-CUSUM,59,0.14998286467209185,344,0,0.33106906837409783
M1,2.0,KCCA-logdet,59,0.9995314247685324,60,0,1.1852439274975721
M1,2.0,CorrCUSUM,60,1.215215530638457,194,0,1.3790160913774456
M1,2.0,DCC-CUSUM,60,0.1841236271335334,197,0,0.33106906837409783
M1,2.0,KCCA-logdet,60,0.9830781714693345,60,0,1.1852439274975721
M1,2.0,CorrCUSUM,61,1.0915107051615165,382,0,1.3790160913774456
M1,2.0,DCC-CUSUM,61,0.21153152223145266,291,0,0.33106906837409783
M1,2.0,KCCA-logdet,61,1.4222669478660803,76,1,1.1852439274975721
M1,2.0,CorrCUSUM,62,1.0608742805185427,418,0,1.3790160913774456
M1,2.0,DCC-CUSUM,62,0.0001202402613374099,419,0,0.33106906837409783
M1,2.0,KCCA-logdet,62,0.9135977787972144,125,0,1.1852439274975721
M1,2.0,CorrCUSUM,63,1.2796213777672674,457,0,1.3790160913774456
M1,2.0,DCC-CUSUM,63,0.1606841811520408,459,0,0.33106906837409783
M1,2.0,KCCA-logdet,63,1.1542649200410493,89,0,1.1852439274975721
M1,2.0,CorrCUSUM,64,1.0333142257704455,376,0,1.3790160913774456
M1,2.0,DCC-CUSUM,64,5.099024833164444e-18,377,0,0.33106906837409783
M1,2.0,KCCA-logdet,64,1.3870141889138925,82,1,1.1852439274975721
M1,2.0,CorrCUSUM,65,0.9876779788822647,106,0,1.3790160913774456
M1,2.0,DCC-CUSUM,65,3.087742815638469e-16,532,0,0.33106906837409783
M1,2.0,KCCA-logdet,65,1.7682191078994867,69,1,1.1852439274975721
M1,2.0,CorrCUSUM,66,0.5935554394276268,512,0,1.3790160913774456
M1,2.0,DCC-CUSUM,66,5.127352748904246e-17,513,0,0.33106906837409783
M1,2.0,KCCA-logdet,66,0.9035871771817203,300,0,1.1852439274975721
M1,2.0,CorrCUSUM,67,0.9455062777771623,321,0,1.3790160913774456
M1,2.0,DCC-CUSUM,67,7.492733713177752e-17,322,0,0.33106906837409783
M1,2.0,KCCA-logdet,67,0.7939664976620306,84,0,1.1852439274975721
M1,2.0,CorrCUSUM,68,1.3450684053242912,310,0,1.3790160913774456
M1,2.0,DCC-CUSUM,68,0.022049188821545995,311,0,0.33106906837409783
M1,2.0,KCCA-logdet,68,1.1834492656235869,73,0,1.1852439274975721
M1,2.0,CorrCUSUM,69,1.294602783024743,341,0,1.3790160913774456
M1,2.0,DCC-CUSUM,69,0.02837911600909866,347,0,0.33106906837409783
M1,2.0,KCCA-logdet,69,0.8108447435520937,527,0,1.1852439274975721
M1,2.0,CorrCUSUM,70,0.7584948774944132,540,0,1.3790160913774456
M1,2.0,DCC-CUSUM,70,5.771812831984753e-17,276,0,0.33106906837409783
M1,2.0,KCCA-logdet,70,0.8535851577393769,123,0,1.1852439274975721
M1,2.0,CorrCUSUM,71,0.9784198724477321,503,0,1.3790160913774456
M1,2.0,DCC-CUSUM,71,0.12112184464716395,507,0,0.33106906837409783
M1,2.0,KCCA-logdet,71,1.5073361128000444,72,1,1.1852439274975721
M1,2.0,CorrCUSUM,72,1.176197999128292,389,0,1.3790160913774456
M1,2.0,DCC-CUSUM,72,0.07727598300641118,391,0,0.33106906837409783
M1,2.0,KCCA-logdet,72,0.8739423300121836,195,0,1.1852439274975721
M1,2.0,CorrCUSUM,73,1.3360869239419266,404,0,1.3790160913774456
M1,2.0,DCC-CUSUM,73,0.043328637804961295,405,0,0.33106906837409783
M1,2.0,KCCA-logdet,73,1.3201498146423634,66,1,1.1852439274975721
M1,2.0,CorrCUSUM,74,1.1295164628546952,227,0,1.3790160913774456
M1,2.0,DCC-CUSUM,74,0.037147110923405266,251,0,0.33106906837409783
M1,2.0,KCCA-logdet,74,1.1601708839311096,106,0,1.1852439274975721
M1,2.0,CorrCUSUM,75,1.2552177334492896,327,0,1.3790160913774456
M1,2.0,DCC-CUSUM,75,1.515543492079432e-16,533,0,0.33106906837409783
M1,2.0,KCCA-logdet,75,1.1309049558137516,63,0,1.1852439274975721
M1,2.0,CorrCUSUM,76,0.8885524968838422,294,0,1.3790160913774456
M1,2.0,DCC-CUSUM,76,0.010967158082005962,295,0,0.33106906837409783
M1,2.0,KCCA-logdet,76,0.9072875148759992,299,0,1.1852439274975721
M1,2.0,CorrCUSUM,77,0.7949556359371868,426,0,1.3790160913774456
M1,2.0,DCC-CUSUM,77,0.02407178783713546,430,0,0.33106906837409783
M1,2.0,KCCA-logdet,77,1.3747037900088122,77,1,1.1852439274975721
M1,2.0,CorrCUSUM,78,1.2242588143396085,274,0,1.3790160913774456
M1,2.0,DCC-CUSUM,78,0.21361065989219616,293,0,0.33106906837409783
M1,2.0,KCCA-logdet,78,0.9872566342785489,253,0,1.1852439274975721
M1,2.0,CorrCUSUM,79,0.73901066116963,343,0,1.3790160913774456
M1,2.0,DCC-CUSUM,79,1.529707449949333e-16,540,0,0.33106906837409783
M1,2.0,KCCA-logdet,79,1.1727981795009639,88,0,1.1852439274975721
M1,2.0,CorrCUSUM,80,0.9051401298572214,211,0,1.3790160913774456
M1,2.0,DCC-CUSUM,80,8.059292027973801e-17,212,0,0.33106906837409783
M1,2.0,KCCA-logdet,80,1.0493591448384747,89,0,1.1852439274975721
M1,2.0,CorrCUSUM,81,1.2026727268884392,445,0,1.3790160913774456
M1,2.0,DCC-CUSUM,81,0.047981781359763685,448,0,0.33106906837409783
M1,2.0,KCCA-logdet,81,0.9599585725334284,83,0,1.1852439274975721
M1,2.0,CorrCUSUM,82,1.190119033744434,295,0,1.3790160913774456
M1,2.0,DCC-CUSUM,82,1.113287088574237e-16,292,0,0.33106906837409783
M1,2.0,KCCA-logdet,82,0.809914654094614,260,0,1.1852439274975721
M1,2.0,CorrCUSUM,83,0.7670655831495762,287,0,1.3790160913774456
M1,2.0,DCC-CUSUM,83,0.035926875875443166,288,0,0.33106906837409783
M1,2.0,KCCA-logdet,83,1.0400316283029323,289,0,1.1852439274975721
M1,2.0,CorrCUSUM,84,0.7432312527349596,502,0,1.3790160913774456
M1,2.0,DCC-CUSUM,84,0.01536815188145766,503,0,0.33106906837409783
M1,2.0,KCCA-logdet,84,1.2468916882271524,67,1,1.1852439274975721
M1,2.0,CorrCUSUM,85,0.7103792030936614,309,0,1.3790160913774456
M1,2.0,DCC-CUSUM,85,5.084860875294543e-17,469,0,0.33106906837409783
M1,2.0,KCCA-logdet,85,0.9382696446735466,60,0,1.1852439274975721
M1,2.0,CorrCUSUM,86,0.9342047510092876,296,0,1.3790160913774456
M1,2.0,DCC-CUSUM,86,1.3866514754633306e-16,297,0,0.33106906837409783
M1,2.0,KCCA-logdet,86,1.06724853479202,68,0,1.1852439274975721
M1,2.0,CorrCUSUM,87,0.8372236675793726,137,0,1.3790160913774456
M1,2.0,DCC-CUSUM,87,0.2070269483664546,152,0,0.33106906837409783
M1,2.0,KCCA-logdet,87,0.6612947703435557,67,0,1.1852439274975721
M1,2.0,CorrCUSUM,88,1.0997855743404636,329,0,1.3790160913774456
M1,2.0,DCC-CUSUM,88,8.441718890461135e-17,334,0,0.33106906837409783
M1,2.0,KCCA-logdet,88,1.3074120878511764,532,1,1.1852439274975721
M1,2.0,CorrCUSUM,89,0.6732474138352567,309,0,1.3790160913774456
M1,2.0,DCC-CUSUM,89,0.047890156555761954,213,0,0.33106906837409783
M1,2.0,KCCA-logdet,89,0.9686729230500722,121,0,1.1852439274975721
M1,2.0,CorrCUSUM,90,0.8979072296514892,435,0,1.3790160913774456
M1,2.0,DCC-CUSUM,90,1.1614445453319012e-16,527,0,0.33106906837409783
M1,2.0,KCCA-logdet,90,0.8469288672742578,238,0,1.1852439274975721
M1,2.0,CorrCUSUM,91,1.5056427070171186,423,1,1.3790160913774456
M1,2.0,DCC-CUSUM,91,0.16373051835564162,426,0,0.33106906837409783
M1,2.0,KCCA-logdet,91,1.0045214436514245,81,0,1.1852439274975721
M1,2.0,CorrCUSUM,92,0.8355895805232469,254,0,1.3790160913774456
M1,2.0,DCC-CUSUM,92,8.852473668688271e-17,148,0,0.33106906837409783
M1,2.0,KCCA-logdet,92,1.1467432093436223,255,0,1.1852439274975721
M1,2.0,CorrCUSUM,93,1.2548226154765374,269,0,1.3790160913774456
M1,2.0,DCC-CUSUM,93,1.0509656739466715e-16,243,0,0.33106906837409783
M1,2.0,KCCA-logdet,93,0.9695093875355765,65,0,1.1852439274975721
M1,2.0,CorrCUSUM,94,1.4563833031554725,392,1,1.3790160913774456
M1,2.0,DCC-CUSUM,94,9.050769078866888e-17,393,0,0.33106906837409783
M1,2.0,KCCA-logdet,94,0.9007288284055933,64,0,1.1852439274975721
M1,2.0,CorrCUSUM,95,0.4649226866309495,362,0,1.3790160913774456
M1,2.0,DCC-CUSUM,95,0.006725024309447014,178,0,0.33106906837409783
M1,2.0,KCCA-logdet,95,0.9244897421724695,272,0,1.1852439274975721
M1,2.0,CorrCUSUM,96,0.70575126752517,362,0,1.3790160913774456
M1,2.0,DCC-CUSUM,96,0.02794965072266698,363,0,0.33106906837409783
M1,2.0,KCCA-logdet,96,0.9940495436188379,80,0,1.1852439274975721
M1,2.0,CorrCUSUM,97,1.0560870171451395,477,0,1.3790160913774456
M1,2.0,DCC-CUSUM,97,0.22349805129067243,141,0,0.33106906837409783
M1,2.0,KCCA-logdet,97,0.8734095981476717,91,0,1.1852439274975721
M1,2.0,CorrCUSUM,98,1.3500016615723687,359,0,1.3790160913774456
M1,2.0,DCC-CUSUM,98,0.028325517036102855,360,0,0.33106906837409783
M1,2.0,KCCA-logdet,98,0.91635754194254,129,0,1.1852439274975721
M1,2.0,CorrCUSUM,99,1.0540415299714914,524,0,1.3790160913774456
M1,2.0,DCC-CUSUM,99,0.017946357056536705,525,0,0.33106906837409783
M1,2.0,KCCA-logdet,99,0.9457919741889134,126,0,1.1852439274975721
M1,2.0,CorrCUSUM,100,0.8779616493276216,391,0,1.3790160913774456
M1,2.0,DCC-CUSUM,100,0.03221168324365987,392,0,0.33106906837409783
M1,2.0,KCCA-logdet,100,1.0723433428021123,63,0,1.1852439274975721
M1,2.0,CorrCUSUM,101,0.8597339820168993,309,0,1.3790160913774456
M1,2.0,DCC-CUSUM,101,0.04507417344048712,294,0,0.33106906837409783
M1,2.0,KCCA-logdet,101,1.0230890188189599,61,0,1.1852439274975721
M1,2.0,CorrCUSUM,102,1.189547966658372,295,0,1.3790160913774456
M1,2.0,DCC-CUSUM,102,1.1444477958880196e-16,491,0,0.33106906837409783
M1,2.0,KCCA-logdet,102,0.8856735487801417,169,0,1.1852439274975721
M1,2.0,CorrCUSUM,103,1.0739788938698442,500,0,1.3790160913774456
M1,2.0,DCC-CUSUM,103,0.19530020071206272,326,0,0.33106906837409783
M1,2.0,KCCA-logdet,103,1.1132591256423843,496,0,1.1852439274975721
M1,2.0,CorrCUSUM,104,0.9214579713092156,242,0,1.3790160913774456
M1,2.0,DCC-CUSUM,104,2.3228890906638023e-17,240,0,0.33106906837409783
M1,2.0,KCCA-logdet,104,1.225538045976931,68,1,1.1852439274975721
M1,2.0,CorrCUSUM,105,0.9699666891398017,329,0,1.3790160913774456
M1,2.0,DCC-CUSUM,105,6.033846052577925e-17,496,0,0.33106906837409783
M1,2.0,KCCA-logdet,105,1.231890544680401,68,1,1.1852439274975721
M1,2.0,CorrCUSUM,106,0.8264434146832847,394,0,1.3790160913774456
M1,2.0,DCC-CUSUM,106,7.648537249746665e-17,540,0,0.33106906837409783
M1,2.0,KCCA-logdet,106,1.0555394877169055,103,0,1.1852439274975721
M1,2.0,CorrCUSUM,107,1.1328103070876525,495,0,1.3790160913774456
M1,2.0,DCC-CUSUM,107,0.10890624886316351,163,0,0.33106906837409783
M1,2.0,KCCA-logdet,107,0.9992488551876498,104,0,1.1852439274975721
M1,2.0,CorrCUSUM,108,1.7332635318578558,357,1,1.3790160913774456
M1,2.0,DCC-CUSUM,108,0.04556329240994878,358,0,0.33106906837409783
M1,2.0,KCCA-logdet,108,0.8946636351173952,74,0,1.1852439274975721
M1,2.0,CorrCUSUM,109,0.8087956654843131,437,0,1.3790160913774456
M1,2.0,DCC-CUSUM,109,0.0017303600754428239,438,0,0.33106906837409783
M1,2.0,KCCA-logdet,109,1.030881386813455,60,0,1.1852439274975721
M1,2.0,CorrCUSUM,110,1.1454346097739543,262,0,1.3790160913774456
M1,2.0,DCC-CUSUM,110,0.11548199578962222,285,0,0.33106906837409783
M1,2.0,KCCA-logdet,110,1.0421335756021946,242,0,1.1852439274975721
M1,2.0,CorrCUSUM,111,0.7203056399015872,97,0,1.3790160913774456
M1,2.0,DCC-CUSUM,111,7.01115914560111e-17,98,0,0.33106906837409783
M1,2.0,KCCA-logdet,111,0.9358217256912669,60,0,1.1852439274975721
M1,2.0,CorrCUSUM,112,0.8718340183075307,218,0,1.3790160913774456
M1,2.0,DCC-CUSUM,112,0.05771510839384909,219,0,0.33106906837409783
M1,2.0,KCCA-logdet,112,0.9707370323296891,79,0,1.1852439274975721
M1,2.0,CorrCUSUM,113,1.096241358718009,394,0,1.3790160913774456
M1,2.0,DCC-CUSUM,113,9.036605120996987e-17,395,0,0.33106906837409783
M1,2.0,KCCA-logdet,113,1.0098282934926046,68,0,1.1852439274975721
M1,2.0,CorrCUSUM,114,1.0047566638573497,366,0,1.3790160913774456
M1,2.0,DCC-CUSUM,114,9.7660489512969e-17,367,0,0.33106906837409783
M1,2.0,KCCA-logdet,114,0.7384169140525334,72,0,1.1852439274975721
M1,2.0,CorrCUSUM,115,0.5494312988992548,342,0,1.3790160913774456
M1,2.0,DCC-CUSUM,115,0.001490196049168514,331,0,0.33106906837409783
M1,2.0,KCCA-logdet,115,0.8179236723087593,80,0,1.1852439274975721
M1,2.0,CorrCUSUM,116,0.52423350567964,338,0,1.3790160913774456
M1,2.0,DCC-CUSUM,116,7.988472238624296e-17,482,0,0.33106906837409783
M1,2.0,KCCA-logdet,116,1.004428157103065,297,0,1.1852439274975721
M1,2.0,CorrCUSUM,117,0.6795879618980198,260,0,1.3790160913774456
M1,2.0,DCC-CUSUM,117,7.832668702055382e-17,261,0,0.33106906837409783
M1,2.0,KCCA-logdet,117,0.8773969287897617,145,0,1.1852439274975721
M1,2.0,CorrCUSUM,118,1.0553265658505135,383,0,1.3790160913774456
M1,2.0,DCC-CUSUM,118,0.07038960763173044,384,0,0.33106906837409783
M1,2.0,KCCA-logdet,118,1.3984122635327503,99,1,1.1852439274975721
M1,2.0,CorrCUSUM,119,0.693842914622195,487,0,1.3790160913774456
M1,2.0,DCC-CUSUM,119,7.110306850690419e-17,518,0,0.33106906837409783
M1,2.0,KCCA-logdet,119,1.045018988149216,216,0,1.1852439274975721
M1,2.0,CorrCUSUM,120,0.9289764408149535,175,0,1.3790160913774456
M1,2.0,DCC-CUSUM,120,9.135752826086296e-17,176,0,0.33106906837409783
M1,2.0,KCCA-logdet,120,1.1557837187492521,88,0,1.1852439274975721
M1,2.0,CorrCUSUM,121,0.7841977885529496,356,0,1.3790160913774456
M1,2.0,DCC-CUSUM,121,0.00894583837715855,511,0,0.33106906837409783
M1,2.0,KCCA-logdet,121,0.8714293519618064,72,0,1.1852439274975721
M1,2.0,CorrCUSUM,122,0.6075624437367787,499,0,1.3790160913774456
M1,2.0,DCC-CUSUM,122,0.005462112917218335,500,0,0.33106906837409783
M1,2.0,KCCA-logdet,122,0.8862616848005673,65,0,1.1852439274975721
M1,2.0,CorrCUSUM,123,1.4206432122317993,351,1,1.3790160913774456
M1,2.0,DCC-CUSUM,123,0.047042543337063064,357,0,0.33106906837409783
M1,2.0,KCCA-logdet,123,1.1514828297103918,116,0,1.1852439274975721
M1,2.0,CorrCUSUM,124,0.5829126601369806,520,0,1.3790160913774456
M1,2.0,DCC-CUSUM,124,0.0027839488902775384,521,0,0.33106906837409783
M1,2.0,KCCA-logdet,124,0.9834553666255089,519,0,1.1852439274975721
M1,2.0,CorrCUSUM,125,1.2468045864283899,471,0,1.3790160913774456
M1,2.0,DCC-CUSUM,125,4.36249902392958e-17,493,0,0.33106906837409783
M1,2.0,KCCA-logdet,125,1.5045586330548677,60,1,1.1852439274975721
M1,2.0,CorrCUSUM,126,0.7563819131268713,446,0,1.3790160913774456
M1,2.0,DCC-CUSUM,126,0.018413195625330097,447,0,0.33106906837409783
M1,2.0,KCCA-logdet,126,1.0406863501893828,169,0,1.1852439274975721
M1,2.0,CorrCUSUM,127,0.6727691891788303,392,0,1.3790160913774456
M1,2.0,DCC-CUSUM,127,5.5469600008000704e-17,214,0,0.33106906837409783
M1,2.0,KCCA-logdet,127,1.1453528272888294,186,0,1.1852439274975721
M1,2.0,CorrCUSUM,128,1.1755889862712923,315,0,1.3790160913774456
M1,2.0,DCC-CUSUM,128,0.02415634489971482,318,0,0.33106906837409783
M1,2.0,KCCA-logdet,128,1.1999311613647954,61,1,1.1852439274975721
M1,2.0,CorrCUSUM,129,0.9717783959489865,310,0,1.3790160913774456
M1,2.0,DCC-CUSUM,129,0.004471251542972432,146,0,0.33106906837409783
M1,2.0,KCCA-logdet,129,1.0142745443622307,300,0,1.1852439274975721
M1,2.0,CorrCUSUM,130,1.23810305201613,424,0,1.3790160913774456
M1,2.0,DCC-CUSUM,130,0.1375459956221262,437,0,0.33106906837409783
M1,2.0,KCCA-logdet,130,0.9325223270613925,62,0,1.1852439274975721
M1,2.0,CorrCUSUM,131,0.8201851682792115,321,0,1.3790160913774456
M1,2.0,DCC-CUSUM,131,8.101783901583506e-17,371,0,0.33106906837409783
M1,2.0,KCCA-logdet,131,0.83111938958385,260,0,1.1852439274975721
M1,2.0,CorrCUSUM,132,1.1156346380114082,412,0,1.3790160913774456
M1,2.0,DCC-CUSUM,132,1.2265987515334468e-16,413,0,0.33106906837409783
M1,2.0,KCCA-logdet,132,1.5154635221246957,84,1,1.1852439274975721
M1,2.0,CorrCUSUM,133,0.7896889536674563,248,0,1.3790160913774456
M1,2.0,DCC-CUSUM,133,7.960144322884494e-17,249,0,0.33106906837409783
M1,2.0,KCCA-logdet,133,1.0498822695927752,156,0,1.1852439274975721
M1,2.0,CorrCUSUM,134,0.6805784115366876,477,0,1.3790160913774456
M1,2.0,DCC-CUSUM,134,0.049695709298690126,478,0,0.33106906837409783
M1,2.0,KCCA-logdet,134,1.042866613246962,149,0,1.1852439274975721
M1,2.0,CorrCUSUM,135,1.1713664923467977,345,0,1.3790160913774456
M1,2.0,DCC-CUSUM,135,0.07514424121473656,273,0,0.33106906837409783
M1,2.0,KCCA-logdet,135,1.0922419810983985,540,0,1.1852439274975721
M1,2.0,CorrCUSUM,136,1.4003371331060968,319,1,1.3790160913774456
M1,2.0,DCC-CUSUM,136,0.1336687400631624,320,0,0.33106906837409783
M1,2.0,KCCA-logdet,136,1.0484667083288122,299,0,1.1852439274975721
M1,2.0,CorrCUSUM,137,1.3430614103786433,517,0,1.3790160913774456
M1,2.0,DCC-CUSUM,137,0.06508352902351769,520,0,0.33106906837409783
M1,2.0,KCCA-logdet,137,0.9985530856963224,60,0,1.1852439274975721
M1,2.0,CorrCUSUM,138,0.5951716014301939,468,0,1.3790160913774456
M1,2.0,DCC-CUSUM,138,0.03469979281314877,497,0,0.33106906837409783
M1,2.0,KCCA-logdet,138,0.7606265668933205,210,0,1.1852439274975721
M1,2.0,CorrCUSUM,139,1.0600452943731067,454,0,1.3790160913774456
M1,2.0,DCC-CUSUM,139,1.206769210515585e-16,357,0,0.33106906837409783
M1,2.0,KCCA-logdet,139,0.8826374950575421,98,0,1.1852439274975721
M1,2.0,CorrCUSUM,140,0.6299331822879164,529,0,1.3790160913774456
M1,2.0,DCC-CUSUM,140,0.05380640364872258,119,0,0.33106906837409783
M1,2.0,KCCA-logdet,140,1.0850178059699414,60,0,1.1852439274975721
M1,2.0,CorrCUSUM,141,1.0164568531379696,239,0,1.3790160913774456
M1,2.0,DCC-CUSUM,141,7.407749965958345e-17,523,0,0.33106906837409783
M1,2.0,KCCA-logdet,141,0.9339073117063541,65,0,1.1852439274975721
M1,2.0,CorrCUSUM,142,1.1715648755266062,306,0,1.3790160913774456
M1,2.0,DCC-CUSUM,142,0.05556928993520113,307,0,0.33106906837409783
M1,2.0,KCCA-logdet,142,0.8905062670999926,119,0,1.1852439274975721
M1,2.0,CorrCUSUM,143,1.0335506752578663,315,0,1.3790160913774456
M1,2.0,DCC-CUSUM,143,0.06266020645428251,316,0,0.33106906837409783
M1,2.0,KCCA-logdet,143,0.879962412081962,283,0,1.1852439274975721
M1,2.0,CorrCUSUM,144,0.8416767222104709,410,0,1.3790160913774456
M1,2.0,DCC-CUSUM,144,0.04807857283862542,417,0,0.33106906837409783
M1,2.0,KCCA-logdet,144,1.1729039175882932,61,0,1.1852439274975721
M1,2.0,CorrCUSUM,145,1.3179593512554335,329,0,1.3790160913774456
M1,2.0,DCC-CUSUM,145,1.0247623518873542e-16,204,0,0.33106906837409783
M1,2.0,KCCA-logdet,145,1.163723811652153,185,0,1.1852439274975721
M1,2.0,CorrCUSUM,146,0.6100959486229582,211,0,1.3790160913774456
M1,2.0,DCC-CUSUM,146,0.11414916676217063,102,0,0.33106906837409783
M1,2.0,KCCA-logdet,146,1.1966483721267964,60,1,1.1852439274975721
M1,2.0,CorrCUSUM,147,0.6231314574786019,463,0,1.3790160913774456
M1,2.0,DCC-CUSUM,147,7.308602260869036e-17,464,0,0.33106906837409783
M1,2.0,KCCA-logdet,147,0.8166938956380247,66,0,1.1852439274975721
M1,2.0,CorrCUSUM,148,1.3723226172593068,349,0,1.3790160913774456
M1,2.0,DCC-CUSUM,148,0.027683464583302002,352,0,0.33106906837409783
M1,2.0,KCCA-logdet,148,1.0017477487221182,150,0,1.1852439274975721
M1,2.0,CorrCUSUM,149,0.9447481469529494,154,0,1.3790160913774456
M1,2.0,DCC-CUSUM,149,8.016800154364098e-17,155,0,0.33106906837409783
M1,2.0,KCCA-logdet,149,0.9520288019804761,61,0,1.1852439274975721
M1,2.0,CorrCUSUM,150,0.6537948543779573,330,0,1.3790160913774456
M1,2.0,DCC-CUSUM,150,0.15022334293536269,60,0,0.33106906837409783
M1,2.0,KCCA-logdet,150,0.759832902258134,213,0,1.1852439274975721
M1,2.0,CorrCUSUM,151,0.8329878273970814,461,0,1.3790160913774456
M1,2.0,DCC-CUSUM,151,1.2818381872260616e-16,462,0,0.33106906837409783
M1,2.0,KCCA-logdet,151,0.9594476433770301,226,0,1.1852439274975721
M1,2.0,CorrCUSUM,152,0.7614658619485113,250,0,1.3790160913774456
M1,2.0,DCC-CUSUM,152,0.047719530922713714,251,0,0.33106906837409783
M1,2.0,KCCA-logdet,152,1.314243933663573,77,1,1.1852439274975721
M1,2.0,CorrCUSUM,153,0.9975507838350524,292,0,1.3790160913774456
M1,2.0,DCC-CUSUM,153,0.041428618838568416,294,0,0.33106906837409783
M1,2.0,KCCA-logdet,153,1.2207829150959355,61,1,1.1852439274975721
M1,2.0,CorrCUSUM,154,1.166165531929787,460,0,1.3790160913774456
M1,2.0,DCC-CUSUM,154,1.2435955009773284e-16,461,0,0.33106906837409783
M1,2.0,KCCA-logdet,154,0.77013522577352,295,0,1.1852439274975721
M1,2.0,CorrCUSUM,155,0.9572201409466357,201,0,1.3790160913774456
M1,2.0,DCC-CUSUM,155,1.0892083601954049e-16,534,0,0.33106906837409783
M1,2.0,KCCA-logdet,155,1.1944731052664568,72,1,1.1852439274975721
M1,2.0,CorrCUSUM,156,1.5964418820283004,304,1,1.3790160913774456
M1,2.0,DCC-CUSUM,156,0.2626208413064937,378,0,0.33106906837409783
M1,2.0,KCCA-logdet,156,1.0126294256263497,66,0,1.1852439274975721
M1,2.0,CorrCUSUM,157,0.7179765004188692,129,0,1.3790160913774456
M1,2.0,DCC-CUSUM,157,8.009718175429147e-17,85,0,0.33106906837409783
M1,2.0,KCCA-logdet,157,1.281455471487256,234,1,1.1852439274975721
M1,2.0,CorrCUSUM,158,0.9986849740415145,471,0,1.3790160913774456
M1,2.0,DCC-CUSUM,158,0.05402122650840613,476,0,0.33106906837409783
M1,2.0,KCCA-logdet,158,1.3665232357685015,65,1,1.1852439274975721
M1,2.0,CorrCUSUM,159,0.8409243255211359,276,0,1.3790160913774456
M1,2.0,DCC-CUSUM,159,0.15184484713255622,316,0,0.33106906837409783
M1,2.0,KCCA-logdet,159,1.0443324902048163,77,0,1.1852439274975721
M1,2.0,CorrCUSUM,160,1.3245411940585237,279,0,1.3790160913774456
M1,2.0,DCC-CUSUM,160,1.1104542970002567e-16,537,0,0.33106906837409783
M1,2.0,KCCA-logdet,160,1.3928343715437639,284,1,1.1852439274975721
M1,2.0,CorrCUSUM,161,0.8973107133875028,295,0,1.3790160913774456
M1,2.0,DCC-CUSUM,161,0.10830736991235812,303,0,0.33106906837409783
M1,2.0,KCCA-logdet,161,1.0104470246708128,64,0,1.1852439274975721
M1,2.0,CorrCUSUM,162,0.8949721987641646,515,0,1.3790160913774456
M1,2.0,DCC-CUSUM,162,1.0991231307043356e-16,516,0,0.33106906837409783
M1,2.0,KCCA-logdet,162,1.0167340000343332,77,0,1.1852439274975721
M1,2.0,CorrCUSUM,163,0.9652210248685688,109,0,1.3790160913774456
M1,2.0,DCC-CUSUM,163,3.0990739819343897e-16,110,0,0.33106906837409783
M1,2.0,KCCA-logdet,163,0.9817075802617921,203,0,1.1852439274975721
M1,2.0,CorrCUSUM,164,1.3964822868600673,478,1,1.3790160913774456
M1,2.0,DCC-CUSUM,164,0.016472672149402498,479,0,0.33106906837409783
M1,2.0,KCCA-logdet,164,1.011405912091689,160,0,1.1852439274975721
M1,2.0,CorrCUSUM,165,0.7304751252362585,63,0,1.3790160913774456
M1,2.0,DCC-CUSUM,165,4.9290573387256294e-17,64,0,0.33106906837409783
M1,2.0,KCCA-logdet,165,1.228743069511075,63,1,1.1852439274975721
M1,2.0,CorrCUSUM,166,1.341038951987561,303,0,1.3790160913774456
M1,2.0,DCC-CUSUM,166,1.2906906608947498e-16,191,0,0.33106906837409783
M1,2.0,KCCA-logdet,166,1.1813346157513047,60,0,1.1852439274975721
M1,2.0,CorrCUSUM,167,0.9001318550697013,461,0,1.3790160913774456
M1,2.0,DCC-CUSUM,167,0.019578484219919902,462,0,0.33106906837409783
M1,2.0,KCCA-logdet,167,1.2152174546550474,85,1,1.1852439274975721
M1,2.0,CorrCUSUM,168,0.9419821482742103,350,0,1.3790160913774456
M1,2.0,DCC-CUSUM,168,3.726006167150893e-17,351,0,0.33106906837409783
M1,2.0,KCCA-logdet,168,0.9285436831241733,277,0,1.1852439274975721
M1,2.0,CorrCUSUM,169,0.49794808358934595,465,0,1.3790160913774456
M1,2.0,DCC-CUSUM,169,3.880924456352938e-17,466,0,0.33106906837409783
M1,2.0,KCCA-logdet,169,1.1537329271827181,67,0,1.1852439274975721
M1,2.0,CorrCUSUM,170,1.439688160645469,458,1,1.3790160913774456
M1,2.0,DCC-CUSUM,170,0.37640373079861306,223,1,0.33106906837409783
M1,2.0,KCCA-logdet,170,1.1455562446275394,110,0,1.1852439274975721
M1,2.0,CorrCUSUM,171,1.3264427934454817,234,0,1.3790160913774456
M1,2.0,DCC-CUSUM,171,0.17061486683223046,243,0,0.33106906837409783
M1,2.0,KCCA-logdet,171,1.3502717902832477,60,1,1.1852439274975721
M1,2.0,CorrCUSUM,172,0.7081622071643572,425,0,1.3790160913774456
M1,2.0,DCC-CUSUM,172,7.223618513649628e-17,167,0,0.33106906837409783
M1,2.0,KCCA-logdet,172,0.9042230587715788,539,0,1.1852439274975721
M1,2.0,CorrCUSUM,173,0.9137838352884887,216,0,1.3790160913774456
M1,2.0,DCC-CUSUM,173,0.04003325614939401,219,0,0.33106906837409783
M1,2.0,KCCA-logdet,173,1.489450058263228,62,1,1.1852439274975721
M1,2.0,CorrCUSUM,174,0.8010314352854582,509,0,1.3790160913774456
M1,2.0,DCC-CUSUM,174,0.01245205881441226,509,0,0.33106906837409783
M1,2.0,KCCA-logdet,174,0.8462132571091346,277,0,1.1852439274975721
M1,2.0,CorrCUSUM,175,1.0628461201459982,164,0,1.3790160913774456
M1,2.0,DCC-CUSUM,175,8.597522427030049e-17,165,0,0.33106906837409783
M1,2.0,KCCA-logdet,175,0.8714933340294001,67,0,1.1852439274975721
M1,2.0,CorrCUSUM,176,1.1784443307716748,450,0,1.3790160913774456
M1,2.0,DCC-CUSUM,176,0.015702098344267335,488,0,0.33106906837409783
M1,2.0,KCCA-logdet,176,1.553271890072325,60,1,1.1852439274975721
M1,2.0,CorrCUSUM,177,0.9203007013687327,351,0,1.3790160913774456
M1,2.0,DCC-CUSUM,177,0.03828769355381654,355,0,0.33106906837409783
M1,2.0,KCCA-logdet,177,1.0465950478447923,536,0,1.1852439274975721
M1,2.0,CorrCUSUM,178,0.9184047165960592,374,0,1.3790160913774456
M1,2.0,DCC-CUSUM,178,1.1331166295920987e-16,444,0,0.33106906837409783
M1,2.0,KCCA-logdet,178,1.1478211576084347,60,0,1.1852439274975721
M1,2.0,CorrCUSUM,179,0.7037696397801017,167,0,1.3790160913774456
M1,2.0,DCC-CUSUM,179,0.018522285319551367,168,0,0.33106906837409783
M1,2.0,KCCA-logdet,179,0.9795017630378157,71,0,1.1852439274975721
M1,2.0,CorrCUSUM,180,1.4463015259808478,321,1,1.3790160913774456
M1,2.0,DCC-CUSUM,180,1.215267585237526e-16,322,0,0.33106906837409783
M1,2.0,KCCA-logdet,180,0.6821177669843558,61,0,1.1852439274975721
M1,2.0,CorrCUSUM,181,1.0487474988728778,326,0,1.3790160913774456
M1,2.0,DCC-CUSUM,181,0.05053341128043642,433,0,0.33106906837409783
M1,2.0,KCCA-logdet,181,0.9848446797841839,69,0,1.1852439274975721
M1,2.0,CorrCUSUM,182,1.210412340844974,335,0,1.3790160913774456
M1,2.0,DCC-CUSUM,182,0.056039746587251416,349,0,0.33106906837409783
M1,2.0,KCCA-logdet,182,1.5787701633642262,60,1,1.1852439274975721
M1,2.0,CorrCUSUM,183,0.47227295578815937,527,0,1.3790160913774456
M1,2.0,DCC-CUSUM,183,3.399349888776296e-17,428,0,0.33106906837409783
M1,2.0,KCCA-logdet,183,1.7216830585337346,534,1,1.1852439274975721
M1,2.0,CorrCUSUM,184,1.2248084080223276,456,0,1.3790160913774456
M1,2.0,DCC-CUSUM,184,0.13006296337103934,465,0,0.33106906837409783
M1,2.0,KCCA-logdet,184,1.2355708265265792,136,1,1.1852439274975721
M1,2.0,CorrCUSUM,185,0.953002063005461,327,0,1.3790160913774456
M1,2.0,DCC-CUSUM,185,0.025003508624820227,509,0,0.33106906837409783
M1,2.0,KCCA-logdet,185,0.9869499695305037,286,0,1.1852439274975721
M1,2.0,CorrCUSUM,186,1.1255357163602226,149,0,1.3790160913774456
M1,2.0,DCC-CUSUM,186,0.05512446251451236,150,0,0.33106906837409783
M1,2.0,KCCA-logdet,186,0.9911415491712171,147,0,1.1852439274975721
M1,2.0,CorrCUSUM,187,0.8219495554106223,242,0,1.3790160913774456
M1,2.0,DCC-CUSUM,187,8.356735143241727e-17,437,0,0.33106906837409783
M1,2.0,KCCA-logdet,187,1.241374575699326,70,1,1.1852439274975721
M1,2.0,CorrCUSUM,188,1.1303027064716964,325,0,1.3790160913774456
M1,2.0,DCC-CUSUM,188,1.436225328007985e-16,326,0,0.33106906837409783
M1,2.0,KCCA-logdet,188,0.9766420719884813,78,0,1.1852439274975721
M1,2.0,CorrCUSUM,189,0.8096600342863516,381,0,1.3790160913774456
M1,2.0,DCC-CUSUM,189,0.013450583553576905,384,0,0.33106906837409783
M1,2.0,KCCA-logdet,189,1.095903257625047,69,0,1.1852439274975721
M1,2.0,CorrCUSUM,190,0.8257280763392697,312,0,1.3790160913774456
M1,2.0,DCC-CUSUM,190,0.04788104715966044,314,0,0.33106906837409783
M1,2.0,KCCA-logdet,190,0.9954449820171037,70,0,1.1852439274975721
M1,2.0,CorrCUSUM,191,1.0448380053453712,311,0,1.3790160913774456
M1,2.0,DCC-CUSUM,191,7.93181640714469e-17,538,0,0.33106906837409783
M1,2.0,KCCA-logdet,191,1.0705724072929326,90,0,1.1852439274975721
M1,2.0,CorrCUSUM,192,1.0082008921038452,333,0,1.3790160913774456
M1,2.0,DCC-CUSUM,192,0.05996642852649139,336,0,0.33106906837409783
M1,2.0,KCCA-logdet,192,0.7837380596319676,60,0,1.1852439274975721
M1,2.0,CorrCUSUM,193,1.1498310810405965,307,0,1.3790160913774456
M1,2.0,DCC-CUSUM,193,0.0013751773345575863,342,0,0.33106906837409783
M1,2.0,KCCA-logdet,193,0.8241693258906941,292,0,1.1852439274975721
M1,2.0,CorrCUSUM,194,0.66865722484325,393,0,1.3790160913774456
M1,2.0,DCC-CUSUM,194,0.061703109717695964,394,0,0.33106906837409783
M1,2.0,KCCA-logdet,194,1.1729957900103811,79,0,1.1852439274975721
M1,2.0,CorrCUSUM,195,1.129393758315075,229,0,1.3790160913774456
M1,2.0,DCC-CUSUM,195,0.12862301688437544,230,0,0.33106906837409783
M1,2.0,KCCA-logdet,195,0.8452382584930479,189,0,1.1852439274975721
M1,2.0,CorrCUSUM,196,0.9460815855373823,197,0,1.3790160913774456
M1,2.0,DCC-CUSUM,196,1.0311361329288098e-16,411,0,0.33106906837409783
M1,2.0,KCCA-logdet,196,1.2340599598769042,65,1,1.1852439274975721
M1,2.0,CorrCUSUM,197,2.0233041304769457,311,1,1.3790160913774456
M1,2.0,DCC-CUSUM,197,0.08668041965603894,316,0,0.33106906837409783
M1,2.0,KCCA-logdet,197,1.0007469410900687,134,0,1.1852439274975721
M1,2.0,CorrCUSUM,198,0.7778921047167527,540,0,1.3790160913774456
M1,2.0,DCC-CUSUM,198,6.940339356251605e-17,526,0,0.33106906837409783
M1,2.0,KCCA-logdet,198,1.1510954534602482,60,0,1.1852439274975721
M1,2.0,CorrCUSUM,199,0.7395110115195003,184,0,1.3790160913774456
M1,2.0,DCC-CUSUM,199,0.008087463200091453,218,0,0.33106906837409783
M1,2.0,KCCA-logdet,199,1.194114698690208,126,1,1.1852439274975721
