cell,rep,beta,beta_at_grid_edge,n_cand,cands,T_obs,p_nominal_min,p_fullperm,perm_fire,T_perm,secs
null_ar,6,15.9915,0,0,,-inf,1.0,1.0,0,-inf -inf -inf -inf -inf -inf -inf -inf -inf -inf -inf -inf -inf -inf -inf -inf -inf -inf -inf -inf -inf -inf -inf -inf -inf -inf -inf -inf -inf -inf -inf -inf -inf -inf -inf -inf -inf -inf -inf -inf -inf -inf -inf -inf -inf -inf -inf -inf -inf -inf -inf -inf -inf -inf -inf -inf -inf -inf -inf -inf -inf -inf -inf -inf -inf -inf -inf -inf -inf -inf -inf -inf -inf -inf -inf -inf -inf -inf -inf -inf -inf -inf -inf -inf -inf -inf -inf -inf -inf -inf -inf -inf -inf -inf -inf -inf -inf -inf -inf,14.1
M1_s1.6,0,8.1775,0,1,19:1.893637:0.3800,1.8936370056523149,0.38,0.01,3,-inf -inf -inf -inf 0.929710 -inf -inf -inf -inf -inf -inf -inf -inf -inf -inf -inf -inf -inf -inf -inf -inf -inf -inf -inf -inf -inf -inf -inf -inf 1.576636 -inf -inf -inf -inf -inf -inf -inf -inf -inf -inf -inf -inf -inf -inf -inf 0.421359 -inf -inf -inf -inf -inf -inf -inf -inf -inf -inf -inf -inf -inf -inf -inf -inf -inf -inf -inf -inf -inf -inf -inf -inf -inf -inf -inf -inf -inf -inf -inf -inf -inf -inf -inf -inf -inf -inf -inf -inf -inf -inf -inf -inf -inf -inf -inf -inf -inf -inf -inf -inf -inf,15.9
D2_a0.9,0,6.2533,0,1,22:2.594743:0.1400,2.5947433970309994,0.14,0.06,11,-inf -inf -inf -inf -inf -inf -inf -inf -inf -inf -inf 1.549030 -inf -inf -inf -inf -inf -inf -inf 3.803462 -inf -inf -inf -inf 1.233862 -inf -inf -inf -inf 0.680606 -inf -inf -inf -inf -inf -inf -inf -inf -inf -inf -inf -inf -inf -inf -inf 1.181615 -inf -inf 0.706584 -inf -inf -inf -inf -inf -inf -inf -inf -inf -inf -inf -inf -inf -inf -inf -inf -inf 4.351464 -inf 2.643237 -inf -inf -inf -inf -inf -inf -inf -inf -inf -inf -inf -inf 3.320554 -inf 1.448319 -inf -inf -inf -inf -inf -inf 4.524871 -inf -inf -inf -inf -inf -inf -inf -inf,19.0
D2_a0.9,5,5.4684,0,1,22:3.339215:0.0300,3.339214918943858,0.03,0.01,0,-inf -inf -inf -inf -inf -inf -inf -inf -inf -inf -inf -inf -inf -inf -inf -inf -inf -inf -inf -inf -inf -inf -inf -inf -inf -inf -inf -inf -inf -inf -inf -inf -inf -inf -inf -inf -inf -inf -inf -inf -inf -inf -inf -inf -inf -inf -inf -inf -inf -inf -inf -inf -inf -inf -inf -inf -inf -inf -inf -inf -inf -inf -inf -inf -inf -inf -inf -inf -inf -inf -inf -inf -inf -inf -inf -inf -inf -inf -inf -inf -inf -inf -inf -inf -inf -inf -inf -inf -inf -inf -inf -inf -inf -inf -inf -inf -inf -inf -inf,19.4
null_ar,1,18.287,0,0,,-inf,1.0,1.0,2,-inf -inf -inf -inf -inf -inf -inf -inf -inf -inf -inf -inf -inf -inf -inf -inf -inf -inf -inf -inf -inf -inf -inf -inf -inf -inf -inf -inf -inf -inf -inf -inf -inf -inf -inf -inf -inf 1.920872 -inf -inf -inf -inf -inf -inf -inf -inf -inf -inf -inf -inf -inf -inf -inf -inf -inf -inf -inf -inf -inf -inf -inf -inf -inf -inf 2.162962 -inf -inf -inf -inf -inf -inf -inf -inf -inf -inf -inf -inf -inf -inf -inf -inf -inf -inf -inf -inf -inf -inf -inf -inf -inf -inf -inf -inf -inf -inf -inf -inf -inf -inf,19.8
D2_a0.9,8,7.151,0,1,20:3.686278:0.0200,3.686278321221812,0.02,0.01,7,-inf -inf -inf -inf -inf -inf -inf -inf -inf -inf -inf -inf -inf -inf -inf -inf -inf 3.032524 -inf 3.360438 -inf -inf -inf -inf -inf 3.305868 -inf -inf -inf -inf -inf -inf -inf -inf -inf -inf -inf 1.751016 -inf 3.098421 -inf -inf -inf -inf -inf -inf -inf -inf 3.237220 -inf -inf -inf -inf -inf 2.965317 -inf -inf -inf -inf -inf -inf -inf -inf -inf -inf -inf -inf -inf -inf -inf -inf -inf -inf -inf -inf -inf -inf -inf -inf -inf -inf -inf -inf -inf -inf -inf -inf -inf -inf -inf -inf -inf -inf -inf -inf -inf -inf -inf -inf,20.0
null_ar,4,15.9915,0,0,,-inf,1.0,1.0,2,-inf -inf -inf -inf -inf -inf -inf -inf -inf -inf -inf -inf -inf -inf -inf -inf -inf -inf -inf -inf -inf -inf -inf -inf -inf -inf -inf -inf -inf -inf -inf -inf -inf -inf -inf -inf -inf -inf -inf -inf -inf -inf -inf -inf -inf -inf -inf -inf -inf -inf -inf -inf -inf -inf -inf -inf -inf -inf -inf -inf -inf -inf -inf -inf -inf -inf -inf -inf -inf -inf -inf 2.114615 -inf -inf -inf -inf -0.163441 -inf -inf -inf -inf -inf -inf -inf -inf -inf -inf -inf -inf -inf -inf -inf -inf -inf -inf -inf -inf -inf -inf,20.7
null_ar,0,10.6937,0,0,,-inf,1.0,1.0,8,-inf -inf -inf -inf -inf -inf -inf -inf -inf -inf -inf -inf -inf -inf -inf -inf -inf -inf -inf -inf -inf -inf -inf -inf -inf -inf 2.724793 -inf -inf -inf -inf -inf -inf -inf 1.047364 -inf -inf -inf -inf -inf -inf -inf -inf -inf -inf -inf -inf -inf -inf 1.004610 -inf -inf -inf -inf -inf -inf -inf -inf -inf -inf -inf -inf -inf -inf -inf -inf -inf -inf -inf -inf -inf 0.997602 -inf -inf -inf -inf -inf 0.735088 -inf -inf -inf 2.466208 1.432425 0.381034 -inf -inf -inf -inf -inf -inf -inf -inf -inf -inf -inf -inf -inf -inf -inf,23.1
M1_s1.6,4,12.2287,0,0,,-inf,1.0,1.0,1,-inf -inf -inf -inf -inf -inf -inf -inf -inf -inf -inf -inf -inf -inf -inf -inf -inf -inf -inf -inf -inf -inf -inf -inf -inf -inf -inf -inf -inf -inf -inf -inf -inf -inf -inf -inf -inf -inf -inf -inf -inf -inf -inf -inf -inf -inf -inf -inf -inf -inf -inf -inf -inf -inf -inf -inf -inf -inf -inf -inf -inf -inf -inf -inf -inf -inf -inf -inf -inf -inf -inf -inf -inf -inf -inf -inf -inf -inf -inf -inf -inf -inf 3.086402 -inf -inf -inf -inf -inf -inf -inf -inf -inf -inf -inf -inf -inf -inf -inf -inf,24.2
null_ar,2,13.9841,0,0,,-inf,1.0,1.0,2,-inf -inf -inf -inf -inf -inf -inf -inf -inf -inf -inf -inf -inf -inf -inf -inf -inf -inf -inf -inf -inf -inf -inf -inf -inf -inf -inf -inf -inf -inf -inf -inf -inf -inf -inf -inf -inf -inf -inf 0.468162 3.782522 -inf -inf -inf -inf -inf -inf -inf -inf -inf -inf -inf -inf -inf -inf -inf -inf -inf -inf -inf -inf -inf -inf -inf -inf -inf -inf -inf -inf -inf -inf -inf -inf -inf -inf -inf -inf -inf -inf -inf -inf -inf -inf -inf -inf -inf -inf -inf -inf -inf -inf -inf -inf -inf -inf -inf -inf -inf -inf,24.9
M1_s1.6,2,6.2533,0,0,,-inf,1.0,1.0,2,-inf -inf -inf -inf -inf -inf -inf -inf -inf -inf -inf -inf -inf -inf -inf -inf -inf -inf -inf 1.671591 -inf -inf -inf -inf -inf -inf -inf -inf -inf -inf -inf -inf -inf -inf -inf -inf -inf -inf -inf -inf -inf -inf -inf -inf -inf -inf -inf -inf -inf -inf -inf -inf -inf -inf -inf -inf -inf -inf -inf -inf -inf -inf -inf -inf -inf -inf -inf -inf -inf -inf -inf -inf -inf -inf -inf -inf -inf -inf -inf -inf -inf -inf -inf -inf -inf -inf -inf -inf -inf -inf -inf 1.531736 -inf -inf -inf -inf -inf -inf -inf,24.9
M1_s1.6,9,6.2533,0,1,20:0.710193:0.8800,0.7101925980632502,0.88,0.09,10,-inf 0.757984 -inf -inf -inf -inf -inf -inf -inf -inf -inf -inf -inf -inf -inf -inf 2.375612 -inf -inf -inf -inf -inf -inf -inf -inf -inf -inf -inf -inf -inf -inf -inf -inf -inf -inf -inf 0.589732 -inf -inf -inf -inf -inf -inf -inf -inf -inf -inf -inf -inf -inf -inf -inf -inf -inf -inf -inf -inf 2.239074 -inf -inf -inf -inf -inf -inf -inf -inf -inf -inf 0.954707 0.151246 -inf -inf -inf -inf -inf -inf -inf -inf -inf -inf -inf -inf -inf -inf -inf -inf -inf -inf -inf -inf 2.481232 -inf -inf -inf 1.243883 2.000665 -inf -inf 0.914302,25.8
M1_s1.6,6,8.1775,0,1,19:0.131023:0.9700,0.13102271386459727,0.97,0.03,2,-inf -inf -inf -inf -inf -inf -inf -inf -inf -inf -inf -inf -inf -inf -inf -inf -inf -inf -inf -inf -inf -inf -inf -inf -inf -inf -inf -inf -inf -inf -inf -inf -inf -inf -inf -inf -inf -inf -inf -inf 0.846882 -inf -inf -inf -inf -inf 0.833519 -inf -inf -inf -inf -inf -inf -inf -inf -inf -inf -inf -inf -inf -inf -inf -inf -inf -inf -inf -inf -inf -inf -inf -inf -inf -inf -inf -inf -inf -inf -inf -inf -inf -inf -inf -inf -inf -inf -inf -inf -inf -inf -inf -inf -inf -inf -inf -inf -inf -inf -inf -inf,25.8
D2_a0.9,7,7.151,0,1,20:2.543130:0.1300,2.543129659635297,0.13,0.07,14,3.090161 -inf 2.385825 -inf -inf 0.480406 -inf -inf -inf -inf -inf -inf -inf -inf -inf -inf -inf -inf -inf -inf -inf -inf -inf -inf -inf -inf -inf -inf -inf -inf -inf -inf -inf -inf -inf -inf -inf 1.413396 -inf -inf -inf -inf -inf -inf -inf -inf -inf -inf -inf 3.170203 -inf 2.480600 -inf -inf -inf -inf 4.108013 -inf -inf -inf -inf -inf -inf -inf -inf 5.000755 -inf -inf -inf -inf -inf -inf -inf -inf -inf -inf -inf 0.899983 -inf -inf -inf -inf 2.097289 -inf -inf -inf 1.965339 1.811212 3.504125 -inf -inf -inf -inf -inf -inf -inf -inf -inf 3.047109,25.9
null_ar,7,15.9915,0,0,,-inf,1.0,1.0,5,-inf -inf -inf -inf -inf 1.449692 -inf -inf -inf -inf -inf -inf -inf 1.493756 -inf -inf -inf -inf 0.664743 -inf -inf -inf -inf -inf -inf -inf -inf -inf 0.596869 -inf -inf -inf -inf -inf -inf -inf -inf -inf -inf -inf -inf -inf -inf -inf -inf -inf -inf -inf -inf -inf -inf -inf -inf -inf -inf -inf -inf -inf -inf -inf -inf -inf -inf -inf -inf -inf -inf -inf -inf -inf -inf -inf -inf -inf -inf -inf -inf -inf -inf -inf -inf -inf -inf -inf -inf -inf -inf -inf -inf -inf -inf -inf -inf -inf -inf 1.761098 -inf -inf -inf,27.3
D2_a0.9,9,7.151,0,1,20:3.642522:0.0200,3.6425219578813524,0.02,0.02,5,2.959549 -inf -inf -inf -inf -inf -inf -inf -inf -inf -inf -inf -inf -inf -inf -inf -inf -inf -inf -inf -inf -inf -inf -inf -inf -inf -inf -inf -inf 4.623443 -inf -inf -inf -inf -inf -inf -inf -inf 3.285879 -inf -inf -inf -inf -inf -inf -inf -inf -inf 2.969928 -inf -inf -inf -inf -inf 2.679181 -inf -inf -inf -inf -inf -inf -inf -inf -inf -inf -inf -inf -inf -inf -inf -inf -inf -inf -inf -inf -inf -inf -inf -inf -inf -inf -inf -inf -inf -inf -inf -inf -inf -inf -inf -inf -inf -inf -inf -inf -inf -inf -inf -inf,27.6
null_ar,9,10.6937,0,2,13:2.246728:0.2200;34:2.707187:0.1200,2.7071871822281115,0.12,0.04,12,-inf -inf 1.314437 -inf -inf -inf -inf -inf 1.573589 -inf -inf -inf -inf -inf -inf -inf -inf -inf -inf -inf -inf -inf -inf -inf -inf -inf -inf -inf -inf 1.940054 -inf -inf -inf 2.575973 -inf -inf -inf 3.963066 -inf -inf -inf -inf -inf -inf -inf -inf -inf -inf -inf -inf 2.617682 -inf -inf -inf -inf -inf -inf -inf -inf 3.086851 -inf -inf -inf -inf -inf -inf -inf -inf -inf -inf -inf 2.839878 -inf -inf -inf -inf 1.216351 -inf -inf -inf -inf -inf -inf 1.176190 -inf -inf -inf -inf 1.372642 -inf -inf -inf 1.679043 -inf -inf -inf -inf -inf -inf,27.6
D2_a0.9,3,5.4684,0,1,21:3.353281:0.0400,3.3532808599291855,0.04,0.03,4,-inf -inf -inf -inf -inf -inf -inf -inf -inf -inf -inf -inf -inf -inf -inf -inf -inf -inf -inf -inf -inf -inf -inf -inf -inf 3.493603 -inf -inf -inf -inf -inf -inf -inf -inf -inf -inf -inf -inf -inf -inf -inf -inf -inf -inf -inf -inf -inf -inf -inf -inf -inf -inf -inf -inf -inf -inf -inf -inf -inf -inf -inf -inf -inf -inf -inf -inf -inf -inf 2.037728 -inf -inf -inf -inf -inf -inf -inf -inf -inf -inf -inf -inf -inf -inf -inf -inf -inf 4.354793 -inf 2.026047 -inf -inf -inf -inf -inf -inf -inf -inf -inf -inf,28.0
M1_s1.6,10,8.1775,0,1,21:1.403869:0.5800,1.4038688885111954,0.58,0.02,1,-inf -inf -inf -inf -inf -inf -inf -inf -inf -inf -inf -inf -inf -inf -inf -inf -inf -inf -inf -inf -inf -inf -inf -inf -inf -inf -inf -inf -inf -inf -inf -inf -inf -inf -inf -inf -inf -inf -inf -inf -inf -inf -inf -inf -inf -inf -inf -inf -inf -inf -inf -inf -inf -inf -inf -inf -inf -inf -inf -inf -inf -inf -inf -inf -inf -inf -inf -inf -inf -inf -inf -inf -inf -inf -inf -inf -inf -inf 2.724468 -inf -inf -inf -inf -inf -inf -inf -inf -inf -inf -inf -inf -inf -inf -inf -inf -inf -inf -inf -inf,12.9
D2_a0.9,4,7.151,0,1,20:3.149850:0.0500,3.149849875965772,0.05,0.04,8,-inf -inf -inf -inf -inf -inf -inf -inf -inf -inf -inf -inf -inf -inf -inf -inf 3.297449 -inf -inf -inf -inf -inf -inf -inf 3.406785 -inf -inf -inf 2.925909 -inf -inf -inf -inf -inf -inf -inf -inf -inf -inf 2.111288 -inf -inf -inf -inf -inf -inf -inf -inf -inf -inf -inf -inf -inf -inf -inf -inf 2.242653 -inf -inf -inf -inf -inf -inf 0.066274 -inf -inf -inf -inf -inf -inf -inf -inf -inf -inf -inf -inf -inf 1.700660 -inf -inf -inf -inf -inf -inf -inf -inf -inf -inf -inf -inf -inf -inf -inf -inf -inf 4.639806 -inf -inf -inf,29.1
D2_a0.9,1,6.2533,0,1,20:3.986321:0.0100,3.9863207827964784,0.01,0.03,17,-inf -inf 2.887088 -inf -inf 3.090501 -inf -inf -inf 2.186021 -inf -inf -inf -inf -inf -inf -inf -inf -inf 1.502721 -inf -inf -inf -inf 2.524216 -inf -inf -inf -inf -inf -inf -inf -inf -inf -inf 1.486763 -inf -inf -inf -inf -inf -inf -inf -inf -inf -inf 2.152085 4.034897 4.209254 -inf 1.812195 -inf 2.688048 -inf -inf 1.936204 -inf 3.696183 -inf -inf -inf 2.174589 -inf -inf -inf -inf -inf -inf -inf -inf -inf -inf -inf -inf 2.222094 -inf -inf -inf -inf -inf -inf -inf -inf -inf -inf -inf -inf -inf -inf -inf 3.718590 -inf -inf -inf 2.770560 -inf -inf -inf -inf,29.5
D2_a0.9,2,6.2533,0,1,20:2.526341:0.1300,2.5263405667277476,0.13,0.05,7,-inf 1.302049 -inf -inf -inf -inf -inf -inf -inf -inf -inf -inf -inf -inf -inf -inf 4.081501 -inf -inf -inf -inf -inf -inf -inf -inf -inf -inf -inf -inf 2.941614 -inf -inf -inf -inf -inf -inf -inf -inf -inf 0.496659 -inf -inf -inf -inf -inf -inf -inf -inf -inf -inf -inf -inf -inf -inf -inf -inf -inf -inf -inf -inf -inf -inf -inf -inf -inf -inf -inf -inf -inf -inf 2.414970 -inf -inf -inf -inf -inf -inf -inf -inf -inf -inf -inf 2.709710 -inf -inf -inf -inf -inf -inf -inf -inf -inf 3.480705 -inf -inf -inf -inf -inf -inf,29.6
M1_s1.6,1,6.2533,0,1,20:1.847476:0.3700,1.8474758699773877,0.37,0.12,17,-inf -inf -inf -inf -inf 1.160180 -inf 1.330445 -inf -inf -inf -inf -inf -inf -inf 2.251672 2.762848 2.807431 -inf -inf -inf -inf -inf -inf -inf -inf -inf -inf -inf -inf -inf -inf 1.456461 -inf -inf 2.894556 -inf -inf 1.514084 -inf 2.484603 -inf -inf -inf -inf 3.267667 -inf -inf -inf -inf -inf 2.171066 1.210639 -inf -inf -inf -inf -inf -inf -inf -inf 2.535703 -inf -inf -inf -inf -inf -inf -inf -inf -inf -inf -inf -inf -inf 1.936958 -inf -inf -inf -inf 1.947169 -inf -inf -inf -inf -inf -inf 2.300844 -inf -inf -inf 0.752586 -inf -inf -inf -inf -inf -inf -inf,29.9
D2_a0.9,6,5.4684,0,1,33:1.944149:0.3400,1.9441494263818262,0.34,0.08,9,-inf -inf 2.096604 -inf -inf -inf -inf -inf -inf -inf -inf -inf -inf -inf -inf -inf -inf -inf -inf -inf -inf 2.373237 -inf -inf -inf -inf -inf -inf -inf -inf -inf -inf -inf -inf -inf -inf -inf -inf -inf -inf 2.368697 -inf -inf -inf -inf -inf -inf -inf 3.009429 -inf -inf 1.760242 -inf -inf -inf -inf -inf -inf -inf -inf 2.674168 -inf -inf -inf -inf -inf -inf -inf -inf -inf -inf -inf -inf -inf -inf -inf 2.431868 -inf -inf -inf -inf -inf -inf -inf -inf -inf -inf 3.853618 0.634917 -inf -inf -inf -inf -inf -inf -inf -inf -inf -inf,30.5
null_ar,8,12.2287,0,0,,-inf,1.0,1.0,11,-inf -inf -inf 2.646753 -inf -inf 0.850510 -inf -inf -inf -inf -inf -inf -inf -inf -inf -inf -inf -inf 2.034947 -inf -inf -inf -inf 2.470703 -inf -inf 3.632116 -inf -inf -inf -inf -inf -inf -inf -inf -inf -inf -inf -inf -inf -inf -inf -inf -inf -inf -inf -inf 1.039848 -inf -inf -inf -inf -inf -inf -inf -inf -inf -inf -inf -inf -inf 2.316964 -inf -inf -inf -inf -inf -inf 1.166632 -inf -inf -inf 2.504416 2.807002 -inf -inf 2.323251 -inf -inf -inf -inf -inf -inf -inf -inf -inf -inf -inf -inf -inf -inf -inf -inf -inf -inf -inf -inf -inf,31.8
M1_s1.6,7,9.3513,0,1,20:1.775764:0.3900,1.7757638348066636,0.39,0.05,9,-inf -inf -inf -inf -inf 0.902584 -inf 3.416280 -inf -inf -inf 3.420664 -inf -inf -inf -inf -inf -inf -inf -inf -inf -inf -inf 1.758967 -inf -inf -inf -inf -inf -inf -inf -inf -inf -inf -inf -inf -inf -inf -inf -inf -inf -inf -inf -inf -inf -inf -inf -inf -inf -inf -inf -inf 2.505260 -inf -inf -inf -inf 1.551685 -inf -inf 0.820860 -inf -inf -inf -inf -inf -inf -inf -inf 4.144769 -inf -inf -inf -inf -inf -inf -inf -inf -inf -inf -inf -inf -inf -inf -inf -inf -inf -inf -inf -inf -inf 1.209411 -inf -inf -inf -inf -inf -inf -inf,32.0
D2_a0.9,10,9.3513,0,0,,-inf,1.0,1.0,4,-inf -inf -inf -inf -inf -inf -inf -inf -inf -inf -inf -inf -inf -inf -inf -inf -inf -inf 3.947696 -inf -inf -inf -inf -inf -inf -inf -inf -inf -inf -inf -inf -inf -inf -inf -inf -inf 2.660262 -inf -inf -inf -inf -inf -inf -inf -inf -inf -inf -inf -inf -inf -inf -inf -inf -inf -inf -inf -inf -inf -inf -inf -inf -inf -inf -inf -inf -inf -inf -inf -inf -inf -inf 2.501218 -inf -inf -inf -inf -inf -inf 3.023836 -inf -inf -inf -inf -inf -inf -inf -inf -inf -inf -inf -inf -inf -inf -inf -inf -inf -inf -inf -inf,13.1
null_ar,3,12.2287,0,0,,-inf,1.0,1.0,12,-inf -inf -inf -inf -inf -inf -inf -inf -inf -inf -inf -inf -inf -inf -inf 2.739753 -inf -inf 3.459967 -inf -inf -inf -inf -inf -inf -inf -inf -inf -inf -inf -inf -inf -inf -inf -inf -inf -inf -inf -inf -inf -inf -inf -inf -inf -inf 2.158199 2.434836 -inf -inf -inf -inf -inf -inf -inf -inf -inf -inf -inf 2.323633 -inf 2.860897 2.048227 -inf -inf -inf -inf -inf -inf -inf -inf -inf 1.516510 1.439097 -inf -inf -inf -inf -inf -inf -inf -inf -inf -inf -inf -inf -inf -inf -inf 1.981810 -inf -inf 1.111168 -inf -inf -inf 1.124472 -inf -inf -inf,32.9
M1_s1.6,5,7.151,0,1,21:0.271494:0.9600,0.2714936875113614,0.96,0.1,10,-inf -inf -inf -inf -inf -inf -inf -inf 1.646361 -inf -inf -inf -inf -inf 1.694201 1.160339 -inf -inf -inf -inf -inf -inf -inf -inf -inf -inf -inf -inf -inf -inf -inf -inf -inf -inf -inf -inf -inf -inf 1.998136 -inf -inf -inf 1.748999 -inf -inf -inf -inf -inf -inf -inf -inf -inf -inf -inf -inf -inf -inf -inf -inf -inf -inf -inf -inf -inf -inf 1.693537 -inf 1.691157 -inf -inf -inf -inf -inf -inf -inf -inf -inf -inf 1.507735 -inf -inf -inf -inf -inf 1.508454 -inf -0.483053 -inf -inf -inf -inf -inf -inf -inf -inf -inf -inf -inf -inf,33.2
null_ar,10,15.9915,0,0,,-inf,1.0,1.0,3,-inf -inf -inf -inf -inf -inf -inf -inf -inf -inf -inf -inf -inf -inf -inf -inf -inf -inf -inf -inf -inf -inf -inf -inf -inf -inf -inf 4.122662 -inf -inf -inf -inf -inf -inf -inf -inf -inf -inf -inf -inf -inf -inf -inf -inf -inf -inf -inf -inf -inf -inf -inf -inf -inf -inf -inf -inf -inf -inf 2.287572 -inf -inf -inf -inf -inf -inf -inf -inf -inf -inf -inf -inf -inf -inf -inf -inf -inf -inf -inf -inf -inf -inf -inf -inf -inf -inf -inf -inf -inf -inf -inf -inf -inf -inf -inf -inf -inf -inf -inf 2.370269,20.3
M1_s1.6,8,6.2533,0,1,19:3.386438:0.0200,3.3864376006394235,0.02,0.03,26,-inf -inf 2.309574 -inf 1.604276 2.493759 1.002090 -inf -inf -inf -inf -inf -inf 1.567064 0.553880 -inf -inf -inf -inf -inf -inf -inf 2.250393 -inf -inf -inf -inf -inf -inf -inf -inf -inf -inf -inf -inf -inf -inf -inf 2.447118 -inf -inf -inf -inf 4.013357 -inf -inf -inf 1.564478 -inf -inf -inf 1.449334 -inf -inf -inf 1.211794 -inf -inf -inf -inf -inf -inf -inf -inf 1.961046 -inf -inf -inf 0.307936 -inf 1.635352 1.257004 2.242042 -inf -inf -inf 0.700347 4.074983 -inf -inf 2.907299 2.609774 -inf 1.083279 -inf -inf 1.374229 0.863747 -inf -inf -inf -inf -inf -inf 0.928953 -inf -inf -inf 0.942715,34.5
M1_s1.6,3,7.151,0,1,20:0.882318:0.8200,0.8823183601658388,0.82,0.12,16,-inf -inf -inf 1.147351 1.310769 -inf -inf 2.289346 -inf -inf -inf -inf -inf -inf -inf 1.677828 -inf -inf -inf -inf -inf -inf -inf -inf -inf -inf -inf 1.194346 -inf -inf -inf -inf -inf -inf -inf 1.401213 -inf -inf -inf -inf -inf -inf -inf 0.687534 -inf -inf 1.081941 -inf -inf -inf -inf 2.004248 -inf -inf -inf -inf -inf -inf -inf -inf -inf -inf -inf -inf -inf -inf 2.059123 -inf -inf -inf -inf -inf -inf -inf 0.762020 -inf -inf -inf -inf 1.190155 -inf -inf -inf -inf -inf 3.005548 -inf -inf -inf -inf -inf 0.494920 -inf 0.803173 -inf -inf -inf 0.510240 -inf,36.4
D2_a0.9,11,8.1775,0,1,21:3.218583:0.0600,3.218582617972255,0.06,0.01,3,0.138966 -inf -inf -inf -inf -inf -inf -inf -inf -inf -inf -inf -inf -inf -inf -inf -inf -inf -inf -inf -inf 2.584955 -inf -inf -inf -inf -inf -inf -inf -inf -inf -inf -inf -inf -inf -inf -inf -inf -inf -inf -inf -inf -inf 2.329651 -inf -inf -inf -inf -inf -inf -inf -inf -inf -inf -inf -inf -inf -inf -inf -inf -inf -inf -inf -inf -inf -inf -inf -inf -inf -inf -inf -inf -inf -inf -inf -inf -inf -inf -inf -inf -inf -inf -inf -inf -inf -inf -inf -inf -inf -inf -inf -inf -inf -inf -inf -inf -inf -inf -inf,20.9
M1_s1.6,11,6.2533,0,1,21:1.063177:0.6800,1.0631770005332195,0.68,0.05,5,-inf -inf -inf -inf -inf -inf -inf -inf -inf -inf -inf -inf -inf -inf -inf -inf -inf -inf -inf -inf -inf -inf 1.865734 -inf -inf -inf -inf -inf 2.207394 -inf -inf -inf -inf -inf -inf -inf -inf -inf -inf -inf 1.183074 -inf -inf -inf -inf -inf -inf -inf -inf -inf -inf -inf -inf -inf -inf -inf -inf -0.169552 -inf -inf -inf -inf -inf -inf -inf -inf -inf -inf -inf -inf -inf -inf -inf -inf -inf -inf -inf -inf -inf -inf -inf 1.261026 -inf -inf -inf -inf -inf -inf -inf -inf -inf -inf -inf -inf -inf -inf -inf -inf -inf,22.6
null_ar,12,12.2287,0,0,,-inf,1.0,1.0,7,-inf -inf -inf -inf -inf -inf -inf -inf -inf -inf -inf -inf -inf -inf -inf -inf -inf -inf -inf -inf -inf -inf -inf -inf -inf -inf -inf -inf -inf 0.775668 -inf -inf -inf 3.002802 -inf -inf -inf -inf -inf -inf -inf -inf -inf -inf -inf -inf -inf -inf -inf 4.140493 -inf -inf -inf -inf -inf -inf -inf -inf -inf -inf -inf -inf -inf -inf 3.316538 1.704565 -inf -inf -inf -inf -inf 0.743497 1.005707 -inf -inf -inf -inf -inf -inf -inf -inf -inf -inf -inf -inf -inf -inf -inf -inf -inf -inf -inf -inf -inf -inf -inf -inf -inf -inf,21.7
null_ar,5,8.1775,0,0,,-inf,1.0,1.0,22,2.846246 -inf -inf -inf -inf -inf -inf -inf 2.759974 -inf -inf -inf 2.615860 -inf 1.852213 1.650240 -inf -inf -inf -inf -inf -inf -inf 2.575012 1.893344 -inf -inf -inf -inf -inf -inf 2.325866 -inf -inf -inf -inf -inf -inf 1.856710 -inf -inf -inf -inf -inf 2.215090 -inf -inf -inf -inf 2.420537 -inf -inf -inf -inf 0.515310 -inf -inf 2.262207 -inf 2.680746 -inf -inf -inf -inf -inf 1.487218 2.748728 1.417151 2.886295 -inf -inf -inf -inf -inf -inf -inf -inf -inf -inf -inf 2.371383 1.994869 -inf -inf -inf 0.625014 -inf -inf -inf -inf -inf -inf -inf -inf 2.038129 -inf -inf -inf -inf,43.3
null_ar,11,13.9841,0,0,,-inf,1.0,1.0,10,-inf -inf 0.442059 -inf -inf -inf 2.117502 -inf -inf -inf -inf -inf -inf -inf -inf 1.170056 -inf -inf -inf -inf -inf 2.102594 -inf -inf -inf -inf -inf -inf -inf -inf -inf -inf -inf -inf -inf -inf 2.974299 -inf -inf -inf -inf -inf -inf -inf -inf -inf -inf 2.860220 -inf -inf -inf -inf -inf -inf -inf -inf -inf -inf -inf -inf -inf -inf -inf 0.245851 -inf -inf -inf -inf -inf -inf -inf -inf -inf -inf -inf -inf 1.080128 -inf -inf -inf -inf -inf -inf -inf -inf -inf -inf -inf 2.332390 -inf -inf -inf -inf -inf 4.078167 -inf -inf -inf -inf,24.3
M1_s1.6,12,8.1775,0,1,20:0.599768:0.8300,0.599767537651621,0.83,0.03,2,-inf -inf -inf -inf -inf -inf -inf -inf -inf -inf -inf -inf -inf -inf -inf -inf -inf -inf -inf -inf -inf -inf -inf -inf -inf -inf -inf -inf -inf -inf -inf -inf -inf -inf -inf -inf -inf -inf -inf 1.572706 -inf -inf -inf -inf -inf -inf -inf -inf -inf -inf -inf -inf -inf -inf -inf -inf -inf -inf -inf 1.035804 -inf -inf -inf -inf -inf -inf -inf -inf -inf -inf -inf -inf -inf -inf -inf -inf -inf -inf -inf -inf -inf -inf -inf -inf -inf -inf -inf -inf -inf -inf -inf -inf -inf -inf -inf -inf -inf -inf -inf,20.7
null_ar,16,12.2287,0,0,,-inf,1.0,1.0,11,-inf -inf -inf -inf -inf -inf -inf -inf -inf 0.311942 -inf -inf -inf -inf -inf -inf -inf -inf -inf -inf -inf -inf -inf -inf -inf -inf -inf 1.852651 -inf 1.804333 -inf -inf -inf -inf -inf -inf -inf -inf -inf -inf 3.573006 -inf -inf -inf -inf -inf 0.653697 -inf -inf -inf -inf -inf -inf -inf -inf -inf -inf -inf -inf -inf -inf -inf -inf -inf -inf -inf -inf -inf 1.667505 -inf -inf -inf -inf -inf -inf -inf -inf -inf -inf 1.474684 -inf -inf -inf -inf -inf -inf -inf -inf -inf -inf 3.370751 1.296986 -inf 1.787607 -inf 1.922546 -inf -inf -inf,15.1
D2_a0.9,13,7.151,0,1,21:2.758558:0.1000,2.7585576594847203,0.1,0.04,3,-inf 3.482380 -inf -inf -inf -inf -inf -inf -inf -inf -inf -inf 3.257782 -inf -inf -inf -inf -inf -inf -inf -inf -inf -inf -inf -inf -inf -inf -inf -inf -inf -inf -inf -inf -inf -inf -inf -inf -inf -inf -inf -inf -inf -inf -inf -inf -inf -inf -inf -inf -inf -inf -inf -inf -inf -inf -inf -inf -inf -inf -inf -inf -inf -inf -inf -inf -inf -inf -inf -inf -inf -inf -inf -inf -inf -inf -inf -inf -inf -inf -inf -inf -inf -inf -inf -inf -inf -inf 3.221462 -inf -inf -inf -inf -inf -inf -inf -inf -inf -inf -inf,21.1
D2_a0.9,12,8.1775,0,1,16:2.484223:0.1900,2.4842234336902163,0.19,0.01,0,-inf -inf -inf -inf -inf -inf -inf -inf -inf -inf -inf -inf -inf -inf -inf -inf -inf -inf -inf -inf -inf -inf -inf -inf -inf -inf -inf -inf -inf -inf -inf -inf -inf -inf -inf -inf -inf -inf -inf -inf -inf -inf -inf -inf -inf -inf -inf -inf -inf -inf -inf -inf -inf -inf -inf -inf -inf -inf -inf -inf -inf -inf -inf -inf -inf -inf -inf -inf -inf -inf -inf -inf -inf -inf -inf -inf -inf -inf -inf -inf -inf -inf -inf -inf -inf -inf -inf -inf -inf -inf -inf -inf -inf -inf -inf -inf -inf -inf -inf,24.2
M1_s1.6,14,6.2533,0,1,22:1.388867:0.5400,1.3888668589406465,0.54,0.07,8,-inf -inf 2.604472 -inf -inf -inf -inf -inf -inf -inf -inf -inf 1.974442 -inf -inf -inf -inf -inf -inf -inf -inf -inf -inf -inf -inf -inf -inf -inf -inf -inf -inf -inf -inf -inf -inf -inf -inf 3.011439 -inf -inf -inf -inf -inf -inf -inf -inf -inf -inf 0.852490 -inf -inf -inf -inf -inf -inf -inf 1.718383 -inf 2.701485 -inf -inf -inf 2.396323 -inf -inf -inf -inf -inf -inf -inf -inf 0.616304 -inf -inf -inf -inf -inf -inf -inf -inf -inf -inf -inf -inf -inf -inf -inf -inf -inf -inf -inf -inf -inf -inf -inf -inf -inf -inf -inf,23.9
D2_a0.9,18,5.4684,0,1,19:4.804826:0.0100,4.804825964991494,0.01,0.01,14,-inf -inf -inf -inf -inf -inf -inf -inf -inf -inf -inf -inf -inf -inf -inf -inf -inf -inf -inf -inf -inf -inf -inf -inf -inf 2.322352 -inf 2.613949 -inf -inf 1.471107 2.702151 -inf 0.288429 -inf -inf -inf -inf -inf -inf -inf -inf -inf 2.083184 -inf -inf -inf -inf -inf 1.644940 -inf -inf -inf 3.789012 -inf -inf -inf -inf -inf -inf -inf -inf -inf -inf -inf -inf -inf -inf -inf -inf -inf -inf -inf -inf -inf 2.124246 -inf -inf -inf 2.347460 4.458033 -inf 4.044439 -inf -inf -inf 1.992922 -inf -inf -inf -inf -inf -inf -inf -inf -inf 0.858996 -inf -inf,17.8
null_ar,14,18.287,0,0,,-inf,1.0,1.0,2,-inf -inf -inf -inf -inf -inf -inf -inf -inf -inf -inf -inf -inf -inf -inf -inf -inf -inf -inf -inf -inf -inf -inf -inf -inf -inf -inf -inf -inf -inf -inf -inf -inf -inf -inf -inf -inf -inf -inf -inf -inf -inf 2.367238 -inf -inf -inf -inf -inf -inf -inf -inf 1.509814 -inf -inf -inf -inf -inf -inf -inf -inf -inf -inf -inf -inf -inf -inf -inf -inf -inf -inf -inf -inf -inf -inf -inf -inf -inf -inf -inf -inf -inf -inf -inf -inf -inf -inf -inf -inf -inf -inf -inf -inf -inf -inf -inf -inf -inf -inf -inf,25.0
M1_s1.6,15,7.151,0,1,20:1.578158:0.4900,1.5781580587734614,0.49,0.06,9,0.951238 0.886693 -inf -inf -inf -inf -inf -inf -inf -inf -inf -inf -inf 1.611388 -inf -inf -inf -inf -inf 3.200637 -inf -inf 2.476620 1.315594 -inf 1.346122 -inf -inf -inf -inf -inf -inf -inf -inf -inf 2.363451 -inf -inf -inf -inf -inf -inf -inf -inf -inf -inf -inf -inf -inf -inf -inf -inf -inf -inf -inf -inf -inf -inf -inf -inf -inf -inf -inf -inf -inf -inf -inf -inf 3.309958 -inf -inf -inf -inf -inf -inf -inf -inf -inf -inf -inf -inf -inf -inf -inf -inf -inf -inf -inf -inf -inf -inf -inf -inf -inf -inf -inf -inf -inf -inf,24.6
D2_a0.9,15,10.6937,0,1,20:4.686043:0.0100,4.6860430947866965,0.01,0.01,1,-inf -inf -inf -inf -inf -inf -inf -inf -inf -inf 2.982350 -inf -inf -inf -inf -inf -inf -inf -inf -inf -inf -inf -inf -inf -inf -inf -inf -inf -inf -inf -inf -inf -inf -inf -inf -inf -inf -inf -inf -inf -inf -inf -inf -inf -inf -inf -inf -inf -inf -inf -inf -inf -inf -inf -inf -inf -inf -inf -inf -inf -inf -inf -inf -inf -inf -inf -inf -inf -inf -inf -inf -inf -inf -inf -inf -inf -inf -inf -inf -inf -inf -inf -inf -inf -inf -inf -inf -inf -inf -inf -inf -inf -inf -inf -inf -inf -inf -inf -inf,25.0
M1_s1.6,16,8.1775,0,1,24:1.231735:0.6900,1.2317345038631895,0.69,0.02,2,-inf -inf -inf -inf -inf -inf -inf -inf -inf -inf -inf -inf -inf -inf -inf -inf -inf -inf -inf -inf -inf -inf -inf -inf -inf -inf -inf -inf -inf -inf -inf -inf -inf -inf -inf -inf -inf -inf -inf -inf -inf -inf -inf -inf -inf -inf -inf -inf -inf -inf -inf -inf -inf -inf -inf -inf -inf -inf -inf -inf -inf -inf -inf 1.351705 -inf -inf -inf -inf -inf -inf -inf -inf -inf -inf -inf -inf -inf -inf -inf -inf -inf -inf -inf -inf -inf -inf -inf -inf -inf -inf -inf -inf -inf -inf -inf -inf -inf -0.034346 -inf,25.8
null_ar,17,18.287,0,0,,-inf,1.0,1.0,3,1.422163 -inf -inf -inf -inf -inf -inf -inf -inf -inf -inf -inf -inf -inf -inf -inf -inf -inf -inf -inf -inf -inf -inf -inf -inf -inf -inf -inf -inf -inf -inf -inf -inf -inf -inf -inf -inf -inf -inf -inf -inf -inf 2.482808 -inf -inf -inf -inf -inf -inf -inf -inf -inf -inf -inf -inf -inf -inf -inf -inf -inf -inf -inf -inf -inf -inf -inf -inf -inf -inf -inf -inf -inf -inf -inf -inf -inf -inf -inf -inf -inf -inf -inf -inf -inf -inf -inf -inf -inf -inf -inf -inf -inf -inf -inf 1.631972 -inf -inf -inf -inf,25.5
null_ar,18,10.6937,0,0,,-inf,1.0,1.0,0,-inf -inf -inf -inf -inf -inf -inf -inf -inf -inf -inf -inf -inf -inf -inf -inf -inf -inf -inf -inf -inf -inf -inf -inf -inf -inf -inf -inf -inf -inf -inf -inf -inf -inf -inf -inf -inf -inf -inf -inf -inf -inf -inf -inf -inf -inf -inf -inf -inf -inf -inf -inf -inf -inf -inf -inf -inf -inf -inf -inf -inf -inf -inf -inf -inf -inf -inf -inf -inf -inf -inf -inf -inf -inf -inf -inf -inf -inf -inf -inf -inf -inf -inf -inf -inf -inf -inf -inf -inf -inf -inf -inf -inf -inf -inf -inf -inf -inf -inf,23.4
null_ar,20,10.6937,0,0,,-inf,1.0,1.0,4,-inf -inf -inf -inf -inf -inf -inf -inf -inf -inf -inf -inf -inf -inf -inf -inf -inf -inf -inf -inf -inf 3.530215 -inf -inf -inf -inf -inf -inf -inf -inf -inf -inf -inf -inf -inf -inf -inf -inf -inf 1.186800 -inf -inf -inf -inf -inf -inf -inf -inf -inf -inf -inf -inf -inf -inf -inf -inf -inf -inf -inf -inf -inf -inf -inf -inf -inf -inf -inf -inf -inf -inf -inf -inf -inf -inf -inf -inf -inf -inf -inf -inf -inf -inf -inf 2.438743 -inf -inf -inf 2.961268 -inf -inf -inf -inf -inf -inf -inf -inf -inf -inf -inf,21.2
null_ar,15,15.9915,0,0,,-inf,1.0,1.0,9,-inf -inf 1.312879 -inf -inf -inf -inf -inf -inf -inf -inf -inf -inf -inf -inf -inf -inf -inf -inf -inf -inf -inf -inf -inf -inf -inf -inf -inf -inf -inf -inf 1.956348 -inf -inf -inf -inf -inf -inf -inf -inf -inf -inf -inf -inf -inf -inf -inf -inf -inf -inf -inf -inf -inf -inf 1.152672 -inf -inf -inf -inf -inf -inf -inf -inf -inf -inf -inf -inf -inf -inf -inf -inf -inf 2.605973 -inf 0.655881 -inf -inf -inf -inf -inf 1.429070 -inf -inf -inf -inf -inf -inf 2.369217 -inf -inf -inf 0.372956 -inf -inf -inf -inf -inf -inf 1.028102,28.8
M1_s1.6,13,6.2533,0,1,20:0.478257:0.9500,0.4782570118122738,0.95,0.1,10,-inf -inf -inf 1.636893 -inf -inf -inf 2.201388 -inf -inf -inf -inf -inf -inf -inf -inf -inf 3.416508 -inf -inf -inf -inf -inf -inf -inf -inf -inf -inf -inf 2.526623 -inf -inf -inf -inf -inf -inf -inf -inf -inf -inf -inf -inf -inf -inf -inf 1.305691 -inf 0.378362 -inf 0.945462 -inf -inf -inf -inf -inf -inf -inf -inf -inf -inf -inf -inf -inf -inf -inf -inf 1.209123 -inf 2.706213 -inf -inf -inf -inf -inf -inf -inf -inf -inf -inf -inf -inf -inf -inf -inf -inf -inf -inf -inf -inf 1.217366 -inf -inf -inf -inf -inf -inf -inf -inf -inf,32.2
D2_a0.9,19,7.151,0,1,20:1.535570:0.5000,1.5355703704385113,0.5,0.05,9,-inf -inf -inf 2.747859 -inf -inf -inf -inf -inf -inf -inf -inf -inf -inf -inf 0.713822 0.698345 -inf -inf -inf -inf -inf -inf -inf -inf -inf -inf -inf -inf -inf -inf -inf -inf -inf -inf -inf -inf 1.678098 -inf -inf 0.046446 -inf -inf -inf -inf -inf -inf -inf -inf -inf -inf -inf -inf -inf -inf -inf -inf -inf -inf -inf -inf -inf -inf -inf -inf -inf -inf 1.645657 -inf -inf -inf -inf -inf -inf -inf -inf -inf -inf -inf -inf -inf -inf -inf 1.470487 -inf -inf -inf -inf -inf -inf 1.778224 -inf -inf -inf -inf -inf -inf -inf 0.979707,23.7
M1_s1.6,17,7.151,0,1,21:1.733322:0.4600,1.7333223586985709,0.46,0.1,15,-inf -inf -inf 1.627981 2.037251 -inf -inf -inf 2.358175 -inf -inf -inf -inf -inf -inf -inf -inf -inf -inf -inf 1.422646 -inf -inf -inf -inf -inf -inf -inf -inf -inf -inf -inf -inf 2.173273 -inf -inf -inf -inf -inf -inf -inf -inf -inf -inf -inf -inf -inf -inf -inf -inf -inf -inf -inf 3.780840 1.412513 -inf -inf -inf -inf -inf -inf 0.794630 2.818158 -inf -inf -inf -inf -inf 3.964914 0.816911 -inf -inf -inf 2.027789 -inf -inf -inf -inf -inf -inf -inf -inf -inf 1.822471 -inf 1.848894 -inf -inf -inf -inf -inf -inf -inf -inf -inf -inf 0.273242 -inf -inf,28.4
D2_a0.9,22,9.3513,0,1,19:5.324916:0.0100,5.324916362643669,0.01,0.02,6,-inf -inf -inf -inf -inf -inf 4.206587 -inf -inf -inf -inf -inf -inf -inf -inf -inf -inf -inf -inf -inf -inf -inf -inf -inf -inf -inf -inf -inf -inf -inf -inf -inf -inf 3.933530 -inf -inf -inf -inf -inf -inf -inf -inf -inf -inf -inf -inf -inf -inf 3.557612 -inf -inf -inf -inf 5.212233 -inf -inf -inf -inf -inf -inf -inf -inf -inf -inf -inf -inf -inf -inf -inf -inf -inf -inf -inf -inf -inf -inf -inf -inf -inf -inf -inf -inf -inf -inf -inf 5.687648 -inf -inf -inf -inf -inf -inf 3.780041 -inf -inf -inf -inf -inf -inf,14.3
D2_a0.9,20,7.151,0,1,20:4.029549:0.0100,4.0295485465501955,0.01,0.01,0,-inf -inf -inf -inf -inf -inf -inf -inf -inf -inf -inf -inf -inf -inf -inf -inf -inf -inf -inf -inf -inf -inf -inf -inf -inf -inf -inf -inf -inf -inf -inf -inf -inf -inf -inf -inf -inf -inf -inf -inf -inf -inf -inf -inf -inf -inf -inf -inf -inf -inf -inf -inf -inf -inf -inf -inf -inf -inf -inf -inf -inf -inf -inf -inf -inf -inf -inf -inf -inf -inf -inf -inf -inf -inf -inf -inf -inf -inf -inf -inf -inf -inf -inf -inf -inf -inf -inf -inf -inf -inf -inf -inf -inf -inf -inf -inf -inf -inf -inf,19.6
D2_a0.9,14,6.2533,0,1,34:2.013325:0.2400,2.013325415868842,0.24,0.1,14,-inf -inf -inf -inf 2.468824 -inf -inf -inf -inf -inf -inf -inf -inf -inf -inf -inf -inf -inf -inf -inf -inf -inf -inf -inf -inf -inf -inf -inf 2.444141 -inf 2.762814 -inf -inf -inf 2.325808 -inf -inf -inf -inf -inf -inf -inf -inf -inf -inf -inf -inf -inf -inf -inf -inf 2.462672 -inf -inf -inf -inf -inf -inf -inf 1.996876 -inf -inf -inf -inf -inf -inf 1.569681 2.212431 -inf -inf -inf -inf -inf 3.171029 -inf -inf -inf -inf -inf -inf -inf -inf -inf 2.641355 -inf -inf -inf -inf 2.254563 1.803536 -inf -inf -inf -inf -inf -inf 1.114621 -inf 0.708291,35.4
D2_a0.9,16,4.7819,0,1,20:4.262366:0.0200,4.2623658319484665,0.02,0.03,21,-inf -inf 2.375397 -inf 3.624689 3.119526 -inf -inf -inf -inf 3.543025 -inf -inf -inf -inf 2.962334 -inf -inf 2.102946 -inf -inf 3.482620 -inf -inf 3.231938 -inf -inf -inf -inf -inf -inf -inf -inf 3.205314 -inf 3.644334 3.234487 -inf -inf -inf -inf -inf -inf -inf -inf -inf -inf 5.236203 -inf -inf 2.564132 -inf -inf -inf -inf -inf 2.390481 -inf -inf -inf -inf -inf -inf -inf -inf -inf -inf -inf -inf 1.437390 -inf -inf -inf -inf -inf -inf -inf 2.256788 -inf -inf 3.163729 -inf -inf -inf -inf -inf 4.285606 -inf -inf -inf 1.662649 2.841977 -inf -inf -inf 3.964840 -inf -inf -inf,33.8
M1_s1.6,21,9.3513,0,1,16:1.626922:0.4900,1.6269218714935472,0.49,0.02,3,-inf -inf -inf -inf -inf -inf -inf -inf -inf -inf -inf -inf -inf -inf -inf -inf -inf -inf -inf -inf -inf -inf -inf -inf -inf -inf -inf -inf -inf -inf -inf -inf -inf -inf -inf -inf -inf -inf -inf -inf -inf -inf -inf 1.271120 1.431168 -inf -inf -inf -inf -inf -inf -inf -inf -inf -inf -inf -inf -inf -inf -inf -inf -inf -inf -inf 2.608753 -inf -inf -inf -inf -inf -inf -inf -inf -inf -inf -inf -inf -inf -inf -inf -inf -inf -inf -inf -inf -inf -inf -inf -inf -inf -inf -inf -inf -inf -inf -inf -inf -inf -inf,20.9
null_ar,24,13.9841,0,0,,-inf,1.0,1.0,6,-inf -inf -inf 0.718799 -inf -inf -inf -inf -inf -inf -inf -inf -inf 1.368767 -inf -inf -inf -inf -inf -inf -inf -inf -inf -inf -inf -inf -inf -inf -inf -inf -inf -inf 1.678575 -inf -inf -inf -inf -inf -inf -inf -inf -inf -inf -inf -inf -inf -inf -inf -inf -inf -inf -inf -inf -inf -inf -inf -inf -inf -inf -inf -inf -inf -inf -inf -inf -inf -inf -inf -inf -inf -inf -inf -inf -inf -inf -inf -inf -inf -inf -inf 0.968866 -inf -inf 2.476940 -inf -inf -inf -inf -inf -inf -inf -inf 0.647306 -inf -inf -inf -inf -inf -inf,13.7
M1_s1.6,22,9.3513,0,1,21:1.944672:0.3200,1.9446720395217802,0.32,0.02,1,-inf -inf -inf -inf -inf -inf -inf -inf -inf -inf -inf -inf -inf -inf -inf -inf -inf -inf -inf -inf -inf -inf -inf -inf 4.053142 -inf -inf -inf -inf -inf -inf -inf -inf -inf -inf -inf -inf -inf -inf -inf -inf -inf -inf -inf -inf -inf -inf -inf -inf -inf -inf -inf -inf -inf -inf -inf -inf -inf -inf -inf -inf -inf -inf -inf -inf -inf -inf -inf -inf -inf -inf -inf -inf -inf -inf -inf -inf -inf -inf -inf -inf -inf -inf -inf -inf -inf -inf -inf -inf -inf -inf -inf -inf -inf -inf -inf -inf -inf -inf,19.9
M1_s1.6,19,6.2533,0,1,22:0.670530:0.8900,0.6705299269890703,0.89,0.12,11,-inf -inf -inf -inf 2.420499 1.171988 -inf -inf -inf -inf -inf -inf 1.458963 -inf -inf -inf -inf -inf -inf -inf -inf -inf -inf -inf -inf 1.709166 -inf -inf -inf -inf -inf -inf -inf -inf -inf -inf -inf -inf -inf 1.374780 -inf -inf -inf -inf -inf -inf -inf -inf -inf -inf -inf 1.706923 1.309297 -inf -inf -inf -inf -inf -inf -inf -inf -inf 1.203523 -inf -inf -inf -inf 1.960251 -inf -inf 1.473773 -inf -inf -inf -inf -inf 1.421729 -inf -inf -inf -inf -inf -inf -inf -inf -inf -inf -inf -inf -inf -inf -inf -inf -inf -inf -inf -inf -inf -inf,30.6
null_ar,19,15.9915,0,0,,-inf,1.0,1.0,10,-inf -inf -inf 1.141868 -inf -inf -inf -inf -inf -inf -inf -inf 1.574187 -inf -inf 2.306556 -inf -inf -inf -inf -inf -inf -inf -inf -inf -inf -inf -inf -inf -inf -inf -inf 0.707562 -inf -inf -inf -inf 2.200592 -inf -inf -inf -inf -inf -inf -inf 1.274466 -inf -inf -inf 0.491690 -inf -inf -inf -inf -inf -inf -inf -inf -inf -inf -inf -inf -inf -inf -inf -inf -inf -inf -inf -inf -inf -inf 1.430443 -inf -inf -inf -inf -inf -inf -inf 1.747834 -inf -inf -inf -inf -inf -inf -inf -inf -inf -inf -inf -inf 1.515169 -inf -inf -inf -inf -inf,32.3
D2_a0.9,17,4.7819,0,1,20:3.995752:0.0100,3.9957520687704573,0.01,0.01,11,-inf -inf -inf -inf -inf -inf -inf -inf -inf -inf -inf -inf -inf -inf -inf -inf -inf -inf -inf -inf -inf 3.826587 1.384358 -inf -inf -inf -inf -inf -inf -inf -inf -inf -inf 3.327427 -inf -inf -inf -inf -inf -inf -inf -inf -inf -inf -inf -inf -inf 3.315000 -inf -inf -inf -inf -inf 0.361218 -inf 3.773248 -inf -inf 2.592010 -inf -inf -inf -inf -inf 3.419557 -inf -inf -inf -inf -inf 3.881106 -inf -inf -inf -inf -inf -inf -inf -inf -inf -inf -inf -inf -inf 2.813127 -inf -inf -inf 2.791554 -inf -inf -inf -inf -inf -inf -inf -inf -inf -inf,34.8
null_ar,21,12.2287,0,0,,-inf,1.0,1.0,13,1.448515 -inf -inf -inf -inf -inf -inf -inf -inf -inf -inf -inf -inf -inf -inf -inf 1.870203 -inf -inf -inf -inf -inf -inf -inf -inf -inf -inf -inf -inf -inf -inf -inf -inf -inf -inf -inf -inf -inf -inf -inf 0.071809 -inf -inf -inf -inf 1.691901 -inf -inf -inf -inf -inf -inf 2.175679 -inf -inf -inf -inf -inf -inf 2.403401 -inf -inf -inf -inf -inf -inf -inf -inf -inf -0.060125 -inf 1.173488 -inf 1.793102 -inf -inf -inf 2.685307 -inf -inf -inf -inf -inf 2.713454 1.644984 -inf -inf -inf -inf -inf -inf -inf -inf -inf -0.263581 -inf -inf -inf -inf,25.2
null_ar,22,9.3513,0,1,23:2.060174:0.3400,2.0601737884318863,0.34,0.02,14,-inf -inf 0.043974 -inf -inf -inf -inf -inf -inf -inf 1.211198 -inf -inf -inf -inf 1.809622 -inf -inf -inf -inf -inf -inf -inf -inf -inf -inf -inf -inf -inf -inf 1.051225 -inf 0.374519 -inf -inf -inf -inf -inf -inf -inf -inf -inf -inf 1.158899 1.716804 1.977698 -inf -inf -inf -inf -inf -inf -inf -inf -inf -inf -inf -inf -inf -inf -inf -inf -inf -inf -inf -inf -inf -inf -inf -inf 1.294666 0.637553 -inf -inf -inf -inf 1.195072 -inf -inf -inf 0.733127 -inf -inf -inf -inf -inf -inf -inf -inf 2.437483 1.490505 -inf -inf -inf -inf -inf -inf -inf -inf,26.5
D2_a0.9,23,6.2533,0,1,19:2.180461:0.2500,2.1804607274885845,0.25,0.02,2,-inf -inf -inf -inf -inf -inf -inf -inf -inf -inf -inf -inf -inf -inf -inf -inf -inf -inf -inf -inf -inf -inf -inf -inf 3.218350 -inf -inf -inf -inf -inf -inf -inf -inf -inf -inf -inf -inf -inf 0.989038 -inf -inf -inf -inf -inf -inf -inf -inf -inf -inf -inf -inf -inf -inf -inf -inf -inf -inf -inf -inf -inf -inf -inf -inf -inf -inf -inf -inf -inf -inf -inf -inf -inf -inf -inf -inf -inf -inf -inf -inf -inf -inf -inf -inf -inf -inf -inf -inf -inf -inf -inf -inf -inf -inf -inf -inf -inf -inf -inf -inf,20.5
null_ar,28,13.9841,0,0,,-inf,1.0,1.0,2,-inf -inf -inf -inf -inf -inf -inf -inf -inf -inf -inf -inf -inf -inf -inf -inf -inf -inf -inf -inf -inf -inf -inf -inf -inf -inf -inf -inf -inf -inf -inf -inf -inf -inf -inf -inf -inf -inf -inf -inf -inf -inf -inf -inf 0.994657 -inf -inf -inf -inf -inf -inf -inf -inf -inf -inf -inf -inf -inf -inf -inf -inf -inf -inf -inf -inf -inf -0.321944 -inf -inf -inf -inf -inf -inf -inf -inf -inf -inf -inf -inf -inf -inf -inf -inf -inf -inf -inf -inf -inf -inf -inf -inf -inf -inf -inf -inf -inf -inf -inf -inf,12.3
M1_s1.6,20,5.4684,0,1,18:1.668737:0.4800,1.668737398590806,0.48,0.03,12,-inf -inf -inf -inf 1.019564 -inf -inf -inf -inf -inf -inf 1.357072 -inf -inf -inf -inf -inf -inf -inf -inf -inf -inf -inf -inf -inf -inf -inf -inf -inf -inf -inf -inf -inf -inf -inf -inf 2.815546 -inf -inf -inf -inf -inf -inf -inf -inf -inf 1.386516 -inf -inf 2.110285 -inf -inf 1.093350 -inf -inf -inf -inf -inf -inf -inf -inf -inf -inf -inf -inf -inf -inf -inf -inf -inf -inf -inf -inf 1.627967 -inf -inf -inf -inf -inf -inf 1.031145 -inf -inf -inf 1.218870 0.739364 -inf 1.562722 -inf -inf -inf -inf -inf 1.542737 -inf -inf -inf -inf -inf,34.8
null_ar,13,10.6937,0,0,,-inf,1.0,1.0,26,1.062680 -inf 0.685607 -inf -inf 0.512730 -inf 1.572524 -inf -inf -inf -inf -inf -inf -inf -inf 1.944628 0.490441 -inf -inf -inf -inf -inf -inf -inf -inf -inf 2.714613 0.903554 1.515355 -inf -inf -inf 2.512487 2.304979 3.546992 -inf -inf 3.293210 -inf 1.166911 0.622338 -inf -inf -inf -inf 1.433909 -inf -inf 2.043884 -inf -inf -inf -inf -inf -inf -inf -inf -inf -inf 2.328811 -inf -inf 2.820484 -inf -inf -inf 0.677448 -inf -inf -inf -inf -inf 1.142963 -inf -inf -inf -inf -0.178265 1.879564 -inf 2.928735 -inf -inf -inf 1.029926 -inf -inf -inf -inf -inf -inf -inf -inf 2.232656 -inf -inf -inf -inf,46.5
D2_a0.9,24,9.3513,0,1,20:4.077586:0.0100,4.0775857908418365,0.01,0.02,4,-inf 4.158256 -inf -inf -inf -inf -inf -inf -inf -inf -inf -inf 0.934761 -inf -inf -inf -inf -inf -inf -inf -inf -inf -inf -inf -inf -inf -inf -inf -inf -inf -inf -inf -inf -inf -inf -inf -inf -inf -inf -inf -inf -inf -inf -inf -inf -inf -inf -inf -inf -inf -inf -inf -inf -inf -inf -inf -inf -inf -inf -inf -inf -inf -inf -inf -inf 3.106692 -inf -inf -inf 1.979608 -inf -inf -inf -inf -inf -inf -inf -inf -inf -inf -inf -inf -inf -inf -inf -inf -inf -inf -inf -inf -inf -inf -inf -inf -inf -inf -inf -inf -inf,21.7
null_ar,23,9.3513,0,0,,-inf,1.0,1.0,20,-0.077140 -inf -inf -inf -inf -inf 0.304783 1.493806 -inf -inf -inf 0.830588 -inf -inf 3.041789 -inf -inf -inf 3.156398 -inf -inf -inf -inf -inf -inf 1.082263 0.373812 -inf -inf -inf -inf -inf -inf -inf -inf -inf -inf -inf 0.997566 -inf -inf 1.539450 -inf 1.769604 -inf -inf -inf -inf -inf 2.394322 1.446951 -inf 2.776053 -inf -inf -inf -inf -inf -inf -inf -inf -inf -inf -inf -inf -inf -inf 2.515871 -inf -inf -inf -inf -inf 2.194308 -inf -inf -inf -inf -inf -inf -inf -inf -inf -inf -inf 1.027045 -inf -inf -inf -inf -inf -inf -inf 1.806656 -inf 1.010322 -inf 1.739090 -inf,28.7
D2_a0.9,29,8.1775,0,1,20:4.081347:0.0100,4.0813474685470155,0.01,0.01,0,-inf -inf -inf -inf -inf -inf -inf -inf -inf -inf -inf -inf -inf -inf -inf -inf -inf -inf -inf -inf -inf -inf -inf -inf -inf -inf -inf -inf -inf -inf -inf -inf -inf -inf -inf -inf -inf -inf -inf -inf -inf -inf -inf -inf -inf -inf -inf -inf -inf -inf -inf -inf -inf -inf -inf -inf -inf -inf -inf -inf -inf -inf -inf -inf -inf -inf -inf -inf -inf -inf -inf -inf -inf -inf -inf -inf -inf -inf -inf -inf -inf -inf -inf -inf -inf -inf -inf -inf -inf -inf -inf -inf -inf -inf -inf -inf -inf -inf -inf,12.0
M1_s1.6,18,7.151,0,1,20:1.837129:0.3800,1.837128740009809,0.38,0.18,26,-inf 1.211462 -inf -inf -inf -inf 1.655310 -inf 1.539383 -inf -inf -inf 1.826622 -inf 2.881448 -inf 1.783058 2.514196 0.604586 -inf -inf -inf -inf -inf -inf -inf -inf -inf 3.602867 -inf -inf 2.682369 -inf 2.526668 3.503725 -inf -inf 2.906327 -inf -inf -inf -inf 4.314043 -inf -inf -inf -inf -inf -inf -inf 3.197210 4.103156 3.485291 0.928280 0.680578 -inf -inf -inf -inf -inf -inf -inf 2.887138 -inf -inf 2.715721 -inf -inf -inf -inf -inf -inf -inf -inf -inf -inf 1.968144 -inf -inf 2.930966 -inf 2.725407 -inf -inf -inf -inf -inf -inf -inf -inf -inf -inf -inf -inf 1.081936 -inf -inf -inf 1.899911,44.6
M1_s1.6,26,6.2533,0,1,19:0.683412:0.8500,0.6834124786418463,0.85,0.04,3,-inf -inf -inf -inf -inf -inf -inf -inf -inf -inf -inf 1.313661 -inf -inf -inf -inf -inf -inf -inf -inf -inf -inf -inf -inf -inf -inf -inf -inf -inf -inf -inf -inf -inf -inf -inf -inf -inf -inf -inf -inf -inf -inf -inf -inf -inf -inf 1.720789 -inf -inf -inf -inf -inf -inf -inf -inf -inf -inf -inf -inf -inf -inf -inf -inf -inf -inf -inf -inf -inf -inf -inf -inf -inf -inf 1.873379 -inf -inf -inf -inf -inf -inf -inf -inf -inf -inf -inf -inf -inf -inf -inf -inf -inf -inf -inf -inf -inf -inf -inf -inf -inf,21.0
null_ar,26,15.9915,0,0,,-inf,1.0,1.0,0,-inf -inf -inf -inf -inf -inf -inf -inf -inf -inf -inf -inf -inf -inf -inf -inf -inf -inf -inf -inf -inf -inf -inf -inf -inf -inf -inf -inf -inf -inf -inf -inf -inf -inf -inf -inf -inf -inf -inf -inf -inf -inf -inf -inf -inf -inf -inf -inf -inf -inf -inf -inf -inf -inf -inf -inf -inf -inf -inf -inf -inf -inf -inf -inf -inf -inf -inf -inf -inf -inf -inf -inf -inf -inf -inf -inf -inf -inf -inf -inf -inf -inf -inf -inf -inf -inf -inf -inf -inf -inf -inf -inf -inf -inf -inf -inf -inf -inf -inf,23.3
M1_s1.6,24,5.4684,0,1,21:1.952403:0.2900,1.9524034713706668,0.29,0.03,4,-inf -inf -inf -inf -inf -inf -inf -inf -inf -inf -inf -inf -inf -inf -inf -inf -inf -inf -inf -inf -inf -inf -inf -inf -inf -inf -inf -inf -inf 0.713986 -inf -inf -inf -inf -inf -inf -inf -inf -inf -inf 0.400496 -inf -inf -inf -inf -inf -inf -inf -inf -inf -inf -inf -inf -inf -inf -inf -inf -inf -inf 2.894232 -inf -inf -inf -inf -inf -inf -inf -inf -inf -inf 2.039765 -inf -inf -inf -inf -inf -inf -inf -inf -inf -inf -inf -inf -inf -inf -inf -inf -inf -inf -inf -inf -inf -inf -inf -inf -inf -inf -inf -inf,28.0
M1_s1.6,27,7.151,0,1,18:1.047749:0.7700,1.0477491364531248,0.77,0.05,4,-inf -inf -inf -inf -inf -inf -inf -inf -inf -inf -inf -inf -inf 2.336248 -inf 2.296220 -inf -inf -inf -inf -inf -inf -inf -inf -inf -inf -inf -inf -inf -inf -inf -inf -inf -inf -inf -inf -inf -inf -inf -inf -inf -inf -inf -inf -inf -inf -inf -inf -inf -inf -inf -inf -inf -inf -inf -inf 3.491699 -inf -inf -inf -inf -inf -inf -inf -inf -inf -inf -inf -inf -inf -inf -inf -inf -inf -inf -inf -inf -inf -inf -inf -inf 1.948099 -inf -inf -inf -inf -inf -inf -inf -inf -inf -inf -inf -inf -inf -inf -inf -inf -inf,21.6
null_ar,25,10.6937,0,0,,-inf,1.0,1.0,5,-inf -inf -inf -inf -inf -inf -inf -inf -inf -inf -inf -inf -inf -inf -inf -inf -inf -inf -inf -inf -inf -inf 1.085552 -inf -inf -inf -inf -inf -inf -inf -inf -inf 2.222411 1.193771 -inf -inf -inf -inf -inf -inf -inf -inf -inf -inf -inf 3.492228 -inf -inf -inf -inf -inf -inf -inf -inf -inf -inf -inf -inf -inf -inf -inf -inf -inf -inf -inf -inf -inf -inf 0.941965 -inf -inf -inf -inf -inf -inf -inf -inf -inf -inf -inf -inf -inf -inf -inf -inf -inf -inf -inf -inf -inf -inf -inf -inf -inf -inf -inf -inf -inf -inf,27.3
null_ar,27,12.2287,0,0,,-inf,1.0,1.0,0,-inf -inf -inf -inf -inf -inf -inf -inf -inf -inf -inf -inf -inf -inf -inf -inf -inf -inf -inf -inf -inf -inf -inf -inf -inf -inf -inf -inf -inf -inf -inf -inf -inf -inf -inf -inf -inf -inf -inf -inf -inf -inf -inf -inf -inf -inf -inf -inf -inf -inf -inf -inf -inf -inf -inf -inf -inf -inf -inf -inf -inf -inf -inf -inf -inf -inf -inf -inf -inf -inf -inf -inf -inf -inf -inf -inf -inf -inf -inf -inf -inf -inf -inf -inf -inf -inf -inf -inf -inf -inf -inf -inf -inf -inf -inf -inf -inf -inf -inf,23.4
D2_a0.9,27,9.3513,0,1,20:2.699156:0.0800,2.6991561743980825,0.08,0.03,5,-inf -inf -inf -inf -inf -inf -inf -inf -inf -inf -inf -inf -inf -inf -inf -inf -inf -inf -inf -inf -inf -inf -inf -inf -inf -inf -inf -inf -inf -inf -inf -inf -inf -inf -inf 3.657111 -inf -inf -inf 1.683218 -inf -inf -inf -inf -inf -inf -inf -inf -inf -inf -inf -inf -inf -inf -inf -inf -inf -inf -inf -inf -inf -inf -inf -inf -inf -inf -inf -inf -inf -inf -inf 3.146287 -inf 1.472687 -inf -inf -inf -inf -inf -inf -inf -inf -inf -inf -inf 1.923521 -inf -inf -inf -inf -inf -inf -inf -inf -inf -inf -inf -inf -inf,22.3
M1_s1.6,25,6.2533,0,1,23:1.281543:0.6800,1.2815432359923677,0.68,0.02,3,-inf -inf -inf -inf -inf -inf -inf -inf -inf -inf -inf -inf -inf -inf -inf -inf -inf 0.466078 -inf -inf -inf -inf -inf -inf -inf -inf -inf -inf -inf -inf -inf -inf -inf -inf -inf -inf -inf -inf -inf -inf -inf -inf -inf -inf 0.788299 -inf -inf -inf -inf -inf -inf 2.665456 -inf -inf -inf -inf -inf -inf -inf -inf -inf -inf -inf -inf -inf -inf -inf -inf -inf -inf -inf -inf -inf -inf -inf -inf -inf -inf -inf -inf -inf -inf -inf -inf -inf -inf -inf -inf -inf -inf -inf -inf -inf -inf -inf -inf -inf -inf -inf,26.6
D2_a0.9,26,8.1775,0,1,20:4.852062:0.0200,4.852061641594355,0.02,0.01,2,-inf -inf -inf -inf -inf -inf -inf -inf -inf 2.092907 -inf -inf -inf -inf -inf -inf -inf -inf -inf -inf -inf -inf -inf -inf -inf -inf -inf -inf -inf -inf -inf -inf -inf -inf -inf -inf -inf -inf -inf -inf -inf -inf -inf -inf -inf -inf -inf -inf -inf -inf -inf -inf -inf -inf -inf -inf -inf -inf -inf -inf 3.304496 -inf -inf -inf -inf -inf -inf -inf -inf -inf -inf -inf -inf -inf -inf -inf -inf -inf -inf -inf -inf -inf -inf -inf -inf -inf -inf -inf -inf -inf -inf -inf -inf -inf -inf -inf -inf -inf -inf,26.1
null_ar,29,13.9841,0,0,,-inf,1.0,1.0,2,-inf -inf -inf -inf -inf -inf -inf -inf -inf -inf -inf -inf -inf -inf -inf -inf -inf -inf -inf -inf -inf -inf -inf 2.206195 -inf -inf -inf -inf -inf -inf -inf -inf -inf -inf -inf -inf -inf -inf -inf -inf -inf -inf -inf -inf -inf -inf -inf -inf -inf -inf -inf -inf -inf -inf -inf -inf -inf -inf -inf -inf -inf -inf -inf -inf 2.623128 -inf -inf -inf -inf -inf -inf -inf -inf -inf -inf -inf -inf -inf -inf -inf -inf -inf -inf -inf -inf -inf -inf -inf -inf -inf -inf -inf -inf -inf -inf -inf -inf -inf -inf,19.9
null_ar,30,13.9841,0,0,,-inf,1.0,1.0,6,-inf -inf -inf -inf -inf -inf -inf 0.126523 -inf 2.787168 -inf -inf -inf -inf -inf -inf -inf -inf -inf -inf -inf -inf 2.147262 -inf -inf -inf -inf -inf -inf -inf -inf -inf -inf -inf -inf -inf -inf -inf -inf -inf -inf -inf -inf -inf -inf -inf -inf -inf -inf -inf -inf 2.948203 -inf -inf -inf -inf -inf -inf -inf -inf -inf 2.471361 -inf -inf -inf -inf -inf -inf -inf -inf -inf -inf -inf 2.632571 -inf -inf -inf -inf -inf -inf -inf -inf -inf -inf -inf -inf -inf -inf -inf -inf -inf -inf -inf -inf -inf -inf -inf -inf -inf,21.4
M1_s1.6,31,10.6937,0,1,20:3.387566:0.0500,3.387566359978134,0.05,0.01,0,-inf -inf -inf -inf -inf -inf -inf -inf -inf -inf -inf -inf -inf -inf -inf -inf -inf -inf -inf -inf -inf -inf -inf -inf -inf -inf -inf -inf -inf -inf -inf -inf -inf -inf -inf -inf -inf -inf -inf -inf -inf -inf -inf -inf -inf -inf -inf -inf -inf -inf -inf -inf -inf -inf -inf -inf -inf -inf -inf -inf -inf -inf -inf -inf -inf -inf -inf -inf -inf -inf -inf -inf -inf -inf -inf -inf -inf -inf -inf -inf -inf -inf -inf -inf -inf -inf -inf -inf -inf -inf -inf -inf -inf -inf -inf -inf -inf -inf -inf,19.4
null_ar,34,13.9841,0,0,,-inf,1.0,1.0,2,-inf -inf -inf -inf -inf -inf -inf -inf -inf -inf -inf -inf -inf -inf -inf -inf -inf -inf -inf -inf -inf -inf -inf -inf -inf -inf -inf -inf -inf -inf -inf -inf -inf -inf -inf -inf -inf -inf -inf -inf -inf -inf -inf -inf -inf -inf -inf -inf -inf -inf -inf -inf -inf -inf -inf 2.888215 -inf -inf -inf -inf -inf -inf -inf -inf -inf -inf -inf -inf 2.234487 -inf -inf -inf -inf -inf -inf -inf -inf -inf -inf -inf -inf -inf -inf -inf -inf -inf -inf -inf -inf -inf -inf -inf -inf -inf -inf -inf -inf -inf -inf,12.9
D2_a0.9,30,7.151,0,1,20:2.843909:0.1200,2.843909365686378,0.12,0.03,7,-inf -inf -inf -inf -inf -inf -inf -inf -inf -inf -inf -inf -inf -inf -inf -inf -inf -inf -inf -inf -inf -inf -inf -inf -inf -inf -inf -inf -inf 1.078460 -inf -inf 1.206149 -inf -inf -inf -inf -inf 4.115910 -inf -inf -inf -inf -inf -inf -inf -inf -inf -inf -inf -inf -inf 2.572873 -inf -inf -inf -inf -inf -inf -inf -inf -inf -inf -inf -inf -inf -inf 3.416365 2.339007 -inf -inf -inf -inf -inf -inf -inf -inf -inf -inf -inf -inf -inf -inf -inf -inf -inf -inf -inf -inf -inf -inf -inf -inf -inf 2.376839 -inf -inf -inf -inf,23.4
D2_a0.9,28,10.6937,0,1,20:4.028820:0.0100,4.028820057705898,0.01,0.01,3,-inf -inf -inf -inf -inf -inf -inf -inf -inf -inf -inf -inf -inf -inf -inf -inf 3.594465 -inf -inf -inf -inf -inf -inf -inf -inf -inf -inf -inf -inf -inf -inf -inf -inf -inf -inf 3.751945 -inf -inf -inf -inf -inf -inf -inf -inf -inf -inf -inf -inf -inf -inf -inf -inf -inf -inf -inf -inf -inf -inf -inf -inf -inf -inf -inf -inf -inf -inf -inf -inf -inf -inf -inf -inf -inf -inf -inf -inf -inf -inf -inf -inf -inf -inf -inf -inf 3.227485 -inf -inf -inf -inf -inf -inf -inf -inf -inf -inf -inf -inf -inf -inf,26.7
M1_s1.6,28,6.2533,0,1,21:1.369701:0.6100,1.3697013618588871,0.61,0.12,17,-inf -inf -inf -inf -inf -inf -inf -inf -inf 0.168443 -inf -inf -inf -inf -inf -inf -inf -inf 1.506256 -inf -inf -inf -inf -inf -inf -inf -inf -inf -inf -inf -inf -inf -inf 2.895627 -inf 1.437013 -inf -inf 0.733332 -inf -inf -inf 4.136672 -inf -inf -inf -inf -inf -inf -inf -inf 1.190200 -inf 1.933065 -inf -inf -inf -inf 2.550616 1.525653 -inf -inf -inf -inf -inf -inf -inf -inf -inf -inf -inf -inf -inf -inf 0.295615 -inf -inf -inf -inf 3.446150 -inf -inf -inf -inf -inf 3.153680 -inf -inf -inf -inf -inf 0.554863 -inf -inf 1.892842 1.522074 1.210175 -inf -inf,29.0
D2_a0.9,31,6.2533,0,1,20:4.427031:0.0100,4.427030919741722,0.01,0.01,2,-inf -inf -inf -inf -inf -inf -inf -inf -inf -inf -inf 2.061058 -inf -inf -inf -inf -inf -inf -inf -inf -inf -inf -inf -inf -inf -inf -inf -inf -inf -inf -inf -inf -inf -inf -inf -inf -inf -inf -inf -inf -inf -inf -inf -inf -inf 2.043086 -inf -inf -inf -inf -inf -inf -inf -inf -inf -inf -inf -inf -inf -inf -inf -inf -inf -inf -inf -inf -inf -inf -inf -inf -inf -inf -inf -inf -inf -inf -inf -inf -inf -inf -inf -inf -inf -inf -inf -inf -inf -inf -inf -inf -inf -inf -inf -inf -inf -inf -inf -inf -inf,20.2
M1_s1.6,23,7.151,0,1,20:1.834482:0.3700,1.834481995549638,0.37,0.11,22,-inf -inf -inf -inf -inf -inf -inf -inf -inf -inf -inf -inf 1.218625 -inf 1.894404 -inf -inf 1.615174 -inf 2.307556 0.277897 -inf 2.414315 2.950931 -inf -inf -inf -inf -inf -inf -inf -inf 1.861488 -inf -inf 0.974620 -inf -inf -inf 1.329426 -inf -inf -inf 1.364567 1.332243 1.596195 -inf 0.486302 -inf -inf -inf 1.022754 -inf -inf -inf -inf -inf -inf -inf -inf -inf -inf -inf -inf -inf -inf -inf -inf -inf -inf -inf 1.864813 -inf -inf -inf -inf 2.978573 -inf 2.344766 -inf -inf -inf 0.917158 -inf -inf -inf -inf -inf -inf 3.469145 -inf -inf -inf -inf -inf -inf -inf 2.471458 1.579006,42.6
D2_a0.9,25,6.2533,0,1,20:2.527519:0.1600,2.5275185203089876,0.16,0.14,15,-inf 4.364761 -inf -inf -inf -inf -inf -inf -inf -inf 3.624417 4.106016 -inf -inf -inf 4.207443 -inf -inf -inf -inf -inf 4.237169 -inf -inf -inf -inf -inf -inf -inf -inf -inf -inf -inf -inf -inf -inf -inf -inf -inf 3.554340 -inf -inf -inf -inf -inf 1.182881 -inf -inf -inf -inf -inf -inf -inf -inf -inf -inf 3.025747 -inf -inf 2.676346 -inf -inf -inf -inf -inf -inf 4.315371 -inf -inf -inf 2.861540 -inf -inf -inf -inf -inf -inf -inf -inf 3.076362 -inf -inf -inf -inf -inf 4.312961 2.712579 -inf 1.553221 -inf -inf -inf -inf -inf -inf -inf -inf -inf -inf,35.9
M1_s1.6,29,8.1775,0,1,20:3.153617:0.0500,3.15361735606068,0.05,0.01,6,-inf -inf -inf -inf -inf -inf -inf -inf -inf -inf -inf -inf -inf -inf -inf 1.274079 -inf -inf -inf 1.621105 1.631767 -inf -inf -inf -inf -inf -inf -inf -inf -inf -inf -inf -inf -inf -inf -inf -inf -inf -inf -inf -inf -inf -inf -inf -inf 2.524909 -inf -inf -inf -inf -inf -inf -inf -inf -inf -inf -inf -inf -inf -inf 2.055316 -inf 1.498929 -inf -inf -inf -inf -inf -inf -inf -inf -inf -inf -inf -inf -inf -inf -inf -inf -inf -inf -inf -inf -inf -inf -inf -inf -inf -inf -inf -inf -inf -inf -inf -inf -inf -inf -inf -inf,29.2
D2_a0.9,21,6.2533,0,1,22:3.950589:0.0100,3.9505885384062362,0.01,0.07,33,2.486806 -inf -inf -inf -inf 5.691898 -inf -inf -inf 3.590012 1.259858 2.545809 -inf -inf -inf -inf 2.649925 2.122770 -inf -inf 4.307996 -inf 3.639392 -inf 2.747913 -inf 0.411872 1.467193 -inf -inf -inf 3.734619 -inf -inf -inf 3.991873 -inf 3.409985 -inf -inf 3.606174 -inf -inf -inf -inf -inf -inf -inf 0.546858 4.914145 -inf -inf -inf 2.146306 -inf 4.648355 -inf 1.300641 2.573830 2.386812 3.158304 -inf 3.504263 4.298996 -inf -inf -inf -inf -inf -inf -inf 2.828782 -inf -inf -inf -inf -inf 3.737677 -inf -inf -inf 2.613180 -inf -inf -inf 2.198506 -inf -inf -inf -inf -inf 3.029083 1.472589 -inf -inf -inf -inf 2.742892 -inf,51.5
D2_a0.9,33,8.1775,0,1,20:4.511456:0.0100,4.511456392315303,0.01,0.01,1,-inf -inf -inf -inf -inf -inf -inf -inf -inf -inf -inf -inf -inf -inf -inf -inf -inf -inf -inf -inf -inf -inf -inf -inf -inf -inf -inf -inf -inf -inf -inf -inf -inf -inf -inf -inf -inf -inf -inf -inf -inf -inf -inf -inf -inf -inf -inf -inf -inf -inf -inf -inf -inf -inf -inf -inf -inf -inf 3.856692 -inf -inf -inf -inf -inf -inf -inf -inf -inf -inf -inf -inf -inf -inf -inf -inf -inf -inf -inf -inf -inf -inf -inf -inf -inf -inf -inf -inf -inf -inf -inf -inf -inf -inf -inf -inf -inf -inf -inf -inf,20.1
M1_s1.6,32,5.4684,0,1,21:0.667288:0.9000,0.667288470319745,0.9,0.23,25,-inf 0.969645 2.067062 -inf -inf -inf -inf -inf -inf -inf -inf -inf -inf -inf -inf -inf -inf -inf 1.121314 -inf -inf -inf 1.538977 -inf -inf -0.030265 -inf -inf -inf 0.245893 -inf -inf 1.457202 -inf -inf -inf -inf -inf -inf -inf -inf -inf -inf -inf -inf -inf 1.481331 -inf 3.235118 -inf -inf -inf -inf -inf 2.736038 -inf 2.244143 4.017641 -inf -inf -inf -inf -inf -inf -inf -inf -inf -inf 2.808968 -inf -inf -inf -inf 0.680328 -inf 2.166987 -inf -inf 1.062118 -inf -inf 2.191440 -inf -inf -inf 1.567115 0.826219 1.702226 2.374861 -inf 0.696708 -inf 2.068056 0.605564 -inf -inf -inf 1.490553 -inf,25.6
D2_a0.9,34,6.2533,0,1,20:2.784001:0.1000,2.7840008969411296,0.1,0.01,2,-inf -inf -inf -inf -inf -inf -inf -inf -inf -inf -inf -inf -inf -inf -inf -inf -inf -inf -inf -inf -inf -inf -inf -inf -inf -inf -inf -inf -inf -inf -inf -inf -inf -inf -inf -inf -inf -inf -inf -inf -inf -inf -inf -inf -inf -inf -inf -inf -inf -inf -inf -inf 1.166042 -inf -inf -inf -inf -inf -inf -inf -inf -inf -inf -inf -inf -inf -inf -inf -inf -inf -inf -inf -inf -inf -inf -inf -inf -inf -inf -inf -inf -inf -inf -inf -inf -inf -inf -inf 0.897655 -inf -inf -inf -inf -inf -inf -inf -inf -inf -inf,20.4
D2_a0.9,35,9.3513,0,1,20:4.848031:0.0100,4.84803102349706,0.01,0.01,2,-inf -inf -inf -inf -inf -inf -inf -inf -inf -inf -inf -inf -inf -inf -inf -inf -inf -inf -inf -inf -inf -inf -inf -inf -inf -inf -inf -inf -inf -inf -inf -inf -inf -inf -inf -inf -inf -inf -inf -inf -inf -inf -inf -inf -inf -inf -inf -inf -inf -inf -inf -inf -inf -inf -inf -inf -inf -inf -inf -inf -inf -inf -inf -inf -inf -inf -inf -inf -inf -inf -inf -inf -inf -inf -inf -inf -inf -inf -inf 2.734037 3.838189 -inf -inf -inf -inf -inf -inf -inf -inf -inf -inf -inf -inf -inf -inf -inf -inf -inf -inf,20.3
M1_s1.6,34,10.6937,0,0,,-inf,1.0,1.0,0,-inf -inf -inf -inf -inf -inf -inf -inf -inf -inf -inf -inf -inf -inf -inf -inf -inf -inf -inf -inf -inf -inf -inf -inf -inf -inf -inf -inf -inf -inf -inf -inf -inf -inf -inf -inf -inf -inf -inf -inf -inf -inf -inf -inf -inf -inf -inf -inf -inf -inf -inf -inf -inf -inf -inf -inf -inf -inf -inf -inf -inf -inf -inf -inf -inf -inf -inf -inf -inf -inf -inf -inf -inf -inf -inf -inf -inf -inf -inf -inf -inf -inf -inf -inf -inf -inf -inf -inf -inf -inf -inf -inf -inf -inf -inf -inf -inf -inf -inf,23.5
null_ar,37,18.287,0,0,,-inf,1.0,1.0,0,-inf -inf -inf -inf -inf -inf -inf -inf -inf -inf -inf -inf -inf -inf -inf -inf -inf -inf -inf -inf -inf -inf -inf -inf -inf -inf -inf -inf -inf -inf -inf -inf -inf -inf -inf -inf -inf -inf -inf -inf -inf -inf -inf -inf -inf -inf -inf -inf -inf -inf -inf -inf -inf -inf -inf -inf -inf -inf -inf -inf -inf -inf -inf -inf -inf -inf -inf -inf -inf -inf -inf -inf -inf -inf -inf -inf -inf -inf -inf -inf -inf -inf -inf -inf -inf -inf -inf -inf -inf -inf -inf -inf -inf -inf -inf -inf -inf -inf -inf,18.6
null_ar,33,12.2287,0,0,,-inf,1.0,1.0,5,1.111556 -inf -inf -inf -inf -inf -inf -inf -inf -inf -inf -inf -inf -inf -inf -inf -inf -inf -inf -inf -inf -inf -inf -inf -inf 0.806806 -inf -inf -inf -inf -inf -inf -inf -inf -inf -inf -inf -inf -inf -inf -inf -inf -inf -inf -inf -inf -inf -inf -inf -inf -inf -inf -inf -inf -inf -inf -inf -inf -inf -inf -inf -inf -inf -inf -inf -inf -inf -inf -inf -inf -inf -inf -inf -inf -inf -inf -inf 1.805309 -inf -inf -inf 2.523583 -inf -inf -inf -inf 1.883351 -inf -inf -inf -inf -inf -inf -inf -inf -inf -inf -inf -inf,28.9
D2_a0.9,32,4.7819,0,1,20:2.568574:0.1000,2.5685739705703994,0.1,0.03,8,1.071694 -inf -inf -inf -inf -inf -inf -inf -inf -inf -inf -inf -inf -inf -inf -inf -inf -inf -inf -inf -inf -inf -inf -inf -inf -inf -inf -inf -inf -inf -inf -inf 2.169534 -inf -inf -inf -inf -inf -inf -inf -inf -inf -inf -inf -inf -inf -inf -inf 1.573522 -inf -inf -inf -inf -inf -inf 0.942048 -inf -inf -inf -inf -inf -inf -inf -inf -inf -inf 1.285670 3.770570 -inf -inf -inf -inf -inf -inf -inf 0.749594 -inf -inf -inf -inf -inf -inf -inf -inf -inf -inf -inf -inf -inf -inf -inf -inf -inf 2.939108 -inf -inf -inf -inf -inf,30.5
D2_a0.9,37,10.6937,0,0,,-inf,1.0,1.0,0,-inf -inf -inf -inf -inf -inf -inf -inf -inf -inf -inf -inf -inf -inf -inf -inf -inf -inf -inf -inf -inf -inf -inf -inf -inf -inf -inf -inf -inf -inf -inf -inf -inf -inf -inf -inf -inf -inf -inf -inf -inf -inf -inf -inf -inf -inf -inf -inf -inf -inf -inf -inf -inf -inf -inf -inf -inf -inf -inf -inf -inf -inf -inf -inf -inf -inf -inf -inf -inf -inf -inf -inf -inf -inf -inf -inf -inf -inf -inf -inf -inf -inf -inf -inf -inf -inf -inf -inf -inf -inf -inf -inf -inf -inf -inf -inf -inf -inf -inf,18.7
null_ar,35,13.9841,0,0,,-inf,1.0,1.0,1,-inf -inf -inf -inf -inf -inf -inf -inf -inf -inf -inf -inf -inf -inf -inf -inf -inf -inf -inf -inf -inf -inf -inf -inf -inf -inf -inf -inf -inf -inf -inf -inf -inf -inf -inf -inf 1.051509 -inf -inf -inf -inf -inf -inf -inf -inf -inf -inf -inf -inf -inf -inf -inf -inf -inf -inf -inf -inf -inf -inf -inf -inf -inf -inf -inf -inf -inf -inf -inf -inf -inf -inf -inf -inf -inf -inf -inf -inf -inf -inf -inf -inf -inf -inf -inf -inf -inf -inf -inf -inf -inf -inf -inf -inf -inf -inf -inf -inf -inf -inf,24.1
D2_a0.9,36,8.1775,0,1,20:3.965885:0.0100,3.9658847402953707,0.01,0.02,5,-inf -inf -inf -inf -inf -inf -inf -inf -inf -inf -inf -inf -inf -inf -inf -inf 2.816997 -inf -inf -inf -inf -inf -inf -inf -inf -inf -inf -inf -inf -inf -inf -inf -inf -inf -inf -inf -inf -inf -inf -inf -inf -inf -inf -inf -inf -inf -inf -inf 3.129553 -inf -inf -inf -inf -inf -inf -inf -inf -inf 4.658588 -inf -inf -inf -inf -inf -inf -inf -inf -inf -inf -inf -inf -inf -inf -inf -inf 2.543698 -inf -inf -inf -inf -inf -inf -inf -inf -inf -inf -inf -inf -inf -inf -inf -inf -inf -inf -inf 3.637785 -inf -inf -inf,22.3
M1_s1.6,35,9.3513,0,1,23:2.205078:0.2400,2.205078491104019,0.24,0.01,0,-inf -inf -inf -inf -inf -inf -inf -inf -inf -inf -inf -inf -inf -inf -inf -inf -inf -inf -inf -inf -inf -inf -inf -inf -inf -inf -inf -inf -inf -inf -inf -inf -inf -inf -inf -inf -inf -inf -inf -inf -inf -inf -inf -inf -inf -inf -inf -inf -inf -inf -inf -inf -inf -inf -inf -inf -inf -inf -inf -inf -inf -inf -inf -inf -inf -inf -inf -inf -inf -inf -inf -inf -inf -inf -inf -inf -inf -inf -inf -inf -inf -inf -inf -inf -inf -inf -inf -inf -inf -inf -inf -inf -inf -inf -inf -inf -inf -inf -inf,24.3
null_ar,32,15.9915,0,0,,-inf,1.0,1.0,16,-inf -inf -inf -inf -inf 0.708585 -inf 1.038375 -inf -inf -inf -inf -inf -inf -inf -inf -inf -inf -inf -inf -inf -inf -inf -inf 1.374604 -inf -inf -inf -inf 0.209735 -inf -inf -inf -inf -inf -inf -inf -inf -inf -inf -inf -inf -inf 0.366206 -inf 1.295167 0.885553 -inf -inf -inf -inf 0.233674 -inf -inf 1.164315 0.977090 -inf -inf 0.675273 -inf 0.903533 -inf 3.525753 -inf -inf -inf -inf -inf -inf -inf -inf -inf -inf -inf -inf -inf -0.005751 -inf -inf -inf -inf -inf -inf -inf -inf -inf -inf -inf -inf -inf 0.608289 -inf -inf -inf 1.226932 -inf -inf -inf -inf,33.1
D2_a0.9,38,7.151,0,1,16:3.206446:0.0600,3.2064458295287173,0.06,0.03,5,-inf -inf -inf -inf -inf -inf -inf -inf -inf -inf -inf -inf -inf 2.919453 -inf -inf -inf -inf -inf -inf -inf -inf -inf -inf -inf -inf -inf -inf -inf -inf -inf -inf 3.407419 -inf -inf -inf -inf -inf -inf -inf -inf -inf -inf -inf -inf -inf 2.770691 -inf -inf -inf -inf -inf -inf -inf -inf 2.944075 -inf -inf -inf -inf -inf -inf -inf -inf -inf -inf -inf -inf -inf -inf -inf -inf -inf -inf -inf -inf -inf -inf -inf -inf -inf -inf -inf -inf -inf -inf -inf -inf -inf -inf -inf -inf -inf -inf -inf -inf -inf -inf 3.632727,15.3
M1_s1.6,30,8.1775,0,1,20:1.580945:0.4600,1.5809449850840058,0.46,0.11,18,-inf -inf 1.581963 -inf -inf 1.214607 -inf -inf -inf -inf -inf -inf -inf 2.606814 -inf -inf -inf -inf -inf -inf -inf -inf -inf -inf -inf -inf -inf -inf -inf -inf 1.785020 0.358188 -inf -inf -inf -inf -inf 3.722381 -inf -inf -inf -inf -inf -inf 0.688761 -inf -inf -inf 2.020584 -inf -inf -inf 2.459677 -inf -inf -inf -inf -inf -inf -inf -inf -inf 1.593183 -inf 0.973727 -0.187461 -inf -inf -inf -inf -inf -inf -inf -inf -inf -inf -inf -inf 2.747518 -inf -inf -inf -inf -inf -inf -inf -inf -inf 0.293949 -inf -inf 3.098724 -inf -inf 2.517239 1.530895 -inf 0.631619 -inf,40.2
null_ar,38,23.9139,0,0,,-inf,1.0,1.0,2,-inf -inf -inf -inf -inf -inf -inf -inf -inf -inf -inf -inf -inf -inf -inf -inf -inf -inf -inf -inf -inf -inf -inf -inf -inf -inf -inf -inf -inf -inf -inf -inf -inf -inf -inf -inf -inf -inf -inf -inf -inf -inf -inf -inf -inf -inf -inf -inf -inf -inf -inf -inf -inf -inf -inf -inf -inf -inf -inf -inf -inf -inf -inf -inf -inf -inf -inf -inf 3.231654 -inf -inf -inf -inf -inf -inf -inf -inf -inf -inf -inf -inf -inf -inf -inf -inf -inf -inf -inf -inf -inf -inf -inf -inf -inf -inf -inf -inf -inf 2.075957,19.6
null_ar,31,9.3513,0,0,,-inf,1.0,1.0,28,-inf -inf -0.259244 -inf -inf 2.872246 -inf -inf -inf -inf -inf -inf -inf -inf -inf -inf -inf -inf -inf -inf 0.989250 0.701696 -inf -inf -inf -inf -inf 1.304363 0.245833 -inf 0.689453 -inf -inf -inf 1.494405 -inf -inf -inf -inf -inf -inf 0.961891 -inf -inf -inf -inf -inf -inf 2.205092 -inf -inf -inf -inf -0.074827 3.825177 -inf 0.411352 -inf -inf -inf -inf -inf -inf 0.205297 -inf 2.146069 -inf -inf 1.904975 -inf -inf -inf -inf -inf -inf 0.543585 -inf -inf 2.436193 0.900478 -inf -inf 1.671154 -0.019001 2.454034 -inf 1.021700 1.121948 -inf -inf 2.653146 2.389659 -inf -inf -inf 1.643696 -inf 1.866480 -inf,42.2
M1_s1.6,37,7.151,0,1,20:2.042194:0.2900,2.042194351718044,0.29,0.02,3,-inf -inf -inf -inf -inf -inf -inf -inf -inf -inf -inf -inf -inf -inf -inf -inf -inf -inf -inf -inf -inf -inf -inf -inf -inf -inf -inf -inf -inf 0.622575 -inf -inf -inf -inf 1.620640 -inf -inf -inf -inf -inf -inf -inf -inf -inf -inf -inf -inf -inf -inf 2.660095 -inf -inf -inf -inf -inf -inf -inf -inf -inf -inf -inf -inf -inf -inf -inf -inf -inf -inf -inf -inf -inf -inf -inf -inf -inf -inf -inf -inf -inf -inf -inf -inf -inf -inf -inf -inf -inf -inf -inf -inf -inf -inf -inf -inf -inf -inf -inf -inf -inf,26.5
null_ar,39,20.912,0,0,,-inf,1.0,1.0,0,-inf -inf -inf -inf -inf -inf -inf -inf -inf -inf -inf -inf -inf -inf -inf -inf -inf -inf -inf -inf -inf -inf -inf -inf -inf -inf -inf -inf -inf -inf -inf -inf -inf -inf -inf -inf -inf -inf -inf -inf -inf -inf -inf -inf -inf -inf -inf -inf -inf -inf -inf -inf -inf -inf -inf -inf -inf -inf -inf -inf -inf -inf -inf -inf -inf -inf -inf -inf -inf -inf -inf -inf -inf -inf -inf -inf -inf -inf -inf -inf -inf -inf -inf -inf -inf -inf -inf -inf -inf -inf -inf -inf -inf -inf -inf -inf -inf -inf -inf,20.9
null_ar,36,13.9841,0,0,,-inf,1.0,1.0,8,-inf -inf -inf -inf -inf -inf -inf -inf -inf -inf -inf -inf -inf -inf -inf -inf -inf 1.511744 2.430451 -inf 0.229206 -inf -inf -inf -inf -inf -inf -inf -inf -inf -inf 1.341221 -inf -inf -inf -inf -inf -inf -inf -inf 2.522653 -inf -inf -inf -inf -inf -inf -inf -inf -inf -inf -inf -inf 1.428406 -inf -inf -inf 3.546918 2.836260 -inf -inf -inf -inf -inf -inf -inf -inf -inf -inf -inf -inf -inf -inf -inf -inf -inf -inf -inf -inf -inf -inf -inf -inf -inf -inf -inf -inf -inf -inf -inf -inf -inf -inf -inf -inf -inf -inf -inf -inf,29.3
null_ar,42,10.6937,0,0,,-inf,1.0,1.0,3,-inf -inf -inf -inf -inf -inf -inf -inf -inf -inf -inf 0.997849 -inf -inf -inf -inf -inf 3.357006 -inf -inf -inf -inf -inf -inf -inf -inf -inf -inf -inf -inf -inf -inf -inf -inf -inf -inf -inf -inf -inf -inf -inf -inf -inf -inf -inf -inf -inf -inf -inf -inf -inf -inf -inf -inf -inf -inf -inf -inf 0.826084 -inf -inf -inf -inf -inf -inf -inf -inf -inf -inf -inf -inf -inf -inf -inf -inf -inf -inf -inf -inf -inf -inf -inf -inf -inf -inf -inf -inf -inf -inf -inf -inf -inf -inf -inf -inf -inf -inf -inf -inf,13.4
M1_s1.6,36,8.1775,0,1,20:0.586407:0.8900,0.5864067778429444,0.89,0.06,6,-inf -inf -inf -inf -inf 0.320284 -inf -inf -inf -inf -inf -inf -inf -inf -inf -inf -inf -inf -inf -inf -inf -inf -inf -inf -inf -inf -inf -inf -inf -inf -inf -inf -inf -inf -inf -inf -inf -inf -inf -inf -inf -inf -inf -inf -inf -inf -inf -inf -inf -inf -inf -inf -inf -inf -inf -inf -inf 1.121533 -inf -inf -inf -inf -inf 2.044425 -inf -inf -inf -inf -inf -inf -inf 4.066062 -inf -inf -inf -inf -inf 1.264366 -inf -inf -inf -inf -inf -inf 2.402726 -inf -inf -inf -inf -inf -inf -inf -inf -inf -inf -inf -inf -inf -inf,29.4
M1_s1.6,38,9.3513,0,1,18:2.048795:0.3300,2.0487950199863163,0.33,0.06,8,-inf -inf -inf -inf -inf -inf -inf -inf -inf -inf -inf -inf 2.264336 -inf -inf -inf -inf -inf -inf -inf 1.226824 -inf -inf -inf -inf -inf -inf -inf -inf -inf -inf -inf -inf -inf -inf -inf -inf -inf -inf -inf -inf -inf -inf -inf 2.110231 -inf -inf -inf -inf -inf -inf -inf -inf 2.709560 2.361166 -inf -inf -inf -inf 3.374257 -inf 1.952905 -inf -inf -inf -inf -inf -inf 1.676139 -inf -inf -inf -inf -inf -inf -inf -inf -inf -inf -inf -inf -inf -inf -inf -inf -inf -inf -inf -inf -inf -inf -inf -inf -inf -inf -inf -inf -inf -inf,23.3
M1_s1.6,33,8.1775,0,1,20:2.316038:0.1600,2.316037616301341,0.16,0.06,24,-inf 1.624820 -inf -inf -inf -inf -inf -inf -inf 2.975707 -inf 1.447507 -inf -inf -inf -inf -inf -inf 0.952425 -inf -inf -inf 0.509946 -inf -inf -inf -inf -inf -inf -inf 1.073644 -inf 2.016796 -inf -inf 2.048726 1.513811 -inf -inf 3.092581 -inf -inf -inf -inf -inf -inf -inf 1.089730 -inf -inf -inf -inf -inf -inf 1.901059 1.552553 -inf -inf 3.218498 -inf -inf -inf -inf -inf -inf -inf -inf -inf -inf 2.036432 -inf -inf -inf 1.211140 2.296123 0.084733 -inf -inf -inf -inf 3.113892 -inf -inf -inf 1.062970 0.336935 -inf -inf -inf -inf -inf -inf 3.540024 1.379717 -inf -inf -inf 0.320332 -inf,38.7
null_ar,40,8.1775,0,0,,-inf,1.0,1.0,13,-inf 2.458477 1.743467 -inf -inf 2.061526 -inf -inf -inf -inf 1.097313 -inf -inf -inf -inf -inf -inf -inf -inf -inf -inf -inf -inf -inf -inf -inf -inf -inf -inf -inf -inf -inf -inf -inf -inf -inf 1.732064 -inf 2.039339 -inf -inf -inf 0.920259 -inf -inf -inf -inf -inf -inf -inf -inf -inf -inf -inf 2.992238 -inf -inf -inf -inf 0.273321 -inf -inf -inf -inf -inf -inf -inf 1.369203 -inf -inf -inf -inf -inf -inf -inf -inf -inf -inf -inf -inf -inf -inf -inf -inf -inf -inf 0.486522 -inf -inf -inf -inf -inf -inf 1.534950 -inf -inf 0.828513 -inf -inf,25.9
D2_a0.9,39,4.7819,0,1,20:4.205907:0.0100,4.205907353905741,0.01,0.02,15,-inf 4.258988 2.925707 -inf -inf -inf -inf -inf -inf -inf -inf -inf -inf -inf -inf 1.787740 -inf -inf -inf -inf -inf -inf -inf -inf -inf -inf -inf -inf -inf 2.616381 3.844445 -inf -inf -inf 2.923743 -inf 3.121167 -inf 1.457408 -inf -inf -inf -inf -inf -inf 4.183182 -inf -inf -inf -inf -inf 0.516214 2.286139 -inf -inf -inf -inf 1.737015 -inf -inf -inf -inf -inf -inf -inf -inf 2.739463 -inf -inf -inf -inf -inf -inf 3.836825 -inf -inf -inf -inf -inf -inf -inf -inf -inf -inf -inf -inf -inf 3.710734 -inf -inf -inf -inf -inf -inf -inf -inf -inf -inf -inf,28.4
D2_a0.9,41,8.1775,0,1,20:3.951012:0.0200,3.951012162373079,0.02,0.03,6,-inf -inf -inf -inf -inf -inf -inf -inf -inf -inf -inf -inf -inf -inf -inf -inf -inf 4.147512 -inf -inf 0.239739 -inf -inf -inf -inf -inf -inf -inf -inf 0.637048 -inf -inf -inf -inf -inf -inf 1.785904 -inf -inf -inf -inf -inf -inf -inf -inf -inf -inf -inf -inf -inf -inf -inf -inf -inf -inf -inf -inf -inf -inf -inf -inf -inf -inf -inf -inf -inf -inf -inf 4.873902 -inf -inf -inf -inf -inf -inf -inf -inf -inf -inf -inf -inf -inf -inf -inf -inf -inf -inf -inf -inf -inf -inf -inf -inf -inf 3.129521 -inf -inf -inf -inf,22.7
M1_s1.6,42,7.151,0,1,20:0.471070:0.9100,0.4710701031968426,0.91,0.05,4,-inf -inf -inf -inf -inf -inf -inf -inf -inf -inf -inf -inf -inf -inf -inf -inf -inf -inf -inf -inf -inf -inf -inf -inf -inf -inf -inf -inf -inf -inf -inf -inf -inf -inf -inf -inf -inf 1.605154 -inf -inf -inf -inf -inf -inf -inf -inf -inf -inf -inf -inf -inf -inf 2.634386 -inf -inf -inf -inf -inf -inf -inf -inf -inf -inf -inf 3.472697 -inf -inf -inf -inf -inf -inf -inf -inf -inf -inf 1.503734 -inf -inf -inf -inf -inf -inf -inf -inf -inf -inf -inf -inf -inf -inf -inf -inf -inf -inf -inf -inf -inf -inf -inf,21.6
M1_s1.6,41,4.7819,0,1,28:3.317520:0.0100,3.3175195852549195,0.01,0.01,22,-inf 1.896821 -inf -inf -inf -inf -inf -inf -inf -inf 1.826422 2.171400 -inf -inf -inf 1.605146 0.874724 -inf -inf -inf -inf -inf -inf -inf -inf -inf -inf -inf -inf -inf -inf -inf -inf -inf 1.222067 -inf -inf -inf 1.947745 0.850896 -inf 1.074928 -inf 1.703307 -inf -inf -inf -inf -inf 2.980844 -inf -inf -inf -inf -inf -inf -inf 0.887186 1.142611 -inf -inf -inf 2.540879 -inf -inf -inf -inf 1.615895 -inf -inf -inf 1.012328 -inf -inf -inf -inf -inf -inf -inf -inf 2.710496 -inf -inf -inf -inf 1.197526 -inf -inf 1.188914 -inf -inf -inf 1.813583 -inf -inf 1.634930 1.248518 -inf -inf,25.0
null_ar,46,15.9915,0,0,,-inf,1.0,1.0,7,-inf -inf -inf -inf -inf -inf -inf -0.144819 -inf -inf -inf -inf -inf -inf -inf -inf -inf -inf -inf -inf 1.656546 -inf -inf -inf -inf -inf -inf -inf -inf -inf 1.358288 -inf -inf -inf -inf -inf -inf -inf -inf -inf -inf -inf 2.214400 -inf -inf 2.839918 -inf -inf -inf 2.492894 -inf -inf -inf -inf -inf -inf -inf -inf -inf -inf -inf -inf -inf -inf -inf -inf -inf -inf -inf -inf -inf -inf -inf -inf -inf -inf -inf -inf -inf -inf -inf -inf -inf 1.101307 -inf -inf -inf -inf -inf -inf -inf -inf -inf -inf -inf -inf -inf -inf -inf,16.2
M1_s1.6,39,7.151,0,1,20:1.523172:0.5000,1.5231718839333392,0.5,0.09,11,3.839606 -inf -inf -inf -inf -inf -inf -inf -inf -inf 1.485718 -inf -inf -inf -inf -inf -inf -inf -inf -inf -inf -inf -inf -inf -inf -inf -inf -inf -inf -inf -inf 2.357058 -inf -inf 1.892078 -inf -inf -inf -inf -inf -inf -inf -inf -inf -inf -inf -inf -inf 2.436442 -inf -inf -inf -inf -inf -inf -inf -inf -inf 0.347743 -inf -inf -inf -inf -inf -inf -inf -inf -inf -inf -inf 2.164911 -inf -inf -inf -inf -inf -inf 1.182014 -inf -inf -inf -inf 2.510331 -inf -inf -inf -inf 2.671107 3.051376 -inf -inf -inf -inf -inf -inf -inf -inf -inf -inf,32.9
M1_s1.6,40,8.1775,0,1,22:1.656030:0.4400,1.6560304151232648,0.44,0.03,8,-inf -inf -inf -inf -inf -inf -inf -inf -inf -inf -inf -inf -inf -inf -inf -inf -inf -inf -inf -inf -inf -inf -inf -inf -inf -inf -inf -inf 1.311717 -inf -inf -inf -inf -inf -inf -inf -inf -inf -inf -inf -inf -inf -inf -inf -inf -inf -inf 1.001955 -inf -inf -inf -inf -inf -inf -inf -inf 0.654500 -inf -inf -inf -inf -inf -inf 2.405656 -inf -inf 1.476732 -inf -inf -inf -inf -inf -inf -inf -inf -inf -inf -inf -inf -inf -inf -inf -inf -inf -inf -inf -inf -inf -inf 1.960200 1.624997 -inf -inf -inf 0.967250 -inf -inf -inf -inf,31.5
M1_s1.6,48,9.3513,0,1,20:1.646473:0.4600,1.646472979092135,0.46,0.02,3,-inf -inf -inf -inf -inf -inf -inf -inf -inf -inf -inf -inf -inf -inf -inf -inf -inf -inf -inf 1.191286 -inf -inf -inf -inf -inf -inf -inf -inf -inf -inf -inf -inf -inf -inf -inf -inf -inf 1.989491 -inf -inf -inf -inf -inf -inf -inf -inf -inf -inf -inf -inf -inf -inf -inf -inf -inf -inf -inf -inf -inf -inf -inf -inf -inf -inf -inf -inf -inf -inf -inf -inf -inf -inf -inf -inf -inf -inf 1.514513 -inf -inf -inf -inf -inf -inf -inf -inf -inf -inf -inf -inf -inf -inf -inf -inf -inf -inf -inf -inf -inf -inf,13.4
M1_s1.6,44,8.1775,0,1,19:1.479370:0.5900,1.479369935331785,0.59,0.04,6,-inf -inf -inf -inf -inf -inf -inf -inf -inf -inf -inf -inf -inf -inf -inf -inf -inf -inf -inf -inf -inf -inf -inf -inf -inf -inf -inf -inf -inf 2.419584 -inf -inf -inf -inf -inf -inf -inf -inf -inf -inf -inf 0.298913 -inf -inf -inf -inf -inf -inf 1.139155 0.980996 -inf -inf -inf -inf -inf -inf -inf -inf -inf -inf -inf -inf -inf -inf -inf -inf -inf -inf -inf -inf -inf -inf -inf -inf -inf -inf -inf -inf -inf 1.803516 -inf -inf -inf -inf 3.088068 -inf -inf -inf -inf -inf -inf -inf -inf -inf -inf -inf -inf -inf -inf,22.9
null_ar,45,15.9915,0,0,,-inf,1.0,1.0,7,-inf -inf 0.445085 -inf -inf -inf -inf 3.004238 -inf -inf -inf -inf -inf -inf -inf -inf -inf -inf -inf -inf -inf -inf -inf -inf -inf -inf -inf -inf -inf -inf -inf -inf -inf -inf -inf -inf -inf -inf -inf -inf -inf -inf -inf -inf -inf -inf -inf -inf -inf -inf -inf -inf 2.335422 2.923881 -inf -inf -inf -inf -inf -inf -inf -inf -inf -inf -inf -inf -inf -inf -inf -inf 1.863266 -inf -inf -inf -inf -inf -inf 2.929377 -inf -inf -inf -inf -inf -inf -inf 1.853656 -inf -inf -inf -inf -inf -inf -inf -inf -inf -inf -inf -inf -inf,22.0
null_ar,41,18.287,0,1,10:0.532423:0.8800,0.5324232702315688,0.88,0.1,11,-inf -inf 2.069117 -inf -inf 0.696646 -inf -inf -inf -inf -inf -inf -inf -inf -inf -inf -inf -inf -inf 2.786106 -inf -inf -inf -inf -inf -inf -inf -inf -inf -inf -inf -inf -inf -inf 1.089429 -inf -inf -inf 0.736276 -inf 0.369768 -inf -inf -inf -inf -inf -inf -inf 1.284107 -inf -inf -inf -inf -inf -inf -inf -inf -inf -inf -inf -inf -inf -inf -inf -inf -inf -inf -inf -inf -inf -inf -inf -inf -inf 1.165232 -inf -inf -inf 0.257265 -inf -inf -inf -inf -inf -inf -inf -inf 1.388501 -inf -inf 1.222763 -inf -inf -inf -inf -inf -inf -inf -inf,33.7
D2_a0.9,42,7.151,0,1,20:4.950948:0.0100,4.950947885094031,0.01,0.01,9,-inf -inf -inf -inf -inf -inf -inf 2.851386 -inf -inf -inf -inf -inf -inf -inf -inf -inf -inf -inf -inf -inf -inf -inf -inf -inf -inf 1.835064 -inf -inf -inf -inf -inf -inf -inf -inf -inf -inf -inf -inf -inf -inf -inf -inf -inf -inf -inf -inf -inf -inf -inf -inf -inf -inf -inf -inf -inf -inf -0.043669 -inf -inf -inf -inf -inf -inf -inf -inf -inf -inf 2.130313 -inf -inf -inf -inf 1.428922 -inf -inf -inf -inf -inf -inf -inf -inf -inf -inf -inf -inf -inf 1.405249 -inf -inf 0.974841 -inf 0.841474 -inf 2.479778 -inf -inf -inf -inf,28.0
M1_s1.6,46,8.1775,0,1,19:0.538279:0.9600,0.5382794222407876,0.96,0.01,0,-inf -inf -inf -inf -inf -inf -inf -inf -inf -inf -inf -inf -inf -inf -inf -inf -inf -inf -inf -inf -inf -inf -inf -inf -inf -inf -inf -inf -inf -inf -inf -inf -inf -inf -inf -inf -inf -inf -inf -inf -inf -inf -inf -inf -inf -inf -inf -inf -inf -inf -inf -inf -inf -inf -inf -inf -inf -inf -inf -inf -inf -inf -inf -inf -inf -inf -inf -inf -inf -inf -inf -inf -inf -inf -inf -inf -inf -inf -inf -inf -inf -inf -inf -inf -inf -inf -inf -inf -inf -inf -inf -inf -inf -inf -inf -inf -inf -inf -inf,24.3
D2_a0.9,40,5.4684,0,1,20:2.599507:0.1300,2.5995074182022266,0.13,0.03,17,-inf -inf -inf -inf 2.301966 -inf -inf -inf -inf -inf 1.396953 -inf 1.393674 -inf -inf 0.659780 -inf -inf 0.318582 -inf -inf -inf -inf -inf 2.351934 -inf -inf -inf -inf -inf -inf -inf -inf -inf -inf -inf -inf -inf -inf -inf -inf -inf 0.855312 -inf -inf -inf -inf -inf -inf -inf -inf -inf 2.579234 1.409949 -inf 2.954418 -inf -inf -inf 1.305702 1.755036 -inf -inf -inf -inf 2.126903 -inf -inf 0.400988 -inf -inf 0.987827 -inf -inf -inf -inf 0.114325 -inf -inf -inf -inf -inf -inf -inf -inf -inf -inf 3.750902 -inf -inf -inf -inf -inf -inf -inf -inf -inf -inf -inf,38.0
null_ar,44,10.6937,0,0,,-inf,1.0,1.0,6,-inf -inf -inf -inf -inf -inf -inf -inf 2.769771 -inf -inf -inf -inf -inf -inf -inf -inf -inf -inf -inf -inf -inf -inf -inf -inf -inf -inf -inf -inf -inf -inf -inf 0.858021 -inf -inf -inf -inf -inf -inf 3.086160 -inf -inf 2.697857 -inf -inf -inf -inf -inf -inf -inf -inf -inf -inf -inf -inf -inf -inf -inf 1.442436 -inf -inf -inf -inf -inf -inf -inf -inf -inf -inf -inf -inf -inf -inf -inf -inf 2.878231 -inf -inf -inf -inf -inf -inf -inf -inf -inf -inf -inf -inf -inf -inf -inf -inf -inf -inf -inf -inf -inf -inf -inf,27.8
D2_a0.9,46,7.151,0,1,20:3.085861:0.0600,3.085861363723554,0.06,0.06,11,-inf -inf -inf -inf -inf 5.065777 2.615917 -inf -inf -inf 3.801499 -inf -inf -inf -inf -inf -inf -inf -inf -inf -inf -inf -inf -inf -inf -inf -inf -inf -inf -inf 2.983835 -inf -inf -inf -inf -inf -inf -inf -inf -inf 4.290546 -inf -inf -inf -inf 2.834374 -inf 2.158329 -inf -inf -inf -inf -inf -inf -inf -inf -inf -inf -inf -inf -inf 2.129324 -inf -inf -inf -inf -inf -inf -inf -inf -inf -inf 3.747023 2.424096 -inf -inf -inf -inf -inf -inf -inf -inf -inf -inf -inf -inf -inf -inf -inf 3.209650 -inf -inf -inf -inf -inf -inf -inf -inf -inf,25.4
D2_a0.9,44,6.2533,0,0,,-inf,1.0,1.0,7,-inf -inf -inf -inf -inf -inf -inf -inf -inf -inf -inf -inf -inf -inf -inf -inf -inf -inf -inf -inf -inf -inf -inf -inf -inf 2.557731 -inf -inf -inf -inf -inf -inf -inf -inf -inf -inf -inf -inf -inf -inf -inf 1.699638 1.621142 -inf -inf -inf -inf -inf -inf -inf -inf -inf -inf -inf 3.317638 -inf -inf -inf -inf -inf -inf -inf -inf -inf 3.437733 -inf -inf -inf -inf -inf -inf -inf -inf -inf -inf -inf -inf -inf -inf -inf -inf -inf -inf -inf -inf -inf -inf -inf 1.765073 -inf -inf -inf -inf -inf -inf 1.435249 -inf -inf -inf,27.7
D2_a0.9,43,6.2533,0,1,20:3.219215:0.0500,3.219214669362147,0.05,0.02,7,-inf -inf -inf -inf -inf 2.081964 -inf -inf -inf -inf -inf -inf -inf -inf -inf -inf -inf -inf -inf -inf -inf -inf -inf -inf -inf -inf -inf -inf -inf -inf -inf -inf 2.631499 -inf -inf -inf -inf -inf -inf -inf -inf -inf -inf -inf -inf -inf -inf -inf -inf -inf -inf -inf -inf -inf -inf 4.200453 -inf -inf -inf -inf -inf -inf -inf -inf -inf -inf -inf -inf -inf -inf -inf -inf -inf -inf -inf -inf -inf -inf -inf -inf -inf -inf -inf 1.673028 -inf -inf -inf -inf -inf 2.892695 -inf -inf 1.294915 -inf -inf 2.351421 -inf -inf -inf,30.0
M1_s1.6,45,10.6937,0,1,22:2.390788:0.1800,2.3907877339498964,0.18,0.03,4,-inf -inf -inf -inf -inf -inf -inf -inf -inf -inf -inf -inf -inf -inf -inf -inf 1.997354 -inf -inf -inf -inf -inf -inf -inf -inf -inf -inf -inf -inf -inf -inf -inf -inf -inf -inf -inf 2.453329 -inf -inf -inf -inf -inf 3.198959 -inf -inf -inf -inf -inf -inf -inf -inf -inf -inf -inf -inf -inf -inf -inf -inf -inf -inf -inf -inf -inf -inf -inf -inf -inf -inf -inf -inf -inf -inf -inf -inf -inf -inf -inf -inf 1.079486 -inf -inf -inf -inf -inf -inf -inf -inf -inf -inf -inf -inf -inf -inf -inf -inf -inf -inf -inf,27.5
null_ar,47,12.2287,0,0,,-inf,1.0,1.0,0,-inf -inf -inf -inf -inf -inf -inf -inf -inf -inf -inf -inf -inf -inf -inf -inf -inf -inf -inf -inf -inf -inf -inf -inf -inf -inf -inf -inf -inf -inf -inf -inf -inf -inf -inf -inf -inf -inf -inf -inf -inf -inf -inf -inf -inf -inf -inf -inf -inf -inf -inf -inf -inf -inf -inf -inf -inf -inf -inf -inf -inf -inf -inf -inf -inf -inf -inf -inf -inf -inf -inf -inf -inf -inf -inf -inf -inf -inf -inf -inf -inf -inf -inf -inf -inf -inf -inf -inf -inf -inf -inf -inf -inf -inf -inf -inf -inf -inf -inf,23.4
null_ar,49,13.9841,0,0,,-inf,1.0,1.0,3,-inf -inf -inf -inf -inf -inf -inf -inf -inf 0.561822 -inf -inf -inf -inf -inf -inf -inf -inf -inf -inf -inf -inf -inf -inf -inf -inf -inf -inf -inf -inf -inf -inf -inf -inf -inf -inf -inf -inf -inf -inf -inf -inf -inf -inf -inf -inf -inf -inf -inf -inf -inf -inf -inf -inf -inf -inf -inf -inf -inf -inf -inf -inf -inf -inf -inf -inf -inf -inf -inf -inf -inf -inf -inf -inf -inf -inf -inf -inf -inf -inf -inf -inf 2.006143 -inf -inf -inf -inf -inf -inf -inf -inf -inf 2.789868 -inf -inf -inf -inf -inf -inf,21.2
M1_s1.6,43,6.2533,0,2,22:1.209508:0.6800;38:3.524234:0.0200,3.524234188291873,0.02,0.09,28,-inf 0.219289 -inf 3.526288 2.577400 -inf -inf -inf -inf -inf -inf -inf -inf 3.238596 4.320105 -inf -inf 3.761867 -inf -inf 4.289717 -inf 1.271333 -inf -inf -inf -inf -inf -inf -inf -inf -inf -inf 1.724472 -inf -inf -inf -inf -inf -inf -inf -inf -inf 3.807897 2.435469 4.282426 2.922263 -inf -inf -inf -inf -inf 4.099472 -inf 3.365459 -inf 3.248322 -inf 3.362579 0.408060 -inf 3.799576 -inf -inf -inf -inf -inf -inf 3.352324 -inf -inf -inf -inf -inf -inf -inf -inf -inf -inf -inf -inf -inf -inf -inf -inf -inf 1.038869 3.219163 3.034455 2.318305 -inf -inf 3.377233 3.233233 -inf -inf -inf 2.566944 3.370190,31.6
D2_a0.9,45,6.2533,0,1,19:2.743994:0.1000,2.7439942700359223,0.1,0.04,7,-inf -inf 3.647721 -inf -inf -inf -inf -inf -inf -inf -inf -inf -inf -inf -inf 2.225947 -inf -inf -inf -inf -inf -inf -inf -inf -inf -inf 1.657067 -inf -inf -inf -inf -inf -inf -inf -inf -inf -inf -inf -inf -inf -inf -inf 3.522027 -inf -inf -inf -inf -inf -inf -inf -inf -inf -inf -inf -inf -inf 2.598445 -inf -inf -inf -inf -inf -inf -inf -inf 2.453181 -inf -inf -inf -inf -inf -inf -inf -inf -inf -inf -inf -inf -inf -inf -inf -inf -inf -inf -inf -inf -inf -inf 3.451370 -inf -inf -inf -inf -inf -inf -inf -inf -inf -inf,29.3
null_ar,48,15.9915,0,0,,-inf,1.0,1.0,2,-inf -inf -inf -inf -inf -inf -inf -inf -inf -inf -inf -inf -inf -inf -inf -inf -inf -inf -inf -inf -inf -inf -inf -inf -inf -inf -inf -inf -inf -inf -inf -inf -inf -inf -inf -inf -inf -inf -inf -inf -inf -inf 2.436538 -inf -inf -inf -inf -inf -inf -inf -inf -inf -inf -inf -inf -inf -inf -inf -inf -inf -inf -inf -inf -inf -inf -inf -inf 0.278633 -inf -inf -inf -inf -inf -inf -inf -inf -inf -inf -inf -inf -inf -inf -inf -inf -inf -inf -inf -inf -inf -inf -inf -inf -inf -inf -inf -inf -inf -inf -inf,24.9
D2_a0.9,48,5.4684,0,1,22:0.981698:0.7500,0.9816979156597371,0.75,0.09,9,-inf -inf -inf -inf -inf -inf -inf -inf -inf -inf -inf -inf 1.165324 2.202026 -inf -inf -inf -inf -inf -inf -inf -inf -inf -inf -inf -inf -inf -inf -inf -inf -inf -inf -inf -inf -inf -inf -inf -inf -inf -inf -inf -inf -inf 4.019274 -inf -inf 2.901094 -inf -inf -inf -inf -inf -inf -inf -inf -inf -inf -inf -inf -inf -inf -inf -inf -inf -inf -inf -inf -inf 2.293004 -inf -inf -inf 1.415795 2.582796 -inf -inf -inf -inf 0.413513 -inf -inf 3.264608 -inf -inf -inf -inf -inf -inf -inf -inf -inf -inf -inf -inf -inf -inf -inf -inf -inf,24.7
M1_s1.6,49,12.2287,0,1,23:1.164116:0.6800,1.1641157361003023,0.68,0.06,6,-inf -inf -inf -inf -inf -inf -inf -inf -inf -inf -inf -inf -inf -inf -inf -inf -inf -inf -inf -inf 3.460181 -inf -inf -inf -inf -inf -inf -inf -inf -inf -inf -inf -inf -inf -inf -inf -inf -inf 2.543131 -inf -inf -inf -inf -inf -inf -inf -inf -inf -inf -inf -inf -inf -inf -inf -inf -inf -inf -inf -inf -inf -inf -inf -inf -inf -inf -inf -inf -inf 2.172048 0.847562 -inf -inf -inf -inf -inf -inf -inf -inf 2.112009 -inf 3.102771 -inf -inf -inf -inf -inf -inf -inf -inf -inf -inf -inf -inf -inf -inf -inf -inf -inf -inf,22.6
M1_s1.6,51,6.2533,0,1,21:2.011983:0.3400,2.011983352131909,0.34,0.06,13,-inf 2.071736 -inf -inf -inf 1.593402 -inf -inf 1.453834 -inf -inf -inf -inf -inf -inf -inf -inf -inf -inf 2.110796 -inf -inf -inf 0.671658 -inf 1.210020 0.386564 -inf -inf 2.435669 -inf -inf -inf -inf -inf -inf -inf -inf -inf -inf -inf 0.753874 -inf -inf -inf -inf 2.251964 -inf 0.473371 -inf -inf -inf -inf -inf -inf -inf -inf -inf 1.175769 -inf -inf -inf -inf -inf -inf -inf -inf -inf -inf -inf -inf -inf -inf -inf -inf -inf -inf -inf -inf -inf -inf -inf -inf -inf -inf -inf -inf -inf -inf -inf 4.158195 -inf -inf -inf -inf -inf -inf -inf -inf,17.0
D2_a0.9,47,6.2533,0,1,21:3.162010:0.0400,3.1620102856031322,0.04,0.05,5,-inf -inf -inf -inf -inf -inf -inf -inf -inf -inf -inf -inf -inf -inf -inf -inf -inf -inf 2.560423 -inf -inf -inf -inf -inf -inf -inf -inf -inf -inf -inf -inf -inf -inf 3.914240 -inf -inf -inf -inf -inf 4.488834 -inf -inf -inf -inf -inf 3.979275 -inf -inf -inf -inf -inf -inf -inf -inf -inf -inf -inf -inf -inf -inf -inf 3.895903 -inf -inf -inf -inf -inf -inf -inf -inf -inf -inf -inf -inf -inf -inf -inf -inf -inf -inf -inf -inf -inf -inf -inf -inf -inf -inf -inf -inf -inf -inf -inf -inf -inf -inf -inf -inf -inf,28.1
null_ar,50,15.9915,0,0,,-inf,1.0,1.0,3,-inf -inf -inf -inf -inf -inf -inf -inf -inf -inf -inf -inf -inf -inf -inf -inf -inf 1.684850 -inf -inf -inf -inf -inf -inf -inf -inf -inf -inf -inf -inf -inf -inf -inf -inf -inf -inf -inf -inf -inf -inf -inf -inf -inf -inf -inf -inf -inf -inf -inf -inf -inf -inf -inf -inf -inf -inf -inf -inf -inf 1.856426 -inf -inf -inf -inf -inf -inf -inf -inf -inf -inf 0.230831 -inf -inf -inf -inf -inf -inf -inf -inf -inf -inf -inf -inf -inf -inf -inf -inf -inf -inf -inf -inf -inf -inf -inf -inf -inf -inf -inf -inf,20.9
D2_a0.9,50,7.151,0,1,20:5.093700:0.0100,5.093700451351977,0.01,0.01,3,-inf -inf -inf -inf -inf -inf -inf -inf -inf -inf -inf -inf -inf -inf -inf -inf -inf -inf -inf -inf -inf -inf -inf -inf -inf -inf -inf -inf -inf -inf -inf 3.115761 -inf -inf -inf -inf -inf -inf -inf -inf -inf -inf -inf -inf -inf -inf -inf -inf -inf -inf -inf -inf -inf -inf -inf -inf -inf -inf -inf -inf -inf -inf 4.533688 3.883392 -inf -inf -inf -inf -inf -inf -inf -inf -inf -inf -inf -inf -inf -inf -inf -inf -inf -inf -inf -inf -inf -inf -inf -inf -inf -inf -inf -inf -inf -inf -inf -inf -inf -inf -inf,21.1
null_ar,43,8.1775,0,0,,-inf,1.0,1.0,19,-inf -inf -inf -inf -inf -inf -inf 2.224194 -inf -inf -inf -inf -inf 1.309834 -inf 3.576797 -inf -inf -inf -inf 1.247861 -inf -inf -inf -inf 3.393516 -inf -inf 2.444860 -inf -inf -inf 2.075212 -inf 1.869786 -inf -inf -inf -inf -inf 3.203924 -inf 0.814349 2.337738 1.650414 -inf -inf -inf -inf -inf -inf -inf -inf -inf -inf -inf 0.447354 -inf -inf 0.991439 -inf -inf -inf -inf -inf -inf -inf -inf -inf -inf -inf -inf -inf -inf -inf -inf 2.602219 -inf 2.276119 -inf -inf 2.090037 -inf -inf -inf 1.312836 -inf -inf -inf -inf -inf -inf -inf -inf -inf 3.240992 -inf -inf -inf,40.1
M1_s1.6,52,8.1775,0,1,20:0.442334:0.9400,0.4423343210976278,0.94,0.02,1,-inf -inf -inf -inf -inf -inf -inf -inf -inf -inf -inf -inf -inf -inf -inf -inf -inf -inf -inf -inf -inf -inf -inf -inf -inf -inf -inf -inf -inf 2.776203 -inf -inf -inf -inf -inf -inf -inf -inf -inf -inf -inf -inf -inf -inf -inf -inf -inf -inf -inf -inf -inf -inf -inf -inf -inf -inf -inf -inf -inf -inf -inf -inf -inf -inf -inf -inf -inf -inf -inf -inf -inf -inf -inf -inf -inf -inf -inf -inf -inf -inf -inf -inf -inf -inf -inf -inf -inf -inf -inf -inf -inf -inf -inf -inf -inf -inf -inf -inf -inf,17.2
D2_a0.9,49,7.151,0,1,19:4.415654:0.0100,4.415653507994414,0.01,0.02,10,-inf -inf 3.149499 -inf -inf -inf -inf -inf 1.444807 -inf -inf -inf -inf -inf -inf -inf -inf -inf 1.064301 3.103709 -inf -inf -inf -inf -inf -inf -inf -inf -inf -inf -inf -inf -inf -inf -inf -inf 3.482644 -inf -inf -inf -inf -inf -inf -inf -inf -inf -inf -inf -inf -inf -inf -inf -inf -inf -inf -inf -inf -inf -inf -inf -inf -inf -inf -inf -inf -inf -inf -inf -inf -inf 1.694179 4.551238 0.723128 -inf -inf -inf -inf -inf 1.237530 -inf -inf -inf 3.663876 -inf -inf -inf -inf -inf -inf -inf -inf -inf -inf -inf -inf -inf -inf -inf -inf,24.1
M1_s1.6,47,9.3513,0,1,20:0.164103:0.9800,0.16410276493346343,0.98,0.2,19,-inf -inf -inf -inf -inf -inf -inf 1.947909 -inf -inf -inf 2.952506 -inf -inf -inf -inf -inf -inf -inf -inf -inf -inf -inf 1.623073 -inf -inf 2.274683 -inf -inf -inf -inf -inf -inf 0.783054 -inf 2.368031 0.618856 -inf -inf -inf -inf -inf -inf 1.137176 -inf -inf -inf -inf -inf -inf -inf -inf -inf -inf 0.904011 -inf -inf -inf 1.658456 -inf -inf -inf 1.624001 -inf -inf -inf 2.923738 -inf 1.012818 -inf -inf -inf -inf -inf -inf -inf -inf -inf 1.828996 -inf -inf -inf -inf -inf -inf 1.616500 2.466368 -inf 0.850728 -inf -inf 2.055874 -inf -inf -inf -inf 3.468876 -inf -inf,31.6
M1_s1.6,50,6.2533,0,1,18:1.113913:0.6800,1.1139131146744599,0.68,0.04,5,-inf -inf -inf -inf -inf -inf -inf -inf -inf -inf -inf -inf -inf -inf -inf -inf -inf -inf -inf -inf -inf -inf -inf -inf -inf -inf -inf -inf -inf 2.657158 -inf -inf -inf -inf -inf -inf -inf -inf -inf -inf -inf -inf -inf 0.817987 -inf -inf -inf -inf -inf -inf -inf -inf -inf -inf -inf -inf -inf -inf -inf -inf -inf -inf -inf -inf -inf -inf -inf -inf -inf -inf -inf -inf -inf -inf -inf -inf -inf -inf -inf -inf -inf -inf -inf -inf -inf -inf -inf -inf -inf 3.220975 -inf -inf 0.980314 -inf 4.012648 -inf -inf -inf -inf,22.7
D2_a0.9,52,9.3513,0,0,,-inf,1.0,1.0,3,-inf -inf -inf -inf -inf -inf -inf -inf -inf -inf -inf -inf -inf -inf -inf -inf -inf -inf -inf -inf -inf -inf -inf -inf -inf -inf -inf -inf -inf -inf -inf -inf -inf -inf -inf -inf -inf -inf -inf -inf -inf -inf -inf -inf -inf -inf -inf -inf -inf -inf 1.607555 -inf -inf -inf -inf -inf -inf -inf -inf -inf -inf -inf -inf -inf -inf -inf -inf -inf -inf -inf -inf -inf -inf 3.127085 -inf -inf -inf -inf -inf -inf -inf -inf -inf -inf -inf -inf -inf -inf -inf -inf -inf -inf -inf -inf -inf -inf -inf -inf 1.886099,20.4
null_ar,53,15.9915,0,0,,-inf,1.0,1.0,4,-inf -inf -inf -inf -inf -inf -inf -inf -inf -inf -inf -inf -inf 0.572666 -inf -inf -inf -inf -inf -inf -inf -inf -inf -inf -inf -inf -inf -inf -inf -inf -inf -inf -inf -inf -inf -inf -inf -inf -inf -inf -inf -inf -inf 1.243413 -inf -inf -inf -inf -inf -inf -inf -inf -inf -inf -inf -inf -inf -inf -inf -inf -inf -inf -inf -inf -inf -inf -inf 0.591240 -inf -inf -inf -inf -inf 1.082522 -inf -inf -inf -inf -inf -inf -inf -inf -inf -inf -inf -inf -inf -inf -inf -inf -inf -inf -inf -inf -inf -inf -inf -inf -inf,20.4
null_ar,52,13.9841,0,0,,-inf,1.0,1.0,0,-inf -inf -inf -inf -inf -inf -inf -inf -inf -inf -inf -inf -inf -inf -inf -inf -inf -inf -inf -inf -inf -inf -inf -inf -inf -inf -inf -inf -inf -inf -inf -inf -inf -inf -inf -inf -inf -inf -inf -inf -inf -inf -inf -inf -inf -inf -inf -inf -inf -inf -inf -inf -inf -inf -inf -inf -inf -inf -inf -inf -inf -inf -inf -inf -inf -inf -inf -inf -inf -inf -inf -inf -inf -inf -inf -inf -inf -inf -inf -inf -inf -inf -inf -inf -inf -inf -inf -inf -inf -inf -inf -inf -inf -inf -inf -inf -inf -inf -inf,23.4
null_ar,51,9.3513,0,0,,-inf,1.0,1.0,13,-inf -inf -inf -inf -inf -inf 2.716005 -inf -inf -inf 1.366049 -inf -inf -inf -inf -inf -inf -inf 4.046979 -inf -inf -inf -inf -inf -inf 0.021285 -inf -inf -inf -inf -inf -inf -inf 1.040341 -inf -inf -inf -inf -inf 2.773033 1.709344 -inf -inf -inf 2.796879 -inf -inf -inf -inf -inf -inf -inf -inf -inf 1.489517 -inf -inf -inf 2.036063 -inf -inf -inf -inf 0.409884 -inf -inf -inf -inf -inf -inf -inf -inf -inf -inf -inf -inf -inf -inf -inf -inf -inf -inf -inf -inf -inf -inf 2.892178 -inf -inf -inf -inf 4.163825 -inf -inf -inf -inf -inf -inf -inf,27.6
D2_a0.9,51,6.2533,0,1,21:3.670744:0.0100,3.6707436704183447,0.01,0.01,3,-inf -inf -inf -inf -inf -inf -inf -inf -inf -inf 2.835978 -inf -inf -inf -inf -inf 2.369294 -inf 3.059788 -inf -inf -inf -inf -inf -inf -inf -inf -inf -inf -inf -inf -inf -inf -inf -inf -inf -inf -inf -inf -inf -inf -inf -inf -inf -inf -inf -inf -inf -inf -inf -inf -inf -inf -inf -inf -inf -inf -inf -inf -inf -inf -inf -inf -inf -inf -inf -inf -inf -inf -inf -inf -inf -inf -inf -inf -inf -inf -inf -inf -inf -inf -inf -inf -inf -inf -inf -inf -inf -inf -inf -inf -inf -inf -inf -inf -inf -inf -inf -inf,26.7
null_ar,55,12.2287,0,0,,-inf,1.0,1.0,2,-inf -inf -inf -inf -inf -inf -inf -inf -inf -inf -inf -inf -inf -inf -inf -inf -inf -inf -inf -inf -inf -inf -inf -inf -inf -inf -inf -inf -inf -inf -inf -inf -inf -inf -inf -inf -inf -inf -inf -inf -inf -inf 0.613527 -inf -inf -inf -inf -inf -inf -inf -inf -inf -inf -inf -inf -inf -inf -inf -inf -inf -inf -inf -inf -inf -inf -inf -inf -inf -inf -inf -inf -inf -inf -inf 2.813174 -inf -inf -inf -inf -inf -inf -inf -inf -inf -inf -inf -inf -inf -inf -inf -inf -inf -inf -inf -inf -inf -inf -inf -inf,19.9
D2_a0.9,56,7.151,0,1,22:2.224005:0.2300,2.224005358974123,0.23,0.02,2,-inf -inf -inf -inf -inf -inf -inf -inf -inf -inf -inf -inf -inf -inf -inf -inf -inf -inf -inf -inf -inf -inf -inf -inf -inf -inf -inf -inf -inf -inf -inf -inf -inf -inf -inf -inf -inf -inf -inf -inf -inf -inf -inf -inf -inf -inf -inf -inf -inf -inf -inf -inf -inf -inf -inf -inf -inf -inf -inf -inf -inf -inf -inf -inf -inf -inf -inf -inf -inf -inf -inf -inf -inf -inf -inf 1.629399 -inf 2.625573 -inf -inf -inf -inf -inf -inf -inf -inf -inf -inf -inf -inf -inf -inf -inf -inf -inf -inf -inf -inf -inf,20.7
D2_a0.9,58,6.2533,0,1,20:2.885845:0.0700,2.8858449261218784,0.07,0.02,9,-inf -inf 2.697561 2.259662 -inf -inf -inf -inf 1.828234 -inf -inf -inf -inf -inf -inf 2.392831 -inf -inf -inf -inf -inf -inf -inf -inf -inf -inf -inf -inf -inf -inf -inf -inf -inf -inf -inf 1.824239 -inf -inf -inf 1.418315 -inf -inf -inf -inf -inf -inf -inf -inf -inf -inf -inf -inf -inf -inf 1.923175 -inf -inf -inf -inf -inf 3.009162 -inf -inf -inf -inf -inf -inf -inf -inf -inf -inf -inf -inf -inf -inf -inf -inf -inf -inf -inf -inf -inf -inf -inf -inf -inf -inf -inf -inf 2.039540 -inf -inf -inf -inf -inf -inf -inf -inf -inf,15.3
null_ar,57,13.9841,0,0,,-inf,1.0,1.0,6,0.703798 -inf -inf -inf -inf -inf -inf -inf -inf -inf -inf -inf -inf 3.091100 -inf -inf -inf -inf -inf -inf -inf -inf -inf -inf -inf -inf -inf -inf -inf -inf -inf -inf -inf -inf -inf -inf -inf -inf -inf -inf -inf -inf -inf 1.603486 -inf -inf 1.157427 -inf -inf -inf -inf -inf -inf -inf -inf -inf -inf -inf -inf -inf -inf -inf -inf -inf -inf -inf -inf -inf 2.513352 -inf -inf -inf -inf -inf -inf -inf -inf -inf -inf -inf -inf -inf -inf -inf -inf -inf -inf -inf -inf -0.060578 -inf -inf -inf -inf -inf -inf -inf -inf -inf,22.1
D2_a0.9,55,7.151,0,0,,-inf,1.0,1.0,0,-inf -inf -inf -inf -inf -inf -inf -inf -inf -inf -inf -inf -inf -inf -inf -inf -inf -inf -inf -inf -inf -inf -inf -inf -inf -inf -inf -inf -inf -inf -inf -inf -inf -inf -inf -inf -inf -inf -inf -inf -inf -inf -inf -inf -inf -inf -inf -inf -inf -inf -inf -inf -inf -inf -inf -inf -inf -inf -inf -inf -inf -inf -inf -inf -inf -inf -inf -inf -inf -inf -inf -inf -inf -inf -inf -inf -inf -inf -inf -inf -inf -inf -inf -inf -inf -inf -inf -inf -inf -inf -inf -inf -inf -inf -inf -inf -inf -inf -inf,23.6
D2_a0.9,54,8.1775,0,1,20:4.839693:0.0100,4.839693082447225,0.01,0.01,0,-inf -inf -inf -inf -inf -inf -inf -inf -inf -inf -inf -inf -inf -inf -inf -inf -inf -inf -inf -inf -inf -inf -inf -inf -inf -inf -inf -inf -inf -inf -inf -inf -inf -inf -inf -inf -inf -inf -inf -inf -inf -inf -inf -inf -inf -inf -inf -inf -inf -inf -inf -inf -inf -inf -inf -inf -inf -inf -inf -inf -inf -inf -inf -inf -inf -inf -inf -inf -inf -inf -inf -inf -inf -inf -inf -inf -inf -inf -inf -inf -inf -inf -inf -inf -inf -inf -inf -inf -inf -inf -inf -inf -inf -inf -inf -inf -inf -inf -inf,24.4
D2_a0.9,53,7.151,0,1,18:3.424974:0.0400,3.424973805986123,0.04,0.02,3,-inf -inf -inf -inf -inf -inf -inf -inf -inf -inf -inf -inf -inf -inf -inf -inf 4.226748 -inf -inf -inf -inf -inf -inf -inf -inf -inf -inf -inf -inf -inf -inf -inf -inf -inf -inf -inf -inf -inf -inf -inf -inf -inf -inf -inf -inf -inf -inf -inf -inf -inf -inf -inf -inf -inf -inf -inf -inf -inf -inf -inf -inf -inf -inf -inf -inf -inf -inf -inf -inf -inf -inf -inf -inf -inf -inf -inf -inf -inf -inf -inf -inf -inf -inf -inf -inf -inf -inf -inf -inf -inf 1.788351 -inf -inf -inf -inf -inf -inf 2.135923 -inf,27.5
M1_s1.6,60,7.151,0,1,21:-0.046287:1.0000,-0.0462870220437472,1.0,0.08,7,1.729744 -inf -inf -inf -inf -inf -inf -inf -inf -inf -inf -inf -inf -inf -inf -inf -inf -inf -inf -inf -inf -inf -inf -inf -inf -inf -inf -inf -inf -inf -inf -inf -inf -inf -inf -inf -inf -inf -inf -inf -inf -inf -inf -inf -inf 2.345531 -inf -inf 2.084954 1.186974 -inf -inf -inf -inf 1.154609 -inf -inf -inf -inf -inf -inf -inf -inf -inf -inf -inf -inf -inf -inf -inf -inf -inf -inf -inf -inf -inf -inf -inf -inf -inf -inf -inf -inf -inf -0.001644 -inf -inf -inf -inf -inf -inf -inf -inf -inf -inf 2.669461 -inf -inf -inf,15.4
null_ar,58,18.287,0,0,,-inf,1.0,1.0,4,-inf -inf -inf -inf -inf 0.025584 -inf -inf -inf -inf -inf -inf -inf -inf -inf -inf -inf -inf -inf -inf -inf -inf -inf -inf -inf -inf -inf -inf -inf -inf -inf -inf -inf -inf -inf -inf 0.897354 -inf -inf -inf -inf -inf -inf -inf -inf -inf -inf -inf -inf -inf -inf -inf -inf -inf -inf -inf -inf -inf -inf -inf -inf -inf -inf -inf -inf -inf -inf -inf -inf -inf -inf -inf -inf -inf -inf -inf -inf -inf -inf 1.222814 -inf -inf -inf -inf -inf -inf -inf -inf 0.510688 -inf -inf -inf -inf -inf -inf -inf -inf -inf -inf,21.2
null_ar,61,13.9841,0,0,,-inf,1.0,1.0,2,-inf -inf -inf -inf -inf -inf -inf -inf -inf -inf -inf -inf -inf -inf -inf -inf -inf -inf -inf -inf -inf -inf -inf -inf -inf -inf -inf -inf -inf -inf -inf -inf -inf -inf 1.099770 -inf -inf -inf -inf -inf -inf -inf -inf -inf -inf -inf 1.228907 -inf -inf -inf -inf -inf -inf -inf -inf -inf -inf -inf -inf -inf -inf -inf -inf -inf -inf -inf -inf -inf -inf -inf -inf -inf -inf -inf -inf -inf -inf -inf -inf -inf -inf -inf -inf -inf -inf -inf -inf -inf -inf -inf -inf -inf -inf -inf -inf -inf -inf -inf -inf,18.5
M1_s1.6,57,9.3513,0,1,21:0.890419:0.7900,0.8904188471023597,0.79,0.03,3,-inf -inf -inf -inf -inf -inf -inf -inf -inf -inf -inf -inf -inf -inf -inf -inf -inf -inf -inf -inf -inf -inf -inf -inf -inf -inf -inf -inf -inf -inf -inf -inf -inf -inf -inf -inf -inf -inf -inf -inf -inf -inf -inf -inf -inf -inf -inf -inf -inf -inf -inf -inf -inf -inf -inf -inf -inf -inf -inf 1.269145 -inf -inf -inf -inf -inf -inf -inf -inf -inf -inf 2.414461 -inf -inf -inf -inf -inf -inf -inf -inf 0.704972 -inf -inf -inf -inf -inf -inf -inf -inf -inf -inf -inf -inf -inf -inf -inf -inf -inf -inf -inf,26.5
M1_s1.6,58,8.1775,0,1,22:2.291803:0.1900,2.2918030116528896,0.19,0.03,7,-inf -inf -inf -inf -inf -inf -inf -inf -inf -inf -inf -inf -inf -inf -inf -inf -inf -inf -inf -inf -inf -inf -inf -inf -inf -inf -inf -inf -inf -inf -inf -inf -inf -inf -inf -inf 2.518554 -inf -inf -inf -inf -inf -inf -inf -inf -inf -inf -inf -inf -inf -inf -inf -inf -inf -inf -inf 1.733811 -inf -inf -inf -inf -inf -inf -inf -inf -inf -inf -inf -inf -inf -inf -inf -inf 3.538050 -inf -inf 1.362708 1.972550 -inf -inf -inf -inf -inf 1.813739 -inf -inf -inf -inf -inf -inf 2.218997 -inf -inf -inf -inf -inf -inf -inf -inf,24.3
null_ar,59,18.287,0,0,,-inf,1.0,1.0,0,-inf -inf -inf -inf -inf -inf -inf -inf -inf -inf -inf -inf -inf -inf -inf -inf -inf -inf -inf -inf -inf -inf -inf -inf -inf -inf -inf -inf -inf -inf -inf -inf -inf -inf -inf -inf -inf -inf -inf -inf -inf -inf -inf -inf -inf -inf -inf -inf -inf -inf -inf -inf -inf -inf -inf -inf -inf -inf -inf -inf -inf -inf -inf -inf -inf -inf -inf -inf -inf -inf -inf -inf -inf -inf -inf -inf -inf -inf -inf -inf -inf -inf -inf -inf -inf -inf -inf -inf -inf -inf -inf -inf -inf -inf -inf -inf -inf -inf -inf,23.5
M1_s1.6,61,8.1775,0,1,18:1.602754:0.4300,1.6027543726127786,0.43,0.05,5,-inf 2.248233 -inf -inf 0.721262 -inf -inf -inf -inf -inf -inf -inf -inf -inf -inf -inf -inf -inf -inf -inf -inf -inf -inf -inf -inf -inf -inf -inf -inf -inf -inf -inf -inf -inf -inf -inf -inf -inf -inf -inf 2.605092 -inf -inf -inf -inf -inf -inf -inf -inf -inf -inf -inf -inf -inf -inf 2.434169 -inf -inf -inf -inf -inf -inf -inf -inf -inf -inf -inf -inf -inf -inf -inf 4.072644 -inf -inf -inf -inf -inf -inf -inf -inf -inf -inf -inf -inf -inf -inf -inf -inf -inf -inf -inf -inf -inf -inf -inf -inf -inf -inf -inf,22.8
D2_a0.9,59,8.1775,0,1,20:4.431722:0.0200,4.431722494321513,0.02,0.01,8,-inf -inf -inf -inf -inf -inf -inf -inf -inf -inf -inf -inf -inf -inf -inf -inf -inf 3.739911 -inf -inf -inf -inf -inf -inf -inf -inf -inf -inf -inf -inf -inf -inf -inf -inf -inf -inf -inf -inf -inf -inf -inf -inf -inf -inf -inf -inf 4.102036 -inf -inf -inf -inf -inf -inf -inf 1.492109 -inf 1.595695 2.202044 -inf -inf -inf 2.184893 1.788317 -inf -inf -inf -inf -inf -inf -inf -inf -inf -inf -inf -inf -inf -inf -inf -inf -inf -inf -inf -inf -inf -inf -inf -inf -inf -inf -inf -inf 4.051997 -inf -inf -inf -inf -inf -inf -inf,24.1
null_ar,54,13.9841,0,0,,-inf,1.0,1.0,15,-inf -inf 0.939620 -inf -inf -0.075625 -inf -inf -inf -inf -inf -inf -inf -inf 2.254284 -inf -inf -inf 0.030433 2.694657 -inf -inf 1.042338 -inf -inf -inf -inf 0.918851 -inf -inf 0.921854 -inf -inf -inf -inf -inf -inf -inf 0.103881 -inf -inf -inf -inf -inf -inf -inf 1.121293 -inf -inf 1.642464 -inf -inf -inf -inf -inf -inf -inf -inf -inf -inf -inf -inf -inf -inf -inf -inf -inf -inf -inf -inf -inf -inf -inf 1.839505 -inf -inf -inf 2.846455 0.139944 -inf -inf -inf -inf -inf 1.226718 -inf -inf -inf -inf -inf -inf -inf -inf -inf -inf -inf -inf -inf -inf,35.8
M1_s1.6,55,6.2533,0,1,16:2.206301:0.2200,2.206300726299899,0.22,0.04,14,-inf 0.756672 -inf 1.498458 -inf -inf -inf 2.970400 -inf 1.870705 -inf -inf -inf -inf -inf -inf -inf -inf -inf -inf -inf -inf 1.180927 -inf -inf -inf -inf -inf -inf -inf -inf -inf -inf 1.461065 -inf -inf 2.611962 -inf -inf -inf 2.306811 -inf -inf -inf -inf -inf -inf -inf 1.113105 -inf -inf -inf -inf -inf -inf 0.942702 -inf 1.595047 -inf -inf -inf -inf 1.563627 0.761586 -inf -inf -inf -inf -inf -inf -inf -inf -inf -inf -inf -inf -inf -inf -inf -inf -inf -inf -inf -inf -inf -inf -inf 1.634740 -inf -inf -inf -inf -inf -inf -inf -inf -inf -inf -inf,35.2
D2_a0.9,61,6.2533,0,1,18:2.380344:0.2300,2.3803435939652293,0.23,0.03,3,-inf -inf -inf -inf -inf -inf -inf -inf -inf -inf -inf -inf -inf -inf -inf -inf -inf -inf -inf -inf -inf -inf -inf -inf -inf -inf -inf -inf 3.351143 -inf -inf -inf -inf -inf -inf -inf -inf -inf -inf -inf -inf -inf -inf -inf 3.348067 -inf -inf -inf -inf -inf -inf -inf -inf -inf -inf -inf -inf -inf -inf -inf -inf -inf -inf -inf -inf -inf -inf -inf -inf -inf -inf -inf -inf -inf -inf -inf -inf -inf -inf -inf -inf -inf -inf -inf -inf -inf -inf -inf 1.800656 -inf -inf -inf -inf -inf -inf -inf -inf -inf -inf,21.3
D2_a0.9,60,6.2533,0,1,19:4.592070:0.0100,4.592069786713611,0.01,0.01,11,-inf -inf -inf -inf -inf -inf -inf -inf -inf -inf -inf -inf -inf -inf -inf 1.207427 3.355302 -inf -inf -inf 1.664365 -inf -inf -inf -inf -inf -inf -inf 2.580879 -inf -inf -inf -inf 2.032345 -inf -inf -inf 2.405306 -inf -inf -inf -inf -inf -inf -inf 2.001567 -inf -inf -inf -inf -inf -inf -inf -inf -inf -inf -inf -inf -inf -inf -inf -inf -inf -inf -inf 1.850317 -inf -inf -inf 2.549487 -inf -inf 1.306282 -inf -inf -inf -inf -inf -inf -inf -inf -inf -inf -inf -inf -inf -inf -inf -inf -inf -inf -inf -inf -inf -inf -inf -inf 4.532191 -inf,26.3
D2_a0.9,57,5.4684,0,1,22:0.399933:0.9300,0.3999326184508625,0.93,0.11,10,-inf -inf -inf -inf -inf 2.676947 -inf -inf -inf -inf 2.117722 -inf -inf 2.463673 -inf 1.650622 -inf -inf -inf -inf -inf -inf -inf -inf -inf -inf -inf -inf -inf -inf 2.219189 -inf -inf -inf -inf -inf -inf -inf -inf -inf -inf -inf -inf -inf -inf -inf -inf -inf -inf -inf -inf -inf -inf 0.791158 -inf -inf -inf -inf -inf -inf -inf -inf -inf -inf -inf -inf -inf -inf -inf -inf -inf -inf -inf -inf -inf -inf -inf 3.707563 -inf -inf -inf -inf -inf -inf -inf -inf -inf -inf 1.516934 -inf 2.803862 -inf -inf -inf 2.173302 -inf -inf -inf -inf,32.5
null_ar,66,13.9841,0,0,,-inf,1.0,1.0,1,-inf -inf -inf -inf -inf -inf -inf -inf -inf -inf -inf -inf -inf -inf -inf -inf -inf -inf -inf -inf -inf -inf -inf -inf -inf -inf -inf -inf -inf -inf -inf -inf -inf -inf -inf -inf -inf -inf -inf -inf -inf -inf -inf -inf -inf -inf -inf -inf -inf -inf -inf -inf -inf -inf -inf -inf -inf -inf -inf -inf -inf -inf 3.412697 -inf -inf -inf -inf -inf -inf -inf -inf -inf -inf -inf -inf -inf -inf -inf -inf -inf -inf -inf -inf -inf -inf -inf -inf -inf -inf -inf -inf -inf -inf -inf -inf -inf -inf -inf -inf,12.1
M1_s1.6,54,6.2533,0,1,20:1.212542:0.6600,1.2125422541166775,0.66,0.1,16,-inf 1.068302 -inf -inf -inf -inf -inf -inf -inf -inf -inf -inf -inf -inf 1.547474 -inf 1.064398 -inf -inf 0.759390 1.601052 -inf -inf -inf -inf -inf -inf -inf -inf -inf -inf -inf 1.987453 -inf -inf -inf -inf -inf -inf -inf -inf 1.514188 -inf -inf -inf -inf -inf -inf -inf 1.833555 -inf 0.789220 -inf -inf -inf 2.146181 -inf -inf -inf -inf -inf 1.029936 -inf -inf 0.869732 -inf -inf -inf 2.157308 -inf -inf -inf -inf -inf -inf 0.764619 -inf -inf -inf -inf -inf -inf -inf -inf -inf -inf -inf -inf -inf -inf 2.886372 -inf -inf -inf -inf 2.683329 -inf -inf -inf,39.1
null_ar,60,8.1775,0,0,,-inf,1.0,1.0,7,-inf 1.680718 -inf -inf -inf -inf -inf -inf -inf -inf -inf -inf -inf -inf -inf -inf -inf -inf -inf -inf -inf -inf -inf -inf -inf -inf -inf -inf 1.673400 -inf -inf -inf -inf -inf -inf -inf -inf -inf -inf -inf 0.934151 -inf -inf -inf -inf -inf -inf -inf 1.706364 -inf -inf -inf -inf -inf -inf -inf -inf -inf -inf -inf -inf -inf 2.249727 -inf -inf -inf -inf -inf -inf -inf -inf 0.882127 -inf -inf -inf -inf -inf -inf -inf -inf -inf -inf 2.290165 -inf -inf -inf -inf -inf -inf -inf -inf -inf -inf -inf -inf -inf -inf -inf -inf,28.7
null_ar,62,12.2287,0,0,,-inf,1.0,1.0,12,-inf -inf -inf -inf -inf -0.049114 -inf -inf -inf -inf -inf -inf -inf -inf -inf -inf -inf -inf 1.710505 -inf -inf 0.951605 -inf -inf 1.525588 -inf -inf -inf -inf 0.848948 0.957180 -inf -inf -inf -inf -inf -inf -inf -inf -inf -inf -inf -inf -inf 3.436123 -inf -inf -inf -inf -0.111892 -inf -inf -inf -inf -inf -inf -inf 1.780156 -inf -inf -inf -inf -inf -inf -inf -inf -inf -inf -inf -inf 2.339935 -inf -inf -inf -inf -inf -inf -inf -inf -inf -inf 1.335681 -inf -inf 1.078736 -inf -inf -inf -inf -inf -inf -inf -inf -inf -inf -inf -inf -inf -inf,24.7
D2_a0.9,63,6.2533,0,1,21:3.761210:0.0300,3.7612098112290897,0.03,0.01,0,-inf -inf -inf -inf -inf -inf -inf -inf -inf -inf -inf -inf -inf -inf -inf -inf -inf -inf -inf -inf -inf -inf -inf -inf -inf -inf -inf -inf -inf -inf -inf -inf -inf -inf -inf -inf -inf -inf -inf -inf -inf -inf -inf -inf -inf -inf -inf -inf -inf -inf -inf -inf -inf -inf -inf -inf -inf -inf -inf -inf -inf -inf -inf -inf -inf -inf -inf -inf -inf -inf -inf -inf -inf -inf -inf -inf -inf -inf -inf -inf -inf -inf -inf -inf -inf -inf -inf -inf -inf -inf -inf -inf -inf -inf -inf -inf -inf -inf -inf,19.7
M1_s1.6,63,7.151,0,1,20:3.580971:0.0500,3.5809709306846242,0.05,0.01,5,-inf -inf -inf -inf -inf -inf -inf -inf -inf -inf -inf -inf -inf -inf -inf -inf -inf -inf -inf -inf -inf 2.997769 -inf -inf -inf -inf -inf -inf -inf -inf 1.201211 -inf -inf -inf -inf -inf -inf -inf -inf -inf -inf -inf -inf -inf -inf -inf -inf 1.897044 -inf -inf -inf -inf 3.054183 2.971797 -inf -inf -inf -inf -inf -inf -inf -inf -inf -inf -inf -inf -inf -inf -inf -inf -inf -inf -inf -inf -inf -inf -inf -inf -inf -inf -inf -inf -inf -inf -inf -inf -inf -inf -inf -inf -inf -inf -inf -inf -inf -inf -inf -inf -inf,22.4
null_ar,63,15.9915,0,0,,-inf,1.0,1.0,0,-inf -inf -inf -inf -inf -inf -inf -inf -inf -inf -inf -inf -inf -inf -inf -inf -inf -inf -inf -inf -inf -inf -inf -inf -inf -inf -inf -inf -inf -inf -inf -inf -inf -inf -inf -inf -inf -inf -inf -inf -inf -inf -inf -inf -inf -inf -inf -inf -inf -inf -inf -inf -inf -inf -inf -inf -inf -inf -inf -inf -inf -inf -inf -inf -inf -inf -inf -inf -inf -inf -inf -inf -inf -inf -inf -inf -inf -inf -inf -inf -inf -inf -inf -inf -inf -inf -inf -inf -inf -inf -inf -inf -inf -inf -inf -inf -inf -inf -inf,23.5
M1_s1.6,59,4.7819,0,1,20:1.321181:0.5000,1.3211812415732471,0.5,0.18,21,-inf -inf -inf -inf 2.425211 -inf -inf -inf -inf -inf -inf -inf -inf 2.910559 -inf 2.736593 -inf -inf -inf 1.681613 -inf -inf -inf -inf -inf -inf -inf -inf -inf -inf 1.016781 -inf -inf 1.818585 -inf -inf -inf -inf -inf -inf -inf 2.623570 -inf -inf 1.500671 -inf -inf -inf 1.519791 0.874820 2.136791 -inf -inf 0.988091 -inf -inf -inf 2.457815 -inf -inf -inf -inf -inf -inf 0.193147 -inf -inf -inf 2.778683 -inf -inf 1.329972 -inf 3.362843 -inf 2.256892 1.831432 -inf -inf -inf -inf -inf -inf -inf -inf 2.266882 -inf -inf 2.198217 -inf -inf -inf -inf -inf -inf -inf -inf -inf -inf,33.8
M1_s1.6,64,10.6937,0,1,20:0.611850:0.8700,0.6118498335446159,0.87,0.01,0,-inf -inf -inf -inf -inf -inf -inf -inf -inf -inf -inf -inf -inf -inf -inf -inf -inf -inf -inf -inf -inf -inf -inf -inf -inf -inf -inf -inf -inf -inf -inf -inf -inf -inf -inf -inf -inf -inf -inf -inf -inf -inf -inf -inf -inf -inf -inf -inf -inf -inf -inf -inf -inf -inf -inf -inf -inf -inf -inf -inf -inf -inf -inf -inf -inf -inf -inf -inf -inf -inf -inf -inf -inf -inf -inf -inf -inf -inf -inf -inf -inf -inf -inf -inf -inf -inf -inf -inf -inf -inf -inf -inf -inf -inf -inf -inf -inf -inf -inf,19.3
M1_s1.6,53,7.151,0,1,20:1.159406:0.6900,1.1594062207440388,0.69,0.19,23,-inf -inf -inf 0.892067 -inf -inf -inf -inf 2.254368 -inf -inf -inf -inf -inf -inf -inf 1.601078 -inf -inf -inf -inf -inf -inf -inf -inf -inf -inf -inf -inf -inf -inf -inf 3.959863 -inf -inf -inf -inf -inf -inf 1.868192 -inf -inf -inf -inf -inf -inf -inf 1.327072 2.662133 -inf -inf -inf -inf 2.023198 1.231528 -inf -inf -inf -inf 0.856171 -inf 1.507177 -inf -inf -inf 2.018945 -inf -inf -inf -inf 1.244155 3.508696 -inf 2.577028 -inf -inf 3.184878 -inf 0.990467 1.480375 0.498856 2.324193 -inf -inf -inf 2.387718 -inf 2.089231 -inf -inf -inf -inf -inf -inf -inf -inf -inf -inf 0.823282,47.7
null_ar,65,15.9915,0,0,,-inf,1.0,1.0,0,-inf -inf -inf -inf -inf -inf -inf -inf -inf -inf -inf -inf -inf -inf -inf -inf -inf -inf -inf -inf -inf -inf -inf -inf -inf -inf -inf -inf -inf -inf -inf -inf -inf -inf -inf -inf -inf -inf -inf -inf -inf -inf -inf -inf -inf -inf -inf -inf -inf -inf -inf -inf -inf -inf -inf -inf -inf -inf -inf -inf -inf -inf -inf -inf -inf -inf -inf -inf -inf -inf -inf -inf -inf -inf -inf -inf -inf -inf -inf -inf -inf -inf -inf -inf -inf -inf -inf -inf -inf -inf -inf -inf -inf -inf -inf -inf -inf -inf -inf,23.4
M1_s1.6,56,7.151,0,1,21:3.119226:0.0300,3.1192258557080637,0.03,0.03,27,-inf -inf -inf -inf -inf -inf -inf 1.255051 -inf -inf -inf -inf 2.740534 1.189641 -inf -inf -inf 1.263299 2.720287 -inf 2.442572 -inf -inf -inf 2.431894 2.428944 2.877815 0.545205 2.811118 -inf 2.151694 -inf 2.227073 3.414025 -inf -inf 1.459384 -inf -inf -inf 2.326915 -inf -inf -inf -inf 1.103940 -inf -inf -inf -inf -inf -inf 3.595737 -inf -inf -inf 2.550484 -inf -inf -inf -inf -inf -inf -inf 1.679836 -inf -inf -inf 1.362931 0.697911 -inf -inf -inf 0.883982 -inf -inf 1.085324 -inf -inf -inf -inf 0.360434 -inf -inf -inf -0.522385 -inf -inf -inf -inf -inf -inf -inf -inf -inf 0.709718 -inf -inf -inf,46.6
D2_a0.9,62,7.151,0,1,11:1.790871:0.4400,1.7908706607183007,0.44,0.15,19,-inf 0.982364 -inf -inf -inf -inf -inf -inf -inf 2.169589 -inf 3.230672 -inf -inf 2.822744 -inf -inf -inf 1.444485 -inf -inf 3.218996 -inf -inf -inf -inf -inf -inf -inf 2.495501 -inf -inf -inf -inf -inf -inf -inf -inf -inf -inf -inf 0.447040 -inf -inf -inf -inf -inf -inf -inf -inf -inf -inf -inf 1.202721 -inf -inf -inf 4.175266 2.232997 -inf -inf -inf -inf -inf 3.294885 -inf -inf -inf 2.978335 -inf -inf -inf -inf -inf 2.637020 3.313766 -inf -inf -inf -inf -inf -inf -inf 1.497720 -inf -inf -inf -inf -inf -inf -inf -inf -inf 2.030508 -inf 2.480033 -inf 2.861268 -inf,30.5
null_ar,64,12.2287,0,0,,-inf,1.0,1.0,15,-inf -inf -inf -inf 2.459126 -inf -inf -inf -inf -inf -inf 0.792766 1.259436 -inf -inf -inf -inf -inf -inf 0.113655 -inf -inf -inf -inf -inf -inf -inf -inf -inf -inf -inf -inf -inf -inf -inf -inf -inf -0.429500 2.187198 0.473175 -inf -inf 2.256282 -inf -inf -inf -inf -inf -inf -inf -inf 1.205091 -inf 0.431154 -inf -inf -inf 2.054182 -inf -inf -inf 0.308169 -inf 0.283905 2.552311 -inf -inf -inf -inf -inf -inf -inf -inf -inf -inf -inf -inf -inf -inf -inf -inf 0.414670 -inf -inf -inf -inf -inf -inf -inf -inf -inf -inf -inf -inf -inf -inf -inf -inf -inf,26.1
M1_s1.6,62,9.3513,0,1,23:2.968262:0.0800,2.9682617277019143,0.08,0.04,13,-inf -inf -inf -inf -inf -inf -inf -inf -inf -inf -inf -inf 1.663143 -inf -inf 3.399975 -inf -inf -inf -inf -inf -inf -inf -inf -inf -inf -inf -inf -inf -inf 0.516240 -inf -inf -inf -inf -inf -inf -inf -inf -inf -inf -inf -inf -inf -inf 1.147339 -inf -inf -inf -inf 2.329351 -inf -inf 3.889007 -inf -inf -inf -inf -inf -inf -inf -inf -inf -inf -inf -inf -inf -inf 1.472001 2.986193 1.693133 -inf -inf -inf -inf -inf 2.338911 -inf -inf -inf -inf -inf -inf -inf -inf -inf 2.487336 -inf -inf -inf -inf 1.235552 -inf -inf -inf -inf -inf -inf 1.265157,33.7
null_ar,56,9.3513,0,0,,-inf,1.0,1.0,28,2.228703 -inf -inf -inf -inf 1.891578 -inf 1.579361 -inf -inf 2.111864 -inf -inf 1.738410 1.406235 3.745342 -inf -inf -inf -inf 2.234817 -inf -inf -inf 0.854609 -inf -inf -inf 0.497308 -inf -inf -inf -inf -inf -inf -inf -inf 1.388471 -inf -inf 0.654034 -inf -inf 2.779480 -0.143555 0.998881 1.915595 -inf 1.852095 -inf 1.611226 1.565482 1.144704 -inf -inf -inf 1.716331 -inf -inf -inf -inf -inf -inf -inf 1.802163 -inf 0.786850 -inf 2.479822 -inf -inf -inf -inf -inf -inf -inf -inf -inf -inf -inf -inf -inf 1.465592 -inf -inf -inf -inf -inf -inf -inf -inf 2.580169 -inf -inf 2.625682 -inf -inf -inf 1.346547,49.2
M1_s1.6,65,9.3513,0,1,21:0.195383:0.9600,0.19538347594931837,0.96,0.01,0,-inf -inf -inf -inf -inf -inf -inf -inf -inf -inf -inf -inf -inf -inf -inf -inf -inf -inf -inf -inf -inf -inf -inf -inf -inf -inf -inf -inf -inf -inf -inf -inf -inf -inf -inf -inf -inf -inf -inf -inf -inf -inf -inf -inf -inf -inf -inf -inf -inf -inf -inf -inf -inf -inf -inf -inf -inf -inf -inf -inf -inf -inf -inf -inf -inf -inf -inf -inf -inf -inf -inf -inf -inf -inf -inf -inf -inf -inf -inf -inf -inf -inf -inf -inf -inf -inf -inf -inf -inf -inf -inf -inf -inf -inf -inf -inf -inf -inf -inf,24.3
null_ar,67,15.9915,0,0,,-inf,1.0,1.0,3,-inf -inf -inf -inf -inf -inf -inf -inf -inf -inf -inf -inf -inf -inf -inf -inf -inf -inf -inf -inf -inf -inf -inf -inf -inf -inf -inf -inf 0.880095 -inf -inf -inf -inf -inf -inf -inf -inf -inf -inf -inf -inf -inf -inf -inf -inf -inf -inf -inf -inf -inf -inf -inf -inf -inf -inf -inf -inf -inf -inf -inf -inf -inf -inf -inf -inf -inf -inf -inf -inf -inf -inf -inf -inf -inf -inf -inf -inf 1.038126 -inf -inf -inf -inf -inf -inf -inf 2.235205 -inf -inf -inf -inf -inf -inf -inf -inf -inf -inf -inf -inf -inf,20.6
null_ar,70,13.9841,0,0,,-inf,1.0,1.0,11,-inf -inf -inf 0.225867 -inf -inf -inf -inf -inf -inf -inf -inf -inf -inf -inf -0.370030 -inf -inf -inf 1.565830 -inf -inf -inf -inf -inf -inf -inf 0.973830 -inf -inf -inf -inf -inf 1.884678 -inf -inf -inf 0.711814 -inf -inf -inf -inf -inf -inf -inf -inf -inf -inf -inf -inf 1.417338 -inf -inf -inf -inf 2.205750 -inf -inf -inf -inf -inf -inf -inf -inf -inf -inf -inf -inf -inf -inf -inf -inf -inf -inf -inf -inf -inf -inf -inf -inf -inf -inf -inf -inf -inf -inf -inf -inf -inf -inf -inf -inf -inf -inf 1.125137 1.228141 -inf -inf 0.404079,15.2
null_ar,68,18.287,0,0,,-inf,1.0,1.0,3,1.214803 -inf -inf -inf -inf -inf -inf -inf -inf -inf -inf 0.386422 -inf -inf -inf -inf -inf -inf -inf -inf -inf -inf -inf -inf -inf -inf -inf -inf -inf -inf -inf -inf -inf -inf -inf -inf -inf -inf -inf -inf -inf -inf -inf -inf -inf -inf -inf -inf -inf -inf -inf -inf -inf -inf -inf -inf -inf -inf -inf -inf -inf -inf -inf -inf -inf -inf -inf -inf -inf -inf -inf -inf -inf -inf -inf 1.399875 -inf -inf -inf -inf -inf -inf -inf -inf -inf -inf -inf -inf -inf -inf -inf -inf -inf -inf -inf -inf -inf -inf -inf,20.5
null_ar,69,15.9915,0,0,,-inf,1.0,1.0,0,-inf -inf -inf -inf -inf -inf -inf -inf -inf -inf -inf -inf -inf -inf -inf -inf -inf -inf -inf -inf -inf -inf -inf -inf -inf -inf -inf -inf -inf -inf -inf -inf -inf -inf -inf -inf -inf -inf -inf -inf -inf -inf -inf -inf -inf -inf -inf -inf -inf -inf -inf -inf -inf -inf -inf -inf -inf -inf -inf -inf -inf -inf -inf -inf -inf -inf -inf -inf -inf -inf -inf -inf -inf -inf -inf -inf -inf -inf -inf -inf -inf -inf -inf -inf -inf -inf -inf -inf -inf -inf -inf -inf -inf -inf -inf -inf -inf -inf -inf,18.7
D2_a0.9,65,5.4684,0,1,20:5.192285:0.0100,5.192284562734702,0.01,0.01,28,0.282275 3.846933 -inf -inf -inf -inf 2.967914 -inf -inf -inf 2.720931 -inf -inf 2.404483 -inf -inf -inf -inf -inf 2.664446 -inf -inf -inf 3.407388 -inf -inf -inf -inf -inf -inf -inf 2.746258 2.847045 -inf 1.453005 -inf -inf -inf -inf -inf -inf -inf -inf 4.023834 -inf -inf -inf -inf -inf -inf -inf -inf -inf -inf 2.055600 -inf -inf -inf -inf 3.759980 -inf -inf -inf -inf 3.762529 -inf -inf -inf -inf -inf 4.002201 1.789847 3.415013 -inf 4.343657 -inf 1.628307 -inf -inf 3.364633 1.035893 -inf 1.780852 -inf -inf -inf -inf -inf 1.540042 0.405569 -inf -inf 1.717150 1.290028 4.608460 -inf 0.787236 -inf -inf,29.8
M1_s1.6,69,9.3513,0,1,21:3.214611:0.0200,3.21461060882811,0.02,0.01,1,1.129376 -inf -inf -inf -inf -inf -inf -inf -inf -inf -inf -inf -inf -inf -inf -inf -inf -inf -inf -inf -inf -inf -inf -inf -inf -inf -inf -inf -inf -inf -inf -inf -inf -inf -inf -inf -inf -inf -inf -inf -inf -inf -inf -inf -inf -inf -inf -inf -inf -inf -inf -inf -inf -inf -inf -inf -inf -inf -inf -inf -inf -inf -inf -inf -inf -inf -inf -inf -inf -inf -inf -inf -inf -inf -inf -inf -inf -inf -inf -inf -inf -inf -inf -inf -inf -inf -inf -inf -inf -inf -inf -inf -inf -inf -inf -inf -inf -inf -inf,19.9
M1_s1.6,67,7.151,0,1,20:1.755875:0.4000,1.7558747644501065,0.4,0.02,4,-inf -inf -inf -inf -inf -inf -inf -inf -inf -inf -inf -inf -inf -inf -inf -inf -inf -inf 0.747158 -inf -inf -inf -inf -inf -inf -inf 2.334867 -inf -inf -inf -inf -inf -inf -inf -inf -inf -inf -inf -inf -inf -inf 1.201034 -inf -inf -inf -inf -inf -inf -inf -inf -inf -inf -inf -inf -inf -inf -inf -inf -inf -inf -inf -inf -inf -inf -inf -inf -inf -inf -inf -inf -inf -inf -inf -inf -inf -inf 0.674469 -inf -inf -inf -inf -inf -inf -inf -inf -inf -inf -inf -inf -inf -inf -inf -inf -inf -inf -inf -inf -inf -inf,27.9
D2_a0.9,66,5.4684,0,1,28:3.492871:0.0200,3.4928709426999047,0.02,0.02,8,-inf -inf -inf 1.660906 -inf -inf 3.723506 -inf -inf -inf -inf -inf -inf -inf -inf -inf -inf -inf -inf 1.774986 -inf -inf -inf -inf -inf -inf -inf -inf -inf 2.511291 -inf -inf -inf -inf -inf -inf -inf -inf -inf -inf -inf -inf -inf -inf -inf -inf -inf -inf -inf -inf -inf -inf -inf -inf -inf -inf -inf -inf -inf -inf -inf -inf -inf -inf -inf -inf -inf 1.148685 -inf -inf -inf -inf -inf -inf -inf -inf -inf -inf -inf 0.556623 -inf 0.993169 -inf -inf -inf -inf -inf -inf -inf -inf -inf -inf -inf -inf -inf -inf -inf -inf 1.448693,30.6
null_ar,71,13.9841,0,0,,-inf,1.0,1.0,2,-inf -inf -inf -inf -inf -inf -inf -inf -inf -inf -inf -inf -inf -inf -inf -inf -inf -inf -inf -inf -inf -inf -inf -inf -inf -inf -inf -inf -inf -inf -inf -inf -inf -inf -inf -inf -inf -inf -inf 2.406784 -inf -inf -inf -inf -inf -inf -inf -inf -inf -inf -inf -inf -inf -inf -inf -inf -inf -inf -inf -inf -inf -inf -inf -inf -inf -inf -inf -inf -inf -inf -inf -inf -inf -inf -inf -inf -inf -inf -inf -inf -inf -inf -inf -inf -inf -inf -inf -inf -inf -inf -inf -inf 1.882833 -inf -inf -inf -inf -inf -inf,19.8
D2_a0.9,67,7.151,0,1,20:4.421542:0.0100,4.421542411894431,0.01,0.01,12,-inf -inf -inf -inf -inf -inf -inf -inf -inf -inf -inf -inf -inf -inf -inf -inf -inf -inf -inf -inf -inf -inf -inf 1.760881 -inf -inf -inf -inf -inf 3.720256 -inf -inf -inf -inf -inf -inf -inf 0.681174 -inf -inf -inf 0.808552 -inf -inf -inf -inf -inf -inf -inf -inf -inf -inf -inf -inf -inf -inf -inf 3.348860 -inf -inf -inf 3.824029 -inf -inf -inf -inf 2.373243 3.764534 -inf -inf -inf -inf -inf -inf 4.389886 -inf 2.278706 -inf -inf 1.330877 -inf -inf -inf 3.952742 -inf -inf -inf -inf -inf -inf -inf -inf -inf -inf -inf -inf -inf -inf -inf,26.9
M1_s1.6,72,10.6937,0,1,20:1.476257:0.5800,1.4762572702751906,0.58,0.01,0,-inf -inf -inf -inf -inf -inf -inf -inf -inf -inf -inf -inf -inf -inf -inf -inf -inf -inf -inf -inf -inf -inf -inf -inf -inf -inf -inf -inf -inf -inf -inf -inf -inf -inf -inf -inf -inf -inf -inf -inf -inf -inf -inf -inf -inf -inf -inf -inf -inf -inf -inf -inf -inf -inf -inf -inf -inf -inf -inf -inf -inf -inf -inf -inf -inf -inf -inf -inf -inf -inf -inf -inf -inf -inf -inf -inf -inf -inf -inf -inf -inf -inf -inf -inf -inf -inf -inf -inf -inf -inf -inf -inf -inf -inf -inf -inf -inf -inf -inf,19.3
D2_a0.9,71,7.151,0,2,20:3.321664:0.0500;29:1.732145:0.4100,3.3216637676187872,0.05,0.01,0,-inf -inf -inf -inf -inf -inf -inf -inf -inf -inf -inf -inf -inf -inf -inf -inf -inf -inf -inf -inf -inf -inf -inf -inf -inf -inf -inf -inf -inf -inf -inf -inf -inf -inf -inf -inf -inf -inf -inf -inf -inf -inf -inf -inf -inf -inf -inf -inf -inf -inf -inf -inf -inf -inf -inf -inf -inf -inf -inf -inf -inf -inf -inf -inf -inf -inf -inf -inf -inf -inf -inf -inf -inf -inf -inf -inf -inf -inf -inf -inf -inf -inf -inf -inf -inf -inf -inf -inf -inf -inf -inf -inf -inf -inf -inf -inf -inf -inf -inf,20.1
M1_s1.6,71,6.2533,0,1,14:0.812151:0.8300,0.8121511128219018,0.83,0.05,4,-inf -inf -inf -inf -inf -inf -inf -inf -inf -inf -inf -inf -inf -inf -inf -inf -inf -inf -inf -inf -inf -inf -inf -inf -inf 2.344698 -inf 2.005911 3.208478 -inf -inf -inf -inf -inf -inf -inf -inf -inf -inf -inf -inf -inf -inf -inf -inf -inf -inf 1.330072 -inf -inf -inf -inf -inf -inf -inf -inf -inf -inf -inf -inf -inf -inf -inf -inf -inf -inf -inf -inf -inf -inf -inf -inf -inf -inf -inf -inf -inf -inf -inf -inf -inf -inf -inf -inf -inf -inf -inf -inf -inf -inf -inf -inf -inf -inf -inf -inf -inf -inf -inf,21.7
D2_a0.9,69,6.2533,0,1,20:3.375597:0.0200,3.3755971199134684,0.02,0.04,5,-inf -inf -inf -inf -inf -inf -inf -inf -inf -inf -inf -inf -inf -inf -inf -inf -inf -inf -inf 1.622615 -inf -inf -inf -inf 1.550452 -inf -inf -inf -inf -inf -inf -inf -inf -inf -inf -inf -inf -inf -inf -inf -inf -inf -inf -inf -inf -inf -inf -inf -inf -inf -inf -inf -inf -inf -inf -inf -inf -inf -inf -inf 3.966888 -inf -inf 3.846179 -inf -inf -inf -inf -inf -inf -inf -inf -inf -inf -inf -inf -inf -inf -inf 4.199891 -inf -inf -inf -inf -inf -inf -inf -inf -inf -inf -inf -inf -inf -inf -inf -inf -inf -inf -inf,28.1
null_ar,76,12.2287,0,0,,-inf,1.0,1.0,4,-inf -inf -inf 1.242895 -inf -inf -inf -inf -inf -inf -inf -inf 2.088380 2.560308 -inf -inf -inf -inf -inf -inf -inf -inf -inf -inf -inf -inf -inf -inf -inf -inf -inf -inf -inf -inf -inf -inf -inf -inf -inf -inf -inf -inf -inf -inf -inf -inf -inf -inf -inf -inf -inf -inf -inf -inf -inf -inf -inf -inf -inf -inf -inf -inf -inf 1.882703 -inf -inf -inf -inf -inf -inf -inf -inf -inf -inf -inf -inf -inf -inf -inf -inf -inf -inf -inf -inf -inf -inf -inf -inf -inf -inf -inf -inf -inf -inf -inf -inf -inf -inf -inf,12.8
null_ar,73,20.912,0,0,,-inf,1.0,1.0,1,-inf -inf -inf -inf -inf -inf -inf -inf -inf -inf -inf 1.848829 -inf -inf -inf -inf -inf -inf -inf -inf -inf -inf -inf -inf -inf -inf -inf -inf -inf -inf -inf -inf -inf -inf -inf -inf -inf -inf -inf -inf -inf -inf -inf -inf -inf -inf -inf -inf -inf -inf -inf -inf -inf -inf -inf -inf -inf -inf -inf -inf -inf -inf -inf -inf -inf -inf -inf -inf -inf -inf -inf -inf -inf -inf -inf -inf -inf -inf -inf -inf -inf -inf -inf -inf -inf -inf -inf -inf -inf -inf -inf -inf -inf -inf -inf -inf -inf -inf -inf,24.2
null_ar,72,13.9841,0,0,,-inf,1.0,1.0,3,-inf -inf -inf -inf -inf -inf -inf -inf -inf -inf -inf -inf -inf -inf -inf -inf -inf -inf -0.102920 -inf -inf -inf -inf -inf -inf -inf -inf -inf -inf -inf -inf -inf -inf -inf -inf -inf -inf -inf -inf -inf -inf 0.616554 -inf -inf -inf -inf -inf -inf -inf -inf -inf -inf -inf -inf -inf -inf -inf -inf -inf 0.344217 -inf -inf -inf -inf -inf -inf -inf -inf -inf -inf -inf -inf -inf -inf -inf -inf -inf -inf -inf -inf -inf -inf -inf -inf -inf -inf -inf -inf -inf -inf -inf -inf -inf -inf -inf -inf -inf -inf -inf,25.9
null_ar,77,13.9841,0,0,,-inf,1.0,1.0,7,-inf 0.076462 1.673398 -inf -inf -inf -inf 3.051018 -inf -inf -inf -inf -inf -inf -inf -inf -inf -inf -inf -inf 3.500505 -inf -inf -inf -inf -inf -inf -inf -inf -inf -inf -inf -inf -inf -inf -inf -inf 2.561821 -inf -inf -inf -inf -inf -inf -inf -inf -inf -inf -inf -inf -inf -inf -inf -inf -inf -inf 0.521170 -inf -inf -inf -inf -inf -inf -inf -inf -inf -inf -inf -inf -inf -inf -inf -inf -inf -inf -inf -inf -inf -inf -inf -inf -inf -inf -inf -inf -inf -inf -inf -inf -inf -inf -inf -inf -inf -inf 0.155175 -inf -inf -inf,13.7
D2_a0.9,75,8.1775,0,0,,-inf,1.0,1.0,1,-inf -inf -inf -inf -inf -inf -inf -inf -inf -inf -inf -inf -inf -inf -inf -inf -inf -inf -inf -inf -inf -inf -inf -inf -inf -inf -inf -inf -inf -inf -inf -inf -inf -inf -inf -inf -inf -inf -inf -inf -inf -inf -inf -inf -inf -inf -inf -inf -inf -inf -inf -inf -inf -inf -inf -inf -inf -inf -inf -inf -inf -inf -inf -inf -inf -inf -inf -inf -inf -inf -inf -inf -inf -inf -inf -inf -inf -inf -inf -inf -inf -inf -inf -inf -inf -inf -inf -inf -inf -inf -inf -inf -inf 2.650012 -inf -inf -inf -inf -inf,19.4
D2_a0.9,72,6.2533,0,1,20:4.056400:0.0200,4.056399564658157,0.02,0.03,11,-inf 1.070707 2.353664 -inf -inf -inf -inf -inf -inf 2.712748 -inf -inf -inf -inf -inf -inf -inf -inf -inf -inf -inf -inf -inf -inf -inf -inf -inf -inf -inf 1.441060 -inf -inf -inf -inf -inf -inf -inf -inf -inf -inf -inf -inf -inf -inf 1.670151 -inf -inf -inf -inf -inf -inf -inf 4.415554 1.798563 -inf -inf -inf -inf -inf -inf -inf -inf -inf 0.790985 -inf -inf -inf -inf -inf -inf 2.887859 -inf -inf -inf -inf -inf -inf -inf -inf -inf 1.426768 -inf -inf -inf -inf -inf -inf 4.712493 -inf -inf -inf -inf -inf -inf -inf -inf -inf -inf -inf,26.5
M1_s1.6,70,8.1775,0,1,20:1.976516:0.3400,1.9765160846602043,0.34,0.05,9,1.898142 -inf -inf 2.387728 -inf -inf -inf -inf -inf -inf -inf -inf -inf -inf -inf -inf -inf -inf -inf -inf -inf -inf -inf -inf -inf -inf -inf -inf -inf -inf -inf -inf -inf -inf -inf 1.262333 -inf -inf -inf -inf 2.374478 -inf -inf -inf -inf -inf -inf -inf -inf -inf -inf -inf -inf -inf -inf 2.555749 -inf -inf -inf -inf -inf 1.653600 -inf -inf -inf -inf -inf 1.929047 -inf -inf -inf -inf -inf -inf -inf -inf -inf -inf -inf -inf -inf -inf -inf -inf -inf -inf 0.349835 -inf -inf -inf -inf -inf 2.332496 -inf -inf -inf -inf -inf -inf,32.6
D2_a0.9,64,4.7819,0,1,18:2.680721:0.1100,2.680721476871663,0.11,0.12,27,-inf -inf -inf -inf -inf -inf -inf -inf -inf 2.371675 -inf 2.646532 -inf 2.586321 -inf -inf -inf -inf -inf -inf -inf -inf 0.345054 -inf -inf -inf 2.290466 -inf -inf 3.323985 -inf -inf 3.787663 -inf 1.632758 1.851202 2.647674 -inf 2.318542 -inf -inf -inf -inf -inf -inf 2.366312 -inf -inf -inf -inf 4.030828 3.129374 -inf -inf -inf -0.504902 -inf -inf -inf -inf -inf -inf -inf -inf -inf -inf -inf 4.128674 2.803585 -inf -inf -inf -inf -inf -inf 3.232747 -inf -inf -inf -inf 1.596997 3.398349 2.808027 -inf -inf 3.134992 2.487940 2.951480 1.598663 -inf -inf 1.949183 2.675379 -inf -inf -inf -inf -inf -inf,47.0
M1_s1.6,68,7.151,0,1,20:2.455467:0.2200,2.4554667119426536,0.22,0.03,15,-inf -inf 1.290178 -inf -inf -inf -inf -inf -inf -inf 1.562340 -inf -inf -inf -inf -inf -inf -inf -inf -inf 2.812729 2.293922 -inf -inf -inf -inf -inf -inf -inf -inf -inf -inf -inf -inf -inf -inf -inf 1.192390 -inf -inf -inf -inf -inf -inf -inf -inf -inf -inf 1.690524 -inf -inf -inf 0.767362 -inf -inf -inf -inf -inf -inf -inf -inf -inf -0.110972 -inf -inf 1.573200 -inf -inf -inf -inf -inf -inf 1.299993 1.490599 -inf -inf -inf -inf 0.000668 -inf -inf -inf -inf 0.845833 -inf -inf 2.094697 -inf -inf -inf -inf -inf -inf -inf -inf -inf -inf -inf 2.890872,37.1
M1_s1.6,73,9.3513,0,1,21:3.479303:0.0300,3.479303180912113,0.03,0.01,0,-inf -inf -inf -inf -inf -inf -inf -inf -inf -inf -inf -inf -inf -inf -inf -inf -inf -inf -inf -inf -inf -inf -inf -inf -inf -inf -inf -inf -inf -inf -inf -inf -inf -inf -inf -inf -inf -inf -inf -inf -inf -inf -inf -inf -inf -inf -inf -inf -inf -inf -inf -inf -inf -inf -inf -inf -inf -inf -inf -inf -inf -inf -inf -inf -inf -inf -inf -inf -inf -inf -inf -inf -inf -inf -inf -inf -inf -inf -inf -inf -inf -inf -inf -inf -inf -inf -inf -inf -inf -inf -inf -inf -inf -inf -inf -inf -inf -inf -inf,24.1
D2_a0.9,68,4.7819,0,1,10:1.117470:0.7500,1.117469723465808,0.75,0.14,14,-inf -inf 1.177412 1.742341 -inf 2.012774 -inf 1.599480 -inf -inf -inf -inf -inf -inf -inf -inf -inf -inf -inf -inf -inf 4.708363 -inf -inf -inf -inf -inf -inf -inf -inf -inf 1.691622 -inf -inf 2.203060 -inf -inf 2.096683 -inf 1.571976 -inf -inf -inf -inf -inf -inf -inf -inf -inf -inf -inf -inf -inf 1.810915 -inf -inf -inf 2.443643 -inf -inf -inf -inf -inf -inf -inf -inf 3.744066 -inf -inf -inf -inf -inf -inf -inf -inf -inf -inf -inf -inf -inf -inf -inf -inf -inf -inf -inf -inf -inf -inf -inf -inf -inf -inf 0.392075 -inf 3.288176 -inf -inf -inf,36.3
M1_s1.6,66,5.4684,0,1,19:0.802551:0.8900,0.8025505313347199,0.89,0.25,27,-inf -inf -inf -inf -inf -inf 2.720865 -inf 1.222493 -inf -inf -inf -inf -inf -inf -inf 1.643217 -inf -inf -inf -inf 3.751068 -inf 1.465666 -inf -inf 2.361437 -inf -inf -inf 1.221216 -inf -inf -inf -inf 2.204705 0.892791 2.023596 -inf 1.278336 -inf -inf -inf -inf -inf -inf 1.368488 -inf -inf 0.409533 1.336861 0.850537 0.494890 1.056880 -inf -inf -inf -inf -inf -inf -inf -inf -inf -inf -inf -inf 1.078866 1.070788 -inf -inf 0.735391 -inf -inf -inf -inf -inf -inf -inf -inf -inf -inf -inf -inf -inf -inf 1.704960 -inf -inf -inf -inf 1.760081 -inf 1.866216 -inf 2.823137 3.367639 1.498725 1.040418 -inf,43.2
D2_a0.9,70,5.4684,0,1,20:2.615676:0.1000,2.615675979520903,0.1,0.09,13,-inf -inf -inf -inf -inf -inf 2.813086 -inf -inf 1.282120 2.966307 -inf -inf -inf -inf -inf -inf -inf -inf -inf -inf -inf -inf -inf -inf -inf -inf -inf -inf -inf -inf -inf -inf -inf -inf -inf -inf -inf -inf -inf -inf -inf -inf -inf -inf -inf 2.066735 -inf -inf -inf -inf -inf -inf -inf 1.473552 -inf -inf -inf -inf -inf -inf 2.781158 -inf -inf -inf -inf -inf -inf -inf -inf -inf -inf -inf 2.727669 -inf -inf -inf -inf -inf -inf 3.097980 3.708642 -inf 2.457635 -inf -inf -inf -inf -inf 3.169899 -inf 1.466296 -inf -inf -inf -inf 2.747207 -inf -inf,34.3
D2_a0.9,76,8.1775,0,1,15:1.204162:0.6600,1.2041623369124317,0.66,0.01,0,-inf -inf -inf -inf -inf -inf -inf -inf -inf -inf -inf -inf -inf -inf -inf -inf -inf -inf -inf -inf -inf -inf -inf -inf -inf -inf -inf -inf -inf -inf -inf -inf -inf -inf -inf -inf -inf -inf -inf -inf -inf -inf -inf -inf -inf -inf -inf -inf -inf -inf -inf -inf -inf -inf -inf -inf -inf -inf -inf -inf -inf -inf -inf -inf -inf -inf -inf -inf -inf -inf -inf -inf -inf -inf -inf -inf -inf -inf -inf -inf -inf -inf -inf -inf -inf -inf -inf -inf -inf -inf -inf -inf -inf -inf -inf -inf -inf -inf -inf,19.2
null_ar,75,18.287,0,0,,-inf,1.0,1.0,2,-inf -inf -inf -inf -inf -inf -inf -inf 1.112060 -inf -inf -inf -inf -inf -inf -inf -inf -inf -inf -inf -inf -inf -inf -inf -inf -inf -inf -inf -inf -inf -inf -inf -inf -inf -inf -inf -inf -inf -inf -inf -inf -inf -inf -inf -inf -inf -inf -inf -inf -inf -inf -inf -inf -inf -inf -inf -inf -inf -inf -inf -inf -inf -inf -inf -inf -inf -inf -inf -inf -inf -inf 1.722222 -inf -inf -inf -inf -inf -inf -inf -inf -inf -inf -inf -inf -inf -inf -inf -inf -inf -inf -inf -inf -inf -inf -inf -inf -inf -inf -inf,25.0
M1_s1.6,74,7.151,0,1,19:1.257967:0.6300,1.257967426421588,0.63,0.1,13,-inf -inf -inf -inf -inf -inf -inf -inf -inf -inf -inf -inf -inf -inf 1.738078 -inf -inf -inf -inf 1.103995 -inf 0.770540 -inf -inf -inf -inf -inf -inf -inf -inf -inf -inf -inf -inf -inf -inf -inf -inf -inf -inf -inf -inf 1.749142 3.205920 -inf -inf -inf -inf 1.329493 -inf -inf -inf -inf -inf -inf -inf -inf -inf -inf -inf -inf -inf -inf -inf -inf -inf -inf -inf 1.266591 -inf -inf -inf -inf -inf 0.439902 -inf -inf -inf 2.388136 -inf -inf -inf -inf -inf 1.865071 -inf -inf -inf 1.067887 -inf -inf -inf 2.109963 -inf 1.578180 -inf -inf -inf -inf,26.8
M1_s1.6,75,8.1775,0,1,20:0.893829:0.7600,0.8938286609576039,0.76,0.03,3,-inf -inf -inf -inf -inf -inf -inf -inf -inf -inf -inf -inf -inf -inf -inf -inf -inf -inf -inf -inf -inf -inf -inf -inf -inf 1.400332 -inf -inf -inf -inf -inf 0.062853 -inf -inf -inf -inf -inf -inf -inf -inf -inf -inf -inf -inf -inf -inf -inf -inf -inf -inf -inf -inf -inf -inf -inf -inf -inf -inf -inf -inf -inf -inf -inf -inf -inf -inf -inf -inf -inf -inf -inf -inf -inf -inf -inf -inf -inf -inf -inf 1.126665 -inf -inf -inf -inf -inf -inf -inf -inf -inf -inf -inf -inf -inf -inf -inf -inf -inf -inf -inf,26.5
D2_a0.9,73,7.151,0,1,17:1.692496:0.4000,1.6924961434123202,0.4,0.05,6,-inf -inf -inf -inf -inf -inf -inf -inf 5.080477 -inf 4.529529 -inf -inf -inf -inf 4.099721 -inf -inf -inf -inf -inf -inf -inf -inf -inf -inf -inf -inf -inf -inf -inf -inf -inf -inf -inf -inf -inf -inf -inf -inf -inf -inf -inf -inf 1.082558 -inf -inf -inf -inf -inf -inf -inf -inf -inf -inf -inf -inf -inf -inf 4.244116 -inf -inf -inf -inf -inf -inf -inf -inf -inf -inf -inf -inf -inf -inf -inf -inf -inf -inf -inf -inf -inf -inf 1.439820 -inf -inf -inf -inf -inf -inf -inf -inf -inf -inf -inf -inf -inf -inf -inf -inf,30.0
null_ar,74,12.2287,0,2,7:0.611560:0.8300;10:0.174986:0.9200,0.6115595563196665,0.83,0.13,26,-inf 1.362731 -inf -inf -inf -inf 0.607231 -inf 0.559237 -inf -inf -inf -inf -0.320903 -inf -inf -inf -0.704111 -inf -inf -inf -inf -inf -inf -inf -inf 0.642272 -inf -inf -inf -inf 2.288302 -0.181390 -inf -inf -inf -inf 1.800370 -inf 0.832515 -inf -inf -inf -inf -0.042555 -inf -inf -inf -inf -inf -inf -inf 0.261247 -inf -inf -inf 0.661973 -inf -inf 0.298997 -inf -inf 0.581970 0.310292 1.033810 -inf -inf -inf 1.030840 -inf -inf -inf 0.514608 0.373025 -inf -inf -inf -inf -inf -inf 1.532841 -inf -inf -inf 1.052482 0.400580 0.906705 -inf -inf -inf -inf -inf -inf -inf -inf -inf -inf 2.659809 0.588149,31.4
M1_s1.6,76,7.151,0,1,20:1.161070:0.6900,1.1610696952777273,0.69,0.09,11,-inf -inf -inf -inf -inf -inf -inf -inf -inf -inf -inf -inf -inf -inf -inf -inf -inf -inf 1.090968 -inf -inf 1.586438 1.827967 -inf -inf -inf -inf -inf -inf -inf -inf 3.007173 -inf -inf -inf -inf -inf -inf -inf 0.449303 -inf -inf -inf -inf -inf -inf -inf -inf -inf -inf -inf -inf -inf -inf -inf -inf -inf -inf -inf -inf -inf -inf -inf -inf -inf -inf -inf -inf -inf -inf -inf -inf -inf -inf -inf -inf -inf 2.029544 -inf -inf -inf -inf -inf -inf -inf 1.706631 -inf 2.343641 -inf -inf -inf -inf -inf -inf -inf 0.890067 3.627508 -inf 2.776186,25.3
M1_s1.6,77,7.151,0,1,18:1.509853:0.6200,1.5098533404295376,0.62,0.05,8,1.540942 -inf -inf -inf -inf -inf -inf -inf -inf -inf -inf -inf -inf 1.522562 -inf -inf -inf -inf -inf -inf -inf -inf 1.218679 -inf -inf -inf -inf -inf -inf -inf -inf 0.921989 -inf -inf -inf -inf -inf -inf -inf -inf -inf -inf -inf -inf -inf -inf -inf -inf -inf -inf -inf -inf -inf -inf -inf 1.661249 -inf -inf -inf -inf -inf -inf -inf 0.198601 -inf -inf -inf -inf -inf -inf -inf -inf -inf -inf -inf -inf -inf -inf -inf -inf -inf 1.777460 -inf -inf -inf -inf -inf -inf -inf -inf -inf -inf -inf 0.925519 -inf -inf -inf -inf -inf,23.6
null_ar,79,12.2287,0,0,,-inf,1.0,1.0,0,-inf -inf -inf -inf -inf -inf -inf -inf -inf -inf -inf -inf -inf -inf -inf -inf -inf -inf -inf -inf -inf -inf -inf -inf -inf -inf -inf -inf -inf -inf -inf -inf -inf -inf -inf -inf -inf -inf -inf -inf -inf -inf -inf -inf -inf -inf -inf -inf -inf -inf -inf -inf -inf -inf -inf -inf -inf -inf -inf -inf -inf -inf -inf -inf -inf -inf -inf -inf -inf -inf -inf -inf -inf -inf -inf -inf -inf -inf -inf -inf -inf -inf -inf -inf -inf -inf -inf -inf -inf -inf -inf -inf -inf -inf -inf -inf -inf -inf -inf,18.7
M1_s1.6,78,8.1775,0,1,20:1.062158:0.7700,1.0621582076172675,0.77,0.04,4,-inf -inf -inf -inf -inf -inf -inf -inf -inf -inf -inf -inf -inf -inf -inf -inf -inf -inf -inf -inf -inf -inf -inf -inf -inf -inf -inf -inf 3.980876 -inf -inf -inf -inf -inf -inf -inf -inf -inf -inf -inf -inf -inf -inf -inf -inf -inf -inf -inf -inf -inf 1.800099 -inf -inf -inf -inf -inf -inf -inf -inf -inf -inf -inf -inf -inf 0.887672 -inf -inf -inf -inf -inf -inf -inf -inf -inf -inf -inf -inf -inf -inf -inf -inf -inf -inf -inf -inf -inf -inf -inf -inf -inf -inf -inf -inf -inf -inf -inf -inf 1.422339 -inf,21.9
M1_s1.6,80,7.151,0,1,20:3.427914:0.0500,3.4279140762209868,0.05,0.01,12,-inf -inf -inf -inf -inf -inf 1.167612 -inf -inf -inf -inf -inf -inf 1.261747 -inf -inf -inf 1.079077 -inf -inf -inf -inf -inf -inf -inf 0.656663 -inf -inf -inf -inf -inf -inf -inf -inf -inf -inf -inf -inf -inf -inf -inf -inf -inf -inf -inf -inf 0.330767 -inf -inf -inf -inf -inf -inf -inf -inf -inf 0.579173 -inf -inf 1.063450 -inf -inf -inf -inf -inf -inf -inf -inf 1.883042 -inf -inf -inf -inf -inf -inf -inf -inf -inf -inf -inf 2.066535 1.922992 -inf 1.500430 -inf 1.170694 -inf -inf -inf -inf -inf -inf -inf -inf -inf -inf -inf -inf -inf,16.9
D2_a0.9,78,7.151,0,0,,-inf,1.0,1.0,8,2.029117 -inf -inf -inf -inf -inf -inf -inf -inf -inf -inf -inf -inf -inf -inf -inf -inf -inf -inf -inf -inf -inf -inf 2.326829 -inf 1.570027 -inf -inf -inf -inf -inf -inf -inf -inf -inf -inf -inf -inf -inf 2.918467 -inf -inf 1.580105 -inf -inf -inf -inf -inf -inf -inf -inf -inf -inf -inf 2.216569 -inf -inf -inf -inf -inf -inf -inf -inf -inf -inf -inf 1.527450 -inf -inf -inf -inf -inf -inf -inf -inf -inf -inf -inf -inf -inf -inf -inf -inf -inf -inf -inf -inf 2.829907 -inf -inf -inf -inf -inf -inf -inf -inf -inf -inf -inf,22.0
null_ar,78,23.9139,0,0,,-inf,1.0,1.0,0,-inf -inf -inf -inf -inf -inf -inf -inf -inf -inf -inf -inf -inf -inf -inf -inf -inf -inf -inf -inf -inf -inf -inf -inf -inf -inf -inf -inf -inf -inf -inf -inf -inf -inf -inf -inf -inf -inf -inf -inf -inf -inf -inf -inf -inf -inf -inf -inf -inf -inf -inf -inf -inf -inf -inf -inf -inf -inf -inf -inf -inf -inf -inf -inf -inf -inf -inf -inf -inf -inf -inf -inf -inf -inf -inf -inf -inf -inf -inf -inf -inf -inf -inf -inf -inf -inf -inf -inf -inf -inf -inf -inf -inf -inf -inf -inf -inf -inf -inf,23.3
D2_a0.9,79,5.4684,0,1,20:3.302256:0.0500,3.3022559760216184,0.05,0.01,5,-inf -inf -inf -inf -inf -inf -inf -inf -inf -inf -inf -inf -inf -inf 2.650806 -inf -inf -inf -inf -inf -inf -inf -inf -inf -inf -inf -inf -inf -inf -inf -inf -inf -inf -inf -inf -inf -inf -inf -inf -inf -inf -inf -inf -inf -inf -inf -inf -inf -inf 1.957701 -inf -inf -inf -inf -inf -inf -inf 2.262883 -inf -inf -inf -inf -inf -inf -inf -inf -inf -inf -inf -inf -inf -inf -inf -inf -inf -inf 1.698061 -inf -inf -inf -inf -inf -inf -inf -inf -inf -inf -inf -inf -inf -inf -inf -inf -inf -inf 1.559838 -inf -inf -inf,22.2
M1_s1.6,79,6.2533,0,1,21:2.619135:0.1200,2.6191349225171305,0.12,0.02,9,-inf 1.557051 -inf -inf -inf -inf -inf -inf -inf -inf -inf -inf -inf -inf -inf -inf -inf -inf -inf -inf -inf -inf -inf -inf -inf -inf -inf -inf -inf -inf -inf -inf -inf -inf -inf -inf -inf -inf -inf -inf -inf -inf -inf -inf -inf -inf -inf -inf -inf -inf -inf -inf 1.729167 -inf 2.333066 -inf -inf -inf 1.617903 -inf -inf -inf -inf -inf -inf 0.253498 -inf -inf -inf -inf 3.439231 -inf -inf -inf -inf 1.243191 -inf -inf -inf -inf -inf -inf -inf -inf -inf -inf -inf -inf -inf -inf -inf -inf -inf -inf 0.796345 -inf 1.643563 -inf -inf,24.7
D2_a0.9,81,6.2533,0,0,,-inf,1.0,1.0,1,-inf -inf -inf -inf -inf -inf -inf -inf -inf -inf -inf -inf -inf -inf -inf -inf -inf -inf -inf -inf -inf -inf -inf -inf -inf -inf -inf -inf -inf -inf -inf -inf -inf -inf -inf -inf -inf -inf -inf -inf -inf -inf -inf -inf -inf -inf -inf -inf -inf -inf -inf -inf -inf -inf -inf -inf -inf -inf -inf -inf -inf -inf -inf 4.488053 -inf -inf -inf -inf -inf -inf -inf -inf -inf -inf -inf -inf -inf -inf -inf -inf -inf -inf -inf -inf -inf -inf -inf -inf -inf -inf -inf -inf -inf -inf -inf -inf -inf -inf -inf,19.5
M1_s1.6,81,6.2533,0,2,12:1.543902:0.4900;21:2.403023:0.2000,2.4030227736118026,0.2,0.06,17,-inf 0.937899 -0.018651 -inf 2.592796 -inf -inf -inf -inf -inf -inf 2.557077 -inf -inf 1.383268 -inf -inf -inf -inf -inf -inf 0.836430 1.853661 -inf 0.234100 -inf 4.006473 -inf -inf 0.725766 -inf -inf -inf -inf -inf 1.797835 -inf 3.837594 -inf -inf -inf -inf -inf -inf -inf -inf -inf -inf -inf 2.385062 -inf -inf -inf -inf 1.512831 -0.273991 -inf -inf -inf -inf -inf -inf -inf -inf -inf -inf -inf 0.998734 -inf -inf -inf -inf -inf -inf -inf -inf -inf -inf -inf -inf -inf -inf -inf -inf -inf -inf -inf -inf -inf -inf -inf -inf -inf -inf 3.762504 -inf -inf -inf -inf,20.4
D2_a0.9,74,6.2533,0,1,20:2.398891:0.2100,2.398890749349471,0.21,0.11,21,-inf -inf -inf -inf -inf -inf -inf 1.829909 -inf -inf -inf -inf -inf -inf 1.236242 -inf -inf -inf -inf -inf -inf -inf -inf -0.085220 -inf 3.797903 -inf -inf 2.279419 -inf -inf -inf 2.363799 -inf 2.897733 -inf -inf -inf -inf 4.024035 -inf -inf 3.708053 1.552551 -inf 2.297332 -inf -inf 3.228361 -inf -inf 1.733046 -inf -inf -inf -inf -inf -inf -inf -inf -inf -inf -inf -inf -inf 2.310913 -inf -inf -inf -inf 3.525445 2.492964 -inf 1.889697 -inf -inf -inf -inf -inf 2.477587 -inf -inf -inf -inf -inf -inf 2.011222 -inf -inf 3.561535 -inf -inf -inf -inf 2.412799 -inf -inf -inf -inf,41.0
D2_a0.9,80,9.3513,0,0,,-inf,1.0,1.0,1,-inf -inf -inf -inf -inf -inf -inf -inf -inf -inf -inf -inf -inf -inf -inf -inf -inf -inf -inf -inf -inf -inf -inf -inf -inf -inf -inf -inf -inf -inf -inf -inf -inf -inf -inf -inf -inf -inf -inf -inf 2.733353 -inf -inf -inf -inf -inf -inf -inf -inf -inf -inf -inf -inf -inf -inf -inf -inf -inf -inf -inf -inf -inf -inf -inf -inf -inf -inf -inf -inf -inf -inf -inf -inf -inf -inf -inf -inf -inf -inf -inf -inf -inf -inf -inf -inf -inf -inf -inf -inf -inf -inf -inf -inf -inf -inf -inf -inf -inf -inf,24.4
null_ar,81,12.2287,0,0,,-inf,1.0,1.0,3,-inf -inf -inf -inf -inf -inf -inf -inf -inf -inf -inf -inf -inf -inf -inf -inf -inf 1.350483 -inf -inf -inf -inf -inf -inf -inf -inf -inf -inf -inf -inf -inf -inf -inf -inf -inf -inf -inf -inf -inf -inf -inf -inf -inf 3.075868 -inf -inf -inf -inf -inf -inf -inf -inf -inf -inf -inf -inf -inf -inf 1.044526 -inf -inf -inf -inf -inf -inf -inf -inf -inf -inf -inf -inf -inf -inf -inf -inf -inf -inf -inf -inf -inf -inf -inf -inf -inf -inf -inf -inf -inf -inf -inf -inf -inf -inf -inf -inf -inf -inf -inf -inf,25.5
null_ar,87,23.9139,0,0,,-inf,1.0,1.0,2,-inf -inf -inf -inf -inf -inf -inf -inf -inf -inf -inf -inf -inf -inf -inf -inf -inf -inf -inf -inf -inf -inf 1.503473 3.778452 -inf -inf -inf -inf -inf -inf -inf -inf -inf -inf -inf -inf -inf -inf -inf -inf -inf -inf -inf -inf -inf -inf -inf -inf -inf -inf -inf -inf -inf -inf -inf -inf -inf -inf -inf -inf -inf -inf -inf -inf -inf -inf -inf -inf -inf -inf -inf -inf -inf -inf -inf -inf -inf -inf -inf -inf -inf -inf -inf -inf -inf -inf -inf -inf -inf -inf -inf -inf -inf -inf -inf -inf -inf -inf -inf,14.4
null_ar,84,18.287,0,1,9:1.426631:0.5900,1.4266314910779565,0.59,0.05,5,-inf -inf -inf -inf -inf -inf -inf -inf -inf -inf -inf -inf -inf -inf -inf -inf 2.598122 -inf -inf -inf 0.891492 -inf -inf -inf -inf -inf -inf -inf -inf -inf -inf -inf -inf -inf -inf -inf -inf -inf -inf -inf -inf -inf 2.046912 -inf -inf -inf -inf -inf -inf -inf -inf -inf -inf -inf -inf -inf -inf -inf -inf -inf -inf -inf -inf -inf -inf -inf -inf -inf -inf -inf -inf 1.812566 -inf -inf -inf -inf -inf -inf -inf -inf -inf -inf -inf -inf -inf -inf -inf -inf -inf 1.452186 -inf -inf -inf -inf -inf -inf -inf -inf -inf,22.5
D2_a0.9,82,8.1775,0,1,21:2.200691:0.2200,2.200690865242176,0.22,0.01,2,-inf -inf -inf -inf -inf -inf -inf -inf -inf -inf -inf -inf -inf -inf -inf -inf -inf -inf 1.294525 -inf -inf -inf -inf -inf -inf -inf -inf -inf -inf -inf -inf -inf -inf -inf -inf -inf -inf -inf -inf -inf -inf -inf -inf -inf -inf -inf -inf -inf 0.995362 -inf -inf -inf -inf -inf -inf -inf -inf -inf -inf -inf -inf -inf -inf -inf -inf -inf -inf -inf -inf -inf -inf -inf -inf -inf -inf -inf -inf -inf -inf -inf -inf -inf -inf -inf -inf -inf -inf -inf -inf -inf -inf -inf -inf -inf -inf -inf -inf -inf -inf,25.7
D2_a0.9,84,6.2533,0,1,22:3.919208:0.0100,3.919208008646797,0.01,0.03,7,-inf -inf -inf -inf -inf -inf -inf -inf -inf -inf -inf -inf -inf -inf -inf -inf -inf -inf -inf -inf -inf -inf -inf -inf -inf -inf -inf -inf -inf -inf -inf -inf -inf -inf 4.322964 -inf -inf -inf -inf -inf -inf -inf -inf -inf -inf -inf -inf -inf -inf -inf -inf -inf 2.658683 2.847756 -inf -inf -inf -inf -inf -inf -inf -inf -inf -inf -inf -inf -inf -inf 2.419216 -inf -inf -inf -inf -inf -inf -inf -inf 3.092733 -inf 4.399832 -inf -inf -inf -inf -inf 2.309448 -inf -inf -inf -inf -inf -inf -inf -inf -inf -inf -inf -inf -inf,23.4
M1_s1.6,82,5.4684,0,0,,-inf,1.0,1.0,5,-inf -inf -inf -inf -inf -inf -inf -inf -inf -inf -inf -inf -inf 2.653063 -inf -inf -inf -inf -inf -inf -inf -inf -inf -inf -inf -inf -inf -inf -inf -inf -inf -inf -inf -inf -inf -inf -inf -inf -inf -inf -inf -inf -inf -inf -inf -inf -inf -inf 1.587424 -inf -inf -inf -inf -inf -inf -inf -inf -inf -inf -inf -inf 1.486331 -inf -inf -inf 0.896109 -inf -inf -inf -inf -inf -inf -inf -inf -inf 1.906883 -inf -inf -inf -inf -inf -inf -inf -inf -inf -inf -inf -inf -inf -inf -inf -inf -inf -inf -inf -inf -inf -inf -inf,27.5
M1_s1.6,83,7.151,0,0,,-inf,1.0,1.0,6,-inf -inf -inf -inf -inf -inf -inf -inf -inf -inf -inf -inf -inf -inf -inf -inf -inf -inf -inf -inf -inf -inf -inf -inf -inf -inf -inf -inf -inf -inf -inf 0.330012 -inf -inf -inf 1.739960 -inf -inf -inf -inf -inf -inf -inf 1.859262 -inf -inf -inf -inf -inf -inf -inf -inf -inf -inf -inf -inf -inf -inf -inf -inf -inf -inf -inf -inf -inf -inf -inf -inf -inf -inf -inf -inf -inf -inf -inf -inf 1.940710 -inf -inf -inf 0.878660 -inf -inf -inf 0.898951 -inf -inf -inf -inf -inf -inf -inf -inf -inf -inf -inf -inf -inf -inf,27.4
M1_s1.6,87,5.4684,0,0,,-inf,1.0,1.0,2,-inf -inf -inf -inf -inf -inf -inf -inf -inf 0.934877 -inf -inf -inf -inf -inf -inf -inf -inf -inf -inf -inf -inf -inf -inf -inf -inf -inf -inf -inf -inf -inf -inf -inf -inf -inf -inf -inf -inf -inf -inf -inf -inf -inf 2.942577 -inf -inf -inf -inf -inf -inf -inf -inf -inf -inf -inf -inf -inf -inf -inf -inf -inf -inf -inf -inf -inf -inf -inf -inf -inf -inf -inf -inf -inf -inf -inf -inf -inf -inf -inf -inf -inf -inf -inf -inf -inf -inf -inf -inf -inf -inf -inf -inf -inf -inf -inf -inf -inf -inf -inf,19.7
M1_s1.6,89,10.6937,0,1,20:1.179713:0.7300,1.1797129458619344,0.73,0.03,4,-inf -inf -inf -inf -inf -inf -inf -inf -inf -inf -inf -inf 1.654598 -inf 1.168541 -inf -inf -inf -inf -inf -inf -inf -inf -inf -inf -inf -inf -inf -inf -inf -inf -inf -inf -inf -inf -inf -inf -inf -inf -inf -inf -inf -inf -inf -inf -inf 1.269165 -inf -inf -inf -inf -inf 0.914671 -inf -inf -inf -inf -inf -inf -inf -inf -inf -inf -inf -inf -inf -inf -inf -inf -inf -inf -inf -inf -inf -inf -inf -inf -inf -inf -inf -inf -inf -inf -inf -inf -inf -inf -inf -inf -inf -inf -inf -inf -inf -inf -inf -inf -inf -inf,13.9
null_ar,86,10.6937,0,0,,-inf,1.0,1.0,0,-inf -inf -inf -inf -inf -inf -inf -inf -inf -inf -inf -inf -inf -inf -inf -inf -inf -inf -inf -inf -inf -inf -inf -inf -inf -inf -inf -inf -inf -inf -inf -inf -inf -inf -inf -inf -inf -inf -inf -inf -inf -inf -inf -inf -inf -inf -inf -inf -inf -inf -inf -inf -inf -inf -inf -inf -inf -inf -inf -inf -inf -inf -inf -inf -inf -inf -inf -inf -inf -inf -inf -inf -inf -inf -inf -inf -inf -inf -inf -inf -inf -inf -inf -inf -inf -inf -inf -inf -inf -inf -inf -inf -inf -inf -inf -inf -inf -inf -inf,23.6
D2_a0.9,83,7.151,0,1,20:2.136551:0.2500,2.136551470141745,0.25,0.09,8,-inf -inf -inf -inf -inf -inf -inf -inf -inf -inf -inf -inf -inf -inf -inf -inf -inf -inf 4.291051 -inf -inf -inf 4.106230 -inf -inf -inf -inf -inf -inf -inf -inf -inf -inf -inf -inf -inf -inf -inf 4.381743 -inf -inf -inf -inf -inf -inf -inf -inf -inf -inf -inf -inf -inf -inf -inf -inf -inf -inf -inf -inf 3.728029 -inf -inf 5.311766 -inf -inf -inf -inf -inf -inf -inf -inf -inf -inf -inf -inf -inf -inf -inf -inf -inf -inf 5.289638 3.542598 -inf -inf -inf -inf -inf 2.229927 -inf -inf -inf -inf -inf -inf -inf -inf -inf -inf,29.9
null_ar,82,9.3513,0,1,1:0.966968:0.7300,0.9669680540136529,0.73,0.2,28,-inf 1.178535 -inf -inf -inf 0.942348 -inf -inf 2.520104 -inf -inf -inf 1.686053 -inf 1.398674 4.017726 1.283598 -inf -inf -inf -inf 1.524987 -inf 1.743145 -inf -inf -inf -inf -inf -inf -inf -inf 1.754391 -inf -inf -inf -inf -inf 0.563026 -inf -inf 0.111562 -inf 2.536691 0.805530 -inf 0.706774 0.684831 -inf -inf 0.809704 -inf -inf -inf -inf -inf -inf -inf -inf -inf -inf -inf -inf -inf -inf 3.467702 -inf -inf -inf -inf -inf -inf -inf -inf 2.748460 -inf 3.772055 0.789365 -inf -inf -inf -inf -inf -inf -inf 1.336519 -inf 0.026409 2.000905 1.209126 -inf 2.631108 1.102784 -inf -inf -inf -inf -inf 2.728426,32.6
M1_s1.6,84,7.151,0,1,16:1.648330:0.4300,1.648329776098786,0.43,0.05,6,-inf -inf -inf -inf -inf -inf -inf -inf -inf -inf -inf -inf -inf -inf -inf -inf -inf -inf -inf -inf -inf -inf -inf -inf 1.364872 -inf -inf -inf -inf -inf -inf -inf -inf -inf -inf -inf -inf -inf -inf -inf -inf -inf -inf -inf -inf -inf -inf -inf -inf -inf -inf -inf -inf -inf -inf -inf -inf -inf -inf -inf -inf -inf -inf -inf -inf -inf -inf -inf 1.958334 -inf -inf -inf -inf -inf -inf -inf 0.470856 -inf -inf -inf -inf 1.828668 -inf -inf -inf -inf -inf 2.816337 -inf -inf -inf -inf -inf -inf -inf -inf 1.729566 -inf -inf,29.3
null_ar,88,10.6937,0,0,,-inf,1.0,1.0,5,-inf -inf -inf -inf -inf -inf -inf -inf -inf -inf -inf -inf 3.912435 -inf -inf -inf -inf -inf -inf -inf -inf -inf -inf -inf -inf -inf -inf -inf 2.655275 -inf -inf -inf -inf -inf -inf -inf -inf -inf -inf -inf -inf -inf -inf -inf -inf -inf -inf -inf -inf -inf -inf -inf -inf -inf -inf -inf -inf -inf -inf -inf -inf -inf -inf 2.599735 -inf -inf -inf -inf -inf -inf -inf -inf -inf -inf -inf -inf -inf -inf -inf -inf -inf -inf -inf 3.451783 -inf -inf -inf -inf -inf -inf -inf -inf -inf -inf -inf -inf 2.813859 -inf -inf,19.8
D2_a0.9,86,6.2533,0,1,17:4.213589:0.0200,4.213589313860579,0.02,0.01,6,-inf -inf -inf -inf -inf -inf -inf -inf -inf -inf -inf -inf -inf -inf -inf -inf -inf -inf -inf -inf -inf -inf -inf -inf -inf -inf -inf -inf -inf -inf 1.506994 -inf -inf -inf -inf -inf -inf -inf -inf -inf -inf -inf -inf -inf -inf -inf -inf -inf -inf -inf -inf -inf -inf -inf -inf -inf -inf -inf -inf -inf -inf -inf 1.428303 -inf -inf -inf -inf -inf 2.556134 -inf -inf -inf -inf -inf -inf -inf -inf -inf -inf -inf -inf 1.746043 -inf -inf 1.564016 -inf -inf -inf -inf -inf 2.252748 -inf -inf -inf -inf -inf -inf -inf -inf,22.9
null_ar,80,10.6937,0,2,3:1.166128:0.6500;13:1.108619:0.7000,1.1661278540100228,0.65,0.11,14,-inf -inf -inf -inf -inf -inf -inf -inf -inf -inf -inf -inf -inf -inf -inf -inf -inf -inf 0.988881 -inf -inf -inf 2.212775 1.852697 -inf -inf -inf -inf 1.654083 -inf -inf -inf 3.009213 -inf -inf 1.495578 -inf -inf -inf -inf -inf -inf 1.048973 -inf 1.579686 -inf -inf -inf -inf -inf -inf -inf -inf 1.243368 -inf -inf -inf -inf 2.728398 -inf -inf -inf -inf -inf -inf -inf -inf -inf -inf 2.606150 -inf -inf -inf -inf -inf -inf -inf 0.779860 -inf -inf -inf -inf -inf -inf -inf -inf -inf 1.133105 -inf 2.623607 -inf -inf -inf -inf -inf -inf -inf -inf -inf,37.8
null_ar,85,13.9841,0,0,,-inf,1.0,1.0,6,-inf -inf -inf -inf -inf -inf -inf -inf -inf -inf -inf -inf -inf -inf -inf -inf -inf -inf -inf -inf -inf -inf -inf -inf -inf -inf -inf -inf -inf -inf -inf -inf 3.790809 -inf -inf -inf -inf -inf -inf -inf 4.741163 -inf -inf -inf -inf 1.731835 -inf -inf -inf -inf -inf -inf -inf -inf -inf -inf -inf -inf -inf -inf -inf -inf -inf -inf 2.319857 -inf -inf -inf 2.314124 -inf -inf -inf -inf -inf -inf -inf -inf -inf -inf -inf -inf -inf -inf -inf -inf -inf 2.664668 -inf -inf -inf -inf -inf -inf -inf -inf -inf -inf -inf -inf,28.2
D2_a0.9,85,8.1775,0,1,20:4.229959:0.0100,4.229958815788343,0.01,0.01,3,-inf -inf -inf -inf -inf -inf -inf -inf -inf -inf -inf -inf -inf 3.294833 -inf -inf 2.967244 -inf -inf -inf -inf -inf -inf -inf -inf -inf -inf -inf -inf -inf -inf -inf -inf -inf -inf -inf -inf -inf -inf -inf -inf -inf -inf -inf -inf -inf -inf -inf -inf -inf -inf -inf -inf -inf -inf -inf -inf -inf -inf -inf -inf -inf -inf -inf -inf -inf -inf -inf -inf -inf -inf -inf -inf -inf -inf -inf -inf -inf -inf -inf -inf -inf -inf -inf -inf -inf -inf -inf -inf -inf -inf -inf -inf -inf -inf -inf -inf 2.666425 -inf,26.8
D2_a0.9,77,4.7819,0,1,21:2.922214:0.0700,2.922213862619436,0.07,0.06,27,-inf -inf -inf 2.411518 -inf -inf 2.738081 -inf 3.304583 -inf -inf -inf -inf 3.445130 1.603943 2.991631 -inf -inf -inf 2.280527 -inf -inf -inf -inf -inf 2.532810 1.474296 -inf -inf -inf -inf -inf 2.068062 0.855429 2.490595 1.678963 -inf 1.104154 -inf -inf 1.999810 -inf 2.017685 -inf -inf -inf -inf -inf -inf -inf -inf -inf 1.610468 -inf -inf 0.690771 -inf -inf -inf 2.154670 -inf -inf -inf -inf -inf -inf -inf -inf -inf -inf -inf -inf 3.905026 -inf -inf -inf 2.734189 1.824665 -inf 1.839036 -inf -inf 1.356076 -inf -inf -inf -inf -inf -inf -inf 1.553499 4.261993 -inf -inf -inf -inf 0.357210 -inf -inf,44.7
M1_s1.6,88,6.2533,0,1,20:0.563045:0.8700,0.5630450753276407,0.87,0.04,3,-inf -inf -inf -inf -inf -inf -inf -inf -inf -inf -inf -inf -inf -inf -inf -inf -inf -inf -inf -inf -inf -inf -inf -inf -inf -inf -inf -inf -inf -inf -inf -inf -inf -inf -inf -inf 0.691818 -inf -inf 1.768448 -inf -inf -inf -inf -inf -inf -inf -inf -inf -inf -inf -inf -inf -inf -inf -inf -inf -inf -inf -inf -inf -inf -inf -inf -inf -inf -inf -inf -inf -inf -inf -inf -inf -inf -inf -inf -inf -inf -inf -inf -inf -inf -inf -inf -inf -inf -inf -inf -inf -inf -inf -inf -inf -inf -inf 0.804999 -inf -inf -inf,20.9
D2_a0.9,87,6.2533,0,1,20:4.169575:0.0100,4.169574780788405,0.01,0.01,5,-inf 2.736973 -inf -inf -inf -inf -inf -inf -inf -inf -inf -inf -inf -inf -inf -inf -inf -inf -inf -inf 4.043168 -inf -inf -inf -inf -inf -inf -inf -inf -inf -inf -inf -inf -inf -inf -inf -inf -inf -inf -inf -inf -inf -inf -inf -inf -inf -inf -inf -inf -inf -inf -inf -inf -inf -inf -inf -inf -inf -inf -inf -inf -inf 1.694595 -inf -inf -inf -inf 1.784077 -inf -inf -inf -inf -inf -inf -inf -inf -inf -inf -inf -inf -inf -inf -inf -inf -inf -inf -inf -inf -inf -inf -inf -inf -inf -inf -inf -inf -inf 2.820290 -inf,23.5
D2_a0.9,88,8.1775,0,0,,-inf,1.0,1.0,2,-inf -inf -inf -inf -inf -inf -inf -inf -inf -inf -inf -inf -inf -inf -inf -inf -inf -inf -inf -inf -inf -inf -inf -inf -inf -inf -inf -inf -inf -inf -inf -inf -inf -inf -inf -inf -inf -inf -inf -inf -inf -inf -inf -inf -inf -inf -inf -inf -inf -inf -inf -inf -inf -inf -inf -inf -inf -inf -inf -inf -inf -inf 4.246640 -inf -inf -inf -inf -inf -inf -inf -inf -inf -inf -inf -inf 2.680699 -inf -inf -inf -inf -inf -inf -inf -inf -inf -inf -inf -inf -inf -inf -inf -inf -inf -inf -inf -inf -inf -inf -inf,22.1
M1_s1.6,86,8.1775,0,1,21:1.574639:0.4700,1.5746387707240066,0.47,0.1,12,-inf -inf -inf -inf -inf -inf -inf -inf 2.273315 -inf -inf -inf -inf -inf -inf -inf -inf -inf -inf -inf -inf -inf -inf -inf -inf -inf -inf -inf -inf 0.178460 -inf -inf -inf -inf 1.767789 -inf -inf -inf -inf -inf -inf -inf -inf 2.889160 -inf -inf -inf -inf -inf -inf -inf -inf -inf -inf 2.496004 -inf -inf -inf 2.754819 -inf -inf 1.891557 -inf -inf 1.506999 -inf -inf -inf -inf -inf -inf 2.276686 -inf -inf -inf -inf -inf 1.115794 -inf -inf -inf -inf -inf -inf -inf -inf -inf 1.935786 -inf 1.705713 -inf -inf -inf -inf -inf -inf -inf -inf -inf,26.8
null_ar,83,12.2287,0,0,,-inf,1.0,1.0,13,-inf -inf -inf -inf -inf -inf -inf 4.245683 1.113273 -inf -inf -inf -inf -inf -inf -inf -inf -inf -inf -inf -inf -inf -inf -inf -inf -inf -inf 1.455870 -inf -inf -inf -inf -inf -inf -inf -inf -inf -inf -inf -inf -inf -inf -inf -inf -inf -inf -inf 0.549422 1.926499 -inf -inf -inf -inf -inf 2.886802 -inf -inf -inf -inf 2.243483 -inf -inf 1.813666 -inf -inf 3.757183 -inf -inf -inf -inf -inf -inf -inf -inf -inf -inf 0.767820 -inf -inf -inf 1.116985 -inf 1.335841 -inf -inf -inf -inf -inf 0.414468 -inf -inf -inf -inf -inf -inf -inf -inf -inf -inf,35.1
null_ar,89,12.2287,0,0,,-inf,1.0,1.0,0,-inf -inf -inf -inf -inf -inf -inf -inf -inf -inf -inf -inf -inf -inf -inf -inf -inf -inf -inf -inf -inf -inf -inf -inf -inf -inf -inf -inf -inf -inf -inf -inf -inf -inf -inf -inf -inf -inf -inf -inf -inf -inf -inf -inf -inf -inf -inf -inf -inf -inf -inf -inf -inf -inf -inf -inf -inf -inf -inf -inf -inf -inf -inf -inf -inf -inf -inf -inf -inf -inf -inf -inf -inf -inf -inf -inf -inf -inf -inf -inf -inf -inf -inf -inf -inf -inf -inf -inf -inf -inf -inf -inf -inf -inf -inf -inf -inf -inf -inf,21.9
M1_s1.6,85,6.2533,0,1,21:0.746624:0.8100,0.7466236542681024,0.81,0.14,21,-inf -inf 1.444552 -inf 0.247372 -inf 1.295829 -inf -inf -inf -inf -inf -inf -inf -inf 2.122574 -inf 0.359173 -inf -inf 3.107027 2.360211 -inf -inf -inf -inf -inf -inf -inf -inf 0.148768 -inf -inf 0.506895 1.171466 -inf -inf -inf -inf -inf -inf -inf -inf -inf -0.098267 0.266114 -inf -inf 2.510846 -inf -inf -inf -inf 0.519397 -inf -inf -inf -inf -inf -inf 1.428869 -inf 2.423083 -inf 3.301518 -inf -inf -inf -inf -inf -inf -inf -inf -inf 1.076349 -inf -inf -inf -inf 1.811056 -inf -inf -inf -inf -inf -inf 2.056831 -inf -inf -inf -inf -inf -inf -inf 0.596786 -inf -inf -inf -inf,33.1
null_ar,90,13.9841,0,0,,-inf,1.0,1.0,3,-inf -inf -inf -inf -inf -inf -inf -inf -inf -inf -inf -inf -inf -inf -inf -inf -inf -inf -inf -inf -inf 1.724897 -inf -inf -inf -inf -inf -inf -inf -inf -inf -inf -inf -inf -inf -inf -inf -inf -inf -inf -inf -inf -inf -inf -inf -inf -inf -inf -inf -inf -inf -inf -inf -inf 1.513289 -inf -inf -inf -inf -inf -inf -inf -inf -inf -inf -inf -inf -inf -inf -inf -inf -inf -inf -inf -inf -inf -inf -inf -inf -inf -inf -inf -inf -inf -inf -inf -inf -inf -inf -inf 1.759629 -inf -inf -inf -inf -inf -inf -inf -inf,20.0
D2_a0.9,89,5.4684,0,1,20:3.591246:0.0300,3.591245563900611,0.03,0.01,3,-inf -inf -inf -inf -inf -inf -inf -inf -inf -inf -inf -inf -inf -inf -inf -inf -inf -inf -inf -inf -inf -inf -inf -inf -inf -inf -inf -inf -inf -inf -inf -inf -inf -inf -inf 1.593489 -inf -inf -inf -inf -inf -inf -inf -inf -inf 1.001175 -inf -inf -inf -inf -inf -inf -inf -inf -inf -inf -inf -inf -inf -inf -inf -inf -inf -inf -inf -inf -inf -inf -inf -inf -inf -inf -inf -inf -inf 0.633869 -inf -inf -inf -inf -inf -inf -inf -inf -inf -inf -inf -inf -inf -inf -inf -inf -inf -inf -inf -inf -inf -inf -inf,20.9
D2_a0.9,91,5.4684,0,1,20:3.534665:0.0500,3.534664736442302,0.05,0.01,7,2.975753 -inf -inf 0.978772 -inf -inf -inf -inf -inf 1.451561 -inf -inf -inf -inf -inf -inf -inf -inf -inf -inf -inf -inf -inf -inf -inf -inf -inf -inf -inf -inf 2.788788 -inf -inf -inf -inf 1.976263 -inf -inf -inf -inf -inf -inf -inf -inf -inf -inf -inf -inf -inf -inf -inf -inf -inf -inf -inf -inf -inf -inf -inf -inf -inf -inf -inf -inf -inf -inf -inf -inf -inf -inf -inf -inf -inf -inf -inf -inf -inf -inf -inf -inf -inf -inf -inf -inf -inf 3.052034 -inf -inf -inf -inf -inf -inf -inf -inf -inf 1.070306 -inf -inf -inf,21.4
D2_a0.9,93,7.151,0,1,20:5.055957:0.0100,5.055957201738221,0.01,0.01,6,1.463092 -inf -inf -inf -inf -inf -inf -inf -inf -inf 3.255298 2.832229 -inf -inf -inf -inf -inf -inf -inf -inf -inf -inf -inf -inf -inf -inf -inf -inf 1.753274 -inf -inf -inf -inf -inf -inf -inf -inf -inf -inf -inf -inf -inf -inf -inf -inf -inf -inf -inf -inf -inf -inf -inf -inf -inf -inf -inf -inf -inf -inf -inf -inf -inf -inf -inf -inf -inf -inf -inf -inf -inf -inf -inf -inf -inf -inf -inf -inf 3.985662 -inf -inf -inf -inf -inf -inf 4.202492 -inf -inf -inf -inf -inf -inf -inf -inf -inf -inf -inf -inf -inf -inf,17.1
M1_s1.6,92,8.1775,0,1,22:0.807098:0.8300,0.8070980613027551,0.83,0.06,5,-inf -inf -inf -inf -inf -inf -inf -inf -inf -inf -inf -inf -inf -inf -inf -inf -inf 3.668900 -inf -inf -inf -inf -inf -inf 3.259286 -inf -inf -inf -inf -inf -inf -inf -inf -inf -inf -inf -inf -inf -inf -inf -inf -inf -inf -inf 3.252242 -inf -inf -inf -inf -inf -inf -inf -inf -inf -inf -inf -inf -inf -inf -inf -inf -inf -inf -inf -inf -inf -inf -inf -inf 3.974570 -inf -inf -inf -inf -inf -inf -inf -inf -inf -inf -inf -inf -inf -inf -inf -inf -inf -inf 3.992154 -inf -inf -inf -inf -inf -inf -inf -inf -inf -inf,21.7
M1_s1.6,90,5.4684,0,1,26:-0.133193:0.9900,-0.1331928866547004,0.99,0.08,7,-inf -inf -inf -inf -inf -inf -inf 2.978954 -inf -inf -inf -inf -inf -inf -inf -inf -inf 2.730811 -inf -inf -inf 1.754016 -inf -inf -inf -inf -inf -inf -inf -inf -inf -inf -inf -inf 1.929984 -inf -inf -inf -inf -inf -inf -inf 0.568947 -inf -inf -inf -inf -inf -inf -inf -inf -inf -inf -inf -inf -inf -inf -inf 2.500964 -inf -inf -inf -inf -inf -inf -inf -inf -inf -inf -inf -inf -inf -inf -inf -inf -inf -inf -inf -inf -inf -inf -inf -inf -inf -inf -inf -inf -inf -inf -inf -inf -inf -inf 0.649455 -inf -inf -inf -inf -inf,30.1
D2_a0.9,97,6.2533,0,1,20:3.736722:0.0200,3.7367217575947915,0.02,0.01,2,-inf -inf -inf -inf -inf -inf -inf -inf -inf -inf -inf -inf -inf -inf -inf -inf -inf -inf -inf -inf -inf -inf -inf -inf -inf -inf -inf -inf -inf -inf -inf -inf 2.400594 -inf -inf -inf -inf -inf -inf -inf 3.467416 -inf -inf -inf -inf -inf -inf -inf -inf -inf -inf -inf -inf -inf -inf -inf -inf -inf -inf -inf -inf -inf -inf -inf -inf -inf -inf -inf -inf -inf -inf -inf -inf -inf -inf -inf -inf -inf -inf -inf -inf -inf -inf -inf -inf -inf -inf -inf -inf -inf -inf -inf -inf -inf -inf -inf -inf -inf -inf,16.2
D2_a0.9,92,7.151,0,0,,-inf,1.0,1.0,0,-inf -inf -inf -inf -inf -inf -inf -inf -inf -inf -inf -inf -inf -inf -inf -inf -inf -inf -inf -inf -inf -inf -inf -inf -inf -inf -inf -inf -inf -inf -inf -inf -inf -inf -inf -inf -inf -inf -inf -inf -inf -inf -inf -inf -inf -inf -inf -inf -inf -inf -inf -inf -inf -inf -inf -inf -inf -inf -inf -inf -inf -inf -inf -inf -inf -inf -inf -inf -inf -inf -inf -inf -inf -inf -inf -inf -inf -inf -inf -inf -inf -inf -inf -inf -inf -inf -inf -inf -inf -inf -inf -inf -inf -inf -inf -inf -inf -inf -inf,23.5
M1_s1.6,91,6.2533,0,1,20:1.456148:0.5000,1.4561479080154873,0.5,0.16,18,2.062409 -inf -inf -inf 3.873438 2.095810 -inf -inf -inf -inf -inf 1.798153 -inf -inf 1.428916 -inf -inf -inf -inf -inf -inf -inf -inf -inf -inf -inf -inf -inf -inf -inf -inf -inf -inf -inf 2.567503 -inf -inf -inf -inf -inf -inf -inf 1.390590 -inf -inf 2.580791 -inf -inf -inf -inf -inf 4.062443 -inf -inf -inf -inf 2.597512 -inf 1.400173 -inf -inf -inf -inf -inf -inf -inf -inf -inf 2.899818 1.754653 1.929621 -inf -inf -inf -inf 3.495583 -inf 3.212726 -inf -inf -inf -inf -inf -inf -inf -inf 3.076204 -inf -inf -inf -inf -inf -inf -inf 2.599937 -inf -inf -inf -inf,27.6
D2_a0.9,94,5.4684,0,1,20:3.809738:0.0300,3.8097381921589895,0.03,0.01,1,-inf -inf -inf -inf -inf -inf -inf -inf -inf -inf -inf -inf -inf -inf -inf -inf -inf -inf -inf -inf -inf -inf -inf -inf -inf -inf -inf -inf -inf -inf -inf -inf -inf -inf -inf -inf -inf -inf -inf -inf -inf -inf -inf -inf -inf -inf -inf -inf -inf -inf -inf -inf -inf -inf -inf -inf -inf -inf -inf -inf -inf -inf -inf -inf -inf -inf -inf -inf -inf -inf -inf -inf -inf -inf -inf -inf -inf -inf -inf -inf -inf -inf -inf -inf -inf -inf 2.465789 -inf -inf -inf -inf -inf -inf -inf -inf -inf -inf -inf -inf,20.0
null_ar,91,9.3513,0,0,,-inf,1.0,1.0,10,-inf -inf -inf -inf -inf -inf 2.207587 -inf -inf -inf -inf -inf -inf -inf -inf -inf -inf -inf -inf -inf 0.167159 -inf -inf -inf -inf -inf 1.621791 -inf -inf -inf -inf -inf -inf 1.979875 -inf -inf -inf -inf -inf -inf -inf -inf -inf -inf -inf -inf -inf -inf -inf -inf -inf -inf -inf -inf -inf -inf -inf -inf -inf 2.313649 -inf -inf 1.355610 -inf -inf -inf -inf -inf -inf -inf -inf -inf -inf -inf 3.895558 -inf -inf 2.144294 -inf -inf -inf -inf 0.690767 -inf -inf -inf -inf -inf -inf 0.176793 -inf -inf -inf -inf -inf -inf -inf -inf -inf,29.2
D2_a0.9,90,7.151,0,1,20:3.678134:0.0200,3.6781340815638517,0.02,0.01,6,-inf -inf -inf -inf -inf -inf -inf -inf -inf -inf -inf -inf -inf -inf -inf -inf -inf -inf -inf -inf -inf -inf -inf -inf -inf -inf -inf -inf -inf -inf -inf -inf -inf -inf -inf -inf -inf -inf -inf 2.081853 -inf -inf -inf -inf -inf -inf -inf 1.797854 -inf -inf -inf -inf -inf -inf -inf -inf -inf -inf -inf -inf -inf -inf -inf -inf -inf -inf -inf -inf -inf -inf -inf -inf -inf -inf 2.238174 -inf -inf -inf 2.763755 -inf -inf -inf -inf -inf -inf -inf -inf -inf -inf 1.297451 -inf -inf 1.293385 -inf -inf -inf -inf -inf -inf,30.7
null_ar,92,12.2287,0,0,,-inf,1.0,1.0,4,-inf -inf -inf -inf -inf -inf -inf -inf -inf -inf -inf -inf -inf -inf -inf -inf -inf -inf -inf -inf -inf -inf -inf -inf -inf -inf -inf -inf -inf -inf -inf -inf 3.365289 -inf -inf -inf -inf 0.377110 -inf -inf -inf -inf -inf -inf -inf -inf -inf -inf -inf -inf 4.086636 -inf -inf -inf -inf -inf -inf -inf -inf -inf -inf -inf -inf -inf -inf -inf -inf -inf -inf -inf -inf -inf -inf -inf -inf -inf -inf -inf 4.043685 -inf -inf -inf -inf -inf -inf -inf -inf -inf -inf -inf -inf -inf -inf -inf -inf -inf -inf -inf -inf,26.9
M1_s1.6,94,9.3513,0,1,20:0.950920:0.7400,0.9509195794770211,0.74,0.02,2,-inf -inf -inf -inf -inf -inf -inf -inf -inf -inf -inf -inf -inf -inf -inf -inf -inf -inf -inf -inf -inf -inf -inf -inf -inf -inf -inf -inf -inf -inf -inf -inf -inf -inf -inf -inf -inf -inf -inf -inf -inf -inf -inf -inf -inf -inf -inf -inf -inf -inf -inf -inf -inf -inf -inf -inf -inf -inf -inf -inf -inf -inf -inf -inf -inf -inf -inf 2.452913 -inf 0.057931 -inf -inf -inf -inf -inf -inf -inf -inf -inf -inf -inf -inf -inf -inf -inf -inf -inf -inf -inf -inf -inf -inf -inf -inf -inf -inf -inf -inf -inf,22.8
null_ar,98,15.9915,0,0,,-inf,1.0,1.0,2,-inf -inf -inf -inf -inf -inf -inf 1.444119 -inf -inf -inf -inf -inf -inf -inf -inf -inf -inf -inf -inf -inf -inf -inf -inf -inf -inf -inf -inf -inf -inf -inf -inf -inf -inf -inf -inf -inf -inf -inf -inf -inf -inf -inf -inf -inf -inf -inf -inf -inf -inf -inf -inf -inf -inf -inf -inf -inf -inf -inf -inf -inf -inf -inf -inf -inf -inf -inf -inf -inf -inf -inf -inf -inf -inf -inf -inf -inf -inf -inf -inf -inf -inf -0.251950 -inf -inf -inf -inf -inf -inf -inf -inf -inf -inf -inf -inf -inf -inf -inf -inf,19.9
null_ar,94,18.287,0,0,,-inf,1.0,1.0,1,-inf -inf -inf -inf -inf -inf -inf -inf -inf -inf -inf -inf -inf -inf -inf -inf -inf -inf -inf -inf -inf -inf -inf -inf -inf -inf -inf -inf -inf -inf -inf -inf -inf -inf -inf -inf -inf -inf -inf -inf -inf -inf -inf -inf -inf -inf -inf -inf -inf -inf -inf -inf -inf -inf -inf -inf -inf -inf -inf -inf -inf -inf -inf -inf -inf -inf -inf -inf -inf -inf -inf -inf -inf -inf -inf -inf -inf -inf -inf -inf -inf -inf -inf -inf -inf -inf -inf -inf -inf -inf -inf -inf -inf -inf -inf -inf 1.105515 -inf -inf,24.4
M1_s1.6,93,8.1775,0,1,22:1.813973:0.3300,1.8139727960091854,0.33,0.09,9,-inf -inf -inf -inf -inf -inf -inf -inf -inf -inf -inf -inf -inf -inf -inf -inf 2.216415 2.939825 -inf 2.103659 -inf -inf -inf -inf -inf 4.121696 -inf -inf -inf -inf -inf -inf -inf -inf -inf -inf -inf 1.228887 -inf -inf -inf -inf -inf -inf -inf -inf -inf -inf -inf -inf -inf -inf -inf -inf -inf 2.430268 -inf -inf -inf -inf -inf -inf -inf -inf -inf 2.410020 2.090458 -inf -inf -inf -inf -inf -inf -inf -inf -inf -inf -inf -inf 1.828904 -inf -inf -inf -inf -inf -inf -inf -inf -inf -inf -inf -inf -inf -inf -inf -inf -inf -inf -inf,25.5
null_ar,93,13.9841,0,0,,-inf,1.0,1.0,5,-inf -inf -inf -inf -inf 3.285927 -inf -inf -inf -inf -inf 1.638974 -inf -inf -inf -inf -inf -inf -inf -inf -inf 2.396150 -inf -inf -inf -inf -inf -inf -inf -inf -inf -inf -inf -inf -inf -inf -inf -inf -inf -inf -inf -inf -inf -inf -inf -inf -inf 1.955428 -inf -inf -inf -inf -inf -inf -inf -inf 4.569725 -inf -inf -inf -inf -inf -inf -inf -inf -inf -inf -inf -inf -inf -inf -inf -inf -inf -inf -inf -inf -inf -inf -inf -inf -inf -inf -inf -inf -inf -inf -inf -inf -inf -inf -inf -inf -inf -inf -inf -inf -inf -inf,28.4
D2_a0.9,96,7.151,0,1,20:3.746062:0.0400,3.7460622254415594,0.04,0.01,2,-inf -inf -inf -inf -inf -inf -inf -inf -inf -inf -inf -inf -inf -inf -inf -inf -inf -inf -inf -inf -inf -inf 1.424060 -inf 2.458852 -inf -inf -inf -inf -inf -inf -inf -inf -inf -inf -inf -inf -inf -inf -inf -inf -inf -inf -inf -inf -inf -inf -inf -inf -inf -inf -inf -inf -inf -inf -inf -inf -inf -inf -inf -inf -inf -inf -inf -inf -inf -inf -inf -inf -inf -inf -inf -inf -inf -inf -inf -inf -inf -inf -inf -inf -inf -inf -inf -inf -inf -inf -inf -inf -inf -inf -inf -inf -inf -inf -inf -inf -inf -inf,24.3
M1_s1.6,99,8.1775,0,0,,-inf,1.0,1.0,1,-inf -inf -inf -inf -inf -inf -inf -inf -inf -inf -inf -inf -inf -inf -inf -inf -inf -inf -inf -inf -inf -inf -inf -inf -inf -inf -inf -inf -inf -inf -inf -inf -inf -inf -inf -inf -inf -inf -inf -inf -inf -inf -inf -inf -inf -inf 2.377197 -inf -inf -inf -inf -inf -inf -inf -inf -inf -inf -inf -inf -inf -inf -inf -inf -inf -inf -inf -inf -inf -inf -inf -inf -inf -inf -inf -inf -inf -inf -inf -inf -inf -inf -inf -inf -inf -inf -inf -inf -inf -inf -inf -inf -inf -inf -inf -inf -inf -inf -inf -inf,19.5
M1_s1.6,100,7.151,0,0,,-inf,1.0,1.0,1,-inf -inf -inf -inf -inf -inf -inf -inf -inf -inf -inf -inf -inf -inf -inf -inf -inf -inf -inf -inf -inf -inf -inf -inf -inf -inf -inf -inf -inf -inf -inf -inf -inf -inf -inf -inf -inf -inf -inf -inf -inf -inf -inf -inf -inf -inf 1.013062 -inf -inf -inf -inf -inf -inf -inf -inf -inf -inf -inf -inf -inf -inf -inf -inf -inf -inf -inf -inf -inf -inf -inf -inf -inf -inf -inf -inf -inf -inf -inf -inf -inf -inf -inf -inf -inf -inf -inf -inf -inf -inf -inf -inf -inf -inf -inf -inf -inf -inf -inf -inf,12.3
M1_s1.6,96,8.1775,0,1,20:0.673044:0.9100,0.6730438914152245,0.91,0.03,2,-inf -inf -inf -inf -inf -inf -inf -inf -inf -inf -inf -inf -inf -inf -inf -inf -inf -inf -inf -inf -inf -inf -inf -inf -inf -inf -inf -inf -inf -inf -inf -inf -inf -inf -inf -inf -inf -inf -inf -inf -inf -inf -inf -inf -inf -inf -inf -inf -inf -inf -inf -inf -inf -inf -inf -inf -inf -inf -inf -inf -inf -inf -inf -inf -inf -inf -inf 3.034304 -inf -inf -inf -inf -inf -inf -inf -inf -inf -inf -inf -inf -inf -inf -inf -inf -inf -inf -inf -inf -inf -inf -inf 2.385093 -inf -inf -inf -inf -inf -inf -inf,25.7
null_ar,96,18.287,0,0,,-inf,1.0,1.0,3,-inf -inf -inf -inf -inf -inf -inf -inf -inf 1.793500 -inf -inf -inf -inf -inf -inf -inf -inf -inf -inf -inf -inf -inf -inf -inf -inf -inf -inf -inf -inf 1.561923 -inf 0.424544 -inf -inf -inf -inf -inf -inf -inf -inf -inf -inf -inf -inf -inf -inf -inf -inf -inf -inf -inf -inf -inf -inf -inf -inf -inf -inf -inf -inf -inf -inf -inf -inf -inf -inf -inf -inf -inf -inf -inf -inf -inf -inf -inf -inf -inf -inf -inf -inf -inf -inf -inf -inf -inf -inf -inf -inf -inf -inf -inf -inf -inf -inf -inf -inf -inf -inf,25.9
null_ar,97,10.6937,0,1,30:1.241671:0.5800,1.2416713563132247,0.58,0.02,2,-inf -inf -inf -inf -inf -inf -inf -inf -inf -inf -inf -inf -inf -inf -inf -inf -inf -inf -inf -inf -inf -inf -inf -inf -inf -inf -inf -inf -inf -inf -inf -inf -inf -inf -inf 2.105737 -inf -inf -inf -inf 0.977469 -inf -inf -inf -inf -inf -inf -inf -inf -inf -inf -inf -inf -inf -inf -inf -inf -inf -inf -inf -inf -inf -inf -inf -inf -inf -inf -inf -inf -inf -inf -inf -inf -inf -inf -inf -inf -inf -inf -inf -inf -inf -inf -inf -inf -inf -inf -inf -inf -inf -inf -inf -inf -inf -inf -inf -inf -inf -inf,25.4
D2_a0.9,95,6.2533,0,1,20:4.764735:0.0100,4.764734843718415,0.01,0.01,13,-inf -inf -inf -inf -inf -inf 1.789838 -inf 2.426353 -inf 3.838769 -inf -inf -inf 4.729179 -inf -inf -inf -inf -inf -inf -inf -inf -inf -inf -inf -inf -inf -inf -inf -inf -inf 1.547535 -inf 2.547334 -inf -inf -inf -inf -inf -inf -inf -inf -inf -inf -inf -inf -inf -inf -inf -inf 1.947589 -inf 1.666082 3.436708 -inf -inf 3.938175 -inf -inf -inf -inf -inf -inf -inf -inf -inf -inf -inf -inf -inf -inf -inf -inf -inf -inf 4.030807 -inf -inf -inf -inf 3.992347 -inf -inf -inf -inf -inf -inf -inf -inf -inf -inf -inf 3.466403 -inf -inf -inf -inf -inf,27.6
D2_a0.9,99,8.1775,0,1,20:4.788996:0.0100,4.788996402458469,0.01,0.02,5,-inf -inf -inf -inf -inf -inf -inf -inf -inf -inf -inf -inf -inf 1.796105 -inf -inf -inf -inf -inf -inf -inf -inf -inf -inf -inf -inf -inf -inf 2.392477 -inf -inf -inf -inf -inf 4.985658 -inf -inf -inf -inf -inf -inf 2.598700 -inf -inf -inf -inf -inf -inf -inf -inf -inf -inf -inf -inf -inf -inf -inf -inf -inf -inf -inf -inf -inf -inf -inf 0.771500 -inf -inf -inf -inf -inf -inf -inf -inf -inf -inf -inf -inf -inf -inf -inf -inf -inf -inf -inf -inf -inf -inf -inf -inf -inf -inf -inf -inf -inf -inf -inf -inf -inf,22.6
M1_s1.6,95,8.1775,0,1,22:1.342548:0.6100,1.3425477815410103,0.61,0.05,6,-inf -inf -inf -inf -inf -inf -inf -inf -inf -inf 1.512811 -inf -inf -inf -inf -inf -inf -inf -inf -inf -inf -inf -inf -inf -inf -inf -inf -inf -inf -inf 1.689905 -inf -inf -inf -inf -inf -inf -inf -inf -inf -inf -inf -inf -inf 0.611197 -inf -inf -inf -inf -inf -inf -inf -inf -inf -inf -inf -inf -inf -inf -inf -inf -inf -inf -inf -inf 1.517887 -inf -inf -inf -inf -inf -inf -inf -inf -inf -inf -inf -inf -inf -inf -inf -inf -inf -inf 2.075124 -inf -inf -inf -inf -inf -inf -inf -inf -inf -inf -inf 0.848932 -inf -inf,29.8
M1_s1.6,98,7.151,0,1,20:1.830217:0.3700,1.8302174051165172,0.37,0.06,12,-inf -inf -inf -inf -inf -inf -inf -inf -inf -inf -inf -inf -inf -inf -inf -inf -inf -inf -inf -inf -inf -inf -inf 0.339238 -inf -inf -inf -inf -inf -inf -inf -inf -inf -inf -inf -inf -inf -inf -inf -inf 2.511470 -inf -inf -inf -inf -inf -inf 1.119128 -inf -inf -inf -inf 1.287639 -inf -inf -inf -inf -inf -inf 2.301793 2.865263 0.090494 2.863106 -inf -inf -inf -inf -inf -inf -inf -inf -inf 1.508960 -inf -inf -0.030870 -inf -inf -inf -inf -inf -inf -inf -inf -inf -inf -inf -inf -inf -inf -inf -inf -inf -inf -inf 3.507971 -inf 0.702387 -inf,26.2
null_ar,99,9.3513,0,0,,-inf,1.0,1.0,2,-inf -inf -inf -inf -inf -inf -inf -inf -inf -inf -inf -inf -inf -inf -inf -inf -inf -inf -inf -inf -inf -inf -inf -inf -inf -inf -inf -inf -inf -inf -inf -inf -inf -inf -inf -inf -inf -inf -inf -inf -inf -inf -inf 1.804426 -inf -inf -inf -inf -inf -inf -inf -inf -inf -inf -inf -inf -inf -inf -inf -inf -inf -inf -inf -inf -inf -inf 0.702092 -inf -inf -inf -inf -inf -inf -inf -inf -inf -inf -inf -inf -inf -inf -inf -inf -inf -inf -inf -inf -inf -inf -inf -inf -inf -inf -inf -inf -inf -inf -inf -inf,25.0
null_ar,95,10.6937,0,0,,-inf,1.0,1.0,14,-inf -inf -inf -inf -inf -inf -inf 0.493446 -inf 0.910469 -inf -inf -inf -inf -inf -inf -inf -0.043805 0.454631 -inf 2.500013 -inf -inf -inf -inf 3.039987 -inf -inf -inf -inf -inf -inf -inf -inf -inf -inf -inf -inf -inf -inf -inf 0.618149 -inf 0.008253 -inf -inf -inf -inf -inf -inf -inf -inf -inf -inf -inf -inf 2.128864 -inf -inf -inf -inf -inf -inf -inf -inf -inf -inf -inf 0.747548 -inf 1.250637 -inf -inf -inf -inf -inf -inf -inf -inf -inf -inf -inf -inf -inf 0.729172 -inf -inf -inf -inf -inf -inf 4.153744 -inf -inf 2.507434 -inf -inf -inf -inf,32.0
M1_s1.6,97,7.151,0,1,21:3.194919:0.0600,3.194919352177392,0.06,0.04,21,-inf -inf -inf -inf -inf 0.975008 -inf -inf -inf -inf -inf -inf -inf -inf 3.756966 -inf -inf 2.405823 -inf -inf -inf -inf -inf -inf -inf -inf 1.001092 -inf -inf -inf -inf -inf -inf -inf -inf 3.116914 -inf 3.391895 -inf -inf -inf -inf -inf -inf -inf -inf -inf 2.797632 -inf -inf -inf -inf 2.538936 1.476879 -inf -inf -inf 0.832229 -inf -inf -inf -inf -inf 2.788358 -inf -inf -inf 2.151352 -inf 3.779652 1.048231 -inf -inf -inf -inf -inf -inf -inf -inf 1.011689 -inf 1.794458 -inf -inf -inf -inf 1.832732 -0.003611 0.550704 2.099943 -inf -inf 1.203049 -inf -inf -inf -inf -inf -inf,32.0
D2_a0.9,100,7.151,0,0,,-inf,1.0,1.0,1,-inf -inf -inf -inf -inf -inf -inf -inf -inf -inf -inf -inf -inf -inf -inf -inf -inf -inf -inf -inf -inf -inf -inf -inf -inf -inf -inf -inf -inf -inf -inf -inf -inf -inf -inf -inf -inf -inf -inf -inf -inf -inf -inf -inf -inf -inf -inf -inf -inf -inf -inf -inf -inf -inf -inf -inf -inf -inf -inf -inf -inf -inf -inf 1.670515 -inf -inf -inf -inf -inf -inf -inf -inf -inf -inf -inf -inf -inf -inf -inf -inf -inf -inf -inf -inf -inf -inf -inf -inf -inf -inf -inf -inf -inf -inf -inf -inf -inf -inf -inf,19.4
M1_s1.6,102,8.1775,0,1,19:1.296463:0.6100,1.2964631801658122,0.61,0.08,12,-inf -inf -inf -inf -inf -inf -inf 1.406808 -inf -inf -inf -inf -inf -inf -inf -inf -inf -inf -inf -inf 1.745833 -inf -inf -inf -inf -inf -inf 0.054396 -inf -inf -inf -inf -inf -inf -inf -inf -inf 1.768157 -inf 2.752144 -inf -inf -inf -0.066521 -inf -inf 2.340282 -inf -inf -inf -inf -inf -inf 0.674234 -inf -inf -inf 0.666623 -inf -inf -inf -inf -inf -inf -inf -inf -inf -inf -inf -inf -inf -inf -inf 2.152431 -inf -inf -inf -inf -inf -inf -inf -inf -inf -inf -inf -inf -inf -inf -inf 0.955941 -inf -inf -inf -inf -inf -inf 2.072081 -inf -inf,16.5
null_ar,100,12.2287,0,0,,-inf,1.0,1.0,8,-inf -inf -inf -inf -inf -inf -inf -inf -inf -0.101911 -inf -inf -inf -inf -inf -inf -inf -inf -inf -inf -inf -inf -inf 1.134905 -inf -inf 2.118629 -inf -inf -inf -inf -inf -inf -inf -inf -inf -inf -inf -inf -inf -inf -inf -inf -inf -inf 2.457989 -inf -inf -inf -inf -inf -inf -inf -inf -inf -inf -inf -inf -inf -inf -inf -inf -inf -inf -inf -inf -inf -inf -inf -inf -inf -inf -inf -inf 2.332713 -inf 1.338243 -inf -inf 0.419568 -inf -inf -inf -inf -inf -inf -inf -inf -inf -inf -inf -inf -inf -inf -inf 1.771860 -inf -inf -inf,29.4
D2_a0.9,105,8.1775,0,1,19:3.398355:0.0300,3.3983549206881034,0.03,0.02,1,-inf -inf -inf -inf -inf -inf -inf -inf -inf -inf -inf -inf -inf -inf -inf -inf -inf -inf -inf -inf -inf -inf -inf -inf -inf -inf -inf 4.507679 -inf -inf -inf -inf -inf -inf -inf -inf -inf -inf -inf -inf -inf -inf -inf -inf -inf -inf -inf -inf -inf -inf -inf -inf -inf -inf -inf -inf -inf -inf -inf -inf -inf -inf -inf -inf -inf -inf -inf -inf -inf -inf -inf -inf -inf -inf -inf -inf -inf -inf -inf -inf -inf -inf -inf -inf -inf -inf -inf -inf -inf -inf -inf -inf -inf -inf -inf -inf -inf -inf -inf,12.9
D2_a0.9,102,7.151,0,1,20:1.859305:0.3200,1.8593045746741923,0.32,0.01,0,-inf -inf -inf -inf -inf -inf -inf -inf -inf -inf -inf -inf -inf -inf -inf -inf -inf -inf -inf -inf -inf -inf -inf -inf -inf -inf -inf -inf -inf -inf -inf -inf -inf -inf -inf -inf -inf -inf -inf -inf -inf -inf -inf -inf -inf -inf -inf -inf -inf -inf -inf -inf -inf -inf -inf -inf -inf -inf -inf -inf -inf -inf -inf -inf -inf -inf -inf -inf -inf -inf -inf -inf -inf -inf -inf -inf -inf -inf -inf -inf -inf -inf -inf -inf -inf -inf -inf -inf -inf -inf -inf -inf -inf -inf -inf -inf -inf -inf -inf,19.7
D2_a0.9,101,6.2533,0,2,19:2.908518:0.1100;22:0.302322:0.9300,2.9085182739668456,0.11,0.02,3,-inf -inf -inf -inf -inf -inf -inf -inf -inf -inf -inf -inf -inf -inf -inf -inf -inf -inf -inf -inf -inf -inf -inf -inf -inf -inf -inf -inf -inf -inf 2.938689 -inf -inf -inf 2.247023 -inf -inf -inf -inf -inf -inf -inf -inf -inf -inf -inf -inf -inf -inf -inf -inf -inf -inf -inf -inf -inf -inf -inf -inf -inf -inf -inf -inf -inf -inf -inf -inf -inf -inf -inf -inf -inf -inf -inf -inf -inf -inf -inf -inf -inf -inf -inf -inf -inf -inf -inf -inf -inf -inf -inf -inf -inf -inf -inf -inf -inf -inf 1.671967 -inf,22.1
D2_a0.9,98,5.4684,0,1,20:3.877468:0.0100,3.877468376335701,0.01,0.05,15,-inf -inf -inf -inf -inf -inf -inf -inf -inf -inf -inf -inf -inf -inf -inf -inf -inf -inf -inf -inf 1.649243 -inf -inf -inf -inf -inf -inf -inf -inf -inf -inf -inf -inf -inf -inf -inf 2.554583 -inf -inf -inf -inf -inf -inf 4.020895 -inf -inf 4.402098 -inf -inf -inf -inf -inf -inf 0.411758 3.533100 -inf -inf -inf 1.957698 3.302365 -inf -inf -inf -inf -inf -inf 2.658692 -inf 1.277710 -inf -inf 3.948284 -inf -inf 3.724745 -inf 3.819636 -inf -inf -inf 3.011683 -inf -inf -inf 4.021881 -inf -inf -inf -inf -inf -inf -inf -inf -inf -inf -inf -inf -inf -inf,37.7
M1_s1.6,104,13.9841,0,1,21:1.636964:0.4300,1.6369644017207379,0.43,0.02,1,-inf -inf -inf -inf -inf -inf -inf -inf -inf -inf -inf -inf -inf -inf -inf -inf -inf -inf -inf -inf -inf -inf -inf -inf -inf -inf -inf -inf -inf -inf -inf -inf -inf -inf -inf -inf -inf -inf -inf -inf -inf 2.877290 -inf -inf -inf -inf -inf -inf -inf -inf -inf -inf -inf -inf -inf -inf -inf -inf -inf -inf -inf -inf -inf -inf -inf -inf -inf -inf -inf -inf -inf -inf -inf -inf -inf -inf -inf -inf -inf -inf -inf -inf -inf -inf -inf -inf -inf -inf -inf -inf -inf -inf -inf -inf -inf -inf -inf -inf -inf,20.1
null_ar,105,12.2287,0,0,,-inf,1.0,1.0,4,-inf -inf -inf -inf -inf -inf -inf -inf -inf -inf -inf -inf -inf -inf -inf -inf -inf -inf -inf -inf 2.036068 -inf -inf -inf -inf -inf -inf -0.098530 -inf -inf -inf -inf -inf -inf -inf -inf -inf -inf -inf -inf -inf -inf -inf -inf -inf -inf -inf -inf -inf -inf -inf -inf -inf -inf -inf -inf -inf -inf -inf -inf -inf -inf -inf -inf 2.485798 -inf -inf -inf -inf -inf -inf -inf -inf -inf -inf -inf -inf -inf -inf -inf -inf -inf -inf -inf -inf -inf -inf -inf -inf -inf -inf -inf -inf -inf -inf -inf -inf 1.500332 -inf,21.4
M1_s1.6,101,12.2287,0,1,21:1.486717:0.5000,1.4867168821984518,0.5,0.04,3,-inf -inf -inf -inf -inf -inf -inf -inf -inf -inf -inf -inf -inf -inf -inf -inf -inf -inf -inf -inf -inf -inf -inf -inf -inf -inf -inf -inf -inf -inf -inf -inf -inf -inf -inf -inf -inf -inf -inf -inf -inf -inf -inf -inf -inf -inf 1.522350 -inf -inf -inf -inf -inf -inf -inf -inf -inf -inf -inf -inf -inf -inf -inf -inf -inf -inf -inf -inf -inf -inf -inf -inf -inf -inf -inf -inf -inf -inf -inf -inf 2.918211 -inf 3.331096 -inf -inf -inf -inf -inf -inf -inf -inf -inf -inf -inf -inf -inf -inf -inf -inf -inf,26.7
M1_s1.6,103,7.151,0,0,,-inf,1.0,1.0,1,-inf -inf -inf -inf -inf -inf -inf -inf -inf -inf -inf -inf -inf -inf -inf -inf -inf -inf -inf -inf -inf -inf -inf -inf -inf -inf -inf -inf -inf -inf -inf -inf -inf -inf -inf -inf -inf -inf -inf -inf -inf -inf -inf -inf -inf -inf -inf -inf -inf -inf -inf -inf -inf -inf -inf -inf -inf -inf -inf -inf -inf -inf -inf -inf -inf -inf -inf -inf -inf -inf -inf -inf -inf -inf -inf -inf -inf -inf -inf -inf 3.936586 -inf -inf -inf -inf -inf -inf -inf -inf -inf -inf -inf -inf -inf -inf -inf -inf -inf -inf,24.5
null_ar,106,20.912,0,0,,-inf,1.0,1.0,7,-inf -inf 3.121247 -inf -inf -inf -inf -inf 1.128195 -inf -inf -inf -inf -inf -inf -inf -inf -inf -inf -inf 1.754299 -inf -inf -inf -inf -inf -inf -inf -inf -inf -inf -inf -inf -inf -inf 2.321378 -inf -inf -inf -inf -inf -inf -inf -inf -inf -inf -inf -inf -inf -inf -inf -inf -inf -inf -inf -inf -inf -inf 2.050099 -inf -inf -inf -inf -inf -inf -inf -inf -inf -inf -inf -inf -inf -inf -inf -inf -inf -inf -inf -inf -inf -inf -inf -inf 1.799117 -inf -inf -inf -inf -inf -inf -inf -inf -inf -inf -inf 1.727081 -inf -inf -inf,21.9
null_ar,101,10.6937,0,0,,-inf,1.0,1.0,16,-inf -inf -inf -inf -inf -inf -inf 1.658955 -inf -inf 3.452620 -inf -inf -inf -inf -inf -inf -inf -inf -inf -inf -inf -inf -0.053624 -inf -inf 2.152225 -inf 0.976317 -inf -inf -inf -inf -inf -inf -inf -inf 1.365686 0.564904 -inf -inf -inf -inf -inf -inf -inf -inf -inf -inf 0.445996 -inf -inf 0.828436 -inf -inf -inf -inf -inf 1.957574 -inf -inf -inf -inf -inf -inf 1.608174 -inf -inf 1.650917 -inf -inf -inf 0.200159 -inf -inf -inf -inf -inf -inf -inf -inf -inf 2.261454 -inf -inf -inf -inf -inf -inf -inf -inf -inf -inf 2.949517 1.061661 -inf -inf -inf -inf,30.4
null_ar,103,10.6937,0,0,,-inf,1.0,1.0,5,-inf -inf -inf -inf 1.181373 -inf -inf -inf -inf -inf -inf -inf -inf -inf -inf -inf 2.542747 -inf -inf -inf -inf -inf -inf -inf -inf -inf -inf -inf -inf -inf -inf -inf -inf -inf -inf -inf -inf -inf -inf -inf -inf -inf -inf -inf -inf -inf -inf -inf -inf -inf -inf -inf -inf -inf -inf -inf -inf -inf -inf -inf -inf -inf -inf -inf -inf -inf -inf -inf -inf -inf -inf 0.834970 -inf -inf -inf -inf -inf -inf -inf -inf 1.980949 -inf -inf -inf -inf -inf -inf -inf -inf -inf -inf -inf -inf -inf -inf -inf 1.661783 -inf -inf,27.4
null_ar,104,12.2287,0,0,,-inf,1.0,1.0,12,1.992194 -inf -inf -inf -inf -inf -inf -inf -inf 0.507099 -inf -inf -inf -inf -inf 1.712602 -inf -inf -inf -inf -inf -inf -inf -inf -inf -inf -inf -inf -inf -inf -inf -inf -inf -inf -inf -inf -inf -inf -inf 2.865589 -inf -inf -inf -inf -inf -inf -inf -inf -inf -inf -inf -inf -inf 1.554657 -inf -inf -inf 0.644082 -inf -inf -inf -inf -inf -inf -inf -inf 3.459494 -inf -inf -inf 3.136505 -inf -inf -inf -inf -inf -inf -inf -inf -inf -inf -inf 0.416759 -inf -inf -inf -inf -inf 0.330346 1.614847 1.647721 -inf -inf -inf -inf -inf -inf -inf -inf,26.3
D2_a0.9,107,7.151,0,1,14:4.373267:0.0100,4.3732668424914225,0.01,0.01,3,-inf -inf -inf -inf -inf -inf -inf -inf -inf -inf -inf -inf -inf -inf -inf -inf -inf -inf -inf -inf -inf -inf -inf -inf -inf -inf -inf -inf -inf -inf -inf -inf -inf -inf -inf -inf -inf 1.265582 -inf -inf -inf -inf -inf -inf 1.722117 -inf -inf -inf -inf -inf -inf -inf -inf -inf -inf -inf -inf -inf -inf -inf -inf -inf -inf -inf -inf -inf -inf -inf -inf -inf -inf -inf -inf -inf -inf 3.005096 -inf -inf -inf -inf -inf -inf -inf -inf -inf -inf -inf -inf -inf -inf -inf -inf -inf -inf -inf -inf -inf -inf -inf,21.0
D2_a0.9,108,5.4684,0,0,,-inf,1.0,1.0,1,-inf -inf -inf -inf -inf -inf -inf -inf -inf -inf -inf -inf -inf -inf -inf -inf -inf -inf -inf -inf -inf -inf -inf -inf -inf -inf -inf -inf -inf -inf -inf -inf -inf -inf -inf -inf -inf -inf -inf -inf -inf -inf -inf -inf -inf -inf -inf -inf -inf -inf -inf -inf -inf -inf -inf -inf -inf 3.610943 -inf -inf -inf -inf -inf -inf -inf -inf -inf -inf -inf -inf -inf -inf -inf -inf -inf -inf -inf -inf -inf -inf -inf -inf -inf -inf -inf -inf -inf -inf -inf -inf -inf -inf -inf -inf -inf -inf -inf -inf -inf,18.9
D2_a0.9,103,7.151,0,1,21:1.804683:0.4700,1.804682909103186,0.47,0.05,5,-inf -inf -inf -inf -inf -inf -inf -inf -inf -inf -inf -inf -inf -inf -inf -inf -inf -inf -inf -inf 1.853981 -inf -inf -inf -inf 3.524609 -inf -inf -inf -inf -inf -inf -inf -inf -inf -inf -inf -inf -inf -inf -inf -inf -inf -inf -inf -inf -inf -inf -inf -inf -inf -inf -inf -inf -inf -inf -inf -inf -inf -inf -inf -inf -inf -inf -inf -inf -inf -inf -inf -inf -inf -inf -inf -inf -inf -inf 2.981035 -inf -inf -inf -inf -inf -inf -inf 1.605846 -inf -inf 3.689191 -inf -inf -inf -inf -inf -inf -inf -inf -inf -inf -inf,28.6
null_ar,107,13.9841,0,0,,-inf,1.0,1.0,2,-inf -inf -inf -inf -inf -inf 2.942677 -inf -inf -inf -inf -inf -inf -inf -inf -inf -inf -inf -inf -inf -inf -inf -inf -inf -inf -inf -inf -inf -inf -inf -inf -inf -inf -inf -inf -inf -inf -inf -inf -inf -inf -inf -inf -inf -inf -inf -inf -inf -inf -inf -inf -inf -inf -inf -inf -inf -inf -inf -inf -inf -inf -inf -inf -inf -inf -inf 2.254863 -inf -inf -inf -inf -inf -inf -inf -inf -inf -inf -inf -inf -inf -inf -inf -inf -inf -inf -inf -inf -inf -inf -inf -inf -inf -inf -inf -inf -inf -inf -inf -inf,24.8
M1_s1.6,105,9.3513,0,1,20:2.908197:0.0800,2.908197356552974,0.08,0.01,4,-inf -inf 1.179935 -inf -inf -inf -inf -inf -inf -inf -inf -inf -inf -inf -inf -inf -inf -inf -inf -inf -inf -inf -inf -inf -inf -inf -inf -inf -inf -inf 2.602279 -inf -inf -inf -inf -inf -inf -inf -inf -inf -inf -inf -inf -inf -inf -inf -inf -inf -inf -inf -inf -inf -inf -inf -inf -inf -inf -inf -inf -inf -inf -inf -inf -inf -inf -inf -inf -inf -inf -inf -inf -inf -inf -inf -inf -inf -inf -inf -inf -inf -inf -inf -inf -inf -inf -inf 1.439260 -inf -inf -inf -inf -inf -inf -inf -inf 1.114270 -inf -inf -inf,27.6
M1_s1.6,110,7.151,0,1,20:0.452302:0.9500,0.4523021054437406,0.95,0.1,9,-inf -inf -inf -inf -inf -inf -inf -inf -inf -inf -inf -inf 0.767507 -inf -inf -inf -inf -inf -inf -inf -inf -inf -inf -inf -inf -inf 4.385470 -inf -inf -inf -inf -inf 1.959559 -inf -inf -inf 2.353421 -inf 1.064919 -inf -inf -inf -inf -inf -inf -inf -inf -inf -inf -inf -inf -inf -inf -inf 0.524250 -inf -inf -inf -inf -inf -inf -inf -inf -inf -inf -inf -inf -inf -inf -inf -inf 4.066878 -inf -inf -inf 1.812096 -inf -inf -inf -inf -inf -inf -inf -inf -inf -inf -inf -inf -inf -inf -inf -inf -inf -inf -inf -inf 0.476267 -inf -inf,16.3
D2_a0.9,109,8.1775,0,1,20:2.955198:0.1000,2.955197911674314,0.1,0.01,1,-inf -inf -inf -inf -inf -inf -inf -inf -inf -inf -inf -inf -inf 1.706343 -inf -inf -inf -inf -inf -inf -inf -inf -inf -inf -inf -inf -inf -inf -inf -inf -inf -inf -inf -inf -inf -inf -inf -inf -inf -inf -inf -inf -inf -inf -inf -inf -inf -inf -inf -inf -inf -inf -inf -inf -inf -inf -inf -inf -inf -inf -inf -inf -inf -inf -inf -inf -inf -inf -inf -inf -inf -inf -inf -inf -inf -inf -inf -inf -inf -inf -inf -inf -inf -inf -inf -inf -inf -inf -inf -inf -inf -inf -inf -inf -inf -inf -inf -inf -inf,19.9
null_ar,102,10.6937,0,0,,-inf,1.0,1.0,12,-inf -inf -inf -inf -inf -inf -inf -inf -inf -inf -inf -inf -inf -inf -inf -inf -inf -inf -inf -inf -inf -inf -inf -inf 1.414541 -inf -inf 0.647641 -inf -inf -inf -inf -inf -inf -inf 0.903350 -inf -inf -inf -inf -inf -inf -inf 0.850849 -inf -inf -inf -inf -inf -inf -inf 1.832404 -inf -inf -inf -inf -inf 0.535264 -inf -inf -inf -inf -inf -inf -inf -inf -inf -inf -inf -inf -inf -inf -inf 1.747878 -inf -inf -inf 0.519730 -inf -inf -inf -inf -inf -inf -inf -inf 1.239218 -inf -inf -inf -inf -inf -inf 1.373758 -inf -inf -inf 0.848796 1.813938,34.3
M1_s1.6,108,8.1775,0,1,20:1.270355:0.6700,1.270354635340131,0.67,0.02,1,-inf -inf -inf -inf -inf -inf -inf -inf -inf -inf -inf -inf -inf -inf -inf -inf -inf -inf -inf -inf -inf -inf -inf -inf -inf -inf -inf -inf -inf -inf -inf -inf -inf -inf -inf -inf -inf -inf -inf -inf -inf -inf -inf -inf -inf -inf -inf -inf -inf -inf -inf -inf -inf -inf -inf -inf -inf -inf -inf -inf -inf -inf -inf -inf -inf -inf -inf -inf -inf -inf -inf -inf -inf -inf -inf -inf -inf -inf -inf -inf -inf -inf -inf -inf -inf -inf -inf -inf 1.938269 -inf -inf -inf -inf -inf -inf -inf -inf -inf -inf,25.0
D2_a0.9,106,8.1775,0,1,14:3.480424:0.0100,3.480423738662352,0.01,0.02,6,-inf -inf -inf -inf -inf -inf -inf -inf -inf -inf 2.187010 -inf -inf -inf -inf -inf -inf -inf -inf -inf -inf -inf 3.651676 -inf -inf -inf -inf 1.783352 -inf -inf -inf -inf -inf -inf -inf -inf -inf 2.422641 -inf -inf -inf -inf -inf -inf -inf -inf -inf -inf -inf -inf -inf -inf -inf -inf -inf -inf -inf -inf -inf -inf -inf -inf -inf -inf -inf -inf -inf -inf -inf -inf -inf -inf -inf -inf -inf 1.878622 -inf -inf -inf -inf -inf -inf -inf -inf -inf -inf 3.285734 -inf -inf -inf -inf -inf -inf -inf -inf -inf -inf -inf -inf,29.0
null_ar,108,15.9915,0,2,2:0.576733:0.7800;12:3.930499:0.0400,3.9304986129999397,0.04,0.01,12,0.934257 -inf -inf -inf -inf -inf -inf -inf -inf -inf -inf -inf -inf 0.924104 -inf 0.104751 -inf -inf -inf -inf -inf -inf -inf -inf -inf -inf -inf -inf -inf -inf -inf 0.118734 -inf 1.411291 -inf -inf -inf -inf -inf -inf -inf -inf -inf -inf -inf -inf 0.633236 -inf -inf 1.598822 -inf 0.538927 -inf -inf -inf -inf -inf -inf -inf -inf -inf -inf -inf -inf -inf -inf -inf 0.590221 -inf -inf -inf 1.255337 -inf -inf -inf -inf -inf -inf -inf -inf -inf -inf -inf -inf -inf -inf -inf -inf -inf -0.085889 -inf -inf -inf -inf -inf 0.895532 -inf -inf -inf,25.7
null_ar,111,9.3513,0,0,,-inf,1.0,1.0,16,-inf -inf -inf -inf -inf -inf -inf -inf -inf -inf -inf -inf -inf -inf -inf -inf -inf 0.212001 -inf -inf -inf -inf -inf -inf -inf -inf -inf -inf -inf -inf -inf -inf 2.606647 -inf 1.300898 -inf -inf -inf -inf -inf -inf 0.889830 -inf -inf -inf -inf -inf -inf 1.032949 -inf 1.909504 -inf -inf -inf -inf -inf -inf -inf 1.013134 1.497653 -inf -inf -inf -inf -inf 0.502866 -inf -inf -inf -inf 0.592932 0.704590 -inf 2.851907 -inf -inf 1.140730 1.740912 -inf 0.586688 -inf -inf -inf -inf -inf -inf -inf 1.032093 -inf -inf -inf -inf -inf -inf -inf -inf -inf -inf -inf,20.0
null_ar,110,10.6937,0,0,,-inf,1.0,1.0,8,-inf -inf -inf -inf 0.289159 -inf -inf -inf -inf -inf -inf -inf 1.059225 -inf -inf 0.164188 -inf -inf -inf -inf -inf -inf -inf -inf -inf -inf -inf 1.406686 -inf -inf 0.735175 -inf -inf -inf -inf -inf -inf -inf -inf -inf -inf -inf -inf -inf -inf -inf -inf -inf -inf -inf -inf -inf -inf -inf -inf 2.202999 -inf -inf -inf -inf -inf -inf 3.888882 -inf -inf -inf -inf -inf -inf -inf -inf -inf -inf -inf -inf -inf -inf -inf -inf -inf -inf -inf -inf -inf -inf -inf 1.125911 -inf -inf -inf -inf -inf -inf -inf -inf -inf -inf -inf -inf,23.1
M1_s1.6,109,6.2533,0,1,16:0.573636:0.9100,0.5736361428576356,0.91,0.04,5,-inf -inf -inf -inf -inf -inf -inf -inf -inf -inf -inf -inf -inf -inf -inf -inf 1.490415 -inf -inf -inf -inf -inf -inf -0.176832 -inf -inf -inf -inf -inf -inf -inf -inf -inf -inf -inf -inf -inf -inf -inf -inf -inf -inf -inf -inf -inf -inf -inf -inf -inf -inf -inf -inf -inf -inf -inf -inf -inf -inf -inf -inf -inf -inf -inf -inf -inf -inf -inf -inf -inf -inf -inf -inf -inf -inf -inf -inf -inf -inf -inf -inf 2.379786 0.304399 -inf -inf -inf 1.566025 -inf -inf -inf -inf -inf -inf -inf -inf -inf -inf -inf -inf -inf,28.4
M1_s1.6,112,7.151,0,0,,-inf,1.0,1.0,1,-inf -inf -inf -inf -inf -inf -inf -inf -inf -inf -inf -inf -inf -inf -inf -inf -inf -inf -inf -inf -inf -inf -inf -inf -inf -inf -inf -inf -inf 0.306902 -inf -inf -inf -inf -inf -inf -inf -inf -inf -inf -inf -inf -inf -inf -inf -inf -inf -inf -inf -inf -inf -inf -inf -inf -inf -inf -inf -inf -inf -inf -inf -inf -inf -inf -inf -inf -inf -inf -inf -inf -inf -inf -inf -inf -inf -inf -inf -inf -inf -inf -inf -inf -inf -inf -inf -inf -inf -inf -inf -inf -inf -inf -inf -inf -inf -inf -inf -inf -inf,19.4
M1_s1.6,111,7.151,0,1,20:2.067579:0.3000,2.067578630503986,0.3,0.02,5,-inf -inf 1.689646 -inf -inf -inf -inf -inf -inf -inf -inf -inf -inf -inf -inf -inf -inf -inf -inf -inf -inf -inf -inf -inf -inf -inf -inf -inf -inf -inf -inf -inf -inf -inf -inf -inf -inf -inf -inf -inf -inf 1.377596 -inf 0.751519 -inf 2.833714 -inf -inf -inf -inf -inf -inf -inf -inf -inf -inf -inf -inf -inf -inf -inf -inf -inf -inf -inf -inf -inf -inf -inf -inf -inf -inf -inf 0.566523 -inf -inf -inf -inf -inf -inf -inf -inf -inf -inf -inf -inf -inf -inf -inf -inf -inf -inf -inf -inf -inf -inf -inf -inf -inf,22.9
D2_a0.9,111,6.2533,0,1,20:3.390016:0.0400,3.3900155402244287,0.04,0.03,5,-inf -inf -inf -inf -inf -inf -inf -inf -inf 1.855276 -inf -inf -inf -inf -inf -inf -inf -inf -inf -inf -inf 4.797402 -inf -inf -inf -inf -inf -inf -inf -inf -inf -inf 3.122704 -inf -inf -inf -inf -inf -inf -inf -inf -inf -inf -inf -inf -inf -inf -inf -inf -inf -inf -inf -inf -inf -inf -inf -inf 4.032614 -inf -inf -inf -inf -inf -inf -inf -inf -inf -inf -inf -inf -inf -inf -inf -inf -inf -inf -inf -inf -inf -inf -inf -inf -inf -inf -inf 1.357830 -inf -inf -inf -inf -inf -inf -inf -inf -inf -inf -inf -inf -inf,22.1
M1_s1.6,115,8.1775,0,1,20:0.999337:0.7800,0.9993373004868054,0.78,0.05,5,-inf -inf -inf -inf -inf -inf -inf -inf -inf -inf -inf -inf -inf -inf -inf -inf -inf -inf -inf -inf -inf -inf -inf -inf -inf -inf -inf -inf -inf -inf -inf -inf -inf -inf -inf -inf -inf -inf -inf -inf -inf -inf -inf -inf 4.661691 -inf -inf 0.648002 -inf -inf -inf 1.974814 -inf -inf -inf -inf -inf -inf -inf -inf 1.161057 -inf -inf -inf -inf -inf 1.741950 -inf -inf -inf -inf -inf -inf -inf -inf -inf -inf -inf -inf -inf -inf -inf -inf -inf -inf -inf -inf -inf -inf -inf -inf -inf -inf -inf -inf -inf -inf -inf -inf,14.7
D2_a0.9,116,8.1775,0,1,20:3.419423:0.0400,3.4194232737089254,0.04,0.01,3,-inf -inf -inf -inf -inf -inf -inf -inf -inf -inf -inf -inf -inf -inf -inf -inf -inf -inf -inf -inf -inf -inf -inf -inf -inf -inf -inf -inf -inf -inf -inf -inf -inf -inf -inf -inf -inf -inf -inf -inf -inf -inf -inf -inf -inf -inf 3.234214 -inf -inf -inf -inf -inf -inf -inf -inf -inf -inf -inf -inf -inf -inf -inf 3.117212 -inf -inf -inf -inf -inf -inf -inf -inf -inf -inf -inf -inf -inf -inf -inf -inf -inf -inf -inf -inf -inf -inf -inf -inf -inf -inf -inf -inf -inf -inf -inf -inf -inf -inf -inf 3.226263,13.3
D2_a0.9,110,7.151,0,1,20:2.329623:0.1900,2.3296229414177105,0.19,0.04,7,-inf -inf -inf -inf -inf -inf -inf -inf -inf -inf -inf -inf -inf -inf -inf -inf 2.699542 -inf -inf -inf -inf -inf -inf -inf -inf -inf -inf -inf -inf -inf -inf -inf -inf -inf -inf -inf -inf -inf -inf -inf -inf -inf -inf -inf -inf -inf -inf -inf -inf -inf -inf -inf -inf -inf -inf -inf -inf -inf -inf -inf -inf -inf -inf -inf -inf 0.752676 2.399558 -inf -inf 1.312174 -inf -inf -inf -inf -inf -inf -inf -inf 0.101454 -inf -inf -inf -inf -inf -inf -inf -inf -inf -inf 2.985769 -inf -inf -inf -inf 0.702038 -inf -inf -inf -inf,30.0
M1_s1.6,106,7.151,0,1,20:1.747747:0.4100,1.7477465168360526,0.41,0.1,21,-inf -inf -inf 0.452007 -inf 2.124394 -inf -inf 0.725407 -inf -inf 1.695399 -inf -inf -inf 1.516992 -inf -inf -inf -inf -inf -inf -inf -0.440729 -inf -inf -inf -inf -inf -inf -inf -inf 2.118573 -inf -inf -inf -inf -inf -inf 2.094877 1.872393 -inf -inf -inf -inf -inf 1.480237 -inf 0.678154 2.153987 -inf -inf -inf -inf -inf -inf -inf 2.529213 -inf -inf 1.490494 -inf -inf -inf -inf -inf -inf 1.927962 -inf -inf -inf -inf -inf -inf -inf 2.202020 -inf -inf -inf -inf -inf -inf -inf 1.685229 -inf -inf 1.919819 -inf 0.597513 -inf -inf 0.925590 -inf -inf 0.148938 -inf -inf -inf -inf,41.1
null_ar,109,10.6937,0,1,12:2.315951:0.2100,2.315951104153943,0.21,0.07,16,-inf -inf 0.682060 -inf 2.456446 2.364614 -inf -inf -inf -inf -inf -inf -inf -inf -inf -inf -inf -inf -inf 1.343140 -inf -inf -inf -inf 1.351029 -inf -inf -inf -inf -inf 3.379651 -inf -inf -inf 1.813925 -inf -inf 3.416579 -inf -inf -inf -inf -inf -inf -inf -inf -inf -inf -inf -inf -inf -inf -inf -inf -inf -inf -inf -inf 1.480491 2.401338 -inf 0.279629 -inf -inf -inf -inf -inf -inf -inf 0.495492 -inf -inf -inf -inf -inf -inf -inf -inf -inf 1.376188 -inf -inf -inf -inf 1.826270 -inf -inf -inf -inf 1.740244 -inf -inf -inf -inf -inf -inf -inf -inf 2.858885,38.8
null_ar,112,10.6937,0,0,,-inf,1.0,1.0,4,-inf -inf -inf -inf -inf -inf -inf -inf -inf -inf -inf -inf -inf -inf -inf -inf -inf -inf -inf -inf -inf -inf -inf -inf -inf -inf -inf -inf -inf -inf 1.205554 -inf -inf -inf -inf -inf 2.323320 -inf -inf -inf -inf -inf -inf -inf -inf -inf -inf -inf -inf -inf -inf -inf -inf -inf -inf -inf -inf -inf -inf -inf -inf -inf -inf -inf -inf -inf -inf -inf -inf -inf -inf -inf -inf 1.843211 -inf -inf -inf -inf -inf -inf -inf -inf -inf -inf -inf -inf 2.103494 -inf -inf -inf -inf -inf -inf -inf -inf -inf -inf -inf -inf,27.6
null_ar,113,18.287,0,0,,-inf,1.0,1.0,2,-inf -inf -inf -inf -inf -inf -inf -inf -inf -inf -inf -inf -inf -inf -inf -inf -inf -inf -inf -inf -inf -inf -inf -inf -inf -inf -inf -inf -inf -inf -inf -inf -inf -inf -inf -inf -inf -inf -inf -inf -inf -inf -inf -inf -inf 1.074810 -inf -inf -inf -inf -inf -inf -inf -inf -inf -inf -inf -inf -inf -inf -inf -inf -inf -inf -inf -inf -inf -inf -inf -inf -inf -inf -inf -inf -inf -inf -inf -inf -inf -inf -inf -inf -inf -inf -inf -inf 2.804321 -inf -inf -inf -inf -inf -inf -inf -inf -inf -inf -inf -inf,25.0
M1_s1.6,113,7.151,0,1,20:1.230508:0.6300,1.2305084078986108,0.63,0.01,4,-inf -inf -inf -inf -inf -inf -inf -inf -inf -inf -inf -inf -inf -inf -inf -inf -inf -inf -inf -inf -inf -inf -inf -inf -inf 0.907874 -inf -inf -inf -inf -inf -inf -0.725053 -inf -inf -inf -inf -inf -inf -inf -inf -inf -inf -inf -inf -inf -inf -inf -inf -inf -inf -inf -inf -inf -inf -inf -inf -inf -inf -inf -inf -inf -inf -inf 0.275959 -inf -inf -inf -inf -inf -inf -inf -inf -inf -inf -inf 0.106438 -inf -inf -inf -inf -inf -inf -inf -inf -inf -inf -inf -inf -inf -inf -inf -inf -inf -inf -inf -inf -inf -inf,26.2
null_ar,117,15.9915,0,0,,-inf,1.0,1.0,0,-inf -inf -inf -inf -inf -inf -inf -inf -inf -inf -inf -inf -inf -inf -inf -inf -inf -inf -inf -inf -inf -inf -inf -inf -inf -inf -inf -inf -inf -inf -inf -inf -inf -inf -inf -inf -inf -inf -inf -inf -inf -inf -inf -inf -inf -inf -inf -inf -inf -inf -inf -inf -inf -inf -inf -inf -inf -inf -inf -inf -inf -inf -inf -inf -inf -inf -inf -inf -inf -inf -inf -inf -inf -inf -inf -inf -inf -inf -inf -inf -inf -inf -inf -inf -inf -inf -inf -inf -inf -inf -inf -inf -inf -inf -inf -inf -inf -inf -inf,18.8
D2_a0.9,112,6.2533,0,1,4:2.869069:0.0300,2.8690693198768513,0.03,0.05,14,-inf -inf -inf -inf -inf 0.661464 -inf -inf -inf -inf -inf -inf -inf -inf 4.171908 -inf 0.346071 -inf 3.083551 -inf -inf -inf 1.178737 -inf -inf -inf -inf -inf -inf 1.455368 -inf -inf 2.218092 -inf 1.605344 -inf -inf -inf -inf -inf -inf -inf -inf -inf 1.520305 -inf -inf -inf -inf -inf -inf -inf -inf 0.495367 0.824215 -inf -inf -inf -inf -inf -inf -inf -inf -inf -inf -0.007686 -inf 2.884082 -inf -inf -inf -inf -inf -inf -inf -inf -inf -inf -inf 3.388595 -inf -inf -inf -inf -inf -inf -inf -inf -inf -inf -inf -inf -inf -inf -inf -inf -inf -inf -inf,27.5
null_ar,114,12.2287,0,0,,-inf,1.0,1.0,13,-inf -inf 2.406594 2.145453 -inf -inf -inf -inf -inf -inf 2.068131 -inf -inf 2.358352 -inf -inf -inf -inf -inf -inf 0.395499 -inf 2.709902 -inf -inf 2.178989 -inf -inf -inf -inf -inf -inf -inf -inf -inf -inf 1.635972 0.972515 -inf -inf -inf -inf -inf -inf 1.905248 -inf -inf -inf -inf -inf -inf -inf -inf -inf -inf -inf -inf -inf -inf -inf -inf 3.005492 -inf -inf -inf -inf -inf -inf -inf -inf -inf -inf -inf -inf -inf 2.450554 -inf -inf -inf -inf -inf -inf -inf -inf -inf -inf -inf -inf -inf -inf -inf -inf -inf -inf -inf -inf 2.792770 -inf -inf,25.4
D2_a0.9,115,7.151,0,1,20:3.332139:0.0300,3.3321391492658203,0.03,0.01,1,-inf -inf -inf -inf -inf -inf -inf -inf -inf -inf -inf -inf -inf -inf -inf -inf -inf -inf -inf -inf -inf -inf -inf -inf -inf -inf -inf -inf -inf -inf -inf -inf -inf -inf -inf -inf -inf -inf -inf -inf -inf -inf -inf -inf -inf -inf -inf -inf -inf -inf -inf -inf -inf -inf -inf -inf -inf -inf -inf -inf -inf -inf -inf -inf -inf -inf -inf -inf -inf 2.571511 -inf -inf -inf -inf -inf -inf -inf -inf -inf -inf -inf -inf -inf -inf -inf -inf -inf -inf -inf -inf -inf -inf -inf -inf -inf -inf -inf -inf -inf,25.3
D2_a0.9,114,6.2533,0,1,19:4.748011:0.0100,4.748010789212477,0.01,0.01,11,-inf -inf -inf -inf -inf -inf -inf -inf 1.614667 -inf -inf -inf -inf -inf 3.975911 -inf -inf -inf -inf -inf -inf -inf 3.762883 -inf -inf -inf -inf -inf -inf -inf -inf -inf -inf -inf -inf -inf -inf -inf -inf -inf -inf -inf -inf -inf -inf -inf -inf -inf 3.573863 -inf -inf -inf -inf 1.209512 0.236487 3.638442 -inf 2.388710 -inf -inf -inf -inf -inf -inf -inf -inf 3.735123 -inf -inf -inf -inf -inf -inf -inf -inf -inf -inf -inf 1.662338 -inf -inf -inf -inf -inf -inf -inf -inf -inf -inf -inf 1.439008 -inf -inf -inf -inf -inf -inf -inf -inf,27.0
M1_s1.6,114,8.1775,0,1,20:1.584223:0.4700,1.5842230296995676,0.47,0.05,5,-inf -inf -inf -inf -inf -inf -inf -inf -inf -inf -inf -inf 3.477962 -inf -inf -inf -inf -inf -inf -inf -inf -inf -inf -inf 3.553753 -inf -inf -inf 2.071942 -inf -inf -inf -inf -inf -inf -inf -inf -inf -inf -inf -inf -inf -inf -inf -inf 1.448632 -inf -inf -inf -inf -inf -inf -inf -inf -inf -inf -inf -inf -inf -inf -inf -inf -inf -inf -inf -inf -inf -inf -inf -inf -inf -inf -inf -inf -inf -inf 4.078649 -inf -inf -inf -inf -inf -inf -inf -inf -inf -inf -inf -inf -inf -inf -inf -inf -inf -inf -inf -inf -inf -inf,27.3
D2_a0.9,118,8.1775,0,1,19:5.209987:0.0100,5.209987453853078,0.01,0.01,7,-inf -inf 2.615845 -inf -inf -inf 1.774214 -inf -inf -inf -inf -inf -inf -inf -inf -inf -inf 3.768538 -inf -inf -inf -inf -inf -inf -inf -inf -inf 2.881231 -inf -inf 0.600628 -inf -inf -inf -inf -inf -inf -inf -inf -inf -inf -inf -inf -inf -inf -inf -inf -inf -inf -inf -inf -inf -inf -inf -inf -inf -inf -inf -inf -inf -inf -inf -inf -inf -inf -inf -inf -inf 2.652319 -inf -inf -inf -inf -inf 0.231254 -inf -inf -inf -inf -inf -inf -inf -inf -inf -inf -inf -inf -inf -inf -inf -inf -inf -inf -inf -inf -inf -inf -inf -inf,17.6
M1_s1.6,107,7.151,0,1,20:2.896286:0.0900,2.896286474209075,0.09,0.07,28,-inf -inf 0.720257 1.198761 -inf -inf -inf -inf 0.537513 -inf 0.736353 3.329460 2.015808 -inf -inf 2.099695 -inf -inf -inf 1.203806 -inf 0.815955 1.438201 -inf -inf -inf -inf -inf -inf 3.555969 -inf 1.533241 0.583920 -inf -inf -inf -inf -inf -inf 1.586385 -inf 3.363530 -inf 2.640140 -inf -inf 1.707382 -inf -inf -inf 2.168305 -inf -inf -inf 3.757986 -inf -inf -inf -inf 3.166816 -inf -inf -inf -inf -inf -inf -inf -inf -inf 0.311348 1.285952 -inf 0.573889 3.330247 -inf -inf -inf -inf -inf -inf -inf -inf 1.056296 2.111847 -inf -inf -inf -inf -inf 2.011323 -inf 2.013299 -inf -inf -inf -inf -inf -inf -inf,49.1
null_ar,121,20.912,0,0,,-inf,1.0,1.0,0,-inf -inf -inf -inf -inf -inf -inf -inf -inf -inf -inf -inf -inf -inf -inf -inf -inf -inf -inf -inf -inf -inf -inf -inf -inf -inf -inf -inf -inf -inf -inf -inf -inf -inf -inf -inf -inf -inf -inf -inf -inf -inf -inf -inf -inf -inf -inf -inf -inf -inf -inf -inf -inf -inf -inf -inf -inf -inf -inf -inf -inf -inf -inf -inf -inf -inf -inf -inf -inf -inf -inf -inf -inf -inf -inf -inf -inf -inf -inf -inf -inf -inf -inf -inf -inf -inf -inf -inf -inf -inf -inf -inf -inf -inf -inf -inf -inf -inf -inf,12.0
M1_s1.6,118,6.2533,0,1,22:2.059951:0.3000,2.0599507948539144,0.3,0.02,7,-inf -inf -inf -inf -inf -inf -inf 0.998020 -inf 0.551458 -inf -inf -inf -inf -inf -inf -inf -inf 1.922244 0.974171 -inf -inf -inf -inf 2.166405 -inf -inf 1.023466 -inf -inf -inf -inf -inf -inf -inf -inf -inf -inf -inf -inf -inf -inf -inf -inf -inf -inf -inf -inf -inf -inf -inf -inf -inf -inf -inf -inf -inf -inf -inf -inf -inf -inf -inf -inf -inf -inf -inf -inf -inf -inf 0.832514 -inf -inf -inf -inf -inf -inf -inf -inf -inf -inf -inf -inf -inf -inf -inf -inf -inf -inf -inf -inf -inf -inf -inf -inf -inf -inf -inf -inf,23.2
null_ar,118,8.1775,0,0,,-inf,1.0,1.0,2,-inf -inf -inf -inf -inf -inf -inf -inf -inf -inf -inf -inf -inf -inf -inf -inf -inf -inf -inf -inf -inf -inf -inf -inf -inf -inf -inf -inf -inf -inf -inf -inf -inf -inf -inf -inf -inf -inf 1.910487 -inf -inf -inf -inf -inf -inf -inf -inf -inf -inf -inf -inf -inf -inf -inf -inf -inf -inf -inf -inf -inf -inf -inf -inf -inf -inf -inf -inf 1.613621 -inf -inf -inf -inf -inf -inf -inf -inf -inf -inf -inf -inf -inf -inf -inf -inf -inf -inf -inf -inf -inf -inf -inf -inf -inf -inf -inf -inf -inf -inf -inf,23.7
null_ar,119,12.2287,0,0,,-inf,1.0,1.0,5,-inf -inf -inf -inf -inf -inf -inf -inf -inf -inf -inf -inf -inf -inf -inf -inf -inf -inf -inf -inf -inf -inf -inf -inf -inf -inf -inf -inf -inf -inf -inf -inf 0.989156 -inf -inf -inf -inf -inf -inf -inf -inf -inf -inf -inf 3.963041 -inf -inf -inf -inf 3.761787 -inf -inf -inf -inf -inf -inf -inf -inf -inf -inf -inf -inf -inf -inf -inf -inf 1.089556 -inf -inf -inf -inf -inf -inf -inf -inf -inf -inf -inf -inf -inf -inf -inf -inf -inf -inf -inf -inf -inf -inf -inf -inf -inf 1.669734 -inf -inf -inf -inf -inf -inf,21.5
null_ar,116,15.9915,0,0,,-inf,1.0,1.0,9,-inf -inf 0.698617 -inf -inf -inf -inf -inf -inf 1.990793 -inf -inf -inf -inf -inf -inf -inf 2.371740 0.743888 -inf -inf -inf -inf -inf -inf -inf -inf -inf -inf -inf -inf -inf -inf -inf -inf -inf -inf -inf -inf -inf -inf -inf -inf -inf -inf -inf -inf -inf -inf -inf -inf -inf -inf 2.068865 -inf -inf -inf -inf -inf -inf -inf -inf 1.755094 -inf -inf -inf -inf -inf -inf 2.392440 -inf -inf -inf -inf -inf -inf -inf -inf -inf -inf 1.537651 -inf -inf -inf -inf 2.083951 -inf -inf -inf -inf -inf -inf -inf -inf -inf -inf -inf -inf -inf,31.5
D2_a0.9,117,7.151,0,1,20:2.680690:0.1300,2.6806895487278233,0.13,0.02,5,-inf -inf -inf -inf -inf -inf -inf -inf -inf -inf -inf 1.742431 -inf -inf -inf -inf -inf -inf -inf -inf -inf -inf -inf -inf -inf -inf -inf -inf -inf -inf -inf -inf -inf -inf -inf -inf -inf 1.828962 -inf -inf -inf -inf -inf -inf -inf -inf -inf -inf -inf -inf -inf -inf -inf -inf -inf -inf -inf -inf -inf 0.989154 -inf -inf -inf -inf -inf -inf -inf -inf -inf -inf -inf -inf -inf -inf -inf -inf -inf 0.695015 -inf -inf -inf -inf -inf -inf -inf -inf -inf -inf -inf -inf -inf -inf -inf -inf -inf -inf -inf -inf 3.210250,27.8
D2_a0.9,113,6.2533,0,1,18:3.850835:0.0100,3.850835418490052,0.01,0.02,14,-inf -inf -inf -inf -inf -inf -inf 3.759732 -inf -inf -inf 3.552682 1.434821 2.777524 -inf -inf -inf -inf -inf -inf -inf -inf -inf -inf -inf 2.432577 -inf -inf -inf -inf -inf -inf -inf 4.630839 -inf -inf 3.722662 -inf -inf -inf -inf -inf -inf -inf -inf 3.303863 -inf -inf -inf -inf -inf -inf -inf -inf -inf -inf -inf -inf -inf -inf 2.194593 -inf -inf -inf -inf -inf -inf -inf -inf -inf -inf -inf -inf -inf 3.442502 -inf -inf -inf -inf -inf -inf -inf -inf -inf -inf 1.809119 -inf -inf 2.859403 -inf -inf -inf -inf -inf -inf -inf -inf 2.431416 3.339890,35.8
M1_s1.6,117,9.3513,0,1,20:0.305248:0.9800,0.3052478131177261,0.98,0.11,10,-inf -inf -inf -inf -inf -inf -inf -inf -inf -inf -inf -inf -inf -inf -inf -inf -inf -inf -inf -inf -inf -inf -inf -inf -inf -inf -inf -inf -inf 2.804526 -inf -inf -inf -inf -inf -inf -inf -inf -inf -inf -inf -inf 0.939526 -inf -inf -inf 1.204243 2.736871 -inf -inf -inf -inf -inf -inf -inf -inf -inf -inf -inf -inf -inf 2.530104 -inf -inf -inf -inf -inf -inf -inf -inf -inf -inf 2.089673 -inf -inf -inf -inf -inf -inf -inf -inf 2.542040 -inf -inf -inf -inf -inf -inf -inf 1.461215 -inf -inf -inf -inf 2.328059 3.149783 -inf -inf -inf,30.1
null_ar,120,12.2287,0,0,,-inf,1.0,1.0,5,-inf -inf -inf -inf -inf -inf -inf -inf -inf -inf -inf -inf -inf -inf -inf -inf -inf -inf -inf -inf -inf -inf -inf -inf -inf -inf -inf -inf -inf -inf -inf -inf -inf -inf -inf -inf -inf -inf -inf -inf -inf -inf -inf -inf -inf -inf -inf -inf -inf -inf -inf -inf -inf -inf -inf -inf -inf -inf -inf -inf -inf -inf -inf -inf -inf 2.978645 -inf 3.127196 -inf -inf -inf -inf -inf -inf -inf -inf -inf -inf 3.037168 -inf -inf -inf -inf -inf -inf -inf -inf -inf 2.977352 -inf -inf -inf -inf 2.805787 -inf -inf -inf -inf -inf,21.7
D2_a0.9,119,7.151,0,0,,-inf,1.0,1.0,9,-inf -inf 1.913674 -inf -inf -inf 0.971480 -inf -inf -inf -inf -inf -inf -inf -inf -inf -inf -inf -inf 3.957987 -inf -inf -inf -inf -inf -inf -inf -inf -inf 2.042927 -inf -inf -inf -inf -inf -inf -inf -inf -inf -inf -inf -inf -inf -inf -inf -inf 1.714972 -inf -inf -inf -inf 1.586917 -inf -inf -inf -inf -inf -inf -inf -inf -inf -inf -inf -inf -inf -inf -inf -inf -inf -inf -inf -inf -inf 1.334983 -inf -inf -inf -inf -inf -inf -inf -inf -inf -inf -inf -inf -inf -inf 2.927647 -inf -inf -inf -inf -inf -inf -inf -inf 3.200087 -inf,23.3
M1_s1.6,120,8.1775,0,1,21:2.397687:0.1200,2.397686850450675,0.12,0.01,6,-inf -inf -inf -inf -inf -inf 1.257949 -inf -inf -inf -inf -inf -inf -inf -inf -inf -inf -inf -inf -inf -inf -inf -inf -inf -inf -inf -inf -inf -inf -inf -inf 1.588917 -inf -inf -inf -inf 1.495870 -inf -inf -inf -inf -inf -inf -inf 0.533641 -inf -inf -inf -inf -inf -inf -inf -inf 0.800778 -inf -inf -inf -inf -inf -inf -inf -inf -inf -inf -inf -inf -inf -inf -inf -inf -inf -inf -inf -inf -inf -inf -inf -inf -inf -inf -inf -inf -inf -inf 1.779799 -inf -inf -inf -inf -inf -inf -inf -inf -inf -inf -inf -inf -inf -inf,23.0
M1_s1.6,116,9.3513,0,1,20:0.501309:0.9400,0.5013090597172873,0.94,0.15,14,4.095372 -inf -inf 1.735164 -inf -inf -inf 1.567688 1.186624 -inf -inf 2.920816 1.096924 -inf -inf -inf -inf -inf -inf -inf -inf 0.729483 -inf -inf 3.170147 -inf 3.038791 2.102435 -inf -inf -inf -inf 1.642056 -inf -inf -inf -inf -inf -inf -inf -inf -inf -inf -inf -inf -inf -inf -inf -inf -inf -inf -inf -inf 3.700575 -inf -inf -inf -inf -inf -inf -inf -inf -inf -inf -inf -inf -inf -inf -inf -inf -inf -inf -inf -inf -inf -inf -inf -inf -inf -inf -inf -inf -inf -inf 0.803962 -inf -inf -inf -inf -inf 0.526064 -inf -inf -inf -inf -inf -inf -inf -inf,34.8
M1_s1.6,119,7.151,0,1,21:1.692748:0.3900,1.6927477580575687,0.39,0.02,3,-inf -inf -inf -inf -inf -inf -inf 4.832629 -inf -inf -inf -inf -inf -inf -inf -inf -inf -inf -inf -inf -inf -inf -inf -inf -inf -inf -inf -inf -inf -inf -inf -inf -inf -inf -inf 0.976190 -inf -inf -inf -inf -inf -inf -inf -inf -inf -inf -inf -inf -inf -inf -inf -inf -inf -inf -inf -inf -inf -inf -inf -inf -inf -inf -inf -inf -inf -inf -inf -inf -inf -inf -inf -inf -inf -inf -inf -inf -inf -inf -inf -inf -inf -inf -inf -inf -inf -inf -inf -inf -inf 0.844909 -inf -inf -inf -inf -inf -inf -inf -inf -inf,26.9
D2_a0.9,120,8.1775,0,1,20:4.643325:0.0100,4.643324543352479,0.01,0.01,1,-inf -inf -inf -inf -inf -inf -inf -inf -inf -inf -inf -inf -inf -inf -inf -inf -inf -inf -inf -inf -inf -inf -inf -inf -inf 2.681923 -inf -inf -inf -inf -inf -inf -inf -inf -inf -inf -inf -inf -inf -inf -inf -inf -inf -inf -inf -inf -inf -inf -inf -inf -inf -inf -inf -inf -inf -inf -inf -inf -inf -inf -inf -inf -inf -inf -inf -inf -inf -inf -inf -inf -inf -inf -inf -inf -inf -inf -inf -inf -inf -inf -inf -inf -inf -inf -inf -inf -inf -inf -inf -inf -inf -inf -inf -inf -inf -inf -inf -inf -inf,23.8
D2_a0.9,104,4.7819,0,1,22:3.679566:0.0200,3.6795657054113677,0.02,0.01,45,2.502688 1.703575 2.491567 -inf -inf 1.331137 2.649410 2.154328 1.570143 -inf -inf -inf -inf 2.463445 -inf 1.556931 -inf 2.762952 -inf 2.234307 -inf -inf -inf -inf 2.842703 0.697542 -inf -inf -inf 2.290505 -inf -inf -inf -inf -inf 2.207173 -inf -inf -inf 1.248319 -inf -inf 1.362554 3.639906 1.858571 2.718718 3.526112 2.259733 -inf 2.444089 -inf -inf -inf 2.465934 1.251216 -inf 2.028992 -inf 1.038149 -inf 2.398427 1.951720 1.049256 2.212717 2.259671 3.092797 2.064584 -inf -inf -inf -inf 0.487612 -inf -inf -inf -inf -inf -inf -inf -inf -inf -inf -inf 1.162373 3.069394 2.192944 1.908251 2.338589 0.794178 -inf -inf -inf -inf -inf -inf 3.396914 2.538098 2.320306 0.862830,64.8
null_ar,115,9.3513,0,0,,-inf,1.0,1.0,31,3.031863 2.810266 -inf 0.450770 -inf -inf -inf -inf -inf 1.727456 -inf -inf -inf 2.214315 -inf 0.442731 -inf -inf -inf -inf 3.018796 -inf 2.052342 -inf 1.689358 -inf -inf -inf 0.644670 2.438794 -inf 2.056927 -inf -inf -inf -inf 0.235884 -inf -inf 3.778879 -inf 2.040701 2.567258 -inf 1.723202 -inf 1.940051 1.119350 -inf -inf -inf -inf 0.958355 -inf -inf -inf -inf -inf -inf -inf -inf -inf -inf -inf -inf 3.035685 -inf -inf 1.425386 -inf 2.783360 -inf 0.989283 -inf -inf 0.752983 -inf 2.968682 -inf -inf -inf 1.667366 -inf 1.384957 -inf -inf -inf 2.601494 -inf -inf -inf -inf 3.926620 -inf -inf -inf -inf 2.905424 -inf,39.5
M1_s1.6,125,8.1775,0,1,21:1.572232:0.5600,1.5722319908671099,0.56,0.01,1,-inf -inf -inf -inf -inf -inf -inf -inf -inf -inf -inf -inf -inf -inf -inf -inf -inf -inf -inf -inf -inf -inf -inf -inf -inf -inf -inf -inf -inf -inf -inf -inf -inf -inf -inf -inf -inf -inf -inf -inf -inf -inf -inf -inf -inf -inf -inf -inf -inf -inf -inf -inf -inf -inf -inf -inf -inf -inf -inf -inf -inf -inf -inf -inf -inf -inf -inf -inf -inf -inf -inf -inf -inf -inf 1.195395 -inf -inf -inf -inf -inf -inf -inf -inf -inf -inf -inf -inf -inf -inf -inf -inf -inf -inf -inf -inf -inf -inf -inf -inf,12.8
null_ar,124,15.9915,0,0,,-inf,1.0,1.0,0,-inf -inf -inf -inf -inf -inf -inf -inf -inf -inf -inf -inf -inf -inf -inf -inf -inf -inf -inf -inf -inf -inf -inf -inf -inf -inf -inf -inf -inf -inf -inf -inf -inf -inf -inf -inf -inf -inf -inf -inf -inf -inf -inf -inf -inf -inf -inf -inf -inf -inf -inf -inf -inf -inf -inf -inf -inf -inf -inf -inf -inf -inf -inf -inf -inf -inf -inf -inf -inf -inf -inf -inf -inf -inf -inf -inf -inf -inf -inf -inf -inf -inf -inf -inf -inf -inf -inf -inf -inf -inf -inf -inf -inf -inf -inf -inf -inf -inf -inf,17.2
M1_s1.6,121,7.151,0,0,,-inf,1.0,1.0,0,-inf -inf -inf -inf -inf -inf -inf -inf -inf -inf -inf -inf -inf -inf -inf -inf -inf -inf -inf -inf -inf -inf -inf -inf -inf -inf -inf -inf -inf -inf -inf -inf -inf -inf -inf -inf -inf -inf -inf -inf -inf -inf -inf -inf -inf -inf -inf -inf -inf -inf -inf -inf -inf -inf -inf -inf -inf -inf -inf -inf -inf -inf -inf -inf -inf -inf -inf -inf -inf -inf -inf -inf -inf -inf -inf -inf -inf -inf -inf -inf -inf -inf -inf -inf -inf -inf -inf -inf -inf -inf -inf -inf -inf -inf -inf -inf -inf -inf -inf,23.7
null_ar,123,13.9841,0,0,,-inf,1.0,1.0,0,-inf -inf -inf -inf -inf -inf -inf -inf -inf -inf -inf -inf -inf -inf -inf -inf -inf -inf -inf -inf -inf -inf -inf -inf -inf -inf -inf -inf -inf -inf -inf -inf -inf -inf -inf -inf -inf -inf -inf -inf -inf -inf -inf -inf -inf -inf -inf -inf -inf -inf -inf -inf -inf -inf -inf -inf -inf -inf -inf -inf -inf -inf -inf -inf -inf -inf -inf -inf -inf -inf -inf -inf -inf -inf -inf -inf -inf -inf -inf -inf -inf -inf -inf -inf -inf -inf -inf -inf -inf -inf -inf -inf -inf -inf -inf -inf -inf -inf -inf,20.8
D2_a0.9,121,6.2533,0,2,2:3.952579:0.0500;20:2.648917:0.1100,3.952578777913443,0.05,0.04,13,-inf -inf -inf -inf -inf -inf 3.928714 -inf -inf -inf -inf -inf -inf 1.313082 -inf 2.329333 -inf -inf -inf -inf -inf -inf -inf -inf -inf 3.129225 -inf -inf -inf -inf -inf -inf -inf -inf -inf 2.654695 -inf 2.643362 -inf -inf -inf -inf 1.030493 5.659487 -inf -inf -inf -inf -inf -inf -inf -inf -inf 2.538922 -inf 3.272696 -inf -inf -inf -inf -inf -inf -inf -inf -inf -inf -inf -inf -inf -inf -inf 4.317421 -inf -inf -inf -inf -inf -inf -inf -inf 4.329449 -inf -inf -inf -inf -inf -inf -inf -inf -inf -inf -inf -inf -inf -inf -inf 3.270007 -inf -inf,26.3
M1_s1.6,123,7.151,0,1,19:0.421827:0.9300,0.42182685349949783,0.93,0.07,6,-inf -inf -inf -inf -inf -inf -inf -inf -inf -inf -inf -inf -inf -inf -inf -inf -inf -inf -inf -inf -inf -inf -inf -inf -inf -inf -inf -inf -inf -inf -inf -inf -inf -inf -inf -inf 0.703269 -inf -inf 0.815904 -inf -inf -inf -inf -inf -inf -inf -inf 2.125653 -inf -inf -inf -inf -inf -inf -inf -inf -inf -inf -inf 0.727684 -inf -inf -inf -inf -inf -inf -inf -inf 1.103994 -inf -inf -inf -inf -inf -inf -inf -inf -inf -inf -inf -inf 1.493984 -inf -inf -inf -inf -inf -inf -inf -inf -inf -inf -inf -inf -inf -inf -inf -inf,22.2
D2_a0.9,124,7.151,0,0,,-inf,1.0,1.0,0,-inf -inf -inf -inf -inf -inf -inf -inf -inf -inf -inf -inf -inf -inf -inf -inf -inf -inf -inf -inf -inf -inf -inf -inf -inf -inf -inf -inf -inf -inf -inf -inf -inf -inf -inf -inf -inf -inf -inf -inf -inf -inf -inf -inf -inf -inf -inf -inf -inf -inf -inf -inf -inf -inf -inf -inf -inf -inf -inf -inf -inf -inf -inf -inf -inf -inf -inf -inf -inf -inf -inf -inf -inf -inf -inf -inf -inf -inf -inf -inf -inf -inf -inf -inf -inf -inf -inf -inf -inf -inf -inf -inf -inf -inf -inf -inf -inf -inf -inf,19.0
null_ar,126,12.2287,0,0,,-inf,1.0,1.0,1,-inf -inf -inf -inf -inf -inf -inf -inf -inf -inf -inf -inf -inf -inf -inf 1.031280 -inf -inf -inf -inf -inf -inf -inf -inf -inf -inf -inf -inf -inf -inf -inf -inf -inf -inf -inf -inf -inf -inf -inf -inf -inf -inf -inf -inf -inf -inf -inf -inf -inf -inf -inf -inf -inf -inf -inf -inf -inf -inf -inf -inf -inf -inf -inf -inf -inf -inf -inf -inf -inf -inf -inf -inf -inf -inf -inf -inf -inf -inf -inf -inf -inf -inf -inf -inf -inf -inf -inf -inf -inf -inf -inf -inf -inf -inf -inf -inf -inf -inf -inf,20.5
M1_s1.6,124,8.1775,0,1,22:2.123321:0.3000,2.1233205816290255,0.3,0.03,6,-inf -inf -inf -inf -inf -inf -inf -inf -inf -inf -inf 3.192024 -inf 0.989244 -inf -inf -inf -inf -inf -inf -inf -inf -0.026384 -inf -inf -inf -inf -inf -inf -inf -inf -inf -inf -inf -inf 1.805715 -inf -inf -inf -inf -inf -inf -inf -inf -inf -inf -inf -inf -inf -inf -inf -inf -inf 0.902489 -inf -inf -inf -inf -inf -inf -inf -inf -inf -inf -inf -inf -inf -inf -inf -inf -inf -inf -inf -inf -inf 3.520515 -inf -inf -inf -inf -inf -inf -inf -inf -inf -inf -inf -inf -inf -inf -inf -inf -inf -inf -inf -inf -inf -inf -inf,23.1
M1_s1.6,122,7.151,0,1,20:2.544493:0.1800,2.5444928177038855,0.18,0.04,5,-inf -inf -inf -inf -inf -inf -inf -inf -inf -inf -inf -inf -inf -inf -inf -inf -inf -inf -inf -inf -inf -inf -inf -inf -inf -inf -inf -inf -inf -inf -inf -inf -inf -inf -inf 2.313897 -inf -inf -inf -inf -inf 3.057473 -inf -inf -inf -inf -inf 2.707357 -inf -inf -inf -inf -inf -inf -inf -inf -inf -inf 3.112232 -inf -inf -inf -inf -inf -inf -inf -inf -inf -inf -inf -inf -inf -inf -inf -inf -inf -inf -inf -inf -inf -inf -inf -inf -inf -inf -inf 1.295656 -inf -inf -inf -inf -inf -inf -inf -inf -inf -inf -inf -inf,29.3
D2_a0.9,123,6.2533,0,1,18:3.296028:0.0500,3.2960280542474503,0.05,0.01,4,-inf -inf -inf -inf -inf -inf 3.221533 -inf -inf -inf -inf -inf -inf -inf -inf -inf -inf -inf -inf -inf -inf -inf -inf -inf -inf -inf -inf -inf -inf -inf -inf -inf -inf -inf -inf -inf -inf -inf -inf -inf -inf 0.806399 -inf -inf -inf -inf -inf -inf -inf -inf -inf -inf -inf -inf -inf -inf -inf -inf -inf 0.417952 1.706679 -inf -inf -inf -inf -inf -inf -inf -inf -inf -inf -inf -inf -inf -inf -inf -inf -inf -inf -inf -inf -inf -inf -inf -inf -inf -inf -inf -inf -inf -inf -inf -inf -inf -inf -inf -inf -inf -inf,26.9
D2_a0.9,122,8.1775,0,1,20:1.624172:0.4500,1.6241721360119545,0.45,0.08,8,-inf -inf -inf -inf -inf 2.761344 -inf -inf 3.426710 -inf -inf 2.038820 -inf -inf -inf -inf -inf -inf -inf 3.059385 -inf -inf -inf -inf -inf -inf -inf -inf -inf -inf -inf -inf -inf -inf -inf -inf -inf -inf -inf 4.293835 -inf -inf -inf -inf -inf -inf -inf -inf -inf -inf -inf -inf -inf -inf 0.584589 -inf -inf -inf -inf -inf -inf -inf -inf 1.697556 -inf -inf -inf -inf -inf -inf -inf -inf -inf -inf -inf -inf -inf 4.187434 -inf -inf -inf -inf -inf -inf -inf -inf -inf -inf -inf -inf -inf -inf -inf -inf -inf -inf -inf -inf -inf,29.5
null_ar,125,10.6937,0,0,,-inf,1.0,1.0,1,-inf -inf -inf -inf -inf -inf -inf -inf -inf -inf -inf -inf -inf -inf -inf -inf -inf -inf -inf -inf -inf -inf -inf -inf -inf -inf -inf -inf -inf -inf -inf -inf -inf 0.397837 -inf -inf -inf -inf -inf -inf -inf -inf -inf -inf -inf -inf -inf -inf -inf -inf -inf -inf -inf -inf -inf -inf -inf -inf -inf -inf -inf -inf -inf -inf -inf -inf -inf -inf -inf -inf -inf -inf -inf -inf -inf -inf -inf -inf -inf -inf -inf -inf -inf -inf -inf -inf -inf -inf -inf -inf -inf -inf -inf -inf -inf -inf -inf -inf -inf,24.3
null_ar,127,15.9915,0,0,,-inf,1.0,1.0,2,-inf -inf -inf -inf -inf -inf -inf -inf -inf -inf -inf -inf -inf -inf -inf -inf -inf -inf -inf -inf 2.079175 -inf -inf -inf -inf -inf -inf -inf -inf -inf -inf -inf -inf -inf -inf -inf -inf -inf -inf -inf -inf -inf -inf -inf -inf -inf -inf -inf -inf -inf -inf -inf -inf -inf -inf -inf -inf -inf -inf -inf -inf -inf -inf -inf -inf -inf -inf -inf 1.736127 -inf -inf -inf -inf -inf -inf -inf -inf -inf -inf -inf -inf -inf -inf -inf -inf -inf -inf -inf -inf -inf -inf -inf -inf -inf -inf -inf -inf -inf -inf,20.1
M1_s1.6,128,8.1775,0,1,20:2.295843:0.2200,2.2958428842371537,0.22,0.06,10,-inf -inf -inf -inf -inf -inf -inf -inf -inf -inf -inf -inf -inf -inf -inf -inf -inf 2.026701 -inf -inf -inf -inf 1.754963 -inf -inf -inf 2.157755 -inf -inf -inf -inf -inf -inf -inf -inf -inf 1.885188 -inf -inf -inf -inf -inf -inf -inf -inf -inf -inf -inf -inf -inf -inf 3.269911 -inf -inf -inf 3.088889 -inf -inf 1.934219 -inf -inf -inf -inf -inf -inf -inf -inf -inf -inf -inf -inf -inf -inf 2.597982 -inf -inf 3.009906 -inf 2.445621 -inf -inf -inf -inf -inf -inf -inf -inf -inf -inf -inf -inf -inf -inf -inf -inf -inf -inf -inf -inf,16.2
null_ar,122,12.2287,0,0,,-inf,1.0,1.0,11,-inf -inf -inf -inf 3.485925 -inf -inf -inf -inf -inf -inf -inf 1.211348 -inf 0.535683 -inf -inf 1.202713 -inf -inf -inf -inf -inf -inf -inf -inf -inf -inf -inf -inf -inf -inf -inf -inf -inf -inf -inf -inf -inf -inf -inf -inf -inf -inf -inf 1.793056 -inf -inf -inf -inf -inf -inf -inf -inf -inf 0.655947 -inf -inf 0.371850 -inf -inf -inf -inf -inf -inf 0.260247 -inf -inf -inf -inf -inf -inf -inf -inf -inf -inf -inf -inf -inf -inf -inf 0.606222 -inf -inf -inf -inf -inf 1.017600 -inf -inf -inf -inf -inf -inf -inf -inf -inf -0.622078 -inf,31.4
M1_s1.6,126,6.2533,0,1,18:3.108824:0.0800,3.108823785632537,0.08,0.03,7,-inf -inf -inf -inf -inf -inf -inf -inf 1.313927 -inf -inf 1.475711 -inf -inf -inf -inf 1.931699 -inf -inf -inf -inf -inf -inf -inf -inf -inf -inf -inf -inf -inf -inf -inf -inf -inf -inf -inf -inf -inf -inf -inf -inf -inf -inf -inf -inf -inf -inf -inf -inf 3.115417 -inf -inf -inf -inf -inf -inf 2.026455 -inf -inf -inf -inf -inf -inf -inf -inf -inf 1.133196 -inf -inf -inf -inf -inf -inf -inf -inf -inf -inf -inf -inf -inf -inf -inf -inf -inf -inf -inf -inf -inf -inf -inf -inf -inf 3.359334 -inf -inf -inf -inf -inf -inf,23.8
M1_s1.6,131,8.1775,0,1,20:0.313010:0.9400,0.31301004095310864,0.94,0.06,5,-inf -inf -inf -inf -inf -inf -inf -inf -inf -inf -inf -inf -inf -inf -inf -inf -inf -inf -inf -inf -inf -inf -inf -inf -inf -inf -inf -inf -inf -inf 2.760666 -inf -inf -inf -inf -inf -inf -inf -inf -inf -inf -inf -inf -inf -inf -inf -inf -inf 1.481308 -inf -inf -inf -inf -inf -inf -inf -inf -inf -inf -inf -inf -inf -inf -inf -inf -inf -inf -inf -inf -inf -inf 1.255113 -inf -inf -inf -inf -inf 1.616503 -inf -inf -inf -inf -inf -inf -inf -inf -inf -inf 1.972815 -inf -inf -inf -inf -inf -inf -inf -inf -inf -inf,14.3
D2_a0.9,125,6.2533,0,0,,-inf,1.0,1.0,7,-inf -inf -inf -inf -inf -inf -inf -inf -inf -inf -inf -inf -inf -inf -inf -inf -inf 4.021626 -inf -inf -inf -inf 2.566845 -inf -inf -inf -inf -inf -inf -inf -inf -inf -inf -inf -inf -inf -inf -inf -inf -inf -inf -inf -inf -inf -inf -inf -inf 3.980616 -inf -inf -inf -inf -inf -inf -inf -inf -inf -inf -inf -inf -inf 1.604730 -inf -inf -inf -inf -inf -inf -inf -inf -inf -inf -inf -inf -inf -inf -inf -inf -inf -inf -inf -inf -inf -inf -inf -inf -inf -inf -inf -inf -inf 3.904942 3.174366 -inf -inf -inf -inf -inf 4.772593,29.4
M1_s1.6,129,9.3513,0,1,21:2.322320:0.2000,2.3223202625135686,0.2,0.01,0,-inf -inf -inf -inf -inf -inf -inf -inf -inf -inf -inf -inf -inf -inf -inf -inf -inf -inf -inf -inf -inf -inf -inf -inf -inf -inf -inf -inf -inf -inf -inf -inf -inf -inf -inf -inf -inf -inf -inf -inf -inf -inf -inf -inf -inf -inf -inf -inf -inf -inf -inf -inf -inf -inf -inf -inf -inf -inf -inf -inf -inf -inf -inf -inf -inf -inf -inf -inf -inf -inf -inf -inf -inf -inf -inf -inf -inf -inf -inf -inf -inf -inf -inf -inf -inf -inf -inf -inf -inf -inf -inf -inf -inf -inf -inf -inf -inf -inf -inf,19.5
null_ar,128,12.2287,0,0,,-inf,1.0,1.0,2,-inf -inf -inf -inf -inf -inf -inf -inf -inf -inf -inf -inf -inf -inf -inf 1.574046 -inf -inf -inf -inf -inf -inf -inf -inf -inf -inf -inf -inf -inf -inf -inf -inf -inf -inf -inf -inf -inf -inf -inf -inf -inf -inf -inf -inf -inf -inf -inf -inf -inf -inf -inf -inf -inf -inf -inf -inf -inf -inf -inf -inf -inf -inf -inf -inf -inf -inf -inf -inf -inf -inf -inf -inf -inf -inf -inf 1.185808 -inf -inf -inf -inf -inf -inf -inf -inf -inf -inf -inf -inf -inf -inf -inf -inf -inf -inf -inf -inf -inf -inf -inf,24.8
null_ar,129,9.3513,0,0,,-inf,1.0,1.0,8,-inf -inf 2.039526 -inf -inf -inf -inf 3.730383 -inf -inf -inf -inf -inf -inf -inf -inf -inf -inf -inf -inf -inf -inf -inf -inf -inf -inf -inf -inf -inf -inf -inf -inf -inf -inf -inf 2.050779 -inf 2.805137 -inf -inf -inf -inf -inf -inf -inf -inf -inf -inf -inf -inf -inf -inf -inf -inf -inf -inf 1.653818 -inf -inf -inf -inf -inf -inf -inf -inf -inf -inf -inf -inf -inf -inf -inf -inf -inf -inf -inf -inf -inf -inf -inf -inf -inf 1.590162 -inf -inf -inf -inf -inf -inf -inf 1.908315 -inf -inf -inf 1.255926 -inf -inf -inf -inf,23.3
D2_a0.9,127,5.4684,0,1,18:5.867205:0.0100,5.8672049534355,0.01,0.01,2,-inf -inf -inf -inf -inf -inf -inf -inf -inf -inf -inf -inf -inf -inf -inf -inf -inf -inf -inf -inf -inf -inf -inf -inf -inf -inf -inf -inf -inf -inf -inf -inf -inf -inf 4.378258 -inf -inf -inf -inf -inf -inf -inf -inf -inf -inf -inf -inf -inf -inf -inf -inf -inf -inf -inf -inf -inf -inf -inf -inf -inf -inf -inf -inf -inf -inf -inf -inf -inf -inf -inf -inf -inf -inf -inf -inf -inf -inf -inf -inf -inf -inf -inf -inf -inf -inf -inf -inf -inf -inf -inf -inf -inf -inf -inf -inf -inf 1.301425 -inf -inf,26.0
D2_a0.9,126,6.2533,0,1,19:3.098592:0.0600,3.0985922869745046,0.06,0.03,7,-inf -inf -inf -inf -inf -inf -inf -inf -inf -inf -inf -inf -inf -inf -inf -inf -inf -inf -inf 2.102980 2.990635 -inf -inf -inf -inf -inf -inf -inf -inf -inf -inf -inf -inf -inf -inf -inf -inf 4.034757 -inf -inf -inf -inf -inf -inf -inf -inf -inf -inf -inf -inf -inf -inf -inf -inf -inf 1.733281 -inf -inf -inf -inf -inf -inf -inf -inf -inf 4.496765 -inf -inf -inf -inf -inf -inf -inf -inf -inf -inf -inf -inf -inf -inf -inf -inf -inf -inf -inf -inf -inf -inf -inf -inf -inf -inf -inf 1.274267 -inf -inf 1.312551 -inf -inf,30.4
null_ar,136,12.2287,0,0,,-inf,1.0,1.0,0,-inf -inf -inf -inf -inf -inf -inf -inf -inf -inf -inf -inf -inf -inf -inf -inf -inf -inf -inf -inf -inf -inf -inf -inf -inf -inf -inf -inf -inf -inf -inf -inf -inf -inf -inf -inf -inf -inf -inf -inf -inf -inf -inf -inf -inf -inf -inf -inf -inf -inf -inf -inf -inf -inf -inf -inf -inf -inf -inf -inf -inf -inf -inf -inf -inf -inf -inf -inf -inf -inf -inf -inf -inf -inf -inf -inf -inf -inf -inf -inf -inf -inf -inf -inf -inf -inf -inf -inf -inf -inf -inf -inf -inf -inf -inf -inf -inf -inf -inf,11.8
null_ar,131,12.2287,0,0,,-inf,1.0,1.0,8,-inf -inf -inf -inf -inf -inf 2.173320 -inf 2.505704 -inf -inf -inf -inf -inf -inf -inf 2.097835 -inf -inf -inf -inf 1.140498 -inf -inf -inf -inf -inf -inf -inf -inf -inf -inf -inf -inf -inf -inf -inf -inf -inf -inf -inf -inf -inf -inf -inf -inf -inf -inf 1.945458 -inf -inf -inf -inf -inf -inf -inf -inf -inf -inf -inf -inf -inf -inf -inf -inf -inf -inf -inf -inf -inf -inf -inf -inf -inf -inf -inf -inf -inf -inf 0.479993 -inf -inf 1.936802 -inf -inf -inf -inf -inf -inf 0.890406 -inf -inf -inf -inf -inf -inf -inf -inf -inf,24.1
D2_a0.9,131,5.4684,0,1,17:3.720377:0.0300,3.720376837450776,0.03,0.04,6,-inf -inf -inf -inf -inf -inf -inf -inf -inf -inf -inf -inf -inf -inf -inf -inf 0.474319 -inf 4.002764 -inf -inf -inf -inf -inf -inf -inf -inf 4.010477 -inf -inf -inf 2.309667 -inf -inf -inf -inf -inf -inf -inf -inf -inf -inf -inf -inf -inf -inf -inf -inf -inf -inf -inf -inf -inf -inf -inf -inf -inf 4.563135 -inf -inf -inf -inf -inf 2.393601 -inf -inf -inf -inf -inf -inf -inf -inf -inf -inf -inf -inf -inf -inf -inf -inf -inf -inf -inf -inf -inf -inf -inf -inf -inf -inf -inf -inf -inf -inf -inf -inf -inf -inf -inf,23.4
M1_s1.6,133,8.1775,0,0,,-inf,1.0,1.0,1,-inf -inf -inf -inf -inf -inf -inf -inf -inf -inf -inf -inf -inf -inf -inf -inf -inf -inf -inf -inf -inf -inf -inf -inf -inf -inf -inf -inf -inf -inf -inf -inf -inf -inf -inf -inf -inf -inf -inf -inf -inf -inf -inf -inf -inf -inf -inf -inf -inf -inf -inf -inf -inf -inf -inf -inf -inf -inf -inf -inf -inf -inf -inf -inf -inf -inf -inf -inf -inf -inf -inf -inf -inf -inf -inf -inf -inf -inf -inf -inf -inf -inf -inf -inf -inf -inf -inf -inf -inf -inf -inf -inf 2.069202 -inf -inf -inf -inf -inf -inf,19.4
D2_a0.9,130,7.151,0,1,14:3.423440:0.0400,3.4234396397715505,0.04,0.02,2,-inf -inf 4.539740 -inf -inf -inf -inf -inf -inf -inf -inf -inf -inf -inf -inf -inf -inf -inf -inf -inf -inf -inf -inf -inf -inf -inf -inf -inf -inf -inf -inf -inf -inf -inf -inf -inf -inf -inf -inf -inf -inf -inf -inf -inf -inf -inf -inf -inf -inf -inf -inf -inf -inf -inf -inf -inf -inf -inf -inf -inf -inf -inf -inf -inf -inf -inf -inf -inf -inf -inf -inf -inf -inf -inf -inf -inf -inf -inf -inf -inf -inf -inf -inf -inf -inf -inf -inf -inf -inf -inf -inf -inf -inf -inf -inf -inf -inf -inf 3.309048,26.0
D2_a0.9,128,5.4684,0,1,21:4.558158:0.0100,4.558158318621532,0.01,0.02,15,-inf -inf -inf -inf -inf -inf -inf -inf -inf -inf -inf -inf -inf -inf -inf -inf -inf 2.014353 -inf -inf -inf -inf -inf -inf -inf -inf -inf -inf -inf -inf -inf -inf 1.564829 -inf -inf -inf -inf -inf -inf -inf -inf -inf -inf -inf -inf -inf -inf -inf -inf -inf -inf 2.924780 -inf -inf -inf -inf -inf -inf 2.887799 -inf -inf -inf -inf 3.115620 -inf 2.328437 -inf -inf -inf -inf -inf -inf -inf 1.658443 -inf -inf -inf -inf 3.108476 -inf 5.688337 -inf -inf 1.629374 2.150789 -inf -inf -inf -inf -inf -inf -inf -inf 1.710221 3.362885 4.077974 -inf -inf 2.844904,29.8
null_ar,137,13.9841,0,0,,-inf,1.0,1.0,0,-inf -inf -inf -inf -inf -inf -inf -inf -inf -inf -inf -inf -inf -inf -inf -inf -inf -inf -inf -inf -inf -inf -inf -inf -inf -inf -inf -inf -inf -inf -inf -inf -inf -inf -inf -inf -inf -inf -inf -inf -inf -inf -inf -inf -inf -inf -inf -inf -inf -inf -inf -inf -inf -inf -inf -inf -inf -inf -inf -inf -inf -inf -inf -inf -inf -inf -inf -inf -inf -inf -inf -inf -inf -inf -inf -inf -inf -inf -inf -inf -inf -inf -inf -inf -inf -inf -inf -inf -inf -inf -inf -inf -inf -inf -inf -inf -inf -inf -inf,12.3
null_ar,132,15.9915,0,0,,-inf,1.0,1.0,2,-inf -inf -inf -inf -inf -inf -inf -inf -inf -inf -inf -inf -inf -inf -inf -inf -inf -inf -inf -inf -inf -inf -inf -inf -inf -inf -inf -inf -inf -inf -inf -inf -inf -inf -inf -inf -inf -inf -inf -inf -inf -inf -inf -inf -inf -inf -inf -inf -inf -inf -inf -inf -inf -inf -inf -inf -inf -inf -inf -inf -inf -inf -inf -inf -inf -inf -inf -inf -inf -inf -inf -inf -inf -inf -inf -inf 3.450601 -inf 0.906452 -inf -inf -inf -inf -inf -inf -inf -inf -inf -inf -inf -inf -inf -inf -inf -inf -inf -inf -inf -inf,25.1
M1_s1.6,127,7.151,0,1,20:3.347904:0.0300,3.347903505904068,0.03,0.01,9,-inf 2.166635 -inf -inf -inf -inf -inf 1.858783 -inf -inf -inf -inf -inf -inf -inf -inf -inf -inf 2.961309 -inf -inf -inf -inf -inf -inf -inf -inf -inf -inf -inf -inf -inf -inf -inf -inf -inf -inf -inf -0.189959 -inf -inf -inf 1.411782 -inf 0.331291 -inf -inf -inf 1.640569 -inf -inf -inf -inf -inf -inf -inf -inf -inf -inf -inf -inf -inf -inf -inf -inf -inf 2.136380 -inf -inf -inf -inf -inf -inf -inf -inf -inf -inf 1.071992 -inf -inf -inf -inf -inf -inf -inf -inf -inf -inf -inf -inf -inf -inf -inf -inf -inf -inf -inf -inf -inf,33.0
null_ar,133,13.9841,0,0,,-inf,1.0,1.0,7,-inf -inf -inf -inf -inf 1.638518 -inf -inf -inf -inf -inf -inf -inf -inf -inf 2.949647 -inf -inf -inf -inf -inf -inf 3.450965 -inf -inf -inf -inf -inf -inf -inf -inf -inf 3.110522 -inf -inf -inf -inf -inf 0.064469 -inf -inf -inf -inf -inf -inf 0.505532 -inf -inf -inf -inf -inf -inf -inf -inf -inf -inf -inf -inf -inf -inf -inf -inf -inf -inf -inf -inf -inf -inf -inf -inf -inf -inf -inf -inf -inf -inf -inf -inf -inf -inf -inf -inf -inf -inf -inf -inf -inf -inf -inf -inf -inf -inf -inf -inf -inf -inf -inf 2.370343 -inf,22.9
D2_a0.9,132,6.2533,0,1,20:4.454963:0.0100,4.4549630525531345,0.01,0.01,9,-inf 3.118583 -inf -inf -inf -inf -inf -inf -inf -inf -inf -inf -inf -inf -inf -inf -inf -inf -inf -inf -inf -inf -inf -inf -inf -inf -inf -inf -inf -inf -inf -inf -inf -inf -inf -inf -inf -inf -inf -inf -inf -inf -inf -inf -inf -inf -inf -inf -inf -inf -inf -inf -inf 3.365333 -inf -inf -inf 2.304479 -inf -inf 1.531586 -inf 1.343220 3.259385 -inf -inf -inf -inf -inf -inf -inf -inf -inf -inf 3.905230 -inf -inf -inf -inf 0.998324 -inf -inf -inf -inf -inf -inf -inf -inf -inf -inf 1.557273 -inf -inf -inf -inf -inf -inf -inf -inf,24.4
null_ar,130,10.6937,0,0,,-inf,1.0,1.0,15,-inf 0.340011 -inf -inf -inf -inf -inf -inf -inf -inf -inf -inf -inf -inf 1.879688 -inf 0.400965 -inf -inf 1.045939 -inf -inf -inf -inf -inf -inf 2.905257 -inf -inf -inf -inf -inf -inf -0.227927 -inf -inf -inf -inf -inf -inf -inf -inf -inf -inf -inf 0.524813 -inf -inf -inf -inf -inf -inf -inf -inf -inf -inf 2.466260 1.449757 -inf -inf -inf 3.081121 -inf -inf -inf 2.441054 -inf -inf 2.992820 -inf 1.000373 -inf -inf -inf -inf -inf -inf 2.368201 -inf -inf -inf -inf -inf -inf -inf -inf -inf -inf 1.241882 -inf -inf -inf -inf -inf -inf -inf -inf -inf -inf,30.5
M1_s1.6,132,5.4684,0,1,20:0.817559:0.8500,0.8175590261800736,0.85,0.02,2,-inf -inf -inf -inf -inf -inf -inf -inf -inf -inf -inf -inf -inf -inf -inf -inf -inf -inf -inf -inf -inf -inf -inf -inf -inf -inf -inf -inf -inf -inf -inf -inf -inf -inf -inf -inf -inf -inf -inf -inf -inf -inf -inf -inf -inf -inf -inf -inf -inf -inf -inf -inf -inf -inf -inf -inf -inf -inf -inf -inf -inf -inf -inf -inf -inf -inf -inf 0.424402 -inf -inf -inf -inf -inf -inf -inf -inf -inf -inf -inf -inf -inf -inf -inf -inf -inf -inf -inf -inf -inf -inf -inf -inf -inf -inf -inf -inf -inf -inf 1.654448,26.0
M1_s1.6,134,7.151,0,1,17:0.946545:0.7400,0.9465454036772685,0.74,0.02,5,-inf -inf -inf -inf -inf -inf -inf -inf -inf -inf -inf -inf -inf -inf -inf -inf -inf -inf -inf -inf -inf -inf -inf -inf -inf -inf -inf -inf -inf -inf -inf 0.799323 -inf -inf -inf -inf -inf -inf -inf -inf -inf -inf -inf -inf 0.590983 0.663058 -inf -inf -inf -inf -inf -inf -inf -inf -inf -inf -inf -inf -inf -inf -inf -inf -inf -inf -inf -inf -inf -inf -inf -inf -inf -inf -inf -inf -inf -inf -inf -inf -inf -inf -inf -inf -inf -inf -inf -inf -inf -inf -inf -inf -inf -inf 0.441951 -inf -inf 1.877762 -inf -inf -inf,22.5
null_ar,134,13.9841,0,0,,-inf,1.0,1.0,13,-inf 1.474762 -inf -inf -inf -inf 1.714839 -inf -inf 0.727066 -inf -inf -inf -inf -inf -inf -inf 1.807527 -inf -inf -inf -inf -inf -inf 2.014223 -inf -inf -inf -inf -inf -inf -inf -inf -inf -inf 1.598322 2.659447 -inf -inf -inf -inf -inf -inf -inf -inf -inf -inf -inf -inf -inf -inf -inf -inf -inf -inf -inf -inf -inf -inf -inf -0.121202 1.945291 -inf -inf 1.575345 -inf -inf -inf 0.602202 -inf -inf -inf -inf -inf -inf -inf -inf -inf -inf -inf -inf -inf -inf -inf -inf -inf -inf -inf -inf -inf 2.414407 1.572172 -inf -inf -inf -inf -inf -inf -inf,24.8
D2_a0.9,136,8.1775,0,1,19:4.199471:0.0100,4.199471404506455,0.01,0.02,7,2.766837 -inf -inf -inf -inf -inf -inf -inf -inf -inf -inf -inf -inf -inf 3.386926 -inf -inf -inf -inf -inf -inf -inf -inf -inf -inf 4.556323 -inf 4.062303 -inf -inf -inf -inf -inf -inf -inf 2.829837 -inf 3.601085 -inf -inf -inf -inf -inf -inf -inf -inf -inf -inf -inf -inf -inf -inf -inf -inf -inf -inf -inf -inf -inf -inf -inf -inf -inf -inf -inf -inf -inf -inf -inf -inf -inf -inf -inf -inf -inf -inf -inf -inf -inf -inf -inf -inf -inf -inf -inf -inf -inf -inf -inf -inf -inf -inf -inf -inf 2.201990 -inf -inf -inf -inf,21.7
D2_a0.9,134,7.151,0,1,20:3.966800:0.0100,3.9668001867455915,0.01,0.02,4,-inf -inf -inf -inf -inf -inf -inf -inf -inf -inf -inf -inf -inf -inf -inf -inf -inf -inf -inf -inf 4.287831 -inf -inf -inf -inf -inf -inf -inf -inf -inf -inf -inf -inf -inf -inf -inf -inf -inf -inf -inf -inf -inf -inf -inf -inf -inf -inf -inf -inf -inf -inf -inf -inf -inf -inf -inf 1.150855 -inf -inf -inf -inf -inf -inf -inf -inf -inf -inf -inf -inf -inf -inf -inf -inf -inf -inf -inf -inf -inf -inf -inf -inf -inf -inf -inf 2.006133 -inf -inf -inf -inf -inf -inf -inf -inf -inf -inf -inf -inf -inf 3.961457,27.7
M1_s1.6,139,5.4684,0,1,20:1.202519:0.7100,1.2025190754956792,0.71,0.09,14,2.807953 -inf -inf -inf -inf -inf 0.850751 -inf -inf -inf 0.640393 2.565540 -inf -inf -inf -inf -inf -inf -inf -inf -inf -inf -inf -inf -inf -inf -inf -inf 1.022768 -inf -inf 0.968348 -inf -inf -inf -inf -inf -inf -inf -inf -inf -inf -inf 2.195913 -inf -inf -inf -inf -inf 1.070758 3.400598 -inf -inf -inf 1.363538 -inf -inf -inf -inf -inf -inf -inf -inf -inf -inf -inf -inf 1.185789 -inf -inf -inf -inf -inf 2.719744 -inf -inf -inf -inf -inf -inf -inf -inf -inf 1.920294 -inf -inf 1.706022 -inf -inf -inf -inf -inf -inf -inf -inf -inf -inf -inf -inf,16.4
null_ar,135,12.2287,0,0,,-inf,1.0,1.0,8,-inf -inf 0.267579 -inf -inf -inf -inf -inf -inf -inf -inf -inf 1.703913 -inf -inf -inf -inf -inf -inf -inf -inf -inf -inf -inf -inf -inf -inf -inf -inf -inf 2.849189 -inf -inf -inf -inf -inf -inf -inf -inf 1.339354 -inf -inf -inf -inf -inf -inf -inf -inf -inf -inf -inf -inf -inf -inf -inf -inf -inf -inf -inf -inf -inf -inf -inf 0.324740 -inf -inf -inf -inf -inf -inf -inf -inf -inf -inf -inf -inf -inf -inf -inf -inf -inf -inf -inf 1.619450 -inf -inf -inf -inf -inf -inf 1.645184 -inf -inf 2.540396 -inf -inf -inf -inf -inf,29.9
M1_s1.6,136,7.151,0,1,20:1.338568:0.5600,1.338567983911304,0.56,0.05,6,2.510356 -inf -inf -inf -inf -inf -inf -inf -inf -inf -inf -inf -inf -inf 1.922855 -inf -inf -inf -inf -inf 1.633930 -inf -inf -inf -inf -inf -inf -inf -inf -inf -inf -inf -inf -inf -inf -inf -inf 3.928083 -inf -inf -inf -inf -inf -inf -inf -inf -inf -inf -inf -inf -inf -inf -inf -inf -inf -inf -inf -inf -inf -inf -inf -inf -inf -inf -inf -inf -inf -inf 0.883977 -inf -inf -inf -inf -inf -inf -inf -inf -inf -inf -inf -inf -inf -inf -inf -inf -inf 0.461025 -inf -inf -inf -inf -inf -inf -inf -inf -inf -inf -inf -inf,29.8
M1_s1.6,138,6.2533,0,1,21:1.487078:0.5100,1.48707809484906,0.51,0.06,6,-inf 0.177572 -inf -inf -inf -inf -inf -inf -inf 2.539913 -inf -inf -inf -inf -inf -inf -inf -inf -inf -inf -inf -inf -inf -inf -inf -inf 3.217460 -inf -inf -inf -inf -inf -inf -inf -inf -inf -inf -inf -inf -inf -inf -inf -inf -inf -inf -inf -inf -inf -inf -inf -inf -inf -inf -inf -inf -inf -inf -inf -inf -inf -inf -inf -inf -inf -inf -inf -inf -inf -inf -inf -inf -inf 2.783023 -inf -inf -inf 1.777365 -inf -inf -inf -inf -inf -inf 2.767356 -inf -inf -inf -inf -inf -inf -inf -inf -inf -inf -inf -inf -inf -inf -inf,22.7
D2_a0.9,139,7.151,0,1,20:4.823627:0.0100,4.823626600604021,0.01,0.01,4,-inf -inf -inf -inf -inf -inf -inf -inf -inf -inf 2.615127 -inf -inf -inf -inf -inf -inf -inf -inf -inf -inf -inf -inf 3.782312 -inf -inf -inf -inf -inf -inf -inf -inf -inf -inf -inf -inf -inf -inf -inf -inf -inf -inf -inf -inf -inf -inf -inf -inf -inf -inf -inf -inf -inf -inf -inf 4.138998 -inf -inf -inf -inf -inf -inf -inf -inf -inf -inf -inf -inf -inf 1.124022 -inf -inf -inf -inf -inf -inf -inf -inf -inf -inf -inf -inf -inf -inf -inf -inf -inf -inf -inf -inf -inf -inf -inf -inf -inf -inf -inf -inf -inf,19.2
null_ar,138,18.287,0,0,,-inf,1.0,1.0,1,-inf -inf -inf -inf -inf -inf -inf -inf -inf -inf -inf -inf -inf -inf -inf -inf -inf -inf -inf -inf -inf -inf -inf -inf -inf -inf -inf -inf -inf -inf -inf -inf -inf -inf -inf -inf -inf -inf -inf -inf -inf -inf -inf -inf -inf -inf -inf -inf -inf 1.852443 -inf -inf -inf -inf -inf -inf -inf -inf -inf -inf -inf -inf -inf -inf -inf -inf -inf -inf -inf -inf -inf -inf -inf -inf -inf -inf -inf -inf -inf -inf -inf -inf -inf -inf -inf -inf -inf -inf -inf -inf -inf -inf -inf -inf -inf -inf -inf -inf -inf,24.2
D2_a0.9,135,4.7819,0,1,18:2.080455:0.3000,2.0804549218354706,0.3,0.17,20,-inf -inf -inf -inf 3.719104 -inf -inf -inf -inf -inf -inf -inf 4.502972 -inf -inf 1.490381 -inf -inf -inf -inf -inf -inf -inf -inf 0.905295 -inf -inf 4.344534 -inf -inf -inf -inf -inf -inf -inf -inf 3.312087 -inf 0.249871 -inf 2.120284 -inf -inf -inf -inf -inf -inf -inf -inf -inf 3.567475 -inf -inf 2.293604 -inf -inf -inf -inf -inf -inf -inf -inf -inf -inf 3.448889 -inf -inf -inf -inf -inf -inf 1.567397 2.427483 -inf 4.429595 -inf 4.084645 -inf -inf 3.081327 -inf -inf -inf 2.941563 -inf -inf -inf 2.851534 -inf -inf -inf -inf -inf -inf -inf 4.596175 -inf -inf 2.973942,32.5
D2_a0.9,129,4.7819,0,1,21:3.069847:0.0300,3.069847360340318,0.03,0.02,26,-inf -inf -inf 1.157206 -inf 2.540323 -inf 2.603748 -inf 1.860136 -inf -inf 3.971903 1.950952 -inf 2.352608 -inf -inf -inf 2.308702 2.563164 -inf -inf 1.565766 -inf -inf -inf -inf -inf 1.847707 -inf -inf -inf -inf -inf 1.332408 1.283382 -inf -inf 2.525407 -inf 0.115004 -inf -inf -inf -inf -inf -inf 0.447269 1.597425 -inf -inf -inf -inf -inf -inf -inf -inf 0.201535 -inf -inf 2.170736 -inf -inf -inf -inf -inf 2.083531 -inf -inf -0.070573 -inf -inf -inf -inf -inf -inf -inf -inf -inf -inf -inf -inf 1.796128 1.929512 1.802753 -inf -inf -inf -inf -inf -inf -inf 0.890006 2.394840 -inf -inf -inf -inf,45.8
D2_a0.9,138,9.3513,0,1,13:2.772153:0.1000,2.772152750608506,0.1,0.01,0,-inf -inf -inf -inf -inf -inf -inf -inf -inf -inf -inf -inf -inf -inf -inf -inf -inf -inf -inf -inf -inf -inf -inf -inf -inf -inf -inf -inf -inf -inf -inf -inf -inf -inf -inf -inf -inf -inf -inf -inf -inf -inf -inf -inf -inf -inf -inf -inf -inf -inf -inf -inf -inf -inf -inf -inf -inf -inf -inf -inf -inf -inf -inf -inf -inf -inf -inf -inf -inf -inf -inf -inf -inf -inf -inf -inf -inf -inf -inf -inf -inf -inf -inf -inf -inf -inf -inf -inf -inf -inf -inf -inf -inf -inf -inf -inf -inf -inf -inf,24.4
M1_s1.6,141,7.151,0,1,21:0.685588:0.8100,0.6855882468062048,0.81,0.09,9,-inf -inf -inf 1.099299 1.176251 -inf -inf 2.644571 1.393066 -inf -inf -inf -inf -inf -inf -inf 4.265222 -inf -inf -inf -inf -inf -inf -inf -inf -inf -inf -inf -inf -inf -inf -inf -inf -inf -inf -inf -inf -inf -inf -inf -inf -inf -inf -inf -inf -inf -inf -inf -inf -inf -inf -inf -inf -inf -inf 2.904638 -inf -inf -inf -inf -inf -inf -inf -inf -inf -inf -inf -inf -inf -inf -inf 0.534228 -inf -inf -inf -inf -inf -inf -inf -inf 2.331334 -inf -inf -inf -inf -inf -inf -inf -inf 1.556982 -inf -inf -inf -inf -inf -inf -inf -inf -inf,18.5
D2_a0.9,133,5.4684,0,1,17:4.005892:0.0300,4.005891720322423,0.03,0.01,20,-inf -inf -inf -inf -inf 2.464534 2.105535 -inf -inf -inf -inf -inf -inf -inf -inf -inf -inf -inf -inf -inf -inf -inf -inf -inf -inf -inf -inf -inf -inf -inf -inf -inf -inf 1.549422 1.243225 -inf -inf -inf -inf -inf -inf -inf -inf -inf -inf 3.293748 -inf -inf -inf -inf -inf -inf 2.816826 -inf -inf 1.422220 -inf -inf -inf -inf -inf -inf 1.673522 3.859134 2.093637 -inf -inf -inf -inf -inf 1.724967 -inf 2.171209 1.377503 -inf -inf 3.220389 -inf -inf -inf -inf 3.133810 1.624916 2.085816 0.944659 1.662452 -inf -inf -inf -inf -inf 1.343913 -inf -inf -inf -inf -inf -inf -inf,36.3
null_ar,139,9.3513,0,0,,-inf,1.0,1.0,4,-inf -inf -inf -inf -inf -inf -inf -inf -inf -inf -inf -inf -inf -inf -inf -inf -inf -inf -inf -inf -inf -inf -inf -inf -inf -inf -inf -inf -inf -inf -inf -inf -inf -inf -inf -inf -inf -inf -inf -inf -inf -inf -inf -inf -inf -inf -inf -inf 3.161740 -inf -inf -inf -inf -inf -inf -inf -inf -inf -inf -inf -inf -inf -inf -inf -inf -inf -inf -inf -inf -inf -inf 0.676307 -inf -inf -inf -inf -inf -inf -inf -inf -inf -inf -inf -inf -inf -inf 0.534092 -inf -inf -inf -inf -inf -inf -inf -inf -inf -inf 0.080581 -inf,26.1
M1_s1.6,137,6.2533,0,1,21:0.542221:0.9100,0.5422205654828376,0.91,0.1,10,-inf -inf -inf -inf -inf -inf -inf -inf -inf -inf -inf 3.063314 0.507539 -inf -inf -inf -inf -inf -inf -inf -inf -inf -inf -inf -inf -inf -inf -inf -inf -inf -inf -inf -inf 2.497264 0.717548 -inf -inf -inf -inf -inf -inf -inf -inf -inf 1.622270 -inf -inf -inf -inf -inf -inf -inf -inf 1.751258 -inf -inf -inf -inf -inf -inf -inf -inf -inf -inf -inf -inf -inf -inf -inf -inf 3.318636 -inf 2.540226 -inf -inf -inf -inf -inf -inf -inf -inf -inf -inf -inf -inf -inf -inf 1.177013 -inf -inf -inf -inf -inf -inf 1.692006 -inf -inf -inf -inf,31.2
M1_s1.6,135,7.151,0,1,22:1.865368:0.3100,1.8653679050673773,0.31,0.07,13,-inf -inf -inf -inf 2.861852 -inf -inf -inf -inf -inf -inf -inf -inf 1.522559 -inf -inf 1.445960 -inf -inf -inf -inf -inf -inf -inf -inf -inf -inf -inf -inf -inf -inf 1.244032 1.260067 3.475337 -inf -inf -inf -inf -inf -inf -inf -inf -inf -inf 2.665648 -inf -inf -inf 1.516724 -inf 2.684019 -inf -inf -inf 2.033016 -inf -inf -inf -inf -inf -inf -inf -inf 0.871955 -inf -inf 1.809158 -inf -inf -inf -inf -inf -inf -inf -inf -inf -inf -inf -inf -inf -inf -inf -inf 2.745585 -inf -inf -inf -inf -inf -inf -inf -inf -inf -inf -inf -inf -inf -inf -inf,37.3
M1_s1.6,140,10.6937,0,1,20:1.429373:0.5600,1.4293728107207926,0.56,0.05,7,-inf -inf -inf 2.173663 -inf -inf -inf -inf -inf -inf -inf 1.092463 1.115407 -inf -inf -inf -inf -inf -inf -inf -inf -inf -inf -inf -inf -inf -inf -inf -inf -inf -inf -inf -inf -inf -inf -inf -inf 1.432975 -inf -inf -inf -inf -inf -inf 1.190285 -inf -inf -inf -inf -inf -inf -inf -inf -inf -inf -inf -inf -inf -inf -inf -inf -inf -inf -inf -inf -inf -inf -inf 2.051129 -inf -inf -inf -inf -inf -inf -inf -inf -inf -inf -inf -inf -inf -inf -inf -inf -inf -inf -inf -inf -inf -inf 3.483545 -inf -inf -inf -inf -inf -inf -inf,23.6
M1_s1.6,142,9.3513,0,1,21:1.858630:0.3800,1.858630001287829,0.38,0.01,2,-inf -inf -inf -inf -inf -inf -inf -inf -inf -inf -inf -inf -inf -inf -inf -inf -inf -inf -inf -inf -inf -inf -inf -inf -inf -inf -inf -inf -inf -inf -inf -inf -inf -inf -inf -inf -inf -inf -inf -inf -inf -inf -inf -inf -inf -inf -inf -inf -inf -inf -inf -inf -inf -inf -inf -inf -inf -inf -inf -inf -inf -inf -inf -inf 1.683524 -inf -inf -inf -inf -inf -inf -inf -inf -inf -inf -inf -inf -inf -inf -inf -inf -inf -inf 0.088177 -inf -inf -inf -inf -inf -inf -inf -inf -inf -inf -inf -inf -inf -inf -inf,20.6
D2_a0.9,137,6.2533,0,1,20:1.437120:0.5700,1.4371197313432944,0.57,0.2,20,-inf 2.275574 -inf -inf -inf 2.528863 -inf -inf -inf -inf 2.941447 -inf -inf -inf -inf -inf 1.849684 -inf -inf 1.510447 -inf -inf -inf -inf -inf -inf -inf -inf 2.936618 -inf -inf 1.026025 -inf -inf -inf 2.709411 -inf 3.945367 -inf -inf -inf -inf 4.152177 -inf -inf -inf -inf 2.725238 -inf -inf -inf -inf -inf -inf 2.692785 -inf -inf -inf -inf 2.822114 2.411715 -inf -inf -inf 3.128107 -inf -inf -inf -inf -inf -inf -inf 2.549646 -inf -inf -inf -inf -inf -inf 3.712695 -inf -inf -inf 2.687011 -inf -inf -inf -inf -inf -inf -inf -inf -inf -inf -inf -inf -inf 2.790455 2.508356,32.1
D2_a0.9,142,7.151,0,1,12:3.282049:0.0300,3.2820488661072553,0.03,0.01,2,-inf -inf -inf 0.343931 -inf 1.315111 -inf -inf -inf -inf -inf -inf -inf -inf -inf -inf -inf -inf -inf -inf -inf -inf -inf -inf -inf -inf -inf -inf -inf -inf -inf -inf -inf -inf -inf -inf -inf -inf -inf -inf -inf -inf -inf -inf -inf -inf -inf -inf -inf -inf -inf -inf -inf -inf -inf -inf -inf -inf -inf -inf -inf -inf -inf -inf -inf -inf -inf -inf -inf -inf -inf -inf -inf -inf -inf -inf -inf -inf -inf -inf -inf -inf -inf -inf -inf -inf -inf -inf -inf -inf -inf -inf -inf -inf -inf -inf -inf -inf -inf,20.3
D2_a0.9,140,7.151,0,1,20:3.323945:0.0300,3.3239454040927976,0.03,0.03,2,-inf -inf -inf -inf -inf -inf -inf -inf -inf -inf 4.243020 -inf -inf -inf -inf -inf -inf -inf -inf -inf -inf -inf -inf -inf -inf -inf -inf -inf -inf -inf -inf -inf -inf -inf -inf -inf -inf -inf -inf -inf -inf -inf -inf -inf -inf -inf -inf -inf -inf -inf -inf -inf -inf -inf -inf -inf -inf -inf -inf -inf -inf 3.883706 -inf -inf -inf -inf -inf -inf -inf -inf -inf -inf -inf -inf -inf -inf -inf -inf -inf -inf -inf -inf -inf -inf -inf -inf -inf -inf -inf -inf -inf -inf -inf -inf -inf -inf -inf -inf -inf,26.2
null_ar,140,9.3513,0,0,,-inf,1.0,1.0,13,-inf -inf -inf -inf -inf -inf -inf 4.640402 3.749183 -inf -inf -inf -inf -inf -inf -inf -inf -inf -inf -inf -inf 3.190879 -inf 1.052400 -inf -inf -inf 1.264230 -inf -inf 1.134176 4.179983 -inf 3.425301 -inf -inf -inf -inf -inf 3.222208 -inf -inf -inf -inf -inf -inf -inf -inf -inf -inf -inf -inf -inf -inf 0.271356 -inf -inf -inf -inf -inf -inf -inf -inf -inf -inf -inf -inf 0.905675 -inf 1.973007 -inf -inf -inf -inf -inf -inf -inf -inf -inf -inf -inf -inf -inf -inf -inf -inf -inf -inf -inf -inf -inf -inf -inf -inf -inf -inf -inf 2.428955 -inf,27.4
null_ar,145,8.1775,0,0,,-inf,1.0,1.0,6,-inf -inf -inf -inf -inf -inf -inf -inf -inf -inf -inf -inf -inf -inf -inf -inf -inf -inf -inf -inf -inf -inf -inf -inf -inf -inf 3.435987 -inf -inf -inf -inf -inf -inf 1.457568 -inf -inf -inf -inf -inf -inf -inf -inf -inf -inf -inf -inf -inf -inf -inf -inf -inf -inf -inf -inf -inf -inf -inf -inf -inf -inf -inf -inf -inf -inf -inf -inf -inf -inf -inf -inf -inf -inf -inf -inf -inf -inf -inf -inf -inf -inf -inf -inf 1.401183 -inf 1.129360 -inf -inf -inf -inf -inf -inf -inf 1.914979 -inf -inf -inf -inf -inf 1.288822,13.4
null_ar,141,12.2287,0,0,,-inf,1.0,1.0,8,-inf -inf -inf -inf -inf -inf -inf -inf -inf -inf -inf -inf -inf -inf 1.842894 -inf -inf -inf -inf -inf 0.571465 -inf -inf -inf 0.724179 -inf -inf 2.408106 -inf -inf -inf -inf -inf -inf -inf -inf 3.477596 -inf -inf -inf -inf -inf -inf -inf -inf -inf -inf -inf 2.727915 -inf -inf -inf -inf -inf -inf 2.940129 -inf -inf -inf -inf -inf -inf -inf -inf -inf -inf -inf -inf -inf -inf -inf -inf -inf -inf -inf -inf -inf -inf -inf -inf -inf -inf -inf -inf -inf -inf -inf -inf -inf -inf -inf -inf -inf -inf -inf -inf 1.346496 -inf -inf,27.5
null_ar,143,20.912,0,0,,-inf,1.0,1.0,3,-inf -inf -inf -inf -inf -inf 0.780667 -inf -inf -inf -inf -inf -inf -inf -inf -inf -inf -inf -inf -inf -inf -inf -inf -inf -inf -inf -inf -inf -inf -inf -inf -inf -inf -inf -inf -inf -inf -inf -inf -inf -inf -inf -inf -inf -inf -inf -inf -inf -inf -inf -inf -inf -inf -inf -inf -inf -inf -inf -inf 0.295004 -inf -inf -inf -inf -inf -inf -inf -inf -inf -inf -inf -inf -inf -inf -inf -inf -inf -inf -inf -inf -inf -inf -inf -inf -inf -inf -inf -inf -inf -inf -inf -inf -inf -inf -inf 0.616306 -inf -inf -inf,25.7
null_ar,142,12.2287,0,0,,-inf,1.0,1.0,6,-inf -inf -inf -inf -inf -inf -inf -inf -inf -inf -inf -inf -inf -inf -inf -inf -inf -inf -inf -inf -inf -inf -inf -inf -inf -inf -inf -inf -inf -inf -inf -inf -inf -inf -inf -inf -inf -inf 2.745743 0.146328 -inf -inf -inf -inf -inf -inf -inf -inf 2.116162 -inf -inf -inf -inf -inf -inf -inf -inf -inf -inf 1.076655 0.652825 -inf -inf -inf -inf -inf -inf -inf -inf -inf -inf -inf -inf -inf -inf -inf -inf -inf -inf -inf -inf -inf -inf -inf -inf -inf -inf -inf -inf -inf -inf -inf -inf -inf 0.975423 -inf -inf -inf -inf,28.0
null_ar,144,8.1775,0,0,,-inf,1.0,1.0,2,-inf -inf -inf -inf -inf -inf -inf -inf -inf -inf -inf -inf -inf -inf -inf -inf -inf -inf -inf -inf -inf -inf -inf -inf -inf -inf -inf -inf -inf -inf -inf -inf -inf -inf -inf -inf 1.633741 -inf -inf -inf -inf -inf -inf -inf -inf -inf -inf -inf -inf -inf -inf -inf -inf 2.277917 -inf -inf -inf -inf -inf -inf -inf -inf -inf -inf -inf -inf -inf -inf -inf -inf -inf -inf -inf -inf -inf -inf -inf -inf -inf -inf -inf -inf -inf -inf -inf -inf -inf -inf -inf -inf -inf -inf -inf -inf -inf -inf -inf -inf -inf,20.6
M1_s1.6,144,8.1775,0,1,20:1.877085:0.3600,1.8770850299567612,0.36,0.01,5,-inf -inf -inf -inf -inf -inf -inf -inf -inf -inf -inf -inf -inf -inf -inf -inf -inf -inf -inf -inf -inf -inf -inf -inf -inf -inf -inf -inf -inf -inf -inf -inf -inf -inf -inf -inf -inf -inf -inf -inf -inf -inf -inf -inf -inf -inf -inf -inf -inf -inf -inf -inf -inf -inf -inf -inf -inf -inf -inf -inf -inf -inf -inf -inf -inf -inf -inf 1.074103 1.326273 -inf -inf -inf -inf -inf -inf 1.501011 -inf -inf 0.316663 -inf -inf -inf -inf -inf -inf -inf 1.402228 -inf -inf -inf -inf -inf -inf -inf -inf -inf -inf -inf -inf,21.2
D2_a0.9,141,7.151,0,1,20:1.980002:0.2900,1.9800018840525528,0.29,0.05,7,-inf -inf -inf -inf -inf -inf 3.413363 -inf -inf -inf -inf -inf -inf -inf -inf -inf -inf -inf -inf -inf 3.736343 -inf -inf -inf 1.776385 2.592206 -inf -inf -inf -inf -inf -inf -inf -inf 3.006762 -inf -inf -inf -inf -inf -inf -inf -inf -inf -inf -inf -inf -inf -inf -inf -inf -inf -inf -inf -inf -inf -inf -inf -inf -inf -inf -inf -inf -inf -inf -inf 0.769992 -inf -inf -inf -inf -inf -inf -inf -inf -inf -inf -inf -inf -inf -inf -inf -inf -inf -inf -inf -inf 0.112523 -inf -inf -inf -inf -inf -inf -inf -inf -inf -inf -inf,30.0
M1_s1.6,130,4.7819,0,2,25:0.367583:0.8600;29:2.851208:0.1100,2.851208071689911,0.11,0.03,33,2.661403 2.435928 -inf -inf 2.338151 0.974667 -inf -inf -inf 1.268279 0.908306 -inf 0.581389 -inf 1.610118 1.372098 1.770526 -inf -inf -inf -inf 2.304570 -inf -inf -inf -inf -inf -inf 2.185442 -inf -inf -inf -inf -inf 1.801135 -inf -inf -inf 1.216173 -inf -inf -inf -inf -inf -inf -inf 1.080658 2.600037 -inf 4.045820 0.945552 -inf -inf 2.855369 -inf 2.047949 -inf 1.748821 -inf -inf -inf -inf -inf -inf 1.121280 -inf -inf -inf 2.397470 1.075415 -inf -inf -inf -inf -inf -inf 2.486334 -inf -inf -inf -inf 2.840902 -inf -inf -inf -inf 1.721096 1.224336 -inf -inf -inf 1.130853 1.173157 0.819808 -inf -inf 0.948981 2.356686 -inf,58.4
null_ar,148,12.2287,0,1,7:2.906831:0.0700,2.9068312833560395,0.07,0.01,4,-inf -inf -inf -inf -inf -inf -inf -inf -inf -inf -inf -inf -inf -inf -inf -inf -inf -inf -inf -inf -inf -inf -inf -inf -inf -inf -inf -inf -inf -inf -inf -inf -inf -inf -inf -inf -inf -inf -inf -inf -inf -inf -inf -inf -inf -inf -inf -inf -inf -inf -inf -inf -inf -inf -inf -inf -inf -inf -inf -inf -inf -inf -inf -inf -inf -inf -inf -inf -inf -inf -inf -inf 1.798694 -inf -inf 1.248801 -inf -inf -inf 0.440743 -inf -inf -inf -inf 1.593747 -inf -inf -inf -inf -inf -inf -inf -inf -inf -inf -inf -inf -inf -inf,13.5
D2_a0.9,143,5.4684,0,1,18:4.013278:0.0200,4.013277854288727,0.02,0.02,13,-inf -inf -inf 3.150428 -inf -inf 4.959214 -inf -inf -inf -inf -inf -inf 2.436197 -inf -inf -inf -inf -inf -inf -inf 1.989409 -inf -inf -inf -inf -inf -inf -inf -inf -inf -inf 1.291463 3.725341 -inf -inf -inf -inf -inf -inf -inf -inf -inf -inf -inf -inf -inf -inf -inf -inf -inf -inf -inf -inf 1.119228 -inf 2.537199 -inf -inf -inf -inf -inf 1.224415 -inf -inf -inf -inf -inf -inf -inf -inf -inf -inf -inf -inf -inf -inf 2.000544 -inf -inf -inf 2.693072 -inf -inf -inf -inf 0.367965 -inf 2.584710 -inf -inf -inf -inf -inf -inf -inf -inf -inf -inf,26.3
M1_s1.6,143,6.2533,0,1,20:1.002202:0.8000,1.002201727612074,0.8,0.08,7,-inf -inf -inf -inf -inf -inf -inf -inf -inf 3.159235 -inf -inf -inf -inf -inf -inf -inf -inf 1.639017 -inf -inf -inf -inf 1.508321 -inf -inf -inf -inf -inf 1.340343 -inf 2.096453 -inf -inf -inf -inf -inf -inf -inf -inf -inf -inf -inf 2.173524 -inf -inf -inf -inf -inf -inf -inf -inf -inf -inf -inf -inf -inf -inf -inf -inf -inf -inf -inf -inf -inf -inf -inf -inf -inf -inf -inf -inf -inf -inf -inf -inf -inf -inf -inf -inf -inf -inf -inf 1.368774 -inf -inf -inf -inf -inf -inf -inf -inf -inf -inf -inf -inf -inf -inf -inf,30.0
null_ar,146,23.9139,0,0,,-inf,1.0,1.0,0,-inf -inf -inf -inf -inf -inf -inf -inf -inf -inf -inf -inf -inf -inf -inf -inf -inf -inf -inf -inf -inf -inf -inf -inf -inf -inf -inf -inf -inf -inf -inf -inf -inf -inf -inf -inf -inf -inf -inf -inf -inf -inf -inf -inf -inf -inf -inf -inf -inf -inf -inf -inf -inf -inf -inf -inf -inf -inf -inf -inf -inf -inf -inf -inf -inf -inf -inf -inf -inf -inf -inf -inf -inf -inf -inf -inf -inf -inf -inf -inf -inf -inf -inf -inf -inf -inf -inf -inf -inf -inf -inf -inf -inf -inf -inf -inf -inf -inf -inf,18.8
null_ar,147,12.2287,0,0,,-inf,1.0,1.0,2,-inf -inf -inf -inf -inf -inf -inf -inf -inf -inf 3.144610 -inf -inf -inf -inf -inf -inf -inf -inf -inf -inf -inf -inf -inf -inf -inf -inf -inf -inf -inf -inf -inf -inf -inf -inf -inf -inf -inf -inf -inf -inf -inf -inf -inf -inf -inf -inf -inf -inf -inf -inf -inf -inf -inf -inf -inf -inf -inf -inf -inf -inf -inf 3.232395 -inf -inf -inf -inf -inf -inf -inf -inf -inf -inf -inf -inf -inf -inf -inf -inf -inf -inf -inf -inf -inf -inf -inf -inf -inf -inf -inf -inf -inf -inf -inf -inf -inf -inf -inf -inf,20.0
M1_s1.6,146,7.151,0,1,21:1.250249:0.6200,1.2502486844743428,0.62,0.06,6,-inf -inf -inf -inf 0.175794 -inf -inf -inf -inf -inf -inf -inf -inf -inf -inf -inf -inf -inf -inf -inf -inf -inf -inf -inf -inf -inf -inf -inf -inf -inf -inf -inf -inf -inf -inf -inf -inf -inf -inf 3.675616 -inf -inf -inf -inf -inf -inf -inf -inf -inf -inf -inf -inf -inf -inf -inf -inf -inf -inf -inf -inf -inf -inf -inf -inf 2.604062 -inf 2.437036 -inf -inf 3.250629 -inf -inf -inf -inf -inf -inf -inf -inf -inf -inf -inf 2.424248 -inf -inf -inf -inf -inf -inf -inf -inf -inf -inf -inf -inf -inf -inf -inf -inf -inf,22.4
M1_s1.6,148,7.151,0,1,20:0.608778:0.8900,0.6087784605246054,0.89,0.02,1,-inf -inf -inf -inf -inf -inf -inf -inf -inf -inf -inf -inf -inf -inf -inf -inf -inf -inf -inf -inf -inf -inf -inf -inf -inf -inf -inf -inf -inf -inf -inf -inf -inf -inf -inf -inf -inf -inf -inf -inf 0.913233 -inf -inf -inf -inf -inf -inf -inf -inf -inf -inf -inf -inf -inf -inf -inf -inf -inf -inf -inf -inf -inf -inf -inf -inf -inf -inf -inf -inf -inf -inf -inf -inf -inf -inf -inf -inf -inf -inf -inf -inf -inf -inf -inf -inf -inf -inf -inf -inf -inf -inf -inf -inf -inf -inf -inf -inf -inf -inf,20.0
M1_s1.6,149,7.151,0,1,20:2.600643:0.1200,2.600643010993129,0.12,0.02,8,-inf -inf -inf -inf -inf -inf -inf -inf -inf -inf -inf 1.136248 -inf -inf -inf -inf -inf -inf -inf -inf -inf -inf -inf -inf -inf -inf -inf -inf -inf -inf -inf -inf -inf 2.185071 -inf -inf -inf -inf -inf -inf 2.924335 -inf 1.611680 -inf -inf -inf -inf -inf -inf -inf -inf -inf -inf -inf -inf -inf -inf -inf -inf -inf -inf -inf 1.192278 -inf 2.377312 -inf -inf 0.979143 -inf -inf -inf -inf -inf -inf -inf -inf -inf -inf -inf -inf -inf -inf -inf -inf -inf -inf -inf -inf -inf -inf -inf 1.918547 -inf -inf -inf -inf -inf -inf -inf,19.6
M1_s1.6,145,10.6937,0,1,21:2.341860:0.2100,2.341860264951216,0.21,0.02,4,-inf -inf -inf -inf -inf -inf -inf -inf -inf -inf -inf -inf -inf -inf -inf -inf -inf -inf -inf -inf 2.282363 -inf -inf -inf -inf -inf -inf -inf 1.247090 2.718374 -inf -inf -inf -inf -inf -inf -inf -inf -inf -inf -inf -inf -inf -inf -inf -inf -inf -inf -inf -inf -inf -inf -inf -inf -inf -inf -inf -inf -inf -inf -inf -inf -inf -inf -inf -inf -inf -inf -inf -inf -inf -inf -inf -inf -inf -inf -inf 0.865419 -inf -inf -inf -inf -inf -inf -inf -inf -inf -inf -inf -inf -inf -inf -inf -inf -inf -inf -inf -inf -inf,27.5
D2_a0.9,146,8.1775,0,1,20:4.901825:0.0100,4.9018252173587875,0.01,0.01,1,-inf -inf -inf -inf -inf -inf -inf -inf -inf -inf -inf -inf -inf -inf -inf -inf -inf -inf -inf -inf -inf -inf -inf -inf -inf -inf -inf -inf -inf -inf -inf -inf -inf -inf -inf -inf -inf -inf -inf -inf -inf -inf -inf -inf -inf -inf -inf -inf -inf -inf -inf -inf -inf -inf -inf -inf -inf -inf -inf -inf -inf -inf -inf -inf -inf -inf -inf -inf -inf -inf -inf -inf -inf 1.850564 -inf -inf -inf -inf -inf -inf -inf -inf -inf -inf -inf -inf -inf -inf -inf -inf -inf -inf -inf -inf -inf -inf -inf -inf -inf,25.0
M1_s1.6,150,7.151,0,1,17:0.771542:0.8700,0.7715423279607312,0.87,0.01,0,-inf -inf -inf -inf -inf -inf -inf -inf -inf -inf -inf -inf -inf -inf -inf -inf -inf -inf -inf -inf -inf -inf -inf -inf -inf -inf -inf -inf -inf -inf -inf -inf -inf -inf -inf -inf -inf -inf -inf -inf -inf -inf -inf -inf -inf -inf -inf -inf -inf -inf -inf -inf -inf -inf -inf -inf -inf -inf -inf -inf -inf -inf -inf -inf -inf -inf -inf -inf -inf -inf -inf -inf -inf -inf -inf -inf -inf -inf -inf -inf -inf -inf -inf -inf -inf -inf -inf -inf -inf -inf -inf -inf -inf -inf -inf -inf -inf -inf -inf,19.4
D2_a0.9,147,8.1775,0,1,20:3.299963:0.1000,3.2999634918570138,0.1,0.01,1,-inf -inf -inf -inf -inf -inf -inf -inf -inf -inf -inf -inf -inf -inf -inf -inf -inf -inf -inf -inf -inf -inf -inf -inf -inf -inf -inf -inf -inf -inf -inf -inf -inf -inf -inf -inf -inf -inf -inf -inf -inf -inf -inf -inf -inf -inf -inf -inf -inf -inf -inf -inf -inf -inf -inf -inf -inf -inf -inf -inf 2.204006 -inf -inf -inf -inf -inf -inf -inf -inf -inf -inf -inf -inf -inf -inf -inf -inf -inf -inf -inf -inf -inf -inf -inf -inf -inf -inf -inf -inf -inf -inf -inf -inf -inf -inf -inf -inf -inf -inf,25.1
null_ar,150,12.2287,0,0,,-inf,1.0,1.0,7,-inf -inf -inf 3.387369 -inf -inf -inf -inf -inf -inf -inf -inf -inf -inf -inf -inf -inf -inf -inf -inf -inf -inf -inf -inf -inf -inf -inf -inf 1.441648 -inf -inf -inf -inf -inf -inf -inf -inf -inf -inf -inf 1.571079 -inf -inf 3.068014 -inf -inf -inf -inf -inf -inf -inf -inf 3.520963 -inf -inf -inf -inf -inf -inf -inf 1.673609 -inf -inf -inf -inf -inf -inf -inf -inf -inf -inf -inf 0.529705 -inf -inf -inf -inf -inf -inf -inf -inf -inf -inf -inf -inf -inf -inf -inf -inf -inf -inf -inf -inf -inf -inf -inf -inf -inf -inf,22.6
D2_a0.9,145,5.4684,0,1,20:4.135211:0.0100,4.135210629314377,0.01,0.01,8,1.253034 -inf -inf -inf -inf 3.812802 -inf -inf 1.048955 -inf -inf -inf -inf -inf -inf 2.334259 -inf -inf -inf 2.084522 -inf -inf -inf -inf -inf -inf -inf -inf -inf -inf -inf -inf 1.930100 -inf -inf -inf -inf -inf -inf -inf -inf -inf -inf -inf -inf -inf -inf -inf -inf -inf -inf 2.868187 -inf -inf -inf -inf -inf -inf -inf -inf -inf -inf -inf -inf -inf -inf -inf -inf -inf -inf -inf -inf -inf -inf -inf -inf -inf -inf -inf -inf -inf -inf -inf -inf -inf 2.009858 -inf -inf -inf -inf -inf -inf -inf -inf -inf -inf -inf -inf -inf,30.3
M1_s1.6,151,10.6937,0,1,20:1.094904:0.7000,1.0949042802517948,0.7,0.01,0,-inf -inf -inf -inf -inf -inf -inf -inf -inf -inf -inf -inf -inf -inf -inf -inf -inf -inf -inf -inf -inf -inf -inf -inf -inf -inf -inf -inf -inf -inf -inf -inf -inf -inf -inf -inf -inf -inf -inf -inf -inf -inf -inf -inf -inf -inf -inf -inf -inf -inf -inf -inf -inf -inf -inf -inf -inf -inf -inf -inf -inf -inf -inf -inf -inf -inf -inf -inf -inf -inf -inf -inf -inf -inf -inf -inf -inf -inf -inf -inf -inf -inf -inf -inf -inf -inf -inf -inf -inf -inf -inf -inf -inf -inf -inf -inf -inf -inf -inf,19.7
D2_a0.9,150,5.4684,0,1,12:2.818454:0.0700,2.818453584501577,0.07,0.04,8,-inf -inf -inf -inf -inf -inf -inf -inf -inf -inf -inf -inf -inf -inf 1.550768 -inf -inf -inf -inf -inf -inf -inf -inf -inf -inf 1.621411 -inf -inf -inf -inf -inf -inf -inf -inf -inf -inf -inf -inf -inf -inf -inf -inf -inf -inf -inf -inf -inf -inf -inf -inf -inf -inf -inf -inf -inf -inf -inf -0.152135 -inf -inf -inf -inf -inf -inf -inf -inf -inf -inf 3.668483 1.330853 -inf 3.479228 -inf -inf -inf -inf -inf -inf -inf -inf -inf -inf -inf -inf -inf -inf 2.949332 -inf -inf -inf -inf -inf -inf -inf 1.460371 -inf -inf -inf -inf,23.2
null_ar,149,13.9841,0,0,,-inf,1.0,1.0,3,2.269487 -inf -inf -inf -inf -inf -inf -inf -inf -inf -inf -inf -inf -inf -inf -inf -inf -inf -inf -inf -inf -inf -inf -inf -inf -inf -inf -inf -inf -inf -inf -inf -inf -inf -inf -inf -inf -inf -inf -inf -inf -inf -inf -inf -inf -inf -inf 0.909058 -inf -inf -inf -inf -inf -inf -inf 0.088674 -inf -inf -inf -inf -inf -inf -inf -inf -inf -inf -inf -inf -inf -inf -inf -inf -inf -inf -inf -inf -inf -inf -inf -inf -inf -inf -inf -inf -inf -inf -inf -inf -inf -inf -inf -inf -inf -inf -inf -inf -inf -inf -inf,25.6
null_ar,153,15.9915,0,0,,-inf,1.0,1.0,0,-inf -inf -inf -inf -inf -inf -inf -inf -inf -inf -inf -inf -inf -inf -inf -inf -inf -inf -inf -inf -inf -inf -inf -inf -inf -inf -inf -inf -inf -inf -inf -inf -inf -inf -inf -inf -inf -inf -inf -inf -inf -inf -inf -inf -inf -inf -inf -inf -inf -inf -inf -inf -inf -inf -inf -inf -inf -inf -inf -inf -inf -inf -inf -inf -inf -inf -inf -inf -inf -inf -inf -inf -inf -inf -inf -inf -inf -inf -inf -inf -inf -inf -inf -inf -inf -inf -inf -inf -inf -inf -inf -inf -inf -inf -inf -inf -inf -inf -inf,18.8
M1_s1.6,154,7.151,0,0,,-inf,1.0,1.0,4,-inf -inf -inf -inf -inf -inf -inf -inf -inf -inf -inf -inf -inf -inf -inf -inf -inf -inf -inf -inf -inf -inf -inf -inf -inf -inf -inf -inf -inf -inf -inf 0.604906 -inf -inf -inf -inf -inf -inf -inf -inf -inf -inf -inf -inf -inf -inf 1.791787 -inf -inf -inf -inf 1.363613 0.910604 -inf -inf -inf -inf -inf -inf -inf -inf -inf -inf -inf -inf -inf -inf -inf -inf -inf -inf -inf -inf -inf -inf -inf -inf -inf -inf -inf -inf -inf -inf -inf -inf -inf -inf -inf -inf -inf -inf -inf -inf -inf -inf -inf -inf -inf -inf,15.6
D2_a0.9,151,8.1775,0,1,20:4.820973:0.0100,4.820973114069354,0.01,0.02,3,-inf -inf -inf -inf -inf -inf -inf -inf -inf -inf -inf -inf -inf -inf -inf -inf -inf -inf -inf -inf -inf -inf -inf 1.188541 -inf -inf -inf -inf -inf -inf -inf -inf -inf -inf -inf -inf -inf -inf -inf -inf -inf -inf -inf -inf 3.745171 -inf -inf -inf -inf -inf -inf -inf -inf -inf -inf -inf -inf -inf -inf -inf -inf -inf 4.962898 -inf -inf -inf -inf -inf -inf -inf -inf -inf -inf -inf -inf -inf -inf -inf -inf -inf -inf -inf -inf -inf -inf -inf -inf -inf -inf -inf -inf -inf -inf -inf -inf -inf -inf -inf -inf,22.6
D2_a0.9,148,6.2533,0,1,20:4.307308:0.0100,4.307308015601284,0.01,0.01,6,-inf -inf -inf -inf -inf -inf -inf -inf -inf -inf -inf -inf 2.248407 -inf -inf -inf -inf -inf -inf -inf -inf -inf -inf -inf -inf -inf -inf -inf -inf -inf -inf -inf -inf -inf -inf -inf 3.284511 -inf -inf -inf 3.908657 -inf -inf -inf -inf -inf -inf -inf -inf -inf -inf -inf -inf -inf 2.839717 -inf -inf -inf -inf -inf -inf -inf -inf -inf -inf -inf -inf -inf -inf 2.235341 -inf -inf -inf -inf -inf -inf -inf -inf -inf -inf -inf -inf -inf -inf -inf -inf -inf -inf -inf -inf 2.598214 -inf -inf -inf -inf -inf -inf -inf -inf,29.2
D2_a0.9,156,8.1775,0,1,19:2.837832:0.0900,2.837832320590867,0.09,0.02,2,-inf -inf -inf -inf -inf -inf -inf -inf -inf -inf -inf -inf -inf -inf -inf -inf -inf -inf -inf -inf -inf -inf -inf -inf -inf -inf -inf -inf -inf -inf -inf -inf -inf -inf -inf -inf -inf -inf -inf -inf -inf -inf -inf -inf -inf -inf -inf -inf -inf -inf -inf -inf 1.167043 -inf -inf -inf -inf -inf -inf -inf -inf -inf -inf -inf -inf -inf -inf -inf -inf -inf -inf -inf -inf -inf -inf -inf -inf -inf -inf -inf -inf -inf 2.967320 -inf -inf -inf -inf -inf -inf -inf -inf -inf -inf -inf -inf -inf -inf -inf -inf,13.4
null_ar,152,10.6937,0,0,,-inf,1.0,1.0,7,-inf -inf -inf -inf -inf -inf -inf -inf -inf -inf -inf -inf -inf -inf -inf -inf -inf -inf -inf -inf -inf 2.042739 -inf -inf 2.609729 -inf -inf -inf -inf 1.745479 -inf -inf -inf -inf -inf -inf -inf -inf -inf -inf -inf -inf 0.513093 -inf -inf -inf -inf -inf -inf 0.746795 -inf -inf -inf -inf -inf -inf -inf -inf 2.290586 -inf -inf -inf -inf -inf -inf -inf -inf -inf -inf -inf -inf -inf -inf -inf -inf -inf -inf -inf -inf -inf -inf -inf -inf -inf -inf -inf -inf -inf -inf -inf -inf -inf -inf -inf -inf -inf 1.942683 -inf -inf,28.6
M1_s1.6,147,5.4684,0,1,20:1.181088:0.6300,1.1810882629352029,0.63,0.09,17,-inf -inf -inf -inf -inf -inf 1.889588 -inf -inf -inf -inf -inf 2.367675 0.470453 -inf -inf 3.163654 -inf -inf -inf -inf -inf -inf 1.209433 -inf -inf -inf -inf -inf -inf -inf -inf -inf -inf 0.579065 1.684201 -inf -inf -inf -inf -inf 1.064078 1.838174 -inf -inf -inf -inf -inf -inf -inf -inf 1.476667 -inf -inf 1.132991 -inf -inf -inf -inf -inf -inf 0.709459 0.580955 -inf -inf -inf 0.882679 -inf -inf -inf -inf -inf -inf -inf -inf -inf -inf -inf 1.330675 -inf -inf -inf -inf -inf -inf -inf -inf -inf 1.134704 -inf -inf -inf -inf -inf -inf -inf -inf 0.583870 -inf,37.7
D2_a0.9,144,6.2533,0,2,22:4.172200:0.0300;37:0.580851:0.8100,4.172199711302164,0.03,0.03,26,3.724081 -inf -inf -inf 1.473848 -inf 4.471302 -inf -inf -inf -inf -inf -inf -inf -inf -inf -inf -inf 3.081823 -inf -inf -inf 4.039726 -inf -inf -inf -inf -inf 3.272476 -inf -inf -inf -inf -inf -inf -inf -inf -inf -inf -inf -inf -inf -inf -inf 0.701472 -inf 2.577798 -inf -inf 3.341524 3.152350 -inf -inf -inf 2.838849 -inf -inf -inf -inf 1.179411 2.801205 -inf -inf -inf -inf 2.096305 -inf 2.955204 -inf -inf -inf -inf 3.353712 -inf 4.579120 -inf -inf 2.831838 -inf -inf -inf -inf -inf -inf -inf 3.932947 -inf -inf -inf -inf 3.200849 3.962121 -inf 2.863658 3.964797 -inf 3.306772 2.425109 2.549822,44.7
D2_a0.9,153,10.6937,0,1,20:2.926031:0.0400,2.926031032901818,0.04,0.03,3,-inf -inf -inf -inf -inf -inf -inf -inf -inf -inf -inf -inf 1.885204 -inf -inf -inf -inf -inf -inf -inf -inf 3.963620 -inf -inf -inf -inf -inf -inf -inf -inf -inf -inf -inf 3.745895 -inf -inf -inf -inf -inf -inf -inf -inf -inf -inf -inf -inf -inf -inf -inf -inf -inf -inf -inf -inf -inf -inf -inf -inf -inf -inf -inf -inf -inf -inf -inf -inf -inf -inf -inf -inf -inf -inf -inf -inf -inf -inf -inf -inf -inf -inf -inf -inf -inf -inf -inf -inf -inf -inf -inf -inf -inf -inf -inf -inf -inf -inf -inf -inf -inf,27.6
null_ar,156,9.3513,0,0,,-inf,1.0,1.0,3,-inf -inf -inf -inf -inf -inf -inf -inf -inf -inf -inf -inf -inf -inf -inf -inf -inf -inf -inf -inf 1.353295 -inf 2.446357 -inf -inf -inf -inf -inf -inf -inf -inf -inf -inf -inf -inf -inf -inf -inf -inf -inf -inf -inf -inf -inf -inf -inf -inf -inf -inf -inf 2.638120 -inf -inf -inf -inf -inf -inf -inf -inf -inf -inf -inf -inf -inf -inf -inf -inf -inf -inf -inf -inf -inf -inf -inf -inf -inf -inf -inf -inf -inf -inf -inf -inf -inf -inf -inf -inf -inf -inf -inf -inf -inf -inf -inf -inf -inf -inf -inf -inf,20.4
null_ar,155,13.9841,0,0,,-inf,1.0,1.0,5,-inf -inf -inf -inf 0.551998 3.625560 -inf -inf -inf -inf -inf -inf -inf -inf -inf -inf -inf -inf -inf -inf -inf -inf -inf -inf -inf -inf -inf -inf -inf -inf -inf -inf -inf -inf -inf -inf -inf -inf -inf -inf -inf -inf -inf -inf -inf -0.050509 -inf -inf -inf -inf -inf -inf -inf -inf -inf -inf -inf -inf -inf -inf -inf -inf -inf -inf -inf -inf -inf -inf -inf -inf -inf -inf -inf -inf -inf -inf -inf -inf -inf -inf -inf -inf 1.226665 -inf -inf -inf 0.245186 -inf -inf -inf -inf -inf -inf -inf -inf -inf -inf -inf -inf,26.4
M1_s1.6,155,7.151,0,1,20:-0.239083:1.0000,-0.23908295600819704,1.0,0.1,9,-inf -inf -inf -inf -inf -inf -inf -inf -inf -inf -inf -inf -inf -inf -inf -inf -inf 1.816032 -inf -inf -inf -inf -inf -inf -inf 1.633131 -inf -inf -inf -inf -inf -inf -inf 1.493371 -inf -inf -inf -inf -inf 2.541760 2.286065 -inf -inf -inf -inf -inf -inf -inf -inf -inf -inf -inf -inf -inf -inf -inf -inf 2.152924 -inf -inf -inf -inf -inf -inf -inf -inf 2.957665 -inf -inf -inf -inf -inf -inf -inf -inf -inf -inf -inf -inf -inf -inf -inf -inf 4.079926 -inf -inf -inf -inf -inf -inf -inf -inf -inf 1.437754 -inf -inf -inf -inf -inf,24.6
M1_s1.6,153,5.4684,0,1,21:1.372542:0.6100,1.3725422220969894,0.61,0.11,14,-inf -inf -inf -inf -inf -inf 3.165282 1.362274 -inf -inf -inf -inf -inf 2.616948 -inf -inf -inf 0.591662 -inf -inf -inf -inf -inf -inf -inf -inf -inf -inf -inf -inf 0.417644 -inf -inf -inf -inf 2.179874 -inf -inf -inf -inf -inf -inf -inf -inf -inf -inf -inf -inf -inf -inf -inf -inf -inf -inf -inf -inf 1.054841 -inf -inf -inf -inf -inf -inf -inf -inf 1.924918 -inf -inf -inf -inf -inf -inf 1.710627 -inf -inf -inf 1.831521 -inf -inf -inf 1.501643 -inf -inf 2.437495 -inf -inf -inf -inf -inf -inf -inf -inf -inf 2.371251 -inf -inf -inf 1.467020 -inf,29.6
null_ar,151,10.6937,0,0,,-inf,1.0,1.0,15,-inf -inf -inf -inf -inf 2.506121 -inf -inf -inf -inf 2.645372 -inf -inf -inf -inf -inf -inf -inf -inf -inf -inf -inf -inf -inf -inf -inf 1.697604 -inf -inf -inf 2.465608 -inf -inf -inf -inf -inf 3.635327 1.876758 -inf -inf -inf -inf -inf -inf -inf 0.368443 -inf -inf -inf -inf -inf -inf 2.212044 -inf -inf -inf -inf -inf -inf -inf -inf -inf -inf -inf -inf -inf 0.693282 -inf -inf -inf -inf -inf -inf -inf -inf 1.473421 -inf 0.370789 -inf 2.022233 -inf -inf -inf -inf -inf -inf -inf 1.777365 -inf -inf -inf -inf -0.133259 -inf -inf -inf 0.825555 -inf -inf,35.6
D2_a0.9,152,7.151,0,1,21:3.764683:0.0100,3.7646829519217824,0.01,0.03,12,-inf -inf -inf -inf -inf 3.916377 -inf -inf -inf -inf -inf -inf -inf -inf -inf 2.152606 -inf 0.724427 -inf -inf -inf -inf 1.279602 -inf -inf 3.921991 -inf -inf -inf -inf -inf -inf -inf -inf -inf -inf -inf -inf -inf -inf -inf -inf -inf -inf -inf -inf -inf -inf -inf -inf 3.015200 -inf -inf -inf -inf 1.936305 -inf -inf -inf -inf -inf -inf -inf -inf -inf -inf 3.153811 -inf -inf -inf -inf -inf -inf -inf -inf -inf -inf 1.088859 -inf 3.146491 -inf -inf -inf -inf -inf -inf -inf -inf -inf -inf -inf -inf 1.014156 -inf 2.017805 -inf -inf -inf -inf,32.7
M1_s1.6,159,6.2533,0,1,20:2.635132:0.1500,2.635131586129708,0.15,0.05,7,-inf -inf -inf -inf -inf -inf -inf -inf -inf -inf -inf -inf -inf -inf -inf -inf -inf -inf -inf -inf -inf -inf -inf -inf -inf 3.331804 -inf 2.518925 -inf -inf -inf -inf -inf -inf -inf -inf -inf -inf -inf -inf -inf -inf -inf -inf -inf -inf -inf -inf -inf -inf -inf -inf -inf -inf -inf -inf -inf -inf -inf -inf -inf -inf -inf 3.559669 2.726879 -inf -inf -inf -inf -inf -inf -inf -inf -inf -inf -inf -inf -inf 1.559416 -inf -inf -inf -inf -inf -inf 2.436482 -inf -inf -inf -inf 2.974619 -inf -inf -inf -inf -inf -inf -inf -inf,15.2
M1_s1.6,156,8.1775,0,1,20:2.224191:0.2800,2.224190810128309,0.28,0.04,5,-inf -inf -inf -inf -inf -inf -inf -inf -inf -inf -inf 1.258103 -inf -inf -inf -inf -inf -inf -inf 3.314241 -inf -inf -inf -inf -inf -inf -inf -inf -inf -inf -inf -inf -inf -inf -inf -inf -inf -inf -inf -inf -inf 1.663858 -inf -inf -inf -inf -inf -inf -inf -inf -inf -inf -inf -inf -inf -inf -inf -inf -inf -inf -inf -inf -inf -inf -inf -inf -inf -inf -inf -inf -inf -inf -inf -inf -inf -inf -inf -inf 2.653383 -inf -inf -inf -inf -inf -inf 2.614263 -inf -inf -inf -inf -inf -inf -inf -inf -inf -inf -inf -inf -inf,21.9
null_ar,154,9.3513,0,1,5:1.113025:0.6400,1.1130245254173057,0.64,0.08,14,-inf -inf -inf -inf -inf -inf -inf -inf -inf -inf 1.048991 2.028162 -inf -inf -inf -inf -inf -inf 1.015056 -inf -inf -inf -inf -inf -inf -inf -inf -inf -inf -inf -inf -inf 0.968861 -inf -inf 1.475298 -inf -inf -inf 0.751163 -inf -inf -inf -inf -inf -inf 0.700291 -inf -inf -inf -inf -inf -inf -inf -inf -inf -inf 1.334824 -inf -inf -inf 1.447925 1.374092 -inf -inf -inf -inf -inf -inf -inf -inf -inf -inf -inf -inf -inf -inf -inf -inf -inf 0.523165 -inf -inf -inf -inf -inf -inf 0.224274 -inf -inf -inf -inf -inf -inf -inf 1.567851 -inf -inf 1.549588,32.7
M1_s1.6,152,7.151,0,1,21:1.340178:0.6100,1.3401775782093086,0.61,0.11,12,-inf 1.728714 -inf -inf -inf -inf -inf -inf -inf -inf -inf -inf -inf -inf 1.746729 -inf -0.086936 -inf -inf -inf -inf -inf 1.558709 -inf 2.165404 -inf -inf -inf -inf -inf -inf -inf -inf -inf -inf -inf -inf -inf -inf 1.805998 -inf -inf -inf -inf 1.350395 -inf -inf -inf -inf -inf -inf -inf -inf 2.513928 -inf -inf 2.499170 2.834765 -inf -inf -inf -inf -inf -inf -inf -inf -inf -inf -inf -inf -inf -inf -inf -inf -inf -inf -inf 1.328584 -inf -inf -inf -inf -inf -inf -inf -inf -inf -inf -inf -inf -inf 1.378051 -inf -inf -inf -inf -inf -inf -inf,35.0
null_ar,159,12.2287,0,0,,-inf,1.0,1.0,1,-inf -inf -inf -inf -inf -inf -inf -inf -inf -inf -inf -inf -inf -inf -inf -inf -inf -inf -inf -inf -inf -inf -inf -inf -inf -inf -inf -inf -inf -inf -inf -inf -inf -inf -inf -inf -inf -inf -inf -inf -inf -inf -inf -inf -inf -inf -inf -inf -inf -inf -inf -inf -inf -inf -inf -inf -inf -inf -inf -inf -inf -inf -inf -inf -inf -inf -inf -inf -inf -inf -inf -inf -inf -inf -inf -inf -inf -inf -inf -inf -inf -inf -inf -inf -inf -inf -inf -inf -inf -inf -inf -inf -inf -inf -inf -inf 0.864914 -inf -inf,19.7
D2_a0.9,149,4.1817,0,2,20:4.462588:0.0100;37:2.264943:0.1800,4.462587582546019,0.01,0.01,33,-inf -inf -inf 2.368943 -inf 2.279887 -inf 0.834858 -inf 2.603793 4.279377 3.865946 2.619940 -inf -inf -inf -inf -inf -inf -inf -inf -inf -inf -inf -inf -inf 3.986065 4.232200 -inf 0.276082 -inf -inf -inf -inf 1.441753 3.948741 -inf 0.240605 -inf 3.210306 -inf -inf -inf 2.048968 -inf 2.030530 4.182123 -inf -inf -inf -inf -inf -inf 2.872987 -inf 3.356545 -inf 3.238225 -inf -inf -inf 1.691836 -inf -inf 2.949408 -inf -inf -inf -inf -inf 1.140546 -inf -inf -inf 3.083439 1.934281 3.812493 -inf -inf -inf -inf -inf -inf 2.070930 1.743741 -inf 0.848330 -inf -inf -inf -inf -inf 0.464226 -inf -inf -inf 0.967797 3.496025 1.265283,43.1
D2_a0.9,157,7.151,0,1,20:4.492038:0.0100,4.49203835321415,0.01,0.01,8,-inf -inf -inf -inf -inf -inf -inf -inf -inf -inf -inf -inf -inf -inf 2.905296 -inf -inf -inf -inf -inf -inf 3.512635 -inf -inf -inf -0.067597 1.145299 -inf -inf -inf -inf -inf -inf -inf -inf -inf -inf -inf -inf -inf -inf -inf -inf -inf -inf -inf -inf -inf -inf -inf -inf -inf -inf -inf -inf -inf -inf -inf -inf -inf -inf -inf 2.419603 -inf -inf -inf -inf -inf -inf -inf -inf -inf -inf -inf -inf -inf -inf -inf 2.104184 -inf -inf -inf -inf -inf -inf -inf -inf -inf 0.493075 -inf -inf -inf -inf -inf 3.203531 -inf -inf -inf -inf,24.0
null_ar,160,12.2287,0,0,,-inf,1.0,1.0,0,-inf -inf -inf -inf -inf -inf -inf -inf -inf -inf -inf -inf -inf -inf -inf -inf -inf -inf -inf -inf -inf -inf -inf -inf -inf -inf -inf -inf -inf -inf -inf -inf -inf -inf -inf -inf -inf -inf -inf -inf -inf -inf -inf -inf -inf -inf -inf -inf -inf -inf -inf -inf -inf -inf -inf -inf -inf -inf -inf -inf -inf -inf -inf -inf -inf -inf -inf -inf -inf -inf -inf -inf -inf -inf -inf -inf -inf -inf -inf -inf -inf -inf -inf -inf -inf -inf -inf -inf -inf -inf -inf -inf -inf -inf -inf -inf -inf -inf -inf,18.8
D2_a0.9,154,4.7819,0,2,18:3.110594:0.0600;23:0.562248:0.8900,3.110594007281662,0.06,0.07,20,-inf -inf 2.652152 -inf -inf -inf -inf 0.524384 -inf -inf -inf -inf -inf 3.543629 -inf -inf -inf -inf -inf -inf -inf 1.340455 -inf -inf -inf -inf -inf -inf -inf -inf 0.925935 -inf 1.290733 1.354039 -inf -inf -inf 3.682756 -inf 3.023688 -inf -inf -inf 1.260155 -inf -inf -inf -inf -inf -inf -inf 0.541613 -inf -inf -inf 3.374629 -inf -inf -inf -inf -inf -inf -inf -inf -inf -inf -inf -inf 3.996570 -inf -inf 1.189584 -inf -inf -inf 4.007051 2.335965 -inf -inf -inf -inf -inf -inf -inf 2.539266 -inf -inf -inf 2.473055 -inf -inf -inf -inf 2.787282 -inf -inf -inf 3.233725 -inf,34.6
M1_s1.6,158,8.1775,0,1,20:0.295502:0.9700,0.29550243650647956,0.97,0.05,4,-inf -inf -inf -inf -inf -inf -inf 0.979078 -inf -inf -inf -inf -inf -inf -inf -inf -inf -inf -inf -inf -inf -inf -inf -inf -inf -inf -inf -inf -inf -inf -inf -inf -inf 0.361766 -inf -inf -inf -inf -inf -inf 1.234219 -inf -inf 1.911668 -inf -inf -inf -inf -inf -inf -inf -inf -inf -inf -inf -inf -inf -inf -inf -inf -inf -inf -inf -inf -inf -inf -inf -inf -inf -inf -inf -inf -inf -inf -inf -inf -inf -inf -inf -inf -inf -inf -inf -inf -inf -inf -inf -inf -inf -inf -inf -inf -inf -inf -inf -inf -inf -inf -inf,21.9
null_ar,157,12.2287,0,0,,-inf,1.0,1.0,4,-inf -inf -inf 0.921092 -inf -inf -inf -inf -inf -inf -inf -inf -inf -inf -inf -inf -inf -inf -inf -inf -inf -inf -inf -inf -inf -inf -inf -inf -inf -inf -inf -inf -inf -inf -inf -inf -inf -inf -inf -inf -inf -inf -inf -inf -inf -inf -inf -inf -inf -inf -inf -inf 3.002568 -inf -inf -inf -inf -inf -inf -inf 1.443337 -inf -inf -inf 1.856520 -inf -inf -inf -inf -inf -inf -inf -inf -inf -inf -inf -inf -inf -inf -inf -inf -inf -inf -inf -inf -inf -inf -inf -inf -inf -inf -inf -inf -inf -inf -inf -inf -inf -inf,26.5
D2_a0.9,160,8.1775,0,1,20:3.095743:0.0700,3.0957431815128826,0.07,0.02,1,-inf -inf -inf -inf -inf -inf -inf -inf -inf -inf -inf -inf -inf -inf -inf -inf -inf -inf -inf -inf -inf -inf -inf -inf -inf -inf -inf -inf -inf -inf -inf -inf -inf -inf -inf -inf -inf -inf -inf -inf -inf -inf -inf -inf -inf -inf -inf 3.152247 -inf -inf -inf -inf -inf -inf -inf -inf -inf -inf -inf -inf -inf -inf -inf -inf -inf -inf -inf -inf -inf -inf -inf -inf -inf -inf -inf -inf -inf -inf -inf -inf -inf -inf -inf -inf -inf -inf -inf -inf -inf -inf -inf -inf -inf -inf -inf -inf -inf -inf -inf,20.0
D2_a0.9,155,7.151,0,1,21:2.265091:0.1900,2.265090858604219,0.19,0.11,20,0.650751 -inf -inf -inf -inf 4.020551 -inf -inf 3.031426 -inf 1.154302 -inf -inf -inf -inf -inf -inf -inf 2.593674 -inf -inf -inf -inf -inf -inf -inf -inf -inf -inf -inf 2.808692 -inf -inf -inf -inf 2.535402 -inf -inf -inf 2.190684 -inf -inf -inf -inf -inf -inf 1.750684 -inf -inf -inf -inf 3.071958 -inf -inf -inf -inf -inf -inf -inf -inf -inf -inf -inf -inf 1.633935 2.728500 -inf -inf -inf -inf -inf -inf -inf 3.717596 3.209874 -inf -inf -inf -inf -inf -inf -inf 1.623320 1.771331 1.899550 -inf -inf -inf 2.367462 2.256121 -inf -inf 1.124552 -inf -inf -inf -inf -inf -inf,32.5
null_ar,158,15.9915,0,1,21:0.411284:0.8800,0.4112843121636627,0.88,0.03,3,-inf -inf -inf -inf -inf -inf -inf -inf -inf -inf -inf -inf -inf 2.396949 -inf -inf -inf -inf -inf -inf -inf -inf -inf -inf -inf -inf -inf -inf -inf -inf -inf -inf -inf -inf -inf 2.366770 -inf -inf -inf -inf -inf -inf -inf -inf -inf -inf -inf -inf -inf -inf -inf -inf -inf -inf -inf -inf -inf -inf -inf -inf -inf -inf -inf -inf -inf -inf -inf -inf -inf -inf -inf -inf -inf -inf -inf -inf -inf -inf -inf -inf -inf 0.058934 -inf -inf -inf -inf -inf -inf -inf -inf -inf -inf -inf -inf -inf -inf -inf -inf -inf,26.6
M1_s1.6,161,8.1775,0,1,20:0.692641:0.8100,0.6926412532883377,0.81,0.14,13,-inf -inf -inf 2.957471 -inf -inf -inf -inf -inf -inf 1.394172 -inf 3.030501 -inf 3.360992 -inf -inf -inf -inf 1.838696 -inf -inf -inf -inf -inf -inf -inf -inf -inf -inf -inf 1.831068 -inf -inf -inf -inf -inf -inf -inf -inf 3.506253 -inf -inf -inf -inf -inf -inf -inf -inf -inf -inf 3.465924 -inf -inf -inf -inf -inf -inf -inf -inf -inf -inf -inf -inf 2.415175 -inf -inf -inf -inf -inf -inf -inf -inf -inf -inf 1.138130 -inf -inf -inf -inf -inf -inf 0.890532 -inf -inf 3.531305 -inf -inf -inf -inf -inf -inf -inf -inf -inf -inf -inf -inf 1.098534,17.3
null_ar,165,12.2287,0,0,,-inf,1.0,1.0,0,-inf -inf -inf -inf -inf -inf -inf -inf -inf -inf -inf -inf -inf -inf -inf -inf -inf -inf -inf -inf -inf -inf -inf -inf -inf -inf -inf -inf -inf -inf -inf -inf -inf -inf -inf -inf -inf -inf -inf -inf -inf -inf -inf -inf -inf -inf -inf -inf -inf -inf -inf -inf -inf -inf -inf -inf -inf -inf -inf -inf -inf -inf -inf -inf -inf -inf -inf -inf -inf -inf -inf -inf -inf -inf -inf -inf -inf -inf -inf -inf -inf -inf -inf -inf -inf -inf -inf -inf -inf -inf -inf -inf -inf -inf -inf -inf -inf -inf -inf,11.6
M1_s1.6,157,7.151,0,1,13:3.201008:0.0700,3.2010078389070156,0.07,0.02,9,-inf -inf -inf -inf -inf -inf -inf -inf -inf 1.077744 1.269036 -inf -inf -inf -inf -inf 0.701101 -inf -inf -inf -inf -inf -inf -inf 3.552587 -inf -inf -inf -inf -inf -inf -inf -inf -inf -inf -inf -inf -inf -inf 1.639162 -inf -inf -inf -inf -inf -inf -inf -inf -inf -inf -inf -inf -inf -inf -inf -inf -inf -inf -inf -inf -inf -inf -inf -inf -inf -inf -inf -inf 1.654274 1.083292 -inf -inf -inf -inf -inf -inf -inf -inf -inf -inf -inf -inf 1.269123 -inf -inf -inf -inf -inf -inf -inf -inf -inf -inf -inf -inf -inf -inf -inf 2.363469,31.0
D2_a0.9,158,7.151,0,1,22:2.959181:0.0700,2.959181133525874,0.07,0.02,5,-inf -inf -inf -inf -inf -inf -inf -inf -inf -inf -inf -inf -inf -inf -inf -inf -inf -inf -inf -inf -inf -inf -inf -inf -inf -inf -inf -inf -inf -inf -inf -inf -inf -inf -inf -inf -inf -inf -inf -inf -inf -inf -inf -inf -inf -inf -inf -inf -inf -inf -inf -inf -inf -inf -inf -inf -inf -inf 2.084171 -inf -inf -inf -inf -inf -inf 2.900345 -inf -inf -inf -inf -inf 3.215745 -inf -inf -inf -inf -inf -inf -inf -inf -inf -inf -inf -inf -inf -inf -inf -inf -inf -inf -inf -inf -inf -inf 2.809692 -inf 2.907193 -inf -inf,28.0
D2_a0.9,159,8.1775,0,1,20:3.748206:0.0200,3.7482060475424372,0.02,0.02,3,-inf -inf -inf -inf -inf -inf -inf -inf -inf -inf -inf -inf -inf -inf -inf -inf -inf -inf 1.300176 -inf -inf -inf -inf -inf -inf -inf -inf -inf -inf -inf -inf -inf -inf -inf 3.651294 -inf -inf -inf -inf -inf -inf -inf -inf -inf -inf -inf -inf -inf -inf -inf -inf -inf -inf -inf -inf -inf -inf -inf -inf -inf -inf -inf -inf -inf -inf -inf -inf -inf -inf -inf -inf -inf -inf 3.882834 -inf -inf -inf -inf -inf -inf -inf -inf -inf -inf -inf -inf -inf -inf -inf -inf -inf -inf -inf -inf -inf -inf -inf -inf -inf,26.6
null_ar,161,15.9915,0,0,,-inf,1.0,1.0,4,-inf -inf -inf -inf -inf -inf -inf -inf 2.169841 -inf -inf -inf -inf -inf -inf -inf -inf -inf -inf -inf -inf -inf -inf -inf -inf -inf -inf -inf -inf -inf -inf -inf -inf -inf -inf 2.074646 -inf -inf -inf -inf 1.313867 -inf -inf -inf -inf -inf -inf -inf -inf -inf -inf -inf -inf -inf -inf -inf -inf -inf -inf -inf -inf -inf -inf -inf -inf -inf -inf -inf -inf -inf -inf -inf -inf -inf -inf -inf -inf 1.348400 -inf -inf -inf -inf -inf -inf -inf -inf -inf -inf -inf -inf -inf -inf -inf -inf -inf -inf -inf -inf -inf,26.5
null_ar,163,13.9841,0,0,,-inf,1.0,1.0,3,-inf -inf -inf -inf -inf -inf -inf -inf -inf -inf -inf -inf -inf 2.075496 -inf -inf -inf -inf -inf -inf -inf -inf -inf -inf -inf -inf -inf -inf -inf -inf -inf -inf -inf -inf -inf -inf -inf -inf -inf -inf -inf -inf -inf -inf -inf -inf -inf -inf -inf -inf -inf -inf -inf -inf -inf -inf -inf -inf -inf -inf -inf -inf -inf -inf -inf -inf 0.291791 -inf -inf -inf -inf -inf -inf -inf -inf -inf -inf -inf -inf 2.119588 -inf -inf -inf -inf -inf -inf -inf -inf -inf -inf -inf -inf -inf -inf -inf -inf -inf -inf -inf,20.7
M1_s1.6,160,6.2533,0,1,21:1.341465:0.6600,1.341464703287516,0.66,0.11,22,-inf -inf -inf -inf -inf -inf -inf -inf -inf -inf -inf 3.581359 -inf -inf -inf 1.771810 0.880864 -inf -inf -inf 0.780029 -inf -inf 1.301051 -inf -inf 1.570751 -inf -inf 2.342216 -inf -inf 1.907655 -inf -inf 0.584136 -inf 1.260347 -inf -inf -inf -inf -inf -inf -inf -inf 0.951523 -inf 2.025860 -inf -inf -inf 0.759196 0.990415 -inf -inf -inf -inf 0.981381 -inf -inf 0.583676 -inf -inf -inf -inf -inf -inf -inf -inf 0.461456 -inf -inf 0.607986 -inf -inf -inf -inf -inf 1.455819 -inf -inf -inf -inf 1.828622 -inf 1.878006 -inf -inf -inf -inf -inf -inf -inf -inf 2.432278 -inf -inf -inf,32.7
null_ar,164,12.2287,0,0,,-inf,1.0,1.0,7,-inf -inf -inf -inf 1.043672 2.558256 -inf -inf -inf -inf -inf -inf -inf -inf -inf -inf -inf -inf -inf -inf -inf -inf -inf -inf -inf -inf -inf -inf -inf -inf -inf -inf -inf -inf -inf -inf 1.556856 -inf -inf -inf -inf -inf -inf -inf -inf -inf -inf -inf 0.467968 -inf -inf -inf -inf -inf -inf -inf -inf -inf -inf -inf 1.057850 -inf -inf -inf 1.456116 -inf -inf -inf -inf -inf -inf -inf -inf -inf -inf -inf -inf -inf -inf -inf -inf -inf -inf -inf -inf -inf -inf -inf -inf -inf -inf -inf -inf -inf -inf -inf 1.092027 -inf -inf,22.2
D2_a0.9,163,5.4684,0,1,20:3.664095:0.0300,3.6640946380868256,0.03,0.02,7,-inf -inf -inf -inf -inf 2.328120 -inf -inf -inf -inf -inf -inf -inf -inf -inf -inf -inf -inf -inf -inf -inf -inf -inf -inf -inf -inf -inf -inf -inf -inf -inf -inf -inf -inf -inf -inf -inf 2.338707 -inf -inf -inf -inf -inf -inf -inf -inf -inf -inf -inf -inf 3.544450 -inf -inf -inf -inf -inf -inf -inf -inf -inf -inf -inf -inf -inf -inf 1.484959 -inf -inf -inf -inf -inf -inf -inf -inf -inf -inf 2.438165 -inf -inf -inf -inf -inf -inf -inf -inf -inf -inf 3.777529 -inf -inf -inf -inf -inf -inf -inf 1.225201 -inf -inf -inf,23.5
D2_a0.9,161,8.1775,0,1,20:4.023256:0.0200,4.023256435523454,0.02,0.01,6,-inf -inf -inf -inf -inf -inf -inf -inf -inf -inf -inf -inf -inf -inf -inf -inf -inf -inf -inf -inf -inf 2.651899 -inf 1.556327 -inf -inf -inf 2.557946 -inf -inf -inf -inf -inf -inf -inf -inf -inf -inf -inf -inf -inf -inf -inf -inf -inf -inf -inf -inf -inf 3.261399 -inf -inf -inf -inf -inf -inf -inf -inf -inf -inf -inf -inf -inf -inf -inf 3.571729 -inf -inf -inf -inf -inf -inf -inf -inf -inf -inf -inf -inf -inf -inf -inf -inf -inf -inf 0.922199 -inf -inf -inf -inf -inf -inf -inf -inf -inf -inf -inf -inf -inf -inf,29.1
null_ar,170,15.9915,0,0,,-inf,1.0,1.0,1,-inf -inf -inf -inf -inf -inf -inf -inf -inf -inf -inf -inf -inf -inf -inf -inf -inf -inf -inf -inf -inf -inf -inf -inf -inf -inf -inf -inf -inf -inf -inf -inf -inf -inf -inf -inf -inf -inf -inf -inf -inf -inf -inf -inf -inf -inf -inf -inf -inf -inf -inf -inf -inf -inf -inf -inf -inf -inf -inf -inf -inf -inf -inf -inf -inf -inf -inf -inf -inf -inf -inf -inf -inf -inf -inf -inf -inf -inf -inf -inf -inf -inf -inf -inf -inf -inf -inf -inf -inf -inf -inf -inf 0.834191 -inf -inf -inf -inf -inf -inf,11.9
null_ar,162,10.6937,0,0,,-inf,1.0,1.0,10,-inf -inf -inf -0.008964 -inf -inf -inf -inf -inf -inf -inf -0.050501 -inf -inf -inf -inf 0.553316 -inf -inf -inf -inf -inf -inf -inf 1.360356 -inf -inf -inf -inf -inf -inf -inf -inf -inf -inf -inf -inf -inf -inf -inf -inf -inf -inf -inf -inf -inf -inf 0.649662 -inf -inf -inf -inf 1.419373 -inf -inf -inf -inf -inf -inf -inf -inf -inf -inf -inf -inf -inf -inf -inf -inf 2.255889 -inf -inf -inf -inf -inf -inf -inf -inf 1.584974 -inf -inf -inf -inf -inf 1.223585 -inf -inf -inf -inf -inf 2.877462 -inf -inf -inf -inf -inf -inf -inf -inf,29.4
D2_a0.9,169,5.4684,0,0,,-inf,1.0,1.0,3,-inf -inf -inf -inf -inf -inf 1.224168 -inf -inf -inf -inf -inf -inf -inf -inf -inf -inf -inf -inf -inf -inf -inf -inf -inf -inf -inf -inf -inf -inf -inf -inf -inf -inf -inf -inf -inf -inf -inf -inf -inf -inf -inf -inf -inf -inf -inf -inf -inf -inf -inf -inf -inf -inf -inf -inf -inf -inf 1.597906 -inf -inf -inf -inf -inf -inf -inf -inf -inf -inf 2.274242 -inf -inf -inf -inf -inf -inf -inf -inf -inf -inf -inf -inf -inf -inf -inf -inf -inf -inf -inf -inf -inf -inf -inf -inf -inf -inf -inf -inf -inf -inf,13.1
null_ar,167,23.9139,0,0,,-inf,1.0,1.0,2,-inf -inf -inf -inf -inf -inf 2.585191 -inf -inf -inf -inf -inf -inf -inf -inf -inf -inf -inf -inf -inf -inf -inf -inf -inf -inf -inf -inf -inf -inf -inf -inf -inf -inf -inf -inf -inf -inf -inf -inf -inf -inf -inf -inf -inf -inf -inf -inf -inf -inf -inf -inf -inf -inf -inf -inf -inf -inf -inf -inf -inf 1.960454 -inf -inf -inf -inf -inf -inf -inf -inf -inf -inf -inf -inf -inf -inf -inf -inf -inf -inf -inf -inf -inf -inf -inf -inf -inf -inf -inf -inf -inf -inf -inf -inf -inf -inf -inf -inf -inf -inf,20.1
M1_s1.6,162,8.1775,0,1,20:1.465178:0.5300,1.4651780340635816,0.53,0.06,7,-inf -inf -inf 3.220866 -inf -inf -inf -inf -inf -inf -inf -inf -inf -inf -inf -inf -inf -inf -inf -inf -inf -inf -inf -inf -inf -inf -inf -inf -inf -inf -inf -inf -inf -inf -inf -inf -inf -inf -inf -inf -inf -inf -inf -inf -inf -inf -inf -inf -inf -inf -0.338893 -inf -inf -inf -inf -inf -inf -inf -inf -inf -inf -inf -inf -inf -inf -inf -inf 1.079719 -inf -inf -inf -inf -inf -inf -inf -inf -inf -inf -inf -inf -inf -inf -inf -inf 2.680640 -inf -inf -inf -inf 1.759820 -inf -inf -inf 2.845455 -inf -inf 2.349127 -inf -inf,29.9
D2_a0.9,162,7.151,0,1,18:4.507615:0.0100,4.507614735031066,0.01,0.01,5,-inf -inf -inf -inf -inf -inf -inf -inf -inf -inf -inf 2.658243 -inf -inf -inf -inf -inf -inf -inf -inf -inf -inf -inf -inf -inf -inf 1.497291 -inf -inf -inf -inf -inf 1.402579 -inf -inf -inf -inf -inf -inf -inf -inf -inf -inf -inf -inf -inf -inf -inf -inf -inf -inf -inf -inf -inf -inf -inf -inf -inf -inf -inf -inf -inf -inf -inf -inf -inf -inf -inf -inf -inf 3.334176 -inf -inf -inf -inf -inf -inf -inf -inf -inf -inf -inf -inf -inf -inf -inf -inf -inf -inf -inf -inf -inf -inf -inf -inf 3.708870 -inf -inf -inf,28.4
D2_a0.9,165,9.3513,0,1,19:3.773316:0.0100,3.773316364991392,0.01,0.01,0,-inf -inf -inf -inf -inf -inf -inf -inf -inf -inf -inf -inf -inf -inf -inf -inf -inf -inf -inf -inf -inf -inf -inf -inf -inf -inf -inf -inf -inf -inf -inf -inf -inf -inf -inf -inf -inf -inf -inf -inf -inf -inf -inf -inf -inf -inf -inf -inf -inf -inf -inf -inf -inf -inf -inf -inf -inf -inf -inf -inf -inf -inf -inf -inf -inf -inf -inf -inf -inf -inf -inf -inf -inf -inf -inf -inf -inf -inf -inf -inf -inf -inf -inf -inf -inf -inf -inf -inf -inf -inf -inf -inf -inf -inf -inf -inf -inf -inf -inf,24.1
null_ar,169,13.9841,0,0,,-inf,1.0,1.0,0,-inf -inf -inf -inf -inf -inf -inf -inf -inf -inf -inf -inf -inf -inf -inf -inf -inf -inf -inf -inf -inf -inf -inf -inf -inf -inf -inf -inf -inf -inf -inf -inf -inf -inf -inf -inf -inf -inf -inf -inf -inf -inf -inf -inf -inf -inf -inf -inf -inf -inf -inf -inf -inf -inf -inf -inf -inf -inf -inf -inf -inf -inf -inf -inf -inf -inf -inf -inf -inf -inf -inf -inf -inf -inf -inf -inf -inf -inf -inf -inf -inf -inf -inf -inf -inf -inf -inf -inf -inf -inf -inf -inf -inf -inf -inf -inf -inf -inf -inf,18.9
M1_s1.6,163,7.151,0,1,17:3.264755:0.0400,3.2647550601675466,0.04,0.02,6,-inf 2.980029 -inf -inf -inf -inf -inf -inf -inf 0.731031 -inf -inf -inf -inf -inf -inf -inf -inf -inf -inf -inf -inf -inf -inf -inf -inf -inf -inf -inf -inf -inf -inf -inf -inf -inf -inf -inf 2.136264 -inf -inf -inf -inf -inf -inf -inf -inf -inf -inf -inf -inf -inf -inf -inf -inf -inf -inf -inf -inf -inf -inf -inf -inf -inf -inf -inf -inf -inf 2.373115 -inf -inf -inf -inf -inf -inf -inf -inf -inf -inf -inf 2.394196 -inf -inf -inf -inf -inf -inf -inf -inf -inf -inf 3.400093 -inf -inf -inf -inf -inf -inf -inf -inf,29.0
D2_a0.9,166,6.2533,0,1,19:3.026956:0.0500,3.026955857492481,0.05,0.04,8,-inf -inf -inf -inf -inf -inf -inf -inf -inf -inf -inf -inf 3.310806 -inf -inf -inf -inf -inf 0.851861 -inf -inf -inf -inf -inf -inf -inf -inf -inf -inf -inf -inf -inf -inf -inf -inf -inf -inf -inf -inf -inf -inf -inf -inf -inf -inf -inf -inf -inf -inf -inf -inf -inf 3.315982 -inf -inf -inf 2.879401 1.895377 -inf -inf -inf -inf -inf 1.682148 -inf -inf -inf -inf -inf 3.036011 -inf -inf -inf -inf -inf -inf -inf -inf 0.714677 -inf -inf -inf -inf -inf -inf -inf -inf -inf -inf -inf -inf -inf -inf -inf -inf -inf -inf -inf -inf,24.4
null_ar,168,13.9841,0,0,,-inf,1.0,1.0,9,-inf -inf 0.652327 -inf -inf -inf -inf -inf -inf -inf -inf -inf -inf -inf -inf -inf -inf -inf -inf -inf -inf -inf -inf 1.892367 -inf -inf -inf 3.333388 -inf -inf -inf -inf 1.579481 -inf 2.082727 -inf -inf -inf -inf -inf -inf -inf -inf 3.838707 -inf -inf -inf -inf -inf -inf -inf -inf -inf -inf 2.873557 2.847803 -inf -inf -inf -inf -inf -inf -inf -inf -inf -inf -inf -inf -inf -inf -inf -inf -inf -inf -inf -inf -inf -inf -inf -inf -inf -inf -inf -inf 3.318322 -inf -inf -inf -inf -inf -inf -inf -inf -inf -inf -inf -inf -inf -inf,23.1
D2_a0.9,168,7.151,0,1,19:3.737122:0.0300,3.7371222535787108,0.03,0.02,4,-inf -inf -inf -inf -inf -inf -inf -inf -inf -inf 4.360623 -inf -inf -inf -inf -inf -inf -inf -inf -inf -inf -inf -inf -inf 2.091187 -inf -inf -inf -inf -inf -inf -inf -inf -inf -inf -inf -inf -inf -inf -inf -inf -inf -inf -inf -inf -inf -inf -inf -inf -inf -inf -inf -inf -inf -inf -inf -inf -inf -inf 2.016410 -inf -inf -inf -inf -inf -inf -inf -inf -inf -inf -inf -inf -inf -inf -inf -inf -inf -inf 1.874427 -inf -inf -inf -inf -inf -inf -inf -inf -inf -inf -inf -inf -inf -inf -inf -inf -inf -inf -inf -inf,21.6
null_ar,166,12.2287,0,0,,-inf,1.0,1.0,6,-inf -inf -inf -inf -inf -inf -inf -inf -inf -inf -inf -inf -inf -0.120085 -inf -inf -inf -inf -inf -inf -inf -inf -inf -inf -inf -inf -inf 0.260830 -inf -inf -inf -inf -inf -inf -inf -inf -inf -inf -inf -inf -inf -inf -inf -inf -inf -inf -inf -inf -inf -inf -inf -inf -inf -inf -inf -inf -inf -inf -inf -inf -inf -inf 0.641155 -inf -inf -inf -inf -inf -inf -inf -inf -inf -inf -inf -inf -inf -inf -inf -inf -inf -inf -inf -inf -inf -inf -inf -inf 1.432217 -inf -inf -inf -inf -inf -inf 1.524180 0.520038 -inf -inf -inf,27.3
M1_s1.6,165,5.4684,0,1,20:1.989232:0.3000,1.9892321613554897,0.3,0.08,17,-inf -inf -inf -inf -inf -inf 0.961772 2.659062 -inf 2.952555 -inf -inf -inf -inf -inf -inf -inf -inf 3.023617 -inf -inf -inf -inf -inf 1.807158 -inf -inf -inf -inf -inf 1.620592 -inf -inf -inf 1.953860 -inf -inf -inf -inf -inf -inf -inf -inf -inf -inf -inf -inf -inf -inf -inf -inf 1.245683 -inf -inf -inf 2.194030 -inf -inf -inf -inf -inf -inf 3.630515 -inf -inf -inf 3.203553 -inf -inf -inf 1.915128 -inf -inf -inf -inf -inf 1.877179 -inf -inf -inf 0.709522 -inf -inf -inf -inf -inf -inf 2.015852 -inf -inf -inf -inf -inf -inf 1.398590 -inf -inf 1.125067 -inf,31.8
D2_a0.9,164,6.2533,0,1,30:2.076805:0.2800,2.0768051197964223,0.28,0.04,12,-inf -inf -inf -inf -inf -inf -inf -inf -inf -inf -inf -inf -inf -inf 1.387175 -inf -inf -inf -inf -inf -inf -inf -inf -inf -inf -inf -inf -inf -inf -inf -inf 1.067055 -inf -inf -inf -inf -inf -inf 2.642190 2.135441 -inf -inf -inf -inf -inf -inf -inf 0.891726 -inf -inf -inf -inf -inf -inf 1.434560 -inf -inf -inf -inf -inf -inf -inf -inf -inf -inf -inf -inf -inf 0.738686 -inf -inf -inf 1.522944 -inf 0.400015 -inf -inf -inf -inf -inf 2.272987 -inf -inf -inf -inf -inf -inf -inf -inf -inf -inf 0.733093 -inf -inf -inf 1.554712 -inf -inf -inf,33.8
M1_s1.6,168,8.1775,0,1,20:1.713936:0.4500,1.713935862839896,0.45,0.03,4,-inf -inf -inf -inf -inf -inf -inf -inf 1.743764 -inf -inf -inf -inf -inf -inf -inf -inf -inf -inf -inf -inf -inf -inf -inf -inf -inf -inf -inf -inf -inf -inf -inf -inf -inf -inf -inf -inf -inf -inf -inf -inf -inf -inf -inf 0.181122 -inf -inf -inf -inf -inf -inf -inf -inf -inf -inf -inf 2.840200 -inf -inf -inf -inf -inf -inf -inf -inf -inf -inf -inf -inf -inf -inf -inf -inf -inf -inf -inf -inf -inf -inf -inf -inf -inf -inf -inf -inf -inf -inf -inf -inf 0.947435 -inf -inf -inf -inf -inf -inf -inf -inf -inf,27.4
M1_s1.6,164,8.1775,0,1,20:1.112278:0.7100,1.1122783626837731,0.71,0.11,15,-inf -inf -inf -inf -inf -inf -inf -inf 0.544144 -inf -inf -inf -inf -inf -inf -inf -inf -inf -inf -inf -inf -inf -inf -inf -inf -inf -inf 0.843802 -inf -inf 1.564393 -inf -inf -inf -inf -inf -inf -inf -inf -inf -inf 1.360968 0.481040 -inf -inf -inf 3.850194 -inf -inf -inf 3.454436 -inf -inf -inf -inf -inf -inf -inf -inf -inf 2.583763 -inf -inf -inf 1.210100 -inf -inf -inf 2.034039 -inf -inf -inf -inf -inf -inf -inf -inf -inf -inf 2.268245 -inf -inf -inf -inf -inf -inf -inf -inf 2.449441 0.779205 -inf -inf -inf -inf -inf -inf 0.970990 -inf 3.891392,36.4
D2_a0.9,167,8.1775,0,1,20:3.356607:0.0500,3.356607282521944,0.05,0.02,11,-inf -inf -inf -inf -inf -inf -inf -inf -inf -inf -inf -inf -inf -inf -inf -inf -inf -inf -inf -inf -inf -inf -inf 2.159592 -inf -inf -inf -inf 1.744852 -inf -inf -inf -inf -inf -inf -inf -inf -inf 1.813206 -inf -inf -inf -inf -inf -inf -inf -inf -inf -inf -inf -inf -inf -inf -inf -inf -inf -inf -inf -inf -inf -inf -inf -inf -inf -inf -inf -inf -inf -inf -inf 1.710011 -inf -inf -inf -inf -inf -inf -inf 1.487497 -inf 3.222287 -inf 1.025735 -inf 0.742398 -inf -inf 2.800465 -inf 3.507454 2.889333 -inf -inf -inf -inf -inf -inf -inf -inf,30.9
M1_s1.6,169,8.1775,0,1,20:2.421801:0.1600,2.4218013855362654,0.16,0.04,5,-inf -inf -inf -inf -inf 0.997736 -inf -inf -inf -inf -inf -inf -inf -inf -inf -inf -inf -inf -inf -inf -inf -inf -inf -inf -inf -inf -inf -inf -inf -inf -inf -inf -inf -inf 3.017878 -inf -inf -inf -inf -inf -inf -inf -inf -inf -inf -inf -inf -inf -inf -inf -inf -inf -inf -inf -inf -inf -inf -inf 3.112464 -inf -inf -inf -inf -inf -inf -inf 2.777954 -inf -inf -inf 2.348986 -inf -inf -inf -inf -inf -inf -inf -inf -inf -inf -inf -inf -inf -inf -inf -inf -inf -inf -inf -inf -inf -inf -inf -inf -inf -inf -inf -inf,28.2
M1_s1.6,170,5.4684,0,1,21:0.784717:0.8600,0.7847173781075891,0.86,0.05,4,-inf -inf -inf -inf -inf -inf -inf -inf -inf -inf -inf -inf -inf -inf -inf -inf -inf -inf -inf -inf -inf -inf -inf -inf -inf -inf -inf -inf -inf -inf -inf -inf -inf -inf -inf -inf -inf -inf -inf -inf -inf -inf -inf -inf 1.223952 -inf -inf -inf -inf -inf -inf -inf -inf -inf -inf -inf -inf -inf -inf -inf -inf -inf -inf -inf -inf -inf -inf -inf -inf -inf -inf 0.958267 -inf -inf -inf -inf -inf -inf -inf -inf -inf -inf -inf -inf -inf 1.312683 -inf -inf -inf -inf -inf -inf 1.711886 -inf -inf -inf -inf -inf -inf,27.2
D2_a0.9,170,9.3513,0,1,19:2.273196:0.2300,2.273196078795988,0.23,0.03,3,-inf -inf -inf -inf -inf -inf -inf -inf -inf -inf -inf -inf -inf -inf -inf -inf -inf -inf -inf -inf -inf -inf -inf -inf -inf -inf -inf -inf -inf -inf -inf -inf 2.036633 -inf -inf -inf -inf -inf -inf -inf -inf -inf -inf -inf -inf -inf -inf -inf -inf -inf -inf -inf 4.192216 -inf -inf -inf -inf -inf -inf -inf -inf -inf 4.224297 -inf -inf -inf -inf -inf -inf -inf -inf -inf -inf -inf -inf -inf -inf -inf -inf -inf -inf -inf -inf -inf -inf -inf -inf -inf -inf -inf -inf -inf -inf -inf -inf -inf -inf -inf -inf,26.8
null_ar,171,13.9841,0,0,,-inf,1.0,1.0,8,-inf -inf -inf -inf -inf -inf -inf -inf -inf -inf -inf 1.600958 -inf -inf -inf -inf -inf -inf 1.118997 -inf -inf -inf -inf -inf -inf -inf -inf -inf -inf -inf -inf -inf -inf -inf -inf -inf -inf -inf -0.260692 -inf -inf -inf -inf -inf -inf -inf -inf -inf -inf 0.696363 -inf -inf -inf -inf -inf -inf -inf -inf -inf -inf 2.293310 -inf -inf -inf -inf -inf -inf -inf -inf -inf -inf -inf -inf -inf -inf 1.907539 -inf -inf -inf -inf -inf -inf -inf -inf -inf -inf -inf -0.193704 -inf -inf -inf -inf -inf 2.299847 -inf -inf -inf -inf -inf,28.5
M1_s1.6,173,10.6937,0,1,19:1.280919:0.5000,1.280918743928426,0.5,0.03,2,-inf -inf -inf -inf -inf -inf -inf -inf -inf -inf -inf -inf -inf -inf -inf -inf -inf -inf -inf 1.806065 -inf -inf -inf -inf -inf -inf -inf -inf -inf -inf -inf -inf -inf -inf -inf -inf -inf -inf -inf 1.856385 -inf -inf -inf -inf -inf -inf -inf -inf -inf -inf -inf -inf -inf -inf -inf -inf -inf -inf -inf -inf -inf -inf -inf -inf -inf -inf -inf -inf -inf -inf -inf -inf -inf -inf -inf -inf -inf -inf -inf -inf -inf -inf -inf -inf -inf -inf -inf -inf -inf -inf -inf -inf -inf -inf -inf -inf -inf -inf -inf,17.3
null_ar,174,13.9841,0,0,,-inf,1.0,1.0,1,-inf -inf -inf -inf -inf -inf -inf -inf -inf -inf -inf -inf -inf -inf -inf -inf -inf -inf -inf -inf -inf -inf -inf -inf -inf -inf -inf -inf -inf -inf -inf -inf -inf -inf -inf -inf -inf -inf -inf -inf -inf -inf -inf -inf -inf -inf -inf -inf -inf -inf -inf -inf -inf -inf -inf -inf -inf -inf -inf -inf -inf -inf -inf 2.226835 -inf -inf -inf -inf -inf -inf -inf -inf -inf -inf -inf -inf -inf -inf -inf -inf -inf -inf -inf -inf -inf -inf -inf -inf -inf -inf -inf -inf -inf -inf -inf -inf -inf -inf -inf,17.2
M1_s1.6,166,6.2533,0,1,19:0.465849:0.8900,0.4658494720906475,0.89,0.29,31,-inf -inf -inf -inf 0.997970 2.292378 1.460141 -inf -inf -inf -inf 0.534323 1.796483 1.817604 -inf -inf -0.147760 1.666496 1.904001 -inf -inf -inf 1.075925 -inf -inf -inf -inf -inf -inf 1.316132 -inf -inf -inf -inf 0.674147 -inf -inf 0.794397 -inf -inf 2.228216 -inf -inf 2.379375 -inf -inf -inf -inf 2.294279 -inf 1.272261 -inf -inf -inf -inf -inf -inf -inf 0.847308 -inf -inf 2.012737 -inf -inf -inf 1.277884 1.382793 -inf -inf -inf -inf 2.773493 -inf -inf 3.153962 -inf -inf -inf 0.553892 2.382138 -inf -inf -inf 1.867188 -inf 2.479413 2.255788 -inf -inf 0.411922 1.617814 -inf -inf -inf -inf -inf -inf -inf 0.343488,38.8
M1_s1.6,172,6.2533,0,1,20:1.556702:0.4700,1.5567024837072148,0.47,0.05,5,-inf -inf -inf -inf -inf -inf -inf -inf -inf -inf 0.962795 -inf -inf -inf -inf -inf -inf -inf -inf -inf -inf 2.331593 -inf -inf -inf 2.033108 -inf -inf -inf -inf -inf -inf -inf -inf -inf -inf -inf -inf -inf -inf -inf -inf -inf -inf -inf -inf -inf -inf -inf -inf -inf -inf -inf -inf -inf -inf -inf -inf -inf -inf -inf -inf -inf -inf -inf -inf -inf -inf -inf -inf -inf -inf -inf -inf -inf -inf -inf 1.821223 3.148928 -inf -inf -inf -inf -inf -inf -inf -inf -inf -inf -inf -inf -inf -inf -inf -inf -inf -inf -inf -inf,22.4
M1_s1.6,171,6.2533,0,1,20:0.960088:0.7500,0.9600878174668622,0.75,0.05,6,0.869632 -inf -inf -inf -inf -inf -inf -inf -inf -inf -inf 1.284111 -inf -inf -inf -inf -inf -inf -inf -inf -inf -inf -inf -inf -inf -inf -inf -inf -inf -inf -inf -inf -inf -inf -inf -inf -inf -inf -inf -inf -inf -inf -inf -inf -inf -inf -inf -inf -inf -inf -inf -inf -inf -inf -inf -inf -inf -inf -inf -inf -inf -inf -inf -inf -inf -inf -inf -inf 2.119373 -inf -inf -inf -inf -inf -inf -inf -inf -inf 0.876529 -inf 1.223249 -inf 1.695908 -inf -inf -inf -inf -inf -inf -inf -inf -inf -inf -inf -inf -inf -inf -inf -inf,29.0
null_ar,177,10.6937,0,1,20:0.984658:0.7500,0.9846578076562095,0.75,0.11,10,-inf -inf -inf -inf 3.291903 -inf -inf -inf -inf -inf -inf -inf -inf -inf -inf -inf -inf -inf -inf -inf -inf -inf -inf -inf -inf -inf -inf -inf -inf -inf -inf -inf -inf -inf -inf -inf 1.703161 -inf -inf -inf -inf -inf -inf 2.790969 -inf -inf -inf -inf -inf -inf -inf -inf -inf 1.536521 -inf 3.196487 -inf -inf 2.007710 -inf -inf -inf -inf -inf -inf -inf -inf 2.086477 2.122734 -inf 1.247023 -inf -inf -inf -inf -inf -inf -inf -inf -inf -inf -inf -inf -inf -inf -inf -inf -inf -inf -inf -inf -inf -inf -inf -inf 1.693986 -inf -inf -inf,15.7
M1_s1.6,177,8.1775,0,1,20:0.936737:0.8000,0.9367372465191284,0.8,0.05,4,-inf -inf 0.976968 -inf -inf -inf -inf -inf -inf -inf -inf -inf -inf -inf -inf -inf -inf -inf -inf -inf -inf -inf -inf -inf -inf 1.076441 -inf -inf -inf -inf -inf -inf -inf -inf -inf -inf -inf -inf -inf -inf -inf 2.652374 -inf -inf -inf -inf -inf -inf -inf -inf -inf -inf -inf -inf -inf -inf -inf -inf -inf -inf -inf -inf -inf -inf -inf -inf -inf -inf 1.611984 -inf -inf -inf -inf -inf -inf -inf -inf -inf -inf -inf -inf -inf -inf -inf -inf -inf -inf -inf -inf -inf -inf -inf -inf -inf -inf -inf -inf -inf -inf,15.6
M1_s1.6,167,4.7819,0,1,23:1.777881:0.4100,1.7778806998661234,0.41,0.21,33,-inf -inf -inf 2.000082 -inf -inf 2.053145 -inf 1.459121 -inf -inf -inf -inf 1.058926 -inf -inf -inf -inf 3.126208 -inf -inf -inf -inf -inf -inf -inf -inf -inf 3.018853 1.621957 -inf -inf -inf 1.744144 -inf 1.214336 -inf -inf 3.862904 -inf -inf -inf 3.033142 -inf -inf -inf -inf -inf 1.348562 -inf -inf -inf -inf -inf 0.810798 2.385676 1.706037 -inf 2.249604 2.101934 -inf -inf -inf -inf 2.129870 -inf 3.024051 -inf 1.214817 1.122684 2.051633 2.780529 -inf -inf 2.356981 -inf 2.282676 -inf -inf 2.403626 -inf -inf -inf -inf -inf 2.977119 1.142336 -inf -inf 2.871119 -inf 1.689844 -inf 2.393181 -inf 1.723743 1.815363 -inf -inf,40.4
null_ar,172,15.9915,0,0,,-inf,1.0,1.0,8,-inf -inf -inf -0.268284 -inf -inf -inf -inf -inf -inf -inf -inf -inf -inf -inf -inf -inf -inf -inf -inf -inf 0.734041 -inf -inf -inf -inf -inf -inf -inf 2.400140 0.382195 -inf -inf -inf -inf -inf -inf -inf -inf -inf -inf -inf 2.524615 -inf -inf -inf -inf -inf -inf -inf -inf -inf -inf 0.239334 -inf -inf -inf -inf -inf -inf -inf -inf -inf -inf -inf -inf -inf -inf -inf -inf -inf -inf -inf -inf -inf -inf -inf 2.106796 -inf -inf -inf -inf -inf -inf -inf -inf -inf 0.581179 -inf -inf -inf -inf -inf -inf -inf -inf -inf -inf -inf,26.7
M1_s1.6,176,9.3513,0,0,,-inf,1.0,1.0,0,-inf -inf -inf -inf -inf -inf -inf -inf -inf -inf -inf -inf -inf -inf -inf -inf -inf -inf -inf -inf -inf -inf -inf -inf -inf -inf -inf -inf -inf -inf -inf -inf -inf -inf -inf -inf -inf -inf -inf -inf -inf -inf -inf -inf -inf -inf -inf -inf -inf -inf -inf -inf -inf -inf -inf -inf -inf -inf -inf -inf -inf -inf -inf -inf -inf -inf -inf -inf -inf -inf -inf -inf -inf -inf -inf -inf -inf -inf -inf -inf -inf -inf -inf -inf -inf -inf -inf -inf -inf -inf -inf -inf -inf -inf -inf -inf -inf -inf -inf,18.7
D2_a0.9,171,5.4684,0,1,19:3.385808:0.0800,3.3858084391286405,0.08,0.03,18,-inf -inf -inf -inf 3.783700 2.722932 -inf 0.608650 2.147884 -inf 1.329214 -inf 1.157764 -inf -inf -inf -inf -inf -inf -inf -inf -inf -inf 3.005225 -inf -inf -inf -inf -inf -inf -inf -inf -inf 3.125997 -inf -inf 1.494218 -inf -inf 0.425644 -inf -inf -inf -inf -inf 1.599574 -inf -inf -inf -inf 0.915991 -inf 3.761168 1.937710 -inf -inf -inf -inf -inf -inf -inf 1.696699 -inf -inf -inf -inf -inf -inf -inf 0.568839 1.147180 -inf -inf -inf -inf -inf -inf -inf -inf -inf -inf -inf -inf -inf -inf -inf -inf -inf 1.984697 -inf -inf -inf -inf -inf -inf -inf -inf -inf -inf,29.0
M1_s1.6,174,6.2533,0,1,19:2.851339:0.1000,2.851339438226011,0.1,0.01,7,-inf -inf -inf -inf -inf 2.782788 -inf -inf -inf -inf -inf -inf -inf -inf -inf -inf -inf -inf -inf -inf -inf -inf -inf -inf -inf 2.250957 2.078361 -inf -inf -inf -inf -inf -inf -inf 1.599005 -inf -inf -inf -inf -inf -inf -inf -inf -inf -inf -inf -inf -inf -inf -inf -inf -inf -inf -inf -inf -inf -inf -inf -inf -inf -inf -inf -inf -inf -inf -inf -inf -inf -inf -inf -inf -inf 0.883634 -inf -inf -inf -inf -inf -inf 2.658568 -inf -inf -inf -inf 2.212999 -inf -inf -inf -inf -inf -inf -inf -inf -inf -inf -inf -inf -inf -inf,23.7
null_ar,173,12.2287,0,0,,-inf,1.0,1.0,4,-inf -inf -inf -inf -inf -inf -inf -inf -inf -inf 1.031911 -inf -inf -inf -inf 1.371316 -inf -inf -inf -inf -inf -inf -inf -inf -inf -inf -inf -inf -inf -inf -inf -inf -inf -inf -inf -inf -inf -inf -inf -inf -inf -inf -inf -inf -inf -inf -inf -inf -inf -inf -inf -inf -inf -inf -inf -inf -inf -inf -inf -inf -inf -inf -inf -inf -inf -inf 0.611626 -inf -inf -inf -inf -inf -inf -inf -inf -inf -inf -inf -inf -inf -inf -inf -inf -inf -inf -inf -inf -inf -inf -inf -inf 2.284890 -inf -inf -inf -inf -inf -inf -inf,26.7
D2_a0.9,174,6.2533,0,0,,-inf,1.0,1.0,1,-inf -inf -inf -inf -inf -inf -inf -inf -inf -inf -inf -inf -inf -inf -inf -inf -inf -inf -inf -inf -inf -inf -inf -inf 1.780909 -inf -inf -inf -inf -inf -inf -inf -inf -inf -inf -inf -inf -inf -inf -inf -inf -inf -inf -inf -inf -inf -inf -inf -inf -inf -inf -inf -inf -inf -inf -inf -inf -inf -inf -inf -inf -inf -inf -inf -inf -inf -inf -inf -inf -inf -inf -inf -inf -inf -inf -inf -inf -inf -inf -inf -inf -inf -inf -inf -inf -inf -inf -inf -inf -inf -inf -inf -inf -inf -inf -inf -inf -inf -inf,24.4
D2_a0.9,176,8.1775,0,0,,-inf,1.0,1.0,7,-inf 1.490711 1.935252 -inf -inf -inf -inf -inf -inf -inf -inf -inf -inf -inf -inf -inf -inf -inf -inf -inf -inf -inf -inf -inf -inf -inf 2.956215 -inf -inf -inf -inf 3.309879 -inf -inf -inf -inf -inf -inf -inf -inf -inf -inf -inf -inf -inf -inf -inf -inf -inf -inf -inf -inf -inf -inf -inf -inf -inf -inf -inf -inf -inf 3.244897 -inf -inf -inf -inf -inf -inf -inf -inf -inf -inf -inf -inf 2.235344 -inf -inf -inf -inf -inf -inf -inf -inf -inf -inf -inf -inf -inf -inf -inf -inf 3.565229 -inf -inf -inf -inf -inf -inf -inf,21.8
null_ar,176,15.9915,0,0,,-inf,1.0,1.0,1,-inf -inf -inf -inf -inf -inf -inf -inf -inf -inf -inf -inf -inf -inf -inf -inf -inf -inf -inf -inf -inf -inf -inf -inf -inf -inf -inf -inf -inf -inf -inf -inf -inf -inf -inf -inf -inf -inf -inf -inf -inf -inf -inf -inf 2.057954 -inf -inf -inf -inf -inf -inf -inf -inf -inf -inf -inf -inf -inf -inf -inf -inf -inf -inf -inf -inf -inf -inf -inf -inf -inf -inf -inf -inf -inf -inf -inf -inf -inf -inf -inf -inf -inf -inf -inf -inf -inf -inf -inf -inf -inf -inf -inf -inf -inf -inf -inf -inf -inf -inf,24.3
M1_s1.6,175,10.6937,0,1,16:2.266002:0.2700,2.2660022233918338,0.27,0.02,2,-inf -inf -inf -inf -inf -inf -inf -inf -inf -inf -inf -inf -inf -inf -inf -inf -inf -inf -inf -inf -inf -inf -inf -inf -inf -inf -inf -inf -inf -inf -inf -inf -inf -inf -inf -inf -inf -inf 2.528106 -inf -inf -inf -inf -inf -inf -inf -inf -inf -inf -inf -inf -inf -inf -inf -inf -inf -inf -inf -inf -inf -inf -inf -inf -inf -inf -inf -inf -inf -inf -inf -inf -inf -inf -inf -inf -inf -inf -inf -inf -inf -inf -inf -inf -inf -inf -inf -inf -inf -inf -inf -inf -inf -inf -inf -inf 0.154263 -inf -inf -inf,25.9
D2_a0.9,175,6.2533,0,1,21:3.832459:0.0200,3.8324592774152166,0.02,0.05,18,-inf -inf -inf -inf -inf -inf -inf -inf 2.063387 1.483668 -inf -inf -inf -inf -inf 1.719310 -inf -inf -inf -inf 3.190297 2.971621 -inf -inf 5.150496 -inf -inf -inf -inf -inf -inf -inf -inf -inf -inf 1.434067 -inf 0.146558 1.214502 -inf -inf -inf -inf 4.044129 -inf -inf -inf -inf -inf -inf -inf -inf -inf -inf -inf -inf -inf -inf 4.074565 -inf -inf -inf -inf 3.933690 2.557864 -inf -inf -inf -inf -inf -inf -inf 3.741837 -inf -inf -inf -inf -inf 1.531112 -inf -inf -inf -inf -inf -inf -inf 1.340811 2.556942 -inf -inf -inf -inf -inf -inf -inf 0.880357 -inf -inf -inf,27.2
D2_a0.9,172,4.1817,0,2,27:0.384094:0.9200;29:0.150063:0.9500,0.38409372169487643,0.92,0.26,25,3.734018 1.097481 -inf 3.805164 2.381047 -inf -inf -inf -inf -inf -inf -inf -inf -inf 2.699239 -inf -inf -inf -inf -inf 2.108765 -inf -inf -inf -inf -inf -inf -inf -inf -inf -inf -inf -inf -inf 3.239141 -inf 2.471307 -inf -inf 2.088269 -inf 2.053706 -inf -inf -inf 1.604449 -inf -inf -inf -inf 1.348391 -inf 2.435036 -inf -inf -inf -inf -inf -inf -inf 3.928002 3.058442 -inf 1.128368 -inf -inf 2.531258 3.036812 -inf 2.928275 -inf 2.782283 -inf -inf -inf -inf 2.100075 -inf -inf 2.227019 -inf -inf -inf -inf -inf -inf -inf -inf -inf -inf 1.743303 -inf -inf -inf 2.329718 -inf 1.518313 -inf -inf,33.8
D2_a0.9,177,8.1775,0,1,20:2.668007:0.1300,2.6680070137911187,0.13,0.07,9,-inf -inf -inf -inf -inf -inf -inf -inf -inf -inf -inf -inf -inf -inf 2.981246 -inf -inf -inf -inf -inf -inf -inf -inf -inf -inf -inf -inf -inf -inf -inf 3.209666 -inf -inf -inf -inf -inf -inf -inf -inf -inf -inf -inf -inf -inf -inf -inf -inf -inf 1.876866 -inf -inf 3.972835 -inf -inf -inf -inf -inf -inf -inf -inf -inf -inf -inf -inf -inf -inf -inf 3.558860 -inf -inf -inf -inf -inf -inf -inf -inf -inf 3.366943 -inf -inf -inf -inf -inf -inf -inf -inf -inf 3.197617 -inf -inf -inf -inf 2.160919 -inf 2.081155 -inf -inf -inf -inf,24.8
D2_a0.9,173,6.2533,0,1,22:2.968005:0.0700,2.9680054401230542,0.07,0.03,16,-inf -inf -inf -inf -inf -inf 2.157422 2.014419 -inf -inf -inf 3.070844 -inf 1.881674 -inf -inf -inf -inf -inf -inf -inf -inf -inf -inf -inf -inf -inf -inf -inf -inf -inf -inf -inf -inf -inf -inf -inf 2.736899 -inf -inf -inf -inf -inf -inf -inf -inf -inf -inf -inf 1.762670 -inf -inf -inf -inf 1.283325 -inf -inf 3.224496 -inf -inf -inf -inf 2.202686 -inf -inf -inf 1.967897 -inf -inf -inf -inf -inf -inf -inf 1.979309 -inf -inf -inf -inf -inf -inf 2.535978 -inf -inf 2.208822 -inf -inf -inf 1.787990 -inf -inf -inf 2.242059 -inf -inf 1.999686 -inf -inf -inf,33.8
M1_s1.6,182,6.2533,0,1,20:2.400254:0.1700,2.4002538789919967,0.17,0.02,2,-inf -inf -inf -inf -inf -inf -inf -inf -inf -inf -inf -inf -inf -inf -inf -inf -inf -inf -inf -inf -inf -inf -inf -inf -inf -inf -inf -inf -inf -inf -inf -inf -inf -inf -inf -inf -inf -inf -inf -inf -inf -inf -inf -inf -inf -inf -inf -inf -inf -inf -inf -inf -inf -inf -inf -inf -inf -inf -inf 2.936636 -inf -inf -inf -inf -inf -inf -inf -inf -inf -inf -inf -inf -inf -inf -inf -inf -inf -inf -inf -inf -inf -inf -inf -inf -inf -inf -inf -inf -inf -inf -inf -inf -inf -inf -inf 1.517219 -inf -inf -inf,13.0
null_ar,175,12.2287,0,0,,-inf,1.0,1.0,15,0.301382 -inf -inf -inf 2.255652 -inf 2.399636 -inf -inf -inf 5.171535 -inf -inf -inf -inf -inf -inf -inf -inf -inf -inf -inf 3.585088 -inf -inf -inf 2.372731 -inf -inf -inf 0.999242 -inf -inf 2.690956 -inf -inf -inf 2.474541 -inf -inf -inf -inf -inf -inf -inf -inf -inf -inf -inf -inf -inf -inf -inf -inf -inf -inf -inf -inf -inf -inf -inf -inf -inf -inf -inf -inf -inf -inf -inf -inf -inf -inf -inf -inf -inf 2.718276 -inf -inf 0.717750 -inf 2.587340 -inf -inf -inf -inf -inf 1.915855 2.236479 0.933955 -inf -inf -inf -inf -inf -inf -inf -inf -inf -inf,34.5
M1_s1.6,178,10.6937,0,1,22:2.536304:0.1700,2.5363037551121623,0.17,0.01,2,-inf -inf -inf -inf -inf -inf -inf -inf -inf -inf -inf -inf -inf -inf -inf -inf -inf -inf -inf -inf -inf -inf -inf -inf -inf -inf -inf -inf -inf -inf -inf -inf -inf -inf -inf -inf -inf -inf -inf -inf -inf -inf -inf -inf -inf -inf -inf -inf -inf -inf -inf -inf -inf -inf -inf -inf -inf -inf -inf -inf -inf -inf 1.899046 -inf -inf -inf -inf -inf -inf -inf 0.961202 -inf -inf -inf -inf -inf -inf -inf -inf -inf -inf -inf -inf -inf -inf -inf -inf -inf -inf -inf -inf -inf -inf -inf -inf -inf -inf -inf -inf,26.0
null_ar,181,12.2287,0,0,,-inf,1.0,1.0,1,-inf 2.610040 -inf -inf -inf -inf -inf -inf -inf -inf -inf -inf -inf -inf -inf -inf -inf -inf -inf -inf -inf -inf -inf -inf -inf -inf -inf -inf -inf -inf -inf -inf -inf -inf -inf -inf -inf -inf -inf -inf -inf -inf -inf -inf -inf -inf -inf -inf -inf -inf -inf -inf -inf -inf -inf -inf -inf -inf -inf -inf -inf -inf -inf -inf -inf -inf -inf -inf -inf -inf -inf -inf -inf -inf -inf -inf -inf -inf -inf -inf -inf -inf -inf -inf -inf -inf -inf -inf -inf -inf -inf -inf -inf -inf -inf -inf -inf -inf -inf,19.9
null_ar,179,12.2287,0,0,,-inf,1.0,1.0,4,-inf 1.365153 -inf -inf -inf -inf -inf -inf -inf -inf -inf -inf -inf -inf -inf -inf -inf -inf -inf -inf -inf -inf -inf -inf -inf -inf -inf -inf -inf -inf -inf -inf -inf -inf -inf -inf -inf -inf -inf -inf -inf -inf -inf -inf -inf -inf -inf -inf -inf -inf -inf -inf 1.340291 -inf -inf -inf -inf -inf -inf -inf -inf -inf -inf -inf -inf -inf -inf -inf -inf -inf -inf -inf -inf -inf -inf -inf -inf 1.104506 -inf -inf -inf -inf -inf -inf -inf -inf -inf -inf -inf -inf -inf -inf -inf -inf -inf -inf 1.456907 -inf -inf,26.5
M1_s1.6,179,6.2533,0,1,20:1.113798:0.7200,1.1137982862415816,0.72,0.03,3,-inf -inf -inf -inf -inf -inf -inf -inf -inf -inf -inf -inf -inf -inf -inf -inf -inf -inf -inf 2.329088 -inf -inf -inf -inf -inf -inf -inf -inf -inf -inf -inf -inf -inf -inf -inf -inf -inf -inf -inf -inf -inf -inf -inf -inf -inf -inf -inf -inf -inf -inf -inf -inf -inf -inf -inf -inf -inf -inf -inf -inf -inf -inf -inf -inf -inf -inf -inf -inf -inf -inf -inf -inf -inf -inf -inf -inf -inf 1.901536 -inf -inf -inf -inf -inf -inf -inf -inf -inf -inf -inf -inf 0.884483 -inf -inf -inf -inf -inf -inf -inf -inf,26.8
D2_a0.9,178,6.2533,0,1,21:2.521876:0.1600,2.5218757743849274,0.16,0.03,5,-inf -inf -inf -inf -inf -inf -inf -inf -inf -inf -inf -inf -inf -inf -inf -inf -inf -inf -inf -inf -inf -inf -inf -inf -inf -inf -inf -inf -inf -inf -inf -inf -inf -inf -inf -inf -inf -inf -inf 1.881082 -inf -inf -inf -inf -inf -inf -inf 2.641450 -inf -inf -inf -inf -inf -inf -inf -inf -inf -inf -inf -inf -inf 2.509415 -inf -inf -inf -inf -inf -inf -inf -inf -inf -inf -inf -inf -inf -inf -inf -inf -inf -inf -inf 2.376747 -inf 2.614054 -inf -inf -inf -inf -inf -inf -inf -inf -inf -inf -inf -inf -inf -inf -inf,28.1
D2_a0.9,182,5.4684,0,1,20:3.471442:0.0600,3.471441652608545,0.06,0.02,6,-inf -inf -inf -inf -inf -inf -inf -inf -inf -inf -inf -inf -inf -inf -inf -inf -inf -inf -inf -inf 4.826455 -inf -inf -inf -inf -inf -inf -inf -inf -inf -inf -inf -inf 1.379552 -inf -inf -inf -inf -inf -inf -inf -inf -inf -inf -inf -inf 0.668603 -inf -inf -inf -inf -inf -inf 2.784155 -inf -inf -inf -inf -inf -inf -inf -inf -inf 3.081392 -inf -inf -inf -inf -inf 3.156367 -inf -inf -inf -inf -inf -inf -inf -inf -inf -inf -inf -inf -inf -inf -inf -inf -inf -inf -inf -inf -inf -inf -inf -inf -inf -inf -inf -inf -inf,19.0
D2_a0.9,180,6.2533,0,1,21:1.139718:0.6500,1.1397184458889036,0.65,0.07,7,-inf -inf 3.160028 -inf -inf -inf -inf 2.687000 -inf -inf -inf -inf -inf -inf -inf -inf 2.295975 -inf -inf -inf -inf -inf -inf -inf -inf -inf -inf -inf -inf -inf 0.890728 -inf -inf -inf -inf -inf -inf -inf -inf -inf -inf -inf -inf -inf -inf -inf -inf -inf 2.015718 -inf 1.882773 -inf -inf -inf -inf -inf 2.865584 -inf -inf -inf -inf -inf -inf -inf -inf -inf -inf -inf -inf -inf -inf -inf -inf -inf -inf -inf -inf -inf -inf -inf -inf -inf -inf -inf -inf -inf -inf -inf -inf -inf -inf -inf -inf -inf -inf -inf -inf -inf -inf,23.3
M1_s1.6,181,8.1775,0,1,21:3.070007:0.0400,3.070006891986329,0.04,0.01,0,-inf -inf -inf -inf -inf -inf -inf -inf -inf -inf -inf -inf -inf -inf -inf -inf -inf -inf -inf -inf -inf -inf -inf -inf -inf -inf -inf -inf -inf -inf -inf -inf -inf -inf -inf -inf -inf -inf -inf -inf -inf -inf -inf -inf -inf -inf -inf -inf -inf -inf -inf -inf -inf -inf -inf -inf -inf -inf -inf -inf -inf -inf -inf -inf -inf -inf -inf -inf -inf -inf -inf -inf -inf -inf -inf -inf -inf -inf -inf -inf -inf -inf -inf -inf -inf -inf -inf -inf -inf -inf -inf -inf -inf -inf -inf -inf -inf -inf -inf,22.7
M1_s1.6,180,9.3513,0,1,22:2.187657:0.3000,2.1876570901346843,0.3,0.01,1,-inf -inf -inf -inf -inf -inf -inf -inf -inf -inf -inf -inf -inf -inf -inf -inf -inf -inf -inf -inf -inf -inf -inf -inf -inf -inf -inf -inf -inf -inf -inf -inf -inf -inf -inf -inf -inf -inf -inf -inf -inf -inf -inf -inf -inf -inf -inf -inf -inf -inf -inf -inf -inf -inf -inf -inf -inf -inf -inf -inf -inf -inf -inf -inf -inf -inf -inf -inf -inf -inf -inf -inf -inf -inf -inf -inf -inf -inf -inf -inf -inf -inf -inf -inf -inf -inf -inf -inf -inf -inf -inf -inf -inf -inf -inf -inf 0.754330 -inf -inf,25.0
null_ar,180,12.2287,0,0,,-inf,1.0,1.0,5,-inf -inf -inf 0.215368 -inf -inf -inf -inf -inf -inf -inf -inf -inf -inf 1.907289 -inf -inf -inf -inf -inf -inf -inf -inf -inf -inf -inf -inf -inf -inf -inf -inf -inf -inf -inf -inf -inf -inf -inf -inf -inf -inf -inf -inf -inf -inf -inf -inf -inf -inf -inf -inf -inf -inf -inf -inf -inf -inf -inf -inf -inf -inf -inf -inf -inf -inf -inf -inf -inf -inf -inf -inf -inf -inf -inf -inf -inf -inf -inf -inf -inf -inf -0.165813 -inf -inf -inf -inf -inf -inf 1.932658 -inf -inf -inf -inf -inf -inf -inf 2.222491 -inf -inf,27.2
null_ar,184,15.9915,0,0,,-inf,1.0,1.0,1,-inf -inf -inf -inf -inf -inf -inf -inf -inf -inf -inf -inf -inf -inf -inf -inf -inf -inf -inf -inf -inf -inf -inf -inf -inf -inf -inf -inf -inf -inf -inf -inf -inf 1.577426 -inf -inf -inf -inf -inf -inf -inf -inf -inf -inf -inf -inf -inf -inf -inf -inf -inf -inf -inf -inf -inf -inf -inf -inf -inf -inf -inf -inf -inf -inf -inf -inf -inf -inf -inf -inf -inf -inf -inf -inf -inf -inf -inf -inf -inf -inf -inf -inf -inf -inf -inf -inf -inf -inf -inf -inf -inf -inf -inf -inf -inf -inf -inf -inf -inf,18.8
null_ar,183,12.2287,0,2,25:4.310752:0.0200;28:5.368816:0.0100,5.368816275779124,0.01,0.01,2,-inf -inf -inf -inf -inf -inf -inf -inf -inf -inf -inf -inf -inf -inf -inf -inf -inf -inf -inf -inf -inf -inf -inf -inf -inf -inf -inf -inf -inf -inf -inf -inf -inf -inf -inf -inf -inf -inf -inf -inf -inf -inf -inf -inf -inf -inf -inf -inf -inf -inf -inf -inf -inf -inf -inf -inf -inf -inf -inf -inf -inf -inf -inf -inf -inf -inf -inf -inf -inf -inf -inf -inf -inf 0.702107 -inf -inf -inf -inf 0.894576 -inf -inf -inf -inf -inf -inf -inf -inf -inf -inf -inf -inf -inf -inf -inf -inf -inf -inf -inf -inf,21.4
D2_a0.9,181,7.151,0,1,19:3.648813:0.0700,3.6488130063183655,0.07,0.06,8,-inf -inf -inf -inf -inf 1.893197 2.958736 -inf -inf -inf -inf -inf -inf -inf -inf -inf -inf -inf -inf -inf -inf -inf 3.748250 -inf -inf -inf -inf -inf -inf -inf -inf -inf -inf -inf -inf -inf -inf -inf -inf -inf -inf 3.833331 -inf -inf -inf -inf -inf -inf -inf -inf -inf -inf -inf 4.785573 -inf -inf -inf -inf -inf -inf -inf 3.257504 -inf 4.524427 -inf -inf -inf -inf -inf -inf -inf -inf -inf -inf -inf -inf -inf -inf -inf 4.061670 -inf -inf -inf -inf -inf -inf -inf -inf -inf -inf -inf -inf -inf -inf -inf -inf -inf -inf -inf,24.4
null_ar,182,18.287,0,0,,-inf,1.0,1.0,1,-inf -inf -inf -inf -inf -inf -inf -inf -inf -inf -inf -inf -inf -inf -inf -inf -inf -inf -inf -inf -inf -inf -inf -inf -inf -inf -inf -inf -inf -inf -inf -inf -inf -inf -inf -inf -inf -inf -inf -inf -inf -inf -inf -inf -inf -inf -inf -inf -inf -inf -inf -inf -inf -inf -inf -inf -inf -inf -inf -inf -inf -inf -inf -inf -inf -inf -inf -inf -inf -inf -inf -inf -inf -inf -inf -inf -inf -inf -inf -inf -inf -inf -inf -inf -inf -inf -inf 0.113313 -inf -inf -inf -inf -inf -inf -inf -inf -inf -inf -inf,24.3
D2_a0.9,179,7.151,0,1,20:3.345490:0.0800,3.3454895186416036,0.08,0.04,8,-inf -inf -inf -inf -inf -inf -inf -inf -inf -inf -inf -inf -inf -inf -inf -inf -inf -inf 4.261988 -inf -inf -inf -inf -inf -inf -inf -inf -inf -inf -inf -inf -inf -inf -inf -inf -inf -inf -inf -inf 1.771756 -inf -inf -inf -inf -inf -inf -inf -inf -inf -inf -inf -inf -inf -inf -inf -inf 2.440497 -inf 2.899503 -inf -inf 3.378000 -inf -inf -inf -inf -inf 1.963089 -inf -inf -inf -inf -inf -inf -inf -inf -inf -inf 4.627815 -inf -inf -inf -inf -inf -inf -inf -inf -inf -inf -inf -inf -inf 1.203445 -inf -inf -inf -inf -inf -inf,30.3
D2_a0.9,183,7.151,0,1,20:3.266623:0.0700,3.2666227435013213,0.07,0.01,3,-inf -inf -inf -inf -inf -inf -inf -inf -inf -inf -inf -inf -inf -inf -inf -inf -inf -inf -inf -inf -inf -inf -inf -inf -inf -inf -inf -inf -inf -inf -inf -inf -inf -inf -inf -inf -inf -inf -inf -inf -inf -inf -inf -inf -inf -inf -inf -inf -inf -inf -inf -inf -inf -inf -inf -inf -inf -inf -inf -inf -inf -inf -inf -inf -inf -inf -inf -inf 2.585123 -inf -inf -inf -inf -inf -inf -inf -inf -inf 2.976730 -inf -inf -inf 2.986391 -inf -inf -inf -inf -inf -inf -inf -inf -inf -inf -inf -inf -inf -inf -inf -inf,22.6
M1_s1.6,185,6.2533,0,1,24:1.114718:0.6500,1.1147178945062637,0.65,0.03,2,-inf -inf -inf -inf -inf -inf -inf -inf -inf -inf -inf -inf -inf -inf -inf -inf -inf -inf -inf -inf -inf -inf -inf -inf -inf -inf -inf -inf -inf -inf -inf -inf -inf -inf -inf -inf -inf -inf -inf -inf -inf -inf -inf 2.023522 -inf -inf -inf -inf -inf -inf -inf -inf -inf -inf -inf -inf -inf -inf -inf -inf -inf -inf -inf -inf -inf -inf -inf -inf -inf -inf -inf -inf -inf 2.374985 -inf -inf -inf -inf -inf -inf -inf -inf -inf -inf -inf -inf -inf -inf -inf -inf -inf -inf -inf -inf -inf -inf -inf -inf -inf,20.6
D2_a0.9,187,6.2533,0,1,16:4.227060:0.0100,4.227059573178658,0.01,0.01,4,-inf -inf -inf -inf -inf -inf -inf -inf -inf -inf -inf -inf -inf -inf -inf -inf -inf -inf -inf -inf 0.996218 -inf -inf -inf -inf -inf -inf -inf -inf -inf -inf 1.859656 -inf -inf -inf -inf -inf -inf -inf -inf -inf -inf -inf -inf -inf -inf -inf -inf -inf -inf -inf -inf -inf -inf -inf -inf -inf -inf -inf 3.010768 -inf -inf 2.284955 -inf -inf -inf -inf -inf -inf -inf -inf -inf -inf -inf -inf -inf -inf -inf -inf -inf -inf -inf -inf -inf -inf -inf -inf -inf -inf -inf -inf -inf -inf -inf -inf -inf -inf -inf -inf,14.1
M1_s1.6,184,7.151,0,1,20:1.324580:0.5400,1.32458044554602,0.54,0.05,11,-inf -inf -inf -inf -inf -inf -inf -inf -inf -inf -inf -inf -inf -inf -inf 0.223366 -inf 3.615804 -inf -inf -inf -inf -inf -inf -inf 2.002634 -inf 0.011916 -inf -inf -inf -inf -inf -inf -inf 0.552990 -inf -inf -inf -0.316920 -inf -inf -inf -inf -inf -inf -inf -inf -inf -inf -inf -inf -inf -inf -inf 1.322015 -inf -inf -inf -inf -inf -inf -inf -inf -inf -inf -inf -inf -inf -inf -inf -inf -inf -inf -inf -inf -inf -inf -inf -inf -inf -inf -inf -inf -inf 1.174155 0.739563 -inf -inf -inf -inf -inf -inf -inf -inf 3.228661 -inf 2.574637 -inf,24.8
M1_s1.6,186,6.2533,0,1,20:1.186409:0.7100,1.186409072848834,0.71,0.01,0,-inf -inf -inf -inf -inf -inf -inf -inf -inf -inf -inf -inf -inf -inf -inf -inf -inf -inf -inf -inf -inf -inf -inf -inf -inf -inf -inf -inf -inf -inf -inf -inf -inf -inf -inf -inf -inf -inf -inf -inf -inf -inf -inf -inf -inf -inf -inf -inf -inf -inf -inf -inf -inf -inf -inf -inf -inf -inf -inf -inf -inf -inf -inf -inf -inf -inf -inf -inf -inf -inf -inf -inf -inf -inf -inf -inf -inf -inf -inf -inf -inf -inf -inf -inf -inf -inf -inf -inf -inf -inf -inf -inf -inf -inf -inf -inf -inf -inf -inf,19.3
null_ar,185,10.6937,0,0,,-inf,1.0,1.0,1,-inf -inf -inf -inf -inf -inf -inf -inf -inf -inf -inf -inf -inf -inf -inf -inf -inf -inf -inf -inf -inf -inf -inf -inf -inf -inf -inf -inf -inf -inf -inf -inf -inf -inf -inf -inf -inf -inf -inf -inf -inf -inf -inf -inf -inf -inf -inf -inf -inf -inf -inf -inf -inf -inf -inf -inf -inf -inf -inf -inf -inf 1.462661 -inf -inf -inf -inf -inf -inf -inf -inf -inf -inf -inf -inf -inf -inf -inf -inf -inf -inf -inf -inf -inf -inf -inf -inf -inf -inf -inf -inf -inf -inf -inf -inf -inf -inf -inf -inf -inf,24.2
D2_a0.9,186,6.2533,0,1,20:2.214697:0.2300,2.2146971840144563,0.23,0.08,10,-inf -inf 3.563979 -inf -inf -inf -inf -inf -inf -inf -inf -inf -inf -inf -inf -inf -inf -inf -inf -inf -inf -inf -inf -inf -inf -inf -inf -inf -inf -inf -inf -inf -inf -inf -inf -inf -inf -inf -inf 2.782563 -inf -inf -inf -inf -inf -inf -inf 2.820148 -inf -inf -inf -inf -inf -inf 3.290945 -inf -inf -inf 0.861537 -inf -inf -inf 1.382198 -inf -inf 4.418626 -inf 2.837892 -inf -inf -inf -inf -inf -inf -inf 1.838655 -inf -inf -inf -inf -inf -inf -inf -inf -inf -inf -inf -inf -inf -inf -inf 2.390519 -inf -inf -inf -inf -inf -inf -inf,18.9
null_ar,186,10.6937,0,0,,-inf,1.0,1.0,1,-inf -inf -inf -inf -inf -inf -inf -inf -inf -inf -inf -inf -inf -inf -inf -inf 0.276985 -inf -inf -inf -inf -inf -inf -inf -inf -inf -inf -inf -inf -inf -inf -inf -inf -inf -inf -inf -inf -inf -inf -inf -inf -inf -inf -inf -inf -inf -inf -inf -inf -inf -inf -inf -inf -inf -inf -inf -inf -inf -inf -inf -inf -inf -inf -inf -inf -inf -inf -inf -inf -inf -inf -inf -inf -inf -inf -inf -inf -inf -inf -inf -inf -inf -inf -inf -inf -inf -inf -inf -inf -inf -inf -inf -inf -inf -inf -inf -inf -inf -inf,24.0
null_ar,178,12.2287,0,2,18:1.822337:0.3900;28:1.777359:0.3100,1.8223367110038726,0.31,0.09,21,-inf 1.484961 -inf -inf -inf 0.333866 -inf 0.650983 -inf -inf -inf 0.153009 -inf 0.947827 -inf -inf -inf -inf -inf -inf -inf -inf -inf -inf 2.818703 -inf -inf -inf -inf -inf -inf -inf -inf -inf -inf 2.033161 3.009748 -inf -inf -inf -inf -inf -inf -inf -inf -inf -inf 1.656250 -inf -inf -inf -inf 1.197297 -inf -inf -inf -inf -inf -inf -inf 1.956782 -inf -inf -inf 1.705490 2.560728 -inf -inf 3.022542 2.768946 -inf 1.846167 -inf -inf -inf -inf -inf -inf -inf -inf -inf -inf -inf -inf -inf 0.065231 -inf -inf -inf -inf -inf 0.869603 -inf -inf -inf -inf 1.789166 1.311937 1.648894,42.4
D2_a0.9,184,8.1775,0,1,20:4.395836:0.0200,4.39583571719875,0.02,0.01,3,-inf -inf -inf -inf -inf -inf -inf -inf -inf -inf -inf -inf -inf -inf -inf -inf -inf -inf -inf -inf -inf -inf -inf -inf -inf -inf -inf -inf -inf -inf -inf -inf -inf -inf 3.673610 -inf -inf -inf -inf -inf -inf -inf -inf -inf -inf -inf -inf -inf -inf -inf -inf -inf -inf -inf 4.031144 0.452193 -inf -inf -inf -inf -inf -inf -inf -inf -inf -inf -inf -inf -inf -inf -inf -inf -inf -inf -inf -inf -inf -inf -inf -inf -inf -inf -inf -inf -inf -inf -inf -inf -inf -inf -inf -inf -inf -inf -inf -inf -inf -inf -inf,26.8
null_ar,187,13.9841,0,0,,-inf,1.0,1.0,2,-inf -inf 3.383786 -inf -inf -inf -inf -inf -inf -inf -inf -inf -inf -inf -inf -inf -inf -inf -inf -inf -inf -inf -inf -inf -inf -inf -inf -inf -inf -inf -inf -inf -inf -inf -inf 3.343819 -inf -inf -inf -inf -inf -inf -inf -inf -inf -inf -inf -inf -inf -inf -inf -inf -inf -inf -inf -inf -inf -inf -inf -inf -inf -inf -inf -inf -inf -inf -inf -inf -inf -inf -inf -inf -inf -inf -inf -inf -inf -inf -inf -inf -inf -inf -inf -inf -inf -inf -inf -inf -inf -inf -inf -inf -inf -inf -inf -inf -inf -inf -inf,19.8
M1_s1.6,189,7.151,0,1,20:2.379531:0.1700,2.3795309708857504,0.17,0.05,6,-inf -inf -inf -inf -inf -inf 2.704869 -inf -inf -inf -inf -inf -inf -inf -inf -inf -inf -inf -inf -inf -inf -inf -inf -inf -inf -inf -inf -inf 1.657881 -inf -inf -inf 2.979694 -inf -inf -inf -inf -inf -inf -inf -inf -inf -inf -inf -inf -inf -inf 3.024498 -inf -inf -inf -inf -inf -inf -inf -inf -inf -inf -inf -inf -inf -inf -inf -inf -inf -inf -inf -inf -inf -inf -inf 2.343027 -inf -inf -inf -inf -inf -inf -inf -inf -inf -inf -inf -inf -inf -inf -inf -inf -inf -inf -inf -inf -inf -inf -inf -inf -inf 3.068460 -inf,14.7
M1_s1.6,183,5.4684,0,1,20:1.097062:0.7200,1.097061793288511,0.72,0.19,24,-inf -inf -inf 1.331913 -inf -inf -inf -inf 1.135604 -inf -inf -inf -inf -inf 1.360045 -inf -inf -inf 0.232813 -inf -inf -inf -inf -inf 1.772958 -inf -inf -inf 2.747332 -inf -inf -inf 1.108426 -inf -inf -inf -inf -inf 0.342982 1.017121 -inf -inf -inf 3.266231 -inf -inf -inf -inf -inf 1.101038 1.691178 -inf -inf 2.980807 1.092250 -inf -inf -inf -inf -inf -inf 1.903701 -inf -inf -inf 0.711444 -inf 1.160107 -inf -inf 2.971898 -inf 1.982294 -inf -inf -inf 1.833514 3.354645 -inf -inf -inf -inf -inf -inf -inf 0.616830 2.538546 -inf -inf -inf -inf -inf -inf -inf -inf -inf -inf 1.485441 -inf,34.0
D2_a0.9,191,9.3513,0,1,20:3.060299:0.0600,3.0602990990366052,0.06,0.01,1,-inf -inf -inf -inf -inf -inf -inf -inf -inf -inf -inf -inf -inf -inf -inf -inf -inf -inf -inf -inf -inf -inf -inf -inf -inf -inf -inf -inf -inf -inf -inf -inf -inf -inf -inf -inf -inf -inf -inf -inf -inf -inf -inf -inf -inf -inf -inf -inf -inf -inf -inf -inf -inf -inf -inf -inf -inf -inf -inf -inf -inf -inf -inf -inf -inf -inf -inf -inf -inf -inf -inf -inf -inf -inf -inf 2.348331 -inf -inf -inf -inf -inf -inf -inf -inf -inf -inf -inf -inf -inf -inf -inf -inf -inf -inf -inf -inf -inf -inf -inf,17.7
D2_a0.9,185,7.151,0,0,,-inf,1.0,1.0,24,-inf -inf -inf 0.916192 -inf -inf -inf -inf -inf -inf -inf -inf -inf -inf -inf -inf -inf -inf 3.442539 -inf -inf -inf -inf 0.071173 3.225269 -inf 0.128572 -inf -inf -inf -inf -inf -inf -inf -inf -inf 2.800479 -inf 3.128408 1.588999 -inf -inf 2.145946 -inf -inf 3.227134 -inf 1.112956 -inf 0.274288 -inf -inf -inf -inf -inf -inf 1.076872 -inf -inf -inf 1.815776 -inf 1.954832 0.294066 -inf 0.841007 -inf -inf -inf -inf -inf -inf 3.379617 -inf -inf -inf -inf -inf 2.137388 -inf 1.604205 -inf -inf 2.021473 2.051076 -0.050507 -inf -inf -inf -inf -inf -inf 1.071058 -inf -inf -inf -inf -inf -inf,32.9
M1_s1.6,188,8.1775,0,1,19:1.424559:0.5600,1.424558925387153,0.56,0.04,5,-inf -inf -inf -inf -inf -inf -inf -inf -inf -inf -inf -inf -inf -inf -inf -inf -inf -inf -inf -inf -inf -inf -inf -inf -inf -inf -inf 1.201909 -inf -inf 2.070258 -inf -inf -inf -inf -inf -inf -inf -inf -inf 1.764980 -inf -inf -inf -inf -inf -inf -inf -inf -inf -inf -inf 2.855040 -inf -inf -inf -inf -inf -inf -inf -inf -inf -inf -inf -inf -inf 1.051736 -inf -inf -inf -inf -inf -inf -inf -inf -inf -inf -inf -inf -inf -inf -inf -inf -inf -inf -inf -inf -inf -inf -inf -inf -inf -inf -inf -inf -inf -inf -inf -inf,26.7
M1_s1.6,192,9.3513,0,1,20:1.653791:0.4300,1.6537906206534752,0.43,0.01,1,-inf -inf -inf -inf -inf -inf -inf -inf -inf -inf -inf -inf -inf -inf -inf -inf -inf -inf -inf -inf -inf -inf -inf -inf -inf -inf -inf -inf -inf -inf -inf -inf -inf -inf -inf -inf -inf -inf -inf -inf -inf -inf -inf -inf -inf -inf -inf -inf -inf -inf -inf -inf -inf -inf 1.132745 -inf -inf -inf -inf -inf -inf -inf -inf -inf -inf -inf -inf -inf -inf -inf -inf -inf -inf -inf -inf -inf -inf -inf -inf -inf -inf -inf -inf -inf -inf -inf -inf -inf -inf -inf -inf -inf -inf -inf -inf -inf -inf -inf -inf,20.0
D2_a0.9,188,4.7819,0,1,19:4.021463:0.0200,4.021462742059836,0.02,0.02,14,0.950340 -inf -inf -inf -inf -inf 3.476254 -inf -inf -inf -inf -inf 3.411370 -inf -inf -inf -inf -inf -inf -inf -inf -inf -inf -inf -inf -inf -inf -inf 3.620092 -inf -inf -inf -inf -inf -inf -inf -inf -inf -inf -inf -inf -inf -inf -inf -inf -inf -inf -inf -inf -inf 2.495848 -inf -inf -inf -inf -inf -inf -inf -inf -inf -inf -inf -inf 3.393113 -inf -inf 3.834009 -inf -inf -inf 4.073633 -inf -inf -inf -inf -0.186016 -inf -inf 2.178772 -inf -inf 2.154750 -inf -inf -inf -inf -inf -inf 2.679470 2.323059 -inf 2.967546 -inf -inf -inf -inf -inf -inf -inf,27.3
null_ar,190,12.2287,0,0,,-inf,1.0,1.0,12,-inf -inf -inf -inf 1.179508 -inf -inf 3.757106 -inf -inf -inf -inf -inf -inf -inf -inf 2.114677 -inf 1.555118 -inf -inf -inf -inf -inf -inf 3.435425 0.732115 -inf -inf 2.477623 -inf -inf -inf -inf -inf -inf -inf -inf -inf -inf -inf -inf -inf -inf -inf -inf -inf -inf -inf -inf -inf -inf -inf 2.847492 -inf -inf -inf -inf -inf -inf -inf -inf -inf -inf 1.633337 -inf -inf 2.484284 -inf -inf -inf -inf -inf -inf -inf -inf -inf -inf -inf -inf -inf -inf 0.634956 -inf -inf -inf -inf 0.815168 -inf -inf -inf -inf -inf -inf -inf -inf -inf -inf -inf,25.6
M1_s1.6,195,9.3513,0,1,20:1.331421:0.5700,1.331420890639023,0.57,0.06,6,-inf -inf 2.513043 -inf -inf -inf -inf -inf -inf -inf -inf -inf -inf -inf -inf -inf -inf -inf -inf -inf -inf -inf -inf -inf -inf -inf -inf -inf -inf -inf -inf -inf -inf -inf -inf -inf -inf -inf -inf -inf -inf -inf -inf -inf -inf -inf -inf -inf -inf -inf -inf 2.541597 -inf -inf -inf -inf -inf -inf -inf 1.782035 -inf -inf -inf -inf -inf -inf -inf -inf -inf -inf -inf -inf -inf -inf -inf -inf -inf 1.771917 2.204856 -inf -inf -inf -inf -inf -inf -inf 0.926283 -inf -inf -inf -inf -inf -inf -inf -inf -inf -inf -inf -inf,15.9
null_ar,191,15.9915,0,0,,-inf,1.0,1.0,3,-inf -inf -inf -inf -inf -inf -inf -inf -inf -inf -inf -inf -inf -inf -inf -inf -inf -inf -inf -inf -inf -inf -inf -inf -inf -inf -inf -inf -inf -inf -inf -inf -inf -inf -inf -inf -inf 0.663313 0.527860 -inf -inf -inf -inf -inf -inf -inf -inf -inf -inf -inf -inf -inf -inf -inf -inf -inf -inf -inf -inf -inf -inf -inf -inf -inf -inf -inf -inf -inf -inf -inf -inf -inf -inf -inf -inf -inf -inf -inf -inf -inf -inf -inf -inf -inf -inf -inf -inf -inf -inf -0.725431 -inf -inf -inf -inf -inf -inf -inf -inf -inf,25.8
null_ar,188,10.6937,0,0,,-inf,1.0,1.0,10,-inf -inf -inf -inf -inf -inf 1.940583 -inf 1.273403 -inf -inf -inf -inf 2.127314 1.252403 2.465370 1.946200 -inf -inf -inf 1.569974 -inf -inf -inf -inf -inf -inf -inf -inf -inf -inf -inf -inf -inf -inf -inf -inf -inf 1.123831 -inf -inf -inf -inf -inf -inf 1.065356 -inf -inf -inf -inf -inf 3.239864 -inf -inf -inf -inf -inf -inf -inf -inf -inf -inf -inf -inf -inf -inf -inf -inf -inf -inf -inf -inf -inf -inf -inf -inf -inf -inf -inf -inf -inf -inf -inf -inf -inf -inf -inf -inf -inf -inf -inf -inf -inf -inf -inf -inf -inf -inf -inf,31.9
null_ar,194,13.9841,0,0,,-inf,1.0,1.0,11,-inf -inf 3.130439 2.163627 -inf -inf -inf -inf -inf -inf -inf -inf -inf -inf -inf -inf -inf -inf -inf -inf -inf -inf -inf -inf -inf -inf 3.461404 -inf -inf -inf 3.786936 -inf -inf -inf -inf -inf 2.474612 -inf 3.706142 -inf -inf -inf -inf -inf -inf -inf -inf -inf -inf 0.955101 -inf -inf -inf -inf -inf -inf -inf -inf 1.406055 -inf -inf -inf -inf -inf -inf -inf -inf -inf -inf -inf 2.042460 -inf -inf 3.602687 -inf -inf -inf -inf -inf -inf -inf -inf -inf -inf -inf -inf -inf -inf -inf -inf -inf -inf -inf -inf -inf 2.479185 -inf -inf -inf,19.8
D2_a0.9,189,7.151,0,1,14:2.137471:0.1900,2.137471406077793,0.19,0.04,7,-inf -inf -inf -inf -inf -inf 0.915836 -inf -inf -inf -inf -inf -inf -inf -inf -inf -inf -inf -inf -inf -inf -inf -inf 2.912247 -inf -inf -inf -inf -inf -inf -inf -inf -inf -inf -inf -inf -inf -inf -inf -inf 3.750275 2.099238 -inf 0.288615 -inf -inf -inf -inf -inf 0.256847 -inf -inf -inf -inf -inf -inf -inf -inf -inf -inf -inf -inf -inf 2.244717 -inf -inf -inf -inf -inf -inf -inf -inf -inf -inf -inf -inf -inf -inf -inf -inf -inf -inf -inf -inf -inf -inf -inf -inf -inf -inf -inf -inf -inf -inf -inf -inf -inf -inf -inf,28.6
D2_a0.9,190,7.151,0,2,2:1.088429:0.6100;15:3.952918:0.0200,3.9529184187356123,0.02,0.01,10,-inf -inf 2.185856 -inf -inf -inf -inf -inf -inf -inf 3.056477 -inf -inf -inf -inf -inf -inf -inf -inf -inf -inf -inf -inf 2.296350 -inf -inf -inf -inf 2.126366 -inf -inf -inf 3.425407 2.993314 -inf -inf -inf -inf -inf -inf -inf -inf -inf -inf -0.015636 -inf -inf -inf -inf -inf -inf -inf -inf -inf -inf -inf -inf -inf -inf -inf -inf -inf -inf -inf -inf -inf -inf 2.496893 -inf -inf -inf -inf -inf -inf -inf -inf -inf 1.527034 -inf -inf -inf -inf -inf -inf -inf -inf 2.896899 -inf -inf -inf -inf -inf -inf -inf -inf -inf -inf -inf -inf,27.3
D2_a0.9,193,8.1775,0,1,18:3.888893:0.0200,3.8888926098113337,0.02,0.02,8,-inf 2.048818 -inf -inf -inf -inf -inf -inf 2.809870 -inf -inf -inf -inf -inf -inf -inf -inf -inf -inf -inf -inf -inf -inf -inf -inf -inf -inf -inf -inf -inf -inf -inf -inf -inf -inf -inf -inf -inf -inf -inf -inf 2.272678 -inf -inf -inf -inf -inf -inf -inf -inf -inf -inf -inf -inf -inf -inf -inf -inf -inf -inf -inf -inf -inf -inf -inf 3.815017 -inf -inf 1.823672 -inf -inf -inf -inf -inf -inf -inf -inf -inf -inf -inf -inf -inf -inf -inf -inf -inf 4.992747 2.637435 -inf -inf -inf -inf -inf -inf -inf -inf -inf -inf 2.338562,22.7
D2_a0.9,194,7.151,0,0,,-inf,1.0,1.0,2,-inf -inf -inf -inf -inf -inf -inf -inf -inf -inf -inf -inf -inf -inf 3.041588 -inf -inf -inf -inf -inf -inf -inf -inf -inf -inf -inf -inf -inf -inf -inf -inf -inf -inf -inf -inf -inf -inf -inf -inf -inf -inf -inf -inf -inf -inf -inf -inf -inf -inf -inf -inf -inf -inf -inf -inf -inf -inf -inf -inf -inf -inf -inf -inf -inf -inf -inf -inf -inf -inf -inf -inf -inf -inf -inf -inf -inf -inf -inf -inf -inf -inf -inf -inf -inf -inf -inf -inf -inf -inf -inf -inf 1.459321 -inf -inf -inf -inf -inf -inf -inf,20.3
M1_s1.6,187,7.151,0,1,21:1.140828:0.6400,1.1408275111322739,0.64,0.13,17,-inf -inf -inf -inf -inf -inf 0.832306 -inf -inf 1.580856 -inf -inf -inf -inf -inf -inf 1.267834 -inf -inf 0.497108 -inf -inf -inf -inf -inf -inf -inf -inf -inf -inf -inf -inf 0.882787 -inf -inf -inf -inf -inf -inf 1.009062 1.630665 -inf -inf -inf 1.173324 1.410361 -inf -inf -inf -inf -inf 1.901295 -inf -inf -inf -inf -inf -0.052338 -inf -inf -inf -inf -inf -inf -inf -inf -inf -inf -inf -inf -inf 1.586743 -inf 2.120551 1.146157 -inf 2.284496 -inf -inf -inf -inf -inf -inf -inf -inf -inf -inf -inf -inf -inf 1.472897 -inf -inf -inf -inf 2.472295 -inf -inf -inf,36.9
M1_s1.6,190,10.6937,0,1,20:1.722549:0.3600,1.7225492722839066,0.36,0.07,8,-inf -inf -inf -inf -inf -inf -inf -inf -inf -inf -inf -inf -inf -inf -inf -inf -inf 3.313810 -inf -inf -inf -inf -inf -inf -inf -inf -inf -inf -inf -inf -inf -inf 1.578143 -inf -inf -inf -inf -inf 1.661762 -inf -inf -inf -inf -inf -inf -inf -inf -inf -inf -inf -inf -inf -inf -inf -inf 3.218763 2.371132 -inf -inf -inf -inf -inf -inf -inf -inf -inf -inf -inf -inf 2.494316 -inf -inf -inf -inf -inf -inf -inf -inf -inf 2.565129 -inf -inf -inf -inf -inf -inf -inf -inf -inf -inf -inf -inf -inf -inf 3.541284 -inf -inf -inf -inf,30.6
null_ar,192,12.2287,0,0,,-inf,1.0,1.0,19,-inf -inf -inf -inf -inf 3.344010 -inf -inf -inf 1.274996 -inf -inf -inf -inf -inf 0.636497 -inf -inf -inf -inf -inf -inf -inf -inf -inf -inf -inf -inf -inf -inf -inf -inf -inf 1.229721 1.648041 -inf 1.740224 -inf -inf -inf -inf -inf -inf -inf -inf -inf -inf -inf -inf -inf -inf 2.199774 -inf -inf -inf 1.227676 -inf 2.661854 -inf 1.703144 -inf -inf -inf -inf 1.480603 -inf -inf 2.012548 0.269620 2.542277 -inf -inf -inf 2.439901 -inf -inf -inf -inf -inf -inf -inf -inf -inf -inf -inf -inf -inf -inf -inf 0.842472 -inf -inf -inf 3.695321 3.526695 -inf -inf -inf 2.494668,28.0
D2_a0.9,196,6.2533,0,1,20:2.422855:0.2100,2.422854955879701,0.21,0.01,1,-inf -inf -inf -inf -inf -inf -inf -inf -inf -inf 0.931440 -inf -inf -inf -inf -inf -inf -inf -inf -inf -inf -inf -inf -inf -inf -inf -inf -inf -inf -inf -inf -inf -inf -inf -inf -inf -inf -inf -inf -inf -inf -inf -inf -inf -inf -inf -inf -inf -inf -inf -inf -inf -inf -inf -inf -inf -inf -inf -inf -inf -inf -inf -inf -inf -inf -inf -inf -inf -inf -inf -inf -inf -inf -inf -inf -inf -inf -inf -inf -inf -inf -inf -inf -inf -inf -inf -inf -inf -inf -inf -inf -inf -inf -inf -inf -inf -inf -inf -inf,18.4
D2_a0.9,197,8.1775,0,0,,-inf,1.0,1.0,0,-inf -inf -inf -inf -inf -inf -inf -inf -inf -inf -inf -inf -inf -inf -inf -inf -inf -inf -inf -inf -inf -inf -inf -inf -inf -inf -inf -inf -inf -inf -inf -inf -inf -inf -inf -inf -inf -inf -inf -inf -inf -inf -inf -inf -inf -inf -inf -inf -inf -inf -inf -inf -inf -inf -inf -inf -inf -inf -inf -inf -inf -inf -inf -inf -inf -inf -inf -inf -inf -inf -inf -inf -inf -inf -inf -inf -inf -inf -inf -inf -inf -inf -inf -inf -inf -inf -inf -inf -inf -inf -inf -inf -inf -inf -inf -inf -inf -inf -inf,11.6
null_ar,193,13.9841,0,0,,-inf,1.0,1.0,5,-inf -inf 1.037088 -inf -inf -inf -inf -inf -inf -inf -inf -inf -inf -inf -inf -inf -inf -inf -inf -inf -inf -inf -inf -inf -inf -inf -inf -inf -inf -inf -inf 1.262282 -inf -inf -inf -inf -inf -inf -inf -inf -inf -inf -inf -inf -inf -inf -inf -inf -inf -inf -inf -inf -inf -inf -inf -inf -inf -inf -inf -inf -inf -inf -inf -inf -inf -inf -inf -inf -inf -inf -inf -inf -inf -inf -inf -inf -inf -inf -inf -inf 2.206699 -inf -inf -inf -inf -inf -inf 0.168060 -inf -inf -inf -inf -inf -inf -inf -inf 1.503988 -inf -inf,27.7
M1_s1.6,194,9.3513,0,1,21:1.497699:0.4800,1.497698730017089,0.48,0.1,13,-inf -inf -inf -inf -inf -inf 1.838022 -inf -inf -inf -inf -inf -inf -inf -inf -inf 1.594188 -inf -inf 0.712598 -inf -inf -inf -inf -inf 2.789617 -inf -inf -inf -inf -inf -inf -inf -inf -inf -inf -inf -inf -inf -inf -inf -inf -inf -inf -inf 2.001259 -inf -inf -inf -inf -inf -inf -inf -inf -inf -inf -inf -inf -inf -inf -inf -inf -inf -inf -inf -inf -inf -inf 1.118542 -inf -inf -inf -inf -inf -inf -inf -inf -inf -inf -inf -inf 1.938914 0.883808 2.839680 1.538322 -inf -inf 3.853898 1.293108 -inf -inf -inf 2.810816 -inf -inf -inf -inf -inf -inf,24.7
M1_s1.6,193,9.3513,0,1,20:0.515991:0.9200,0.5159914437914971,0.92,0.07,6,-inf 1.309159 -inf -inf -inf -inf -inf -inf -inf -inf -inf -inf -inf -inf -inf -inf -inf 2.120630 -inf -inf -inf -inf -inf -inf -inf -inf -inf -inf -inf -inf -inf -inf -inf -inf -inf -inf -inf 2.179648 -inf -inf -inf -inf 0.997421 1.441554 -inf -inf -inf -inf -inf -inf -inf -inf -inf -inf -inf -inf -inf -inf -inf -inf -inf -inf -inf -inf -inf -inf -inf -inf -inf -inf -inf -inf -inf -inf -inf -inf -inf -inf -inf -inf -inf -inf -inf -inf 2.644091 -inf -inf -inf -inf -inf -inf -inf -inf -inf -inf -inf -inf -inf -inf,29.0
M1_s1.6,196,10.6937,0,1,20:1.590330:0.4200,1.5903303078881776,0.42,0.02,3,-inf -inf -inf -inf -inf -inf -inf -inf -inf -inf -inf -inf -inf -inf -inf -inf -inf -inf -inf -inf -inf -inf -inf -inf -inf -inf -inf -inf -inf -inf -inf -inf -inf -inf -inf -inf -inf -inf -inf -inf -inf -inf -inf -inf -inf -inf -inf -inf -inf -inf -inf -inf -inf -inf -inf -inf -inf -inf -inf -inf -inf -inf -inf -inf -inf -inf -inf -inf -inf 0.501481 -inf 2.115962 -inf -inf -inf -inf -inf -inf -inf -inf -inf -inf 0.201728 -inf -inf -inf -inf -inf -inf -inf -inf -inf -inf -inf -inf -inf -inf -inf -inf,22.7
D2_a0.9,195,6.2533,0,1,24:2.526700:0.1500,2.526700416042007,0.15,0.02,4,-inf 3.114163 -inf -inf -inf -inf -inf -inf -inf -inf -inf -inf -inf -inf -inf -inf 2.490421 -inf -inf -inf -inf -inf -inf -inf -inf -inf -inf -inf -inf -inf -inf -inf -inf -inf -inf -inf -inf -inf -inf -inf -inf -inf -inf -inf -inf -inf -inf -inf -inf -inf -inf -inf -inf -inf -inf -inf -inf -inf -inf -inf -inf -inf -inf -inf -inf -inf -inf -inf -inf -inf -inf 2.065532 -inf -inf -inf -inf -inf 2.333607 -inf -inf -inf -inf -inf -inf -inf -inf -inf -inf -inf -inf -inf -inf -inf -inf -inf -inf -inf -inf -inf,23.2
null_ar,197,13.9841,0,0,,-inf,1.0,1.0,15,-inf -inf -inf -inf -inf 0.990445 -inf -inf -inf -inf -inf -inf -inf -inf -inf 2.089650 -inf 2.499910 -inf -inf -inf -inf -inf -inf -inf -inf 3.126521 -inf -inf -inf -inf -inf -inf -inf -inf 2.774501 -inf 0.907138 -inf -inf -inf 1.398622 2.892100 -inf 1.181108 -inf -inf -inf -inf -inf -inf -inf -inf -inf -inf -inf -inf -inf -inf -inf 3.097755 -inf -inf -inf 2.133778 -inf -inf -inf 3.166616 0.675225 -inf -inf -inf -inf -inf -inf -inf -inf -inf -inf -inf -inf -inf -inf -inf -inf -inf 2.418119 -inf -inf 0.982092 -inf -inf -inf -inf -inf -inf -inf -inf,21.4
M1_s1.6,197,18.287,0,1,20:1.335058:0.5700,1.3350577130409507,0.57,0.01,0,-inf -inf -inf -inf -inf -inf -inf -inf -inf -inf -inf -inf -inf -inf -inf -inf -inf -inf -inf -inf -inf -inf -inf -inf -inf -inf -inf -inf -inf -inf -inf -inf -inf -inf -inf -inf -inf -inf -inf -inf -inf -inf -inf -inf -inf -inf -inf -inf -inf -inf -inf -inf -inf -inf -inf -inf -inf -inf -inf -inf -inf -inf -inf -inf -inf -inf -inf -inf -inf -inf -inf -inf -inf -inf -inf -inf -inf -inf -inf -inf -inf -inf -inf -inf -inf -inf -inf -inf -inf -inf -inf -inf -inf -inf -inf -inf -inf -inf -inf,20.4
null_ar,196,9.3513,0,0,,-inf,1.0,1.0,2,-inf -inf -inf -inf -inf -inf -inf -inf -inf -inf -inf -inf -inf -inf -inf -inf -inf -inf -inf -inf -inf -inf 1.230980 -inf -inf -inf -inf -inf -inf -inf -inf -inf -inf -inf -inf -inf -inf -inf -inf -inf -inf -inf -inf -inf -inf -inf -inf -inf -inf -inf -inf -inf -inf -inf -inf -inf 3.616353 -inf -inf -inf -inf -inf -inf -inf -inf -inf -inf -inf -inf -inf -inf -inf -inf -inf -inf -inf -inf -inf -inf -inf -inf -inf -inf -inf -inf -inf -inf -inf -inf -inf -inf -inf -inf -inf -inf -inf -inf -inf -inf,24.7
null_ar,189,12.2287,0,0,,-inf,1.0,1.0,31,-inf 1.581696 0.684857 -inf 0.351271 -inf -inf -inf -inf -inf -inf 1.927840 -inf -inf -inf -inf 2.976209 -inf 2.658676 -inf -inf -inf 3.013522 2.860669 -inf -inf 1.874979 3.534681 -inf 2.343615 -inf -inf -inf -inf -inf 0.655154 -inf -inf -inf 0.218991 -inf -inf -inf -inf -inf 2.446208 -inf -inf -inf -inf -inf 1.858524 2.735474 -inf -inf -inf -inf -inf -inf -inf 1.932499 -inf 1.461354 -inf -inf -inf 2.258755 3.215107 2.025826 3.526420 -inf -inf -inf -inf -inf 2.382895 -inf 1.941371 3.052300 -inf -inf 2.614620 3.134339 -inf 1.429828 -inf -inf -inf -inf -inf 2.032825 4.208966 -inf -inf -inf 2.755376 -inf -inf -inf,38.0
D2_a0.9,192,5.4684,0,0,,-inf,1.0,1.0,30,1.829978 -inf -inf -inf -inf 2.384134 -inf 2.099051 -inf 1.899770 -inf 2.823788 1.325858 -inf -inf -inf -inf -inf -inf 2.336077 1.397449 -inf 1.191991 1.240579 1.409924 -inf -inf 1.208512 -inf -inf -inf 1.269212 -inf -inf -inf -inf 2.583957 1.726654 -inf 1.891179 -inf -inf -inf -inf -inf -inf -inf -inf -inf -inf -inf -inf -inf -inf -inf 0.717411 -inf -inf -inf 1.514653 -inf -inf 2.022739 -inf -inf -inf -inf -inf 0.982390 -inf -inf -inf 2.506055 -inf -inf -inf -inf -inf 1.753194 -inf -inf 2.499585 -inf -inf 2.367918 -inf 1.581226 1.971726 -inf 1.758900 2.256550 3.456467 -inf -inf -inf -inf 1.688661 -inf -inf,34.5
null_ar,198,18.287,0,0,,-inf,1.0,1.0,8,-inf -inf -inf -inf -inf -inf -inf -inf -inf -inf -inf -inf -inf -inf -inf -inf -inf -inf -inf -inf -inf -inf -inf -inf -inf -inf -inf -inf -inf -inf -inf -inf 0.951264 -inf -inf -inf -inf -inf -inf -inf -inf -inf -inf -inf -inf -inf -inf -inf -inf -inf -inf 0.246612 -inf 0.635671 2.573066 -inf -inf -inf -inf -inf -inf -inf -inf -inf -inf -inf -inf -0.001945 -inf -inf -inf -inf 0.664624 -inf -inf -inf -inf -inf -inf -inf -inf -inf -inf 0.220178 -inf -inf -inf -inf -inf -inf -inf -inf -0.257289 -inf -inf -inf -inf -inf -inf,18.4
M1_s1.6,191,6.2533,0,1,20:1.993911:0.2600,1.9939107504749563,0.26,0.12,24,1.640416 -inf -inf -inf 2.260287 -inf -inf -inf 2.405071 -inf -inf -inf 3.563163 0.489487 -inf -inf 1.699768 -inf -inf 2.300583 2.138944 -inf 1.514837 -inf -inf -inf -inf 1.436364 -inf -inf 1.421596 -inf -inf -inf -inf -inf -inf -inf -inf -inf -inf 0.293035 -inf -inf -inf 2.422862 -inf -inf -0.011940 -inf 1.031351 -inf 1.892962 -inf -inf -inf -inf -inf -inf -inf -inf -inf 1.691682 -inf -inf -inf 1.074590 -inf -inf -inf -inf 2.158763 -inf -inf 2.555040 -inf -inf -inf -inf -inf -inf -inf -inf -inf -inf -inf 2.885118 -inf 2.551200 -inf 0.410954 -inf -inf -inf -inf -inf -inf -inf 2.591008,37.1
D2_a0.9,198,7.151,0,1,18:3.744111:0.0300,3.744110957908542,0.03,0.01,8,-inf -inf -inf -inf -inf -inf -inf -inf -inf -inf -inf -inf -inf -inf -inf 3.230822 -inf -inf -inf -inf -inf -inf -inf -inf -inf -inf -inf 3.281755 -inf -inf -inf -inf -inf -inf -inf -inf -inf -inf -inf 2.854441 -inf -inf -inf -inf -inf 3.325308 -inf -inf -inf -inf -inf -inf -inf -inf -inf -inf -inf -inf -inf -inf -inf -inf 2.411075 -inf -inf -inf -inf -inf -inf -inf -inf -inf -inf -inf 1.969831 -inf -inf -inf -inf -inf -inf -inf -inf -inf 3.068385 -inf -inf -inf -inf -inf -inf -inf -inf 2.405895 -inf -inf -inf -inf -inf,16.3
null_ar,195,10.6937,0,1,10:3.788373:0.0200,3.788372547671519,0.02,0.02,11,-inf 4.779762 -inf -inf -inf -inf -inf -inf -inf -inf -inf -inf -inf -inf -inf -inf 0.246739 -inf -inf 1.293269 1.572586 -inf -inf -inf -inf -inf 0.681109 -inf -inf -inf -inf -inf -inf -inf -inf -inf -inf -inf 2.874845 -inf 1.933191 -inf -inf -inf -inf -inf -inf -inf -inf -inf -inf -inf -inf -inf -inf -inf -inf -inf -inf -inf -inf -inf -inf -inf -inf -inf -inf -inf -inf -inf -inf -inf 1.477039 3.320881 2.290491 -inf -inf -inf -inf -inf -inf 1.999685 -inf -inf -inf -inf -inf -inf -inf -inf -inf -inf -inf -inf -inf -inf -inf -inf -inf,30.4
M1_s1.6,198,8.1775,0,1,27:1.216652:0.6200,1.216652309978418,0.62,0.03,3,-inf -inf -inf -inf -inf -inf -inf -inf -inf -inf -inf -inf -inf -inf -inf -inf -inf -inf -inf -inf -inf -inf -inf -inf -inf -inf -inf -inf -inf -inf -inf 0.878900 -inf -inf -inf -inf -inf -inf -inf -inf -inf -inf -inf -inf -inf -inf 1.792568 -inf -inf -inf -inf -inf -inf -inf -inf -inf -inf -inf -inf -inf -inf -inf -inf -inf -inf -inf -inf -inf -inf -inf 2.668868 -inf -inf -inf -inf -inf -inf -inf -inf -inf -inf -inf -inf -inf -inf -inf -inf -inf -inf -inf -inf -inf -inf -inf -inf -inf -inf -inf -inf,17.8
null_ar,199,12.2287,0,0,,-inf,1.0,1.0,11,-inf -inf -inf -inf -inf -inf -inf -inf 1.358545 -inf -inf -inf -inf -inf 0.882406 -inf -inf -inf -inf -inf -inf -inf -inf -inf -inf -inf -inf -inf -inf -inf -inf -inf 0.682061 2.620439 -inf -inf -inf -inf 2.848029 -inf -inf -inf -inf 2.314711 -inf -inf -inf -inf -inf -inf -inf 2.291898 -inf -inf 0.957341 -inf -inf -inf -inf -inf -inf -inf -inf -inf -inf -inf 0.089179 2.213785 -inf -inf -inf -inf -inf -inf -inf -inf -inf -inf -inf -inf -inf -inf -inf -inf -inf 0.694884 -inf -inf -inf -inf -inf -inf -inf -inf -inf -inf -inf -inf -inf,20.0
D2_a0.9,199,4.7819,0,1,26:1.301327:0.6400,1.3013270602329174,0.64,0.27,34,0.660546 -inf 0.456605 -inf -inf -inf 2.171460 -inf 0.648183 -inf -inf 2.241610 1.281009 1.589226 0.921893 -inf 1.908624 1.994944 1.796401 1.122563 -inf -inf -inf -inf 3.037787 -inf 2.674532 -inf -inf -inf -inf -inf -inf -inf -inf -inf -inf -inf 1.538952 2.432517 -inf -inf -inf -inf -inf 1.677723 2.364737 1.973572 -inf 1.988836 -inf -inf -inf -inf 1.960349 1.330389 1.750827 -inf -inf -inf -inf -inf 1.312605 -inf 1.817134 -inf 1.491027 -inf -inf -inf 1.610734 -inf 0.828065 -inf -inf -inf -inf -inf -inf -inf 2.698429 1.239550 -inf -inf -inf -inf 2.631131 -inf -inf -inf -inf -inf -inf 1.878800 3.021818 2.118795 -inf -inf -inf,18.5
M1_s1.6,199,5.4684,0,1,20:2.795333:0.1600,2.7953327584741925,0.16,0.01,21,-inf -inf -inf -inf -inf 1.886170 -inf 1.702870 -inf 2.051173 -inf -inf -inf -inf 2.497473 -inf -inf -inf 2.257540 2.038152 -inf -inf -inf -inf -inf 1.376910 -inf 1.778646 -inf 2.567851 -inf -inf -inf -inf -inf -inf -inf 1.308957 -inf -inf -inf -inf -inf -inf -inf -inf 1.541067 -inf -inf -inf -inf -inf -inf -inf 1.756272 -inf -inf -inf -inf -inf -inf -inf -inf -inf -inf -inf 2.125937 -inf -inf 2.230739 -inf -inf -inf -inf 2.401670 -inf 1.038819 -inf 0.737303 -inf -inf -inf 1.560948 -inf 1.037860 -inf -inf -inf -inf -inf -inf -inf -inf -inf -inf 2.526944 -inf 2.670050 -inf,22.8
