n,rep,T_obs,T_rep
300,0,3.19796611257797,1.006860 1.011583 1.677816 1.939437 0.218139 3.596135 2.490233 2.335438 -0.041885 1.685748 0.729910 2.175883 2.141834 1.275880 0.564876 0.778948 1.999459 1.561986 2.423511 2.702599 2.379048 2.996474 0.967713 2.677720 3.364082 3.651023 1.636164 2.348247 0.870599 1.591338 1.084618 1.009894 2.214544 0.512225 2.261672 4.099562 1.271293 2.623157 1.373075 1.647558 0.468112 1.120058 1.605737 0.325140 0.618502 1.666220 3.602863 0.891930 2.069428
300,1,0.5234155887557032,3.493108 1.731935 0.678117 1.595032 1.330834 2.258374 1.105260 2.113828 0.947616 1.283191 2.427909 3.089277 0.869722 1.644085 1.012284 2.017852 1.960961 2.281336 2.533841 2.180321 0.372967 0.189295 2.491946 1.221494 3.821251 0.860149 1.385582 3.123531 3.874919 0.069495 1.044826 1.112134 1.102465 3.418221 1.063571 1.444314 2.261997 1.985148 3.100459 1.632750 1.321309 2.613820 3.019501 1.010564 0.258855 2.260228 2.638344 0.928940 0.702357
300,2,1.4508234219788525,0.150398 2.441781 0.372548 1.657686 0.511614 4.067860 1.952047 2.339358 1.636652 1.616114 0.818322 1.113366 2.713735 0.973355 0.429565 2.667059 3.160304 1.319757 2.913170 3.267730 2.074277 0.867826 1.267809 0.861392 0.951210 1.079036 1.392752 3.246695 0.734011 0.794545 2.600374 2.741413 2.912837 1.463830 2.272419 1.410512 0.778610 1.170073 1.280452 3.376766 1.069515 0.636818 1.027329 3.282468 0.463988 1.740765 0.568918 1.731721 1.782599
300,3,1.7943610019477247,1.663247 2.433688 3.088981 0.761445 4.264970 2.817214 1.586622 2.451424 1.346440 0.442908 1.783346 1.850632 1.170320 1.094758 0.797196 3.378238 1.703330 2.074135 0.962217 3.746887 1.189072 2.400703 1.596382 2.704325 1.979076 1.052795 1.515978 3.534958 1.191116 1.492344 1.840103 0.888397 1.394087 2.301558 1.812755 1.939019 1.884726 2.604131 4.072601 1.451030 0.838881 3.187717 1.178710 2.639251 3.126750 2.471916 0.962042 0.521386 1.896258
300,4,0.9620664156452099,3.260409 2.418285 2.445749 1.553745 1.556019 1.282028 1.010221 1.369581 3.708997 1.795246 2.211462 1.954485 1.353495 0.403898 1.762414 2.345855 1.428280 2.695889 -0.199824 0.947194 2.702500 0.711084 1.369807 0.834456 0.720606 2.345236 1.128807 3.121234 1.266508 1.352629 2.328222 2.194622 3.801606 1.954740 1.086918 1.653874 1.471325 0.759815 2.420226 2.975151 1.610176 2.890477 2.638729 1.396063 2.062315 2.383366 1.913960 2.975229 1.935089
300,5,2.4816348306303246,1.817953 2.850960 1.426361 0.216915 2.369339 1.687006 0.707363 1.638215 1.492319 1.985441 1.555699 2.852558 2.961452 2.641282 3.046992 3.548967 2.590006 0.871114 2.377825 1.998078 1.270059 3.568420 1.101743 3.169244 1.853755 2.067196 1.023192 2.028030 1.389717 0.546591 1.856382 2.342511 2.998488 1.798009 1.305184 1.588103 1.365236 2.247529 4.499469 1.187648 1.963336 1.792165 0.420463 1.990093 1.964877 2.154337 1.635268 0.657555 0.535534
300,6,2.898117002492121,2.327887 2.392068 4.126962 1.748601 2.288671 0.108406 1.100180 0.661033 2.596745 0.925154 2.798715 3.450188 0.600343 1.699503 0.320234 0.933200 1.977814 2.286820 2.487645 1.773892 0.143230 2.306872 2.080698 1.766706 2.311128 0.698636 2.760073 0.836226 2.302112 2.418641 1.088352 2.149879 2.019079 1.846085 2.844499 0.641028 1.713009 1.885023 2.104969 3.626362 3.378531 2.202786 1.553908 3.167717 1.600342 3.001658 1.794047 2.036005 1.841106
300,7,2.366874955903501,3.824471 1.060630 1.942469 1.212149 2.693211 1.980206 2.789688 1.459273 2.660792 2.154702 1.385882 2.573316 2.508160 2.376225 1.436895 1.639950 1.058008 2.575238 2.796309 2.057046 3.605891 2.230212 1.664096 2.441030 3.681059 1.180423 2.915094 1.518754 0.924208 2.341626 2.740264 0.802459 2.539755 2.141505 2.038358 0.584615 2.297019 1.968955 1.214697 1.071125 1.948612 1.428511 2.322934 0.984753 2.591318 0.817396 1.972262 2.203486 3.603059
300,8,1.7824547758461058,2.387172 3.783761 1.513983 2.357421 1.730841 2.739904 0.927606 0.930007 1.127737 1.497494 0.347356 2.925241 1.187047 1.251898 1.559295 2.433183 0.663031 2.834439 2.848234 2.301170 3.895444 1.099545 3.746778 1.475087 1.835035 0.947639 1.308340 0.461328 3.642340 3.843084 0.076811 3.116242 3.080227 2.025613 2.254511 1.766571 0.873344 1.877257 0.935351 1.299393 1.201960 0.761803 0.529226 0.337191 1.159873 1.975832 0.437699 1.270248 1.897828
300,9,1.5542349443040222,1.804389 3.647111 2.068819 2.771112 1.271486 2.361743 1.485290 2.191899 2.498552 1.374656 0.679562 1.202383 1.170164 3.649571 1.259079 3.280525 0.900188 1.160170 1.219595 0.222373 0.833445 1.888144 3.544283 2.952879 0.846526 3.148063 0.563456 2.951540 1.839146 2.276969 1.193214 1.060851 1.843331 1.139686 0.855203 1.208815 2.013296 2.263769 1.370780 3.780860 2.846614 4.561711 1.657051 1.710138 0.758635 3.307688 0.602299 2.436549 1.858711
300,10,0.819318144331162,1.292203 3.117784 0.746285 1.917655 2.345002 0.773986 0.406435 0.282342 2.267874 0.571128 0.436856 2.207166 1.160650 2.553501 2.051145 2.520211 1.452887 2.839854 1.071018 3.002390 4.128224 1.845108 2.678899 1.609354 2.744832 1.759515 1.413706 2.722121 3.455981 2.284873 1.153866 0.867997 2.830756 3.366232 3.044525 1.380997 1.208655 1.543845 0.587723 1.832370 2.157456 1.022604 0.785179 2.075905 0.946269 2.886675 2.226892 0.657233 1.601197
300,11,2.1735937508800314,2.395875 3.295784 4.390275 2.718516 1.580013 2.032878 1.877763 0.665429 2.679170 1.285838 2.032318 2.041370 1.127360 1.721700 2.314167 0.056131 2.413814 0.719374 1.728931 2.390305 2.290948 2.763757 0.634286 1.612926 1.158840 1.840477 2.773257 0.726064 1.970453 0.669977 1.378563 3.352448 1.562708 1.445654 0.810181 2.571439 0.852405 2.620547 0.619481 2.551999 2.041041 3.548758 1.190558 3.599303 1.698620 1.674573 2.720384 3.032270 1.183005
300,12,2.5507690425660807,2.250046 3.227060 1.689455 2.525556 1.336630 1.455798 2.139880 2.172314 1.361389 2.219579 1.457624 1.813064 1.064754 0.783571 0.937090 2.419616 1.196446 0.673389 1.205811 1.643252 2.958781 1.139202 3.372256 1.347328 0.892065 0.985398 1.164048 2.834351 1.376889 1.672623 1.111189 1.509218 1.969774 0.422150 2.298624 2.554170 4.228859 2.224841 1.416463 0.892119 2.278454 1.114458 1.676468 2.941128 2.444740 3.540669 4.709110 0.692261 1.784302
300,13,1.133114059773933,1.808110 2.267944 0.673015 0.723403 4.503007 1.905551 2.691484 2.497506 1.398575 2.978004 1.957765 1.396470 1.228113 1.570749 0.463378 1.742215 1.004052 3.593382 -0.180177 2.494098 1.337345 3.099037 0.364987 2.558330 1.556332 1.436977 2.875039 2.179148 2.023030 3.480287 1.982983 1.925364 2.188839 2.639168 2.743838 3.357563 2.144032 2.237268 0.778277 0.833796 2.137844 1.205777 2.050855 2.281705 1.239679 2.184796 0.819455 1.143465 3.653394
300,14,1.0940877929330666,1.912049 1.125792 1.386645 1.564324 1.915031 2.318771 1.725380 2.528858 2.652470 0.757057 0.562879 1.234685 1.292614 2.552622 1.744891 3.181561 1.936948 3.187492 2.336495 2.425685 1.968784 2.072850 2.428560 2.185416 1.870306 0.881439 0.512759 2.097328 1.496339 3.690489 4.315055 2.814574 1.724083 2.942932 1.337781 1.510710 3.160196 1.163845 1.516526 1.534693 2.323783 1.662374 1.894932 2.483799 1.424338 1.210223 2.111656 1.848238 0.603084
300,15,1.7193410505322588,2.906701 3.934934 2.306141 0.029969 2.568501 0.363599 1.943618 0.728799 1.389363 3.547370 2.775983 1.630071 0.867035 1.209053 2.566273 0.644127 0.962649 1.746200 1.253306 1.086847 2.699353 0.834464 1.071537 0.812282 0.340369 2.265929 2.269760 0.711332 2.654520 1.948241 1.834486 0.804246 1.584895 1.273898 2.429494 0.809925 1.937248 1.531688 3.116000 0.655818 0.695947 0.765156 2.658031 2.464146 3.123117 2.408402 4.334313 2.244536 0.813644
300,16,1.9433805423969732,2.037742 2.233814 1.864299 1.185423 2.322795 0.223784 1.495876 2.924325 1.623754 1.940934 2.133385 1.496227 0.632604 1.509292 1.341967 2.772904 0.533134 2.483740 1.518006 2.405840 1.560852 1.683630 0.470589 3.907724 1.568447 2.594244 1.182475 0.098533 1.763861 2.370214 2.998237 4.505258 1.303394 1.353582 0.495229 -0.326167 0.948549 0.803492 0.582464 2.208397 1.334765 1.839670 3.189918 0.456691 0.704971 1.808279 1.005989 3.549015 1.726714
300,17,3.182536599436911,2.507704 2.300467 1.750579 1.419017 2.484500 3.249216 2.733194 4.037359 0.713009 0.921516 0.719752 1.015477 0.673740 2.002596 2.119931 2.642762 0.900129 1.158905 1.227724 2.153810 0.798440 4.084015 1.318372 0.995808 1.993778 1.257780 1.466031 3.048509 2.106414 2.515067 2.167582 1.820812 -0.131832 2.324778 1.637093 0.865047 2.467045 1.386262 2.196862 1.465602 0.981010 3.726631 1.042770 3.104116 3.145300 0.692129 2.314503 2.692139 2.032518
300,18,2.447547601498156,1.655177 0.630741 0.788625 0.551813 2.035325 2.647277 0.943845 1.352450 1.043896 2.167522 3.166579 3.475971 0.747262 3.217300 2.023705 2.673100 2.809932 1.596117 1.222659 1.446004 2.307604 2.757066 1.548624 1.755850 0.584248 2.732137 2.963031 1.130464 1.807345 1.188829 2.367935 3.869525 2.454211 3.590478 1.431150 3.230816 3.261677 1.643421 1.877715 1.635148 1.845390 1.671350 0.995325 1.684879 3.655651 1.073055 0.405117 1.179557 2.487947
300,19,1.2282190638459627,1.451529 1.737319 0.522574 2.642529 2.129901 0.970012 2.819310 3.437364 1.196149 2.215791 1.062663 1.514517 1.000123 0.468119 0.935260 0.992096 2.726922 0.421578 2.881522 1.275990 1.862267 1.075275 1.994318 2.890720 1.923708 2.012374 1.636731 2.234760 2.871979 0.198520 2.682125 0.233032 2.234269 1.264368 2.354315 1.764346 1.591089 2.379408 2.469095 3.300812 3.302782 2.281579 2.285009 1.374679 3.151545 2.071299 1.966678 2.213878 0.724082
300,20,2.8495616554564034,2.755846 1.882295 0.424177 1.467520 2.590779 0.794521 4.090449 1.905297 1.477216 0.992690 1.997288 1.087601 1.954497 1.636862 0.617659 1.855712 1.028855 3.135917 1.838347 1.284554 2.649057 1.861317 2.105159 2.268683 2.412755 1.239276 1.985712 1.487363 3.621086 2.585798 1.799388 2.567720 0.584232 1.875768 3.102632 1.814171 1.804538 2.191691 2.042599 0.930193 1.805247 1.749303 2.167143 0.710521 1.697367 1.539517 1.539456 1.443908 1.436358
300,21,1.8401972683225252,1.885890 3.356127 2.331590 2.210907 0.710296 2.100849 2.465889 1.437928 1.824577 2.389998 2.103297 1.177063 0.917343 0.955002 2.029728 1.275397 1.501406 1.972600 1.962695 1.451780 0.903295 3.496343 2.482593 3.269282 2.244556 2.423137 2.326076 2.095331 0.605538 2.798311 1.468308 1.903099 0.393589 2.440448 1.720575 1.747427 1.982822 2.203359 1.428368 2.028806 2.253883 4.006990 1.606902 3.079659 1.983404 1.463567 2.587508 2.801643 3.048360
300,22,4.30737975740664,2.567183 1.470371 1.917892 1.878863 1.431642 0.742363 2.045901 3.137731 0.698919 2.261086 0.657708 1.935445 0.951835 1.720206 2.756500 3.523236 2.349542 0.599667 2.890077 1.924441 1.262992 2.106688 1.998416 2.049141 1.093653 2.937331 3.235023 2.045582 2.786816 1.575717 0.466859 2.370565 0.194393 1.799072 0.639772 1.431200 2.443253 1.176930 1.846185 0.323344 1.795723 1.971851 1.187497 2.357572 2.252085 1.072525 1.552115 2.179733 1.832247
300,23,2.3177897249049413,3.323034 1.774609 3.090099 1.331141 1.998429 2.311795 2.761955 2.914519 0.572670 2.559199 3.064798 1.875433 0.636767 0.495644 2.302344 0.497687 3.082164 1.312222 2.807336 1.426255 1.960821 1.352501 0.659924 2.263328 1.474201 1.865624 0.977896 1.438730 2.907615 1.370968 1.763757 2.009629 1.799651 1.354885 1.798109 3.187697 1.564355 0.330831 2.107901 1.126750 1.625932 1.299903 0.283774 2.644994 2.609316 2.467026 2.369818 3.869414 0.842344
300,24,1.239398623614332,1.832453 2.684527 0.862599 1.111449 0.976448 0.889618 4.328503 1.612483 0.794520 1.833820 4.002977 0.892038 2.354129 1.549908 1.434161 0.733923 1.591166 1.849165 1.791821 1.363533 3.090742 2.411672 0.743759 3.143858 1.729096 1.509332 1.441787 0.496812 1.892559 1.827897 1.560341 0.581894 3.842338 3.130042 2.844847 2.901408 2.762451 1.175236 1.547391 3.021354 1.416103 2.883688 2.900040 2.016610 0.988310 2.894921 1.181097 1.265360 0.342397
300,25,2.95773168250804,2.116725 2.069923 1.198236 4.505086 2.434101 1.084393 1.407973 0.624680 0.936211 3.149640 1.492418 2.151588 2.299726 0.551809 3.622398 0.347063 2.516170 1.607103 2.686434 1.505217 1.735580 1.876048 1.905559 2.486689 2.305806 0.734293 1.710365 1.077924 3.529677 1.747687 2.697027 3.089011 2.835162 3.192237 0.248198 1.676808 2.260932 3.276466 1.501762 1.873273 0.778931 0.481160 1.955495 2.955525 1.580437 1.823734 1.679987 1.178019 1.386153
300,26,1.9062442646822828,0.491729 1.796504 3.180395 0.585227 1.134813 1.704448 1.337631 1.608618 1.925711 3.413691 1.704529 1.120728 1.901201 2.565261 2.138560 0.972277 1.353933 1.146465 1.712212 0.768311 2.422510 3.314555 1.022703 2.874926 3.167652 2.406105 2.438623 1.435040 2.275240 1.426954 1.368323 3.014415 1.480485 1.325261 1.460186 2.916211 0.315039 1.629176 2.678959 1.255491 1.651721 1.928238 1.295720 3.387654 1.893473 3.244033 2.166717 0.276790 4.045007
300,27,2.420417822876636,2.394166 1.687218 1.357295 1.617369 1.511847 2.070770 1.347738 0.353436 2.064595 1.870698 2.037148 2.708670 2.168336 2.045096 2.801266 1.228243 1.844819 3.212922 2.086946 0.900281 1.983547 4.006080 2.338128 1.947860 0.053483 2.924392 2.412550 1.873597 2.824691 1.299553 1.490842 2.930547 2.914489 1.690311 2.125341 0.280130 3.013768 0.905798 1.220481 3.242397 1.323722 1.741695 1.237505 2.411745 1.589809 2.585277 2.243040 0.817874 0.612128
300,28,3.145815666414823,1.819793 1.725336 0.739839 0.826110 1.712108 2.497636 0.358969 2.497404 0.414674 1.851503 2.554895 0.562893 3.433395 2.812187 1.409080 0.374056 1.780785 1.228607 1.075405 2.427070 3.830368 0.605617 1.944574 0.925216 2.244311 1.829653 2.765888 0.620769 2.866886 1.854164 1.252114 1.752327 1.582115 4.757886 2.384965 2.566764 1.209677 1.106421 0.751168 3.162439 1.763615 1.785804 1.095588 1.508902 2.223055 1.323371 1.873407 2.516248 1.305323
300,29,1.4159888818176554,2.201480 2.479236 0.522762 1.555169 3.463025 1.859799 2.841429 1.831716 0.648104 2.078361 1.735926 1.900483 2.286182 2.481948 2.274109 3.176882 1.694313 2.103405 1.530393 1.280312 2.748763 3.067379 2.744495 2.030290 1.845339 1.332421 0.883806 1.824281 2.395553 0.191060 1.640075 1.814507 0.408089 2.738169 1.258880 2.377251 3.747724 3.165184 1.806959 1.399026 2.531615 3.656545 1.118381 1.300280 2.784775 0.589771 1.155666 0.643957 1.752670
300,30,0.6082609994037625,1.530831 2.402036 0.799229 2.147593 2.592095 1.472802 1.820682 1.897828 1.162577 3.380052 0.182945 1.928340 1.742401 2.466714 0.620693 1.807191 1.598360 2.391187 3.736275 1.957066 2.103289 1.875274 2.648993 1.794239 2.750137 2.419694 1.520648 1.137795 1.192876 0.964627 1.728344 2.934101 3.363073 0.791891 1.974147 1.598869 3.853020 3.510239 2.979254 0.253222 2.452156 0.624823 2.619774 1.019680 3.192286 1.449068 0.638742 1.952543 0.861663
300,31,0.7379581361085812,1.268458 2.639799 1.883640 1.422935 1.152951 1.178251 1.790947 0.984503 1.254217 1.104591 2.753758 0.665367 0.616479 0.202924 4.089809 0.999211 1.381340 2.990017 1.895913 1.586623 1.301872 1.517926 2.378769 1.070336 1.370862 2.174596 0.586200 1.150516 2.899963 0.609129 1.247913 2.433236 3.468864 3.429051 0.517393 2.339048 1.264386 3.085777 2.339073 3.494496 0.708081 2.762577 1.939482 1.365443 0.909554 2.653276 3.260318 2.695350 2.828498
300,32,2.5674086715852393,1.497183 0.916226 0.773768 2.752190 1.714029 1.168672 2.442466 1.938210 3.216805 1.717020 1.022616 3.731023 2.474459 2.595929 1.955319 2.054797 2.070479 2.092347 1.989329 3.369239 1.393952 0.677510 1.378596 1.570270 1.376872 0.860451 1.808746 1.541917 2.130486 1.285444 2.427724 2.355263 2.153621 2.810434 2.040414 1.709923 1.449321 1.606065 0.619550 2.774642 0.961696 3.925453 1.152845 1.540761 1.254669 0.894056 4.512662 2.245949 1.315626
300,33,2.0251178378004275,0.753071 1.939739 1.466129 1.358497 1.447794 1.394621 2.033593 2.412792 1.465417 2.006212 1.990802 2.756748 3.123363 3.126741 1.699234 0.493373 3.024238 0.572097 3.656720 1.774580 1.634582 3.033108 1.515494 1.784853 0.606742 1.393266 2.489975 2.021856 3.204051 2.218153 1.648741 2.240461 4.137515 0.868153 3.371914 1.440415 3.905111 0.624206 2.502547 0.896774 2.178511 1.962408 2.924046 0.882764 0.494803 0.453568 1.714355 2.206255 2.203171
300,34,0.5599259578112937,0.888094 1.605862 1.218073 1.696131 2.822597 2.628186 0.962835 2.675405 -0.060687 0.606519 2.340992 1.570450 2.416793 2.385992 0.762861 2.496934 1.068548 1.909671 2.353002 2.938792 2.194745 1.236250 1.264643 1.744722 2.953566 3.951821 1.922903 0.865078 1.716528 2.476736 1.875718 3.617458 0.987825 -0.080202 2.399117 1.875228 2.384000 1.202335 1.092380 0.995919 2.105481 3.523284 -0.042518 2.886429 0.418724 1.100305 1.840849 0.551424 0.729183
300,35,1.7814928381200408,2.446323 2.241780 0.476688 2.301718 1.890359 0.263383 1.810751 2.122695 1.604176 1.101467 2.896704 2.283225 1.330802 1.443852 0.947801 1.855562 0.450105 3.789064 0.680627 3.135675 1.360154 0.602145 3.274436 0.563125 1.788689 1.766799 2.607823 2.224422 1.331485 1.348348 2.190059 0.808361 2.957153 0.009037 3.165727 0.525315 2.639843 3.475235 1.946240 1.069362 2.204966 1.423730 2.026469 0.848027 0.490930 2.830562 3.174438 2.229572 1.587703
300,36,3.488236985763214,1.746317 2.253191 3.477108 2.640680 3.563997 1.299580 0.904467 1.360499 1.191376 2.052506 0.981243 3.794080 2.333997 1.008919 1.263092 1.897338 1.576468 1.587388 1.390833 3.563470 2.183128 1.649849 2.098306 1.798838 3.809855 1.435860 1.266318 2.777646 1.542093 0.842617 1.802977 1.780234 1.600405 1.052408 2.606350 1.390060 1.684288 0.970354 0.658154 1.882703 1.477831 0.454225 1.882095 2.544854 0.778398 2.543612 2.286247 2.884826 2.580554
300,37,1.6077996154818839,1.779180 1.803492 2.883190 2.982330 1.828696 0.873517 0.804043 1.429385 2.713350 0.522377 1.376581 1.379077 1.855611 2.918261 0.715474 1.796012 1.472779 0.642107 1.489452 1.450149 1.820906 0.069614 2.561465 1.234312 3.141794 2.407694 1.791020 2.019663 2.233524 1.764116 3.060445 1.043909 1.119882 1.265872 1.335955 3.567781 1.361909 4.573078 1.280967 1.105964 1.522558 1.640160 2.667953 3.256117 3.573728 0.812345 1.150720 1.991896 3.597256
300,38,1.1393034866436962,2.987062 1.024445 1.381268 2.140076 2.949799 2.709128 0.913527 1.642417 1.790582 3.272287 0.754961 2.122179 2.443938 3.289197 2.462595 1.806632 1.297607 3.216220 2.277317 1.625011 1.999714 2.561361 2.391607 1.126729 3.568384 1.477937 1.476553 3.044467 3.850323 0.438695 1.585156 2.112592 1.680764 3.465218 1.619903 2.803628 1.166307 2.998929 2.605760 1.344312 1.786098 2.754657 1.126769 1.572258 1.549313 2.314259 1.496428 1.598185 1.982745
300,39,2.0361280847939964,3.098033 0.408218 0.853246 0.597667 1.294206 2.230218 0.565883 1.435725 1.939751 0.341811 1.167281 4.644426 0.483324 1.775123 2.315333 0.686658 1.081044 1.602158 2.720018 2.381539 2.483077 2.487286 2.214758 4.262026 0.609004 2.381365 2.173317 1.326099 3.698251 0.325917 1.285166 1.106119 0.501625 2.935961 2.868818 1.556240 1.652077 4.059061 2.396154 1.693609 0.968713 1.032048 0.522225 3.043824 0.190505 0.811163 0.918357 0.909653 1.881998
300,40,1.090599412694254,2.431049 3.141939 0.472290 1.240809 2.562070 1.407961 3.049538 2.171075 2.341411 3.548401 1.382630 1.368986 0.504311 1.814013 1.791947 3.393918 1.518568 0.658506 0.537976 2.089648 0.835458 2.054266 2.643579 1.583968 1.124871 2.364854 0.988819 0.714877 1.363204 2.206469 0.793866 1.480204 1.015708 2.458092 2.754295 3.235804 0.231179 2.599948 2.522844 0.601360 3.352918 1.646073 2.568058 3.894226 2.267981 0.764534 2.849617 1.711549 1.963888
300,41,2.708364609413632,3.390557 3.033136 1.689196 2.124129 1.666191 1.646923 2.409774 2.499723 2.661766 1.556840 1.548777 2.953764 1.165644 2.631393 1.156917 1.146761 1.718150 1.873101 1.302715 2.419347 1.200424 1.466582 0.141245 3.114024 1.094556 1.603508 1.124340 3.140153 1.191991 1.655640 1.085799 0.853063 0.998688 0.672946 2.512462 0.886596 0.968204 1.466808 1.192500 2.129178 4.888216 1.638659 2.548970 1.627667 2.815364 0.847508 4.017185 2.857066 2.262788
300,42,1.106649306504844,3.562146 0.179920 1.349729 1.587868 2.028626 2.345436 2.081944 0.973134 3.443700 0.704272 2.798009 1.048606 1.822268 2.038229 1.663570 2.818661 1.929049 2.824906 1.729474 0.271494 1.428116 2.734866 3.405188 2.902205 1.128301 2.662413 1.538415 3.382330 2.867734 0.875769 0.340802 1.629373 1.508060 1.558049 2.274259 0.731571 1.880560 0.437944 0.131183 1.383455 1.415861 1.773327 2.221150 3.303774 1.198962 3.033737 1.677865 1.490259 2.025086
300,43,0.6819938020613677,3.563685 0.743821 1.652489 2.252586 0.573129 1.957992 1.765179 2.039767 2.887388 2.761711 2.331235 2.453628 2.756352 3.503394 0.652562 3.397362 1.795347 2.363096 0.851033 2.457765 2.146531 2.177636 3.113667 2.164826 1.588098 1.298388 1.568820 3.052903 3.288681 3.025859 0.779089 1.070880 2.627451 1.999524 2.601916 1.711761 1.109918 1.132906 0.807034 2.005265 1.758455 2.303251 2.373008 0.576650 1.121797 1.576130 2.404677 0.955688 0.765920
300,44,1.628250868027771,1.856161 2.700183 1.883950 1.937039 1.516550 0.899049 0.926120 0.428234 0.819220 1.510062 3.681332 4.087665 2.041015 2.971195 1.666615 0.166114 1.523793 1.743655 1.084011 0.442721 0.775241 2.576841 1.598053 2.364792 2.438750 0.598236 0.827385 1.083399 0.994211 3.105252 2.441993 2.266698 1.701776 1.373509 1.603100 2.600055 3.134953 2.456853 0.228742 1.124035 2.009244 1.890038 1.737799 1.874641 0.795220 3.232382 2.439516 3.089234 2.486637
300,45,2.7811694761368915,1.766609 2.458891 3.224080 0.205439 2.479076 2.243686 2.313146 0.344604 2.715359 1.589251 2.570133 2.647831 0.858974 2.252403 1.586216 0.747467 1.626770 1.514141 3.331525 2.270437 1.952477 1.537329 1.549518 2.084629 2.837203 2.337121 1.454038 1.456069 2.617204 2.342961 0.617757 1.975088 1.857875 2.155230 2.966547 2.248008 1.653165 2.592532 2.879208 2.581479 0.237158 2.049724 1.841660 3.269049 3.008054 0.219970 2.403599 2.222386 2.831076
300,46,1.7137748989359076,4.653207 1.208550 1.833223 1.074262 3.102954 2.997237 2.302609 1.026530 0.834859 2.253761 0.107733 0.549112 1.948726 1.074128 0.269520 2.490231 1.354530 3.559723 0.913583 2.711994 2.723430 0.740140 0.891896 1.838901 1.808126 2.357387 1.466295 1.377560 1.843319 1.479178 0.051688 2.966453 2.607985 1.525934 1.864830 2.188243 2.211686 2.022127 0.658466 0.948390 1.952183 2.441474 2.574328 2.452567 1.928800 2.230855 -0.084193 1.800876 1.247434
300,47,3.8132762014985384,1.593905 1.047165 2.917769 1.385037 3.469042 2.180943 1.859293 3.197287 0.783750 2.468440 1.109085 2.240436 0.175954 0.435026 0.378658 1.542815 2.794975 2.178898 1.484336 1.966945 2.200909 1.042295 0.695589 0.870314 3.184294 0.104870 2.454163 2.392823 1.705490 1.059684 1.696274 3.175801 2.254537 1.879804 3.176504 1.627935 0.563985 3.101436 1.161208 1.962666 2.670318 1.430026 0.338633 1.920700 0.809958 1.621782 0.519934 2.453419 1.985347
300,48,3.1915521763176296,1.890231 2.643641 3.190098 -0.077069 1.857648 1.820544 2.686127 2.712030 2.442435 1.522557 1.930882 1.191413 1.335810 0.850505 3.825277 2.819603 1.684352 2.790403 2.092151 3.187778 0.887439 1.720193 1.642170 1.724983 1.570892 1.795366 1.913389 0.811048 0.828076 0.524117 1.716886 1.432152 2.323083 2.210454 1.761903 3.059604 2.179755 1.123909 1.089323 1.275163 3.175188 2.735576 3.552779 0.721321 2.944048 2.169871 1.460105 2.211039 1.305414
300,49,0.6112343666149574,3.533599 1.435892 1.486663 1.521424 0.911663 2.570469 2.494172 1.714451 2.777342 2.432250 2.261907 1.197021 2.199681 1.957549 2.386551 1.974077 1.284112 0.207813 1.120589 2.330032 1.427360 0.301765 1.481427 3.930121 3.721136 2.443801 1.859106 3.003529 1.373023 0.911817 3.033203 1.538317 2.025935 2.086824 3.813149 3.063001 1.174735 1.623396 1.540249 2.637154 2.549249 2.595003 0.982985 1.506680 1.018992 1.750128 2.287731 2.426767 1.393175
300,50,1.6253362452552407,0.276859 2.472816 0.762168 1.182299 1.575842 1.676947 1.311887 2.162765 0.602516 1.199412 3.223295 2.094302 2.196801 2.348809 1.213225 0.930459 1.508629 2.520818 2.670710 3.270902 3.888623 1.191483 4.162239 0.582997 0.941314 2.179187 1.841991 0.948420 1.306786 0.170571 1.233213 2.833817 1.646320 1.114696 1.479215 0.452524 2.025505 0.264493 2.718286 1.840115 0.914996 0.587311 0.940865 2.074283 3.259711 1.503312 2.446191 0.966081 1.333365
300,51,2.119418248099224,3.237688 1.943728 0.955384 0.642001 2.753799 0.286251 1.846828 2.901432 1.024915 0.265301 0.984953 1.769127 0.133423 2.521776 0.908848 0.567621 2.689464 0.682751 1.734215 2.119478 2.135197 2.139405 2.869129 0.703756 1.953951 1.199551 2.282792 1.055995 2.810534 2.357311 1.528305 1.438099 1.925094 2.917204 0.762857 1.825654 3.961711 3.394665 3.442399 1.609456 -0.029227 3.113473 2.558192 2.547879 1.427748 2.030019 3.652741 0.168320 1.264061
300,52,2.482222460319062,3.167939 2.407116 1.052202 1.371568 2.100706 1.980688 1.309270 2.219952 1.235342 1.630523 0.649809 2.385776 1.663625 2.501553 2.505958 0.998251 1.537199 1.118827 2.828688 3.304876 3.117350 0.133503 2.190589 1.761958 2.167690 0.297395 1.360750 1.620565 2.011094 1.001335 0.856043 0.999112 2.579515 2.104980 2.221279 2.140503 1.446893 3.725754 4.183111 1.978028 2.054829 1.936656 0.892122 0.944362 1.679087 1.474581 1.039650 2.379900 2.765065
300,53,0.5188512019244591,0.885674 0.834256 0.279742 1.766023 2.244333 0.393790 2.556055 2.229997 3.040777 1.907411 1.925231 1.050547 2.015917 2.490494 1.196242 1.583585 1.789048 0.218049 1.400243 2.363827 0.386550 0.853292 3.338808 1.519845 1.485252 3.366422 1.308320 2.136782 2.144956 0.160688 1.355699 3.569397 0.761477 1.901310 1.850761 1.965296 1.984513 3.246223 3.126395 1.191339 1.278661 1.948636 1.066007 2.842772 1.167916 2.944611 3.543986 3.175110 2.248057
300,54,2.0407613301836505,4.029594 1.180741 2.347797 2.192932 2.488769 2.351310 0.600689 1.390681 2.520561 2.314682 1.374161 2.559675 1.212627 2.513420 4.222837 2.644758 2.578487 0.621847 3.238953 0.693771 3.396382 1.898533 3.102514 1.905010 1.768718 1.442845 1.373522 1.258018 1.683668 1.305945 0.754483 1.511762 1.996744 0.608223 1.881213 1.983465 1.029518 2.920342 2.021329 1.531752 1.298446 1.780863 3.127893 2.154713 1.632251 0.692710 1.881393 0.547378 2.577553
300,55,3.0251129110028474,3.115010 1.593336 2.021454 0.219684 1.510221 0.652084 2.466798 1.679451 2.506612 2.084112 3.818065 2.529247 2.467250 1.142354 1.359697 1.740534 1.082486 1.249849 1.475261 2.290121 3.549766 1.853637 1.584278 0.110229 0.223409 1.994840 2.226922 2.370834 0.586418 0.966909 0.712752 1.511882 0.823058 2.296339 0.985362 1.459919 3.407696 2.442036 3.467640 3.719796 1.612592 1.778145 1.734464 0.684131 2.444104 2.253786 3.819008 1.399976 1.181349
300,56,1.0746974774681028,1.274356 1.275516 0.915183 3.410583 1.979541 2.969951 3.132626 0.618503 1.445059 2.954044 3.362801 2.182541 2.421092 1.355755 2.726763 1.711251 2.111307 2.057519 0.078495 0.879684 0.666042 1.804068 1.352716 2.869843 0.283498 2.228780 2.533718 2.132751 0.973750 1.386585 2.328317 1.033219 1.453578 1.252166 2.326489 1.620407 1.076097 1.358105 2.137057 1.757627 3.146574 1.999339 2.347362 2.727985 3.775927 0.831637 2.422150 2.281517 2.308123
300,57,1.2842348042771141,2.858638 2.079311 2.413347 4.272815 0.936023 2.562247 1.030514 3.260051 0.993008 1.895040 1.126532 1.715447 0.263367 0.682471 2.799665 2.598242 1.426691 2.743163 1.289391 1.785583 1.463840 1.090832 2.677678 1.286302 2.567516 2.778122 1.899349 1.578486 1.987474 0.914525 1.997750 1.697705 0.951573 2.655285 2.032219 1.381285 1.656224 0.409115 1.607282 0.880515 1.117129 1.509982 2.811495 2.650387 2.694734 2.270342 0.015649 1.083926 3.608046
300,58,1.7616462459297522,2.866317 1.451347 1.319572 1.330046 1.934589 1.622966 0.642797 1.498585 1.031990 1.410282 2.425918 0.725445 3.852207 0.339593 3.055379 2.222629 0.706943 1.186777 0.231112 2.832431 1.593769 2.442651 2.881590 1.287593 0.854765 2.677116 1.480354 2.871678 1.509180 1.524730 2.661570 1.015236 0.978105 2.430622 1.134922 3.016432 2.393328 1.181303 0.196708 0.531155 1.724618 2.696240 2.755606 2.002290 2.379722 2.449540 2.026099 1.676409 1.930333
300,59,1.089939047298769,2.061286 0.898843 0.670172 1.707012 1.469541 1.229745 1.505518 3.447054 0.516915 2.117943 1.612270 2.212134 2.427055 2.689899 0.951270 2.254115 1.655539 0.506274 1.553979 2.109328 2.404179 2.278777 2.477158 2.607944 1.353065 2.913071 1.578159 2.618557 1.655969 1.691561 2.323909 1.420522 3.156279 0.633414 2.253598 2.021544 1.994589 1.292463 2.427153 2.846471 2.430890 4.098866 1.176679 1.564921 1.193764 2.197744 0.384380 3.773788 3.059512
300,60,2.1936395455113162,2.235368 1.876090 3.504244 2.846565 2.067350 3.002126 0.967641 1.440232 1.892468 2.878858 1.286375 1.923686 0.797686 2.721387 1.764597 1.035832 1.733061 2.205225 2.403712 1.255553 0.772592 2.246149 0.827464 0.916675 0.054943 1.194751 2.373180 1.517446 0.707230 0.911400 2.026914 2.369730 0.616578 0.618714 2.672953 1.699718 2.614513 0.588555 4.148025 2.892514 2.643198 2.285795 2.828183 1.670807 2.849491 2.347481 1.471080 0.890972 0.885727
300,61,1.7198672949182363,1.975776 2.197727 2.275552 3.182348 1.734071 3.159336 4.159763 1.142791 1.241152 0.800845 2.264363 2.383558 1.755465 1.374243 2.189986 2.026041 2.575092 1.077986 1.301225 3.134861 3.051456 1.286800 0.923108 2.854436 0.931787 0.782482 3.164086 2.001716 2.005202 2.107212 2.543086 1.544126 2.406181 2.325811 0.178984 1.480825 1.737187 0.900908 2.852305 1.616077 1.122441 1.136550 2.448273 3.391675 2.399907 1.211080 1.337555 0.925352 2.419940
300,62,2.437927731436605,2.478229 1.651056 2.886360 1.308972 1.132878 2.416006 2.058182 2.126784 1.907966 1.923663 1.275231 0.375927 0.923113 2.737509 3.607148 1.243867 3.079324 1.866685 0.937822 1.746116 1.037127 0.406145 0.999910 1.592240 2.630988 0.060679 1.016930 3.176156 2.005294 1.113772 3.047214 2.555091 1.283757 1.214464 4.116326 0.782186 1.419711 1.763553 1.059542 1.493429 1.587524 2.681747 1.153299 1.040526 2.256950 1.084275 4.012360 1.036645 1.832713
300,63,0.9054342422313363,1.153378 2.877405 1.695665 1.692086 0.241846 2.630763 3.416339 1.432223 0.442499 0.970316 1.601327 1.323423 1.152430 1.853313 2.017121 2.052249 2.151330 4.058390 0.418431 0.839234 3.592354 3.059182 0.877277 2.136459 1.242838 2.487019 2.776200 3.223758 1.899418 0.537384 1.078457 2.587162 0.609548 1.027206 3.304937 3.241300 1.448105 2.406739 2.374690 1.295216 2.414675 1.082528 2.410868 2.626881 2.891384 3.143037 2.592823 1.717930 1.459021
300,64,3.1450458836902246,0.671324 2.027939 0.859569 1.484764 1.082866 2.543776 1.668768 2.477282 2.153351 1.316338 2.487936 1.963461 1.617739 2.321776 1.790686 -0.000483 1.256497 2.365738 1.227422 3.462166 1.064064 1.346727 1.023404 3.995969 2.240961 2.230585 2.771340 1.998861 2.958923 1.801004 0.953608 2.131249 2.126145 2.114003 2.144831 3.090914 1.532485 0.696338 1.450931 2.747086 1.996227 3.532395 0.650024 1.553968 1.767229 2.180212 1.969283 0.415279 1.422347
300,65,0.40497651309795724,2.403225 1.732475 0.396554 0.004179 0.979361 -0.414448 1.026391 3.434641 2.750562 1.928407 2.034109 1.685242 3.117069 0.747407 0.913452 0.496518 2.118099 1.440702 2.718624 2.522011 1.298067 2.782924 1.407497 0.196046 1.022692 1.984872 0.786685 1.461984 0.952758 0.950504 2.364048 2.879482 1.889947 0.074624 1.841729 1.398170 1.774362 3.252016 2.610851 2.693580 1.477442 0.582497 1.075444 0.859311 2.437976 1.766477 2.592067 0.473901 3.296668
300,66,2.5281640261847613,1.721227 2.335674 1.998215 3.558283 1.734262 1.629624 2.908544 3.161901 2.183369 0.943433 2.301593 2.147019 2.884730 1.533394 2.625035 0.333049 1.462436 0.744033 2.022548 2.640386 2.600593 2.365286 3.947885 1.698476 1.112967 2.717245 3.364346 0.731143 1.271078 2.416622 1.487482 1.640976 1.113359 0.751003 2.491243 2.538790 1.620755 1.615345 3.120921 0.540305 1.306493 1.857117 2.321701 3.804831 2.808373 1.271309 2.670737 3.325664 1.910807
300,67,1.6181926142954037,1.398828 1.010469 1.422692 0.356282 3.446454 1.358532 0.828188 2.176068 2.431324 1.832155 0.214709 2.798313 1.587218 0.204361 2.145014 0.608916 3.054642 1.581287 0.005806 0.386908 2.081244 0.803809 1.283976 1.550950 2.408544 0.920317 1.328207 -0.153310 0.587873 2.810220 2.726171 2.626572 0.733174 2.860718 2.794354 4.311070 2.909295 1.909100 1.779711 3.799059 4.994327 3.382053 1.302026 1.712155 1.322714 2.438023 2.250076 2.847974 0.048216
300,68,3.468498076210397,3.598613 1.917372 3.484618 1.956632 2.077502 3.067716 0.737416 1.789697 1.042411 1.739289 2.935384 0.972953 1.401141 2.243579 1.610015 1.618003 2.858802 2.146550 2.649721 1.567515 0.235389 2.052659 1.294245 1.132207 2.260883 1.178577 0.761254 0.887875 4.248616 3.842565 1.909535 1.757695 1.487202 0.269857 1.370651 2.695003 2.823302 0.235877 1.454557 0.982944 -0.076743 0.968787 3.004117 1.294622 1.578963 0.582972 0.347731 4.050204 1.815083
300,69,1.1741273639969245,3.382149 0.035477 2.904411 1.346907 1.400397 2.862241 1.185339 1.981430 2.785243 1.047281 1.816660 2.470318 1.044639 3.493850 2.600536 1.542165 2.093731 0.601279 1.549500 1.678998 1.386669 1.040405 1.000966 1.689119 2.482804 2.547059 4.055007 1.522279 2.828000 1.603508 1.417897 3.444993 1.723956 3.500216 1.474480 1.832101 2.072311 1.186906 0.501988 1.103404 0.630430 1.529307 1.816530 1.441675 1.006145 1.416394 1.883105 3.040489 0.778875
300,70,3.2872340381549305,0.919024 1.346843 2.738271 2.307369 0.383506 2.409806 2.009833 1.934100 2.771286 1.651126 1.990957 1.079590 4.676938 1.705337 1.045101 3.403047 2.545062 1.938630 1.297781 2.953648 0.712166 1.770185 1.892727 2.498282 1.823485 2.754796 0.609123 2.174949 2.319996 2.621578 1.026323 3.299648 1.929837 1.895479 1.288261 1.496971 1.702844 0.964762 -0.011914 3.343885 1.928950 1.106642 0.912224 1.550796 0.790146 0.644410 2.563497 3.226356 1.292623
300,71,1.9173568457521664,2.753091 2.018822 3.515930 2.063466 3.366307 2.441915 1.815680 1.472145 1.955321 0.803651 3.538598 1.377563 1.467352 1.405961 0.456782 3.854407 3.172127 1.310623 2.862363 2.221870 1.864177 1.434722 1.734983 2.049216 1.277967 1.803362 2.104289 2.294418 1.105390 1.859454 0.630956 0.881778 2.655916 0.492196 2.120979 2.701790 0.937861 3.411139 1.790183 2.443851 1.987952 2.843142 1.504472 2.435621 0.957381 1.158709 1.244102 2.427022 1.909065
300,72,2.1585640012476266,3.233086 1.043213 0.832799 2.148026 2.780472 1.290927 1.575728 1.115370 1.897990 4.130898 1.876274 2.482534 2.479062 0.691346 1.587668 2.719425 2.577325 0.891239 3.295647 2.122582 1.833632 0.873821 3.092564 1.709539 1.134022 1.113004 3.887089 1.266470 2.329408 2.322519 1.313050 2.639722 1.728813 1.036085 1.973151 3.212153 0.691526 1.452353 0.983047 1.272148 2.126532 0.166692 0.785283 2.124515 2.247678 1.192608 1.566687 1.774807 2.602723
300,73,1.0058144032025689,1.910305 2.485394 2.109139 0.858261 1.190834 0.911552 3.420914 1.054029 3.239097 0.782658 3.029966 0.697768 1.119691 2.883811 3.285070 0.867192 1.733493 3.600982 2.343458 1.314412 1.309095 1.996072 1.946715 2.230733 2.830933 1.245311 3.331815 1.991080 2.622388 0.167777 2.257276 1.736307 3.203118 1.505554 2.457706 1.336082 2.014991 2.013488 0.674398 2.750705 2.439708 0.546733 2.747811 0.904143 1.820107 3.585750 0.941142 1.360109 1.201833
300,74,2.6167560280374507,0.906068 1.980859 1.670914 2.314120 1.384506 1.667486 1.976134 4.316609 1.891356 2.535586 2.810059 0.603897 2.548348 1.444988 1.420587 3.903360 4.246810 1.879256 1.808984 1.689486 3.900572 1.407613 1.110928 0.727024 1.565301 1.472276 3.023907 2.796929 0.437815 0.765704 1.759122 2.317991 1.546435 2.418037 1.577486 2.098025 1.075627 0.802093 2.807926 1.736002 3.725430 0.723063 1.743227 1.128113 1.921874 1.429994 1.060353 2.575195 0.490502
300,75,2.246518402525078,2.651684 2.513749 1.050149 3.627352 2.060535 1.575626 1.929922 2.588460 3.041699 1.646074 1.172824 0.634272 1.362080 0.560385 1.597449 1.081526 2.623605 1.431417 0.936006 1.423136 1.343700 3.072216 2.182124 0.262014 1.969577 2.689561 1.931613 3.663911 1.035494 0.608033 2.152347 1.367902 2.405569 1.121742 3.115857 1.538624 3.694581 2.046217 0.704516 0.896165 0.845881 0.940784 1.919812 2.711924 1.170212 1.898805 1.309318 2.439144 1.924122
300,76,1.2331844979829765,1.601764 1.146771 3.848070 1.919221 4.083396 1.321729 2.585283 2.936518 0.513179 3.400458 1.684563 2.033694 2.042221 0.816694 2.136181 1.271499 3.614268 1.611419 2.346886 0.748172 2.595343 1.280006 1.468351 1.984630 2.055295 1.982257 2.260991 1.606648 2.415728 0.977225 1.886181 1.868453 1.675931 0.991460 2.357976 0.684018 1.658725 1.360934 0.675156 2.425241 3.214475 1.366867 1.146852 2.530673 1.915915 0.357120 0.854529 1.256922 1.596970
300,77,0.9241764803444598,1.682299 1.674609 0.264212 1.723033 2.039609 1.693421 4.253424 0.989557 1.096585 2.015849 0.802757 2.749048 0.790848 1.957449 3.353119 3.211876 1.500449 0.720328 1.040402 1.321756 0.575769 1.469092 2.375614 3.372552 2.228979 2.132501 2.017980 1.177209 1.126985 2.927510 1.769488 0.205742 2.341711 2.294678 1.736773 2.669880 2.173484 1.679084 3.797964 2.341996 1.426493 3.119396 1.772825 -0.164061 1.628161 1.069529 1.413107 1.124976 2.316398
300,78,2.8253838674031435,3.511885 2.894261 0.691950 2.087287 1.297915 2.935657 0.790276 1.098643 1.180364 1.379774 2.956635 2.266098 0.224696 1.196836 4.082799 3.700259 3.061656 3.002021 2.944365 0.414480 1.827795 2.175398 0.602819 1.161115 1.021148 1.512400 1.504369 2.650625 2.731907 1.891942 0.780042 2.884625 2.127663 1.932847 1.045310 1.170355 0.028791 1.603629 1.020871 1.716041 3.308310 2.299659 2.153128 0.600304 0.463400 1.487867 3.072185 1.096488 -0.138053
300,79,0.7562286686800855,2.419052 0.499501 2.233743 1.946647 0.993660 1.596544 1.241662 1.025916 3.073933 0.903614 2.014081 1.274877 1.892142 2.286059 2.091836 2.700612 0.972433 2.765225 0.884737 3.437615 2.037582 2.187248 2.515471 3.072140 1.894227 0.788349 3.618595 3.009246 1.686799 1.395814 2.243299 2.099619 2.241445 2.486682 0.547558 1.076536 1.291881 0.707576 2.819886 2.465082 1.962291 2.462443 0.225420 2.747627 2.635029 2.721576 2.567284 0.487350 0.579060
300,80,1.7437004854491198,2.117765 1.455973 0.952023 2.133138 0.089566 2.398284 0.696356 -0.164111 1.870440 1.603973 2.814964 1.059496 2.596429 0.938664 0.543896 0.614297 1.026746 0.949463 2.269389 1.974601 1.271115 4.619287 0.795822 0.200498 1.553191 1.927610 2.307611 2.818041 1.728385 0.858336 3.594063 2.104868 2.059659 1.799956 1.718067 2.500504 1.331425 2.144237 1.694163 0.681995 1.406381 2.454461 3.546074 2.004848 1.211843 0.442371 3.297417 1.061002 3.094936
300,81,2.570080338909433,1.638541 2.679230 3.300599 3.194028 0.698530 2.226423 0.434963 2.351500 1.738273 1.122092 3.385857 1.206797 1.962230 2.706697 2.055565 3.933273 0.743088 0.770908 1.822786 2.885425 1.690148 0.888175 2.443315 4.288707 1.558549 1.286752 1.068248 -0.194362 0.995779 1.940208 1.330187 1.085486 3.486149 3.141171 3.301936 2.129977 1.271331 1.584674 2.122548 2.497106 1.678307 3.202247 2.398378 2.031229 0.413923 0.321204 2.130221 1.780188 1.176121
300,82,1.534761988498845,0.615445 0.650771 0.381566 2.105262 2.891899 0.801252 0.074440 2.512419 0.822555 0.482323 1.603904 2.393924 3.159818 2.453038 1.511639 1.491922 2.205640 1.810686 2.048465 3.128239 1.327782 2.606707 1.890395 1.098372 2.041615 1.190874 1.256364 2.303709 5.087747 1.653218 0.002070 1.739245 3.817417 1.790444 1.689232 3.060751 2.247747 2.603110 0.317187 3.195570 2.453296 1.264632 3.721556 1.925096 1.188704 1.525792 1.412729 2.676263 1.348973
300,83,2.1196872982426584,2.603436 1.598891 0.891227 2.112495 2.399402 2.652237 -0.064819 0.637757 1.244449 1.304058 0.009435 1.497699 4.215617 2.328073 2.684847 1.123663 1.713282 2.459637 2.757089 2.827935 0.756442 0.177057 2.469306 2.062564 1.020297 1.049926 1.332133 1.046744 0.885764 0.308899 1.713340 1.253824 1.763547 0.404758 2.740959 1.421406 3.538464 1.270387 2.756843 1.822280 2.398355 1.421853 1.286598 1.735028 1.255546 3.851647 1.810724 1.132586 1.627241
300,84,2.3037216378465635,2.407389 0.879449 0.608114 1.887066 3.835144 1.489723 1.866768 2.658218 2.502635 2.778859 1.370887 1.704501 2.768727 2.475588 -0.193121 1.738573 1.721353 2.524986 2.504722 0.950417 2.848160 1.240346 3.667511 1.743072 1.216964 2.487082 2.159947 0.521803 1.553554 1.335973 0.843872 1.060461 1.786872 1.504583 2.338674 2.980773 0.309060 1.803351 2.675677 2.012453 2.108208 3.308302 0.781301 2.282109 1.404377 2.182916 1.290942 2.061559 1.983331
300,85,1.0383590677287309,0.651611 0.647406 2.637948 0.100202 0.949084 2.398004 1.415811 3.315714 1.929753 1.638269 3.492657 2.704566 1.461926 1.020085 1.805475 3.193540 2.255276 0.779256 1.725930 1.194093 1.530564 1.802339 1.325022 3.187149 2.747847 2.039238 1.374694 1.375747 2.732025 3.261323 2.094153 2.027203 1.262022 0.946819 2.231925 1.701093 2.480191 2.141836 1.266328 2.705368 2.697107 1.551525 2.316235 2.803745 1.919081 2.172294 2.614830 3.036000 1.554087
300,86,2.0136329037575935,3.060264 0.439728 1.308905 1.843458 2.495926 0.929448 1.772965 0.807540 1.111071 0.998729 3.304421 2.755871 1.145323 0.461646 1.185424 1.330932 2.046174 2.092193 1.404486 1.508512 2.239642 0.748543 1.549076 1.905238 2.437018 1.577139 4.035590 2.628780 3.572052 2.095873 2.772705 1.805136 3.549425 0.818718 4.015397 3.118772 2.244468 3.510058 0.568588 2.257015 2.471621 2.658785 1.098484 2.456295 0.365791 1.525803 0.815021 0.919480 1.533720
300,87,1.5341794656543675,1.595447 1.984248 1.226447 0.520766 1.344587 2.803107 2.290024 2.529964 2.194721 0.380745 1.734906 1.521804 1.505538 1.476694 1.910555 2.395951 1.766182 1.119783 2.255510 1.528948 1.688832 1.654872 1.295376 0.649407 0.616069 2.900735 3.067685 1.910931 4.127400 2.035357 1.583892 2.259199 2.792243 0.752515 2.875326 3.200527 1.883580 2.435743 1.823661 2.680922 2.745837 2.873725 1.657688 2.591197 2.267216 1.410164 1.708172 1.951996 2.438542
300,88,2.855376804823055,1.882417 1.636553 1.890571 0.856339 3.732868 1.346837 2.303047 0.916061 0.886842 1.370447 3.892563 2.912164 2.835383 2.822681 1.455680 3.170423 0.207636 1.685601 1.890726 1.746071 2.261405 0.982797 0.453216 2.009412 1.442274 0.489504 2.202267 1.484877 0.984381 1.963707 4.167376 0.892779 2.565870 0.805544 0.490482 0.823412 1.199712 2.401927 3.265477 1.068969 2.475583 0.685191 1.226326 3.599953 3.017609 1.879505 2.119873 0.456589 1.345125
300,89,2.7478095771157918,2.439055 2.139921 2.199104 1.147478 0.870066 0.483790 0.985871 2.327831 3.367400 1.275916 1.692515 2.988149 0.632145 1.059794 1.679904 2.977143 2.511025 1.295076 1.634813 1.788601 1.865402 0.097500 0.527464 0.646076 2.213147 0.434826 3.046980 0.434696 2.084724 3.719638 2.948783 2.803557 2.726741 1.254688 2.186310 2.113793 2.588065 1.508403 1.602074 1.489759 0.993915 0.623432 2.021401 1.965886 3.014153 1.654773 2.035545 1.301168 2.564760
300,90,1.1429015206671056,1.988542 2.412597 0.701195 0.877991 0.470875 0.868305 2.891880 2.119910 1.018527 2.924606 1.530755 1.448829 2.011953 1.695562 2.892087 1.647569 2.790246 2.431578 3.378567 3.737764 1.835132 1.832916 1.832005 1.122453 1.838849 2.003096 2.189310 1.718087 0.860975 2.094419 1.451512 1.619271 2.623875 1.715910 1.410630 1.271197 2.717562 2.578733 2.484809 3.156296 1.756080 1.252077 0.357789 1.827337 2.737626 2.310703 1.602496 3.052025 2.172403
300,91,3.5176340687262417,3.138045 1.762516 2.440110 0.280408 1.645326 2.123632 3.662277 3.177168 1.963488 1.347913 2.923616 1.562259 2.589369 0.717213 1.006355 2.474023 1.763933 2.413779 2.154631 2.381210 1.306857 2.458555 2.724481 2.037192 1.038118 0.690583 1.767862 2.601777 3.418466 2.464867 1.932653 3.276357 1.354549 1.643123 1.370537 2.787365 0.854316 2.148913 1.168027 0.927876 2.088239 0.898484 0.683579 2.179237 1.569996 1.286448 2.004023 1.334914 3.716324
300,92,0.9736263548735677,1.504259 1.809236 2.028566 2.769116 1.520783 1.331404 1.977276 2.359051 1.965677 1.173692 1.860715 1.089394 3.607553 1.960321 0.458829 0.525066 2.082944 2.390977 1.070712 0.873370 0.966040 3.106038 3.101905 2.414408 1.071753 2.304316 1.413535 3.682855 2.068909 2.840072 0.877116 4.079854 2.350409 1.080614 1.648231 2.660884 1.506406 0.888995 1.170348 2.085928 0.455740 1.866096 3.912436 3.485643 0.501794 1.768719 3.442481 0.788540 2.921844
300,93,1.986351762615037,3.907335 0.749343 1.613201 1.668172 0.737791 2.203240 2.249141 4.732275 3.525762 2.492830 1.686431 1.611689 3.679863 1.143053 0.997869 1.743080 2.454980 1.431235 1.980158 1.928545 0.559699 3.366080 1.196081 2.852985 2.228754 3.398475 1.840797 2.334812 0.498305 2.146006 2.851677 0.460680 2.709744 1.277221 0.528055 2.167085 1.637810 1.682739 2.700899 1.794703 1.436554 2.838693 1.019820 0.981056 1.973794 1.020305 0.559851 1.447451 0.982615
300,94,2.6995502403023544,1.116121 1.831629 1.895828 2.071255 1.974993 1.100606 3.508924 1.883936 2.607702 1.416945 3.347177 1.421491 1.454414 1.309912 1.837311 1.527985 0.588205 1.512069 0.324142 1.370826 2.957723 1.847678 3.813636 1.934268 1.952620 2.720206 1.834444 1.762315 1.299548 0.893040 2.853848 2.278118 2.516780 3.147467 0.926999 1.185963 2.724287 0.447218 1.214243 1.655773 2.105254 2.398749 2.518028 0.079025 1.983178 3.077976 1.128487 1.010082 4.349425
300,95,2.976151261870827,4.476082 2.252581 0.592797 2.431902 2.369963 3.826019 1.320768 2.757250 1.999020 1.927320 2.489055 2.342852 1.762719 1.195438 2.490028 3.691867 1.797594 2.460346 1.153465 1.535736 2.604199 4.042172 1.931718 1.887863 1.831040 1.819396 1.547134 2.052092 1.571844 3.226533 0.610493 4.092251 1.502399 3.166256 0.895308 2.234442 1.896500 1.875766 2.067220 1.555561 1.527229 1.398332 3.122669 0.356851 1.390149 0.535303 0.807565 0.317114 1.663635
300,96,1.1462232806674704,1.777338 3.483082 1.342380 1.805432 1.106919 1.323475 3.569356 3.411486 2.407139 1.542997 1.129689 2.845711 1.792105 1.516217 1.361422 0.553302 1.390518 2.428458 2.884090 3.278822 0.985639 1.944429 2.002953 2.049697 1.843780 2.136992 0.415348 2.861262 1.821937 1.805832 1.416155 0.584159 1.709283 2.618249 1.967558 0.136798 0.818052 1.558922 1.343230 1.422910 0.869357 2.699681 3.818339 1.600047 0.714924 2.621817 2.589659 0.792554 0.086806
300,97,3.350883162084178,2.222503 2.082583 1.486405 1.117645 2.826271 1.300384 2.217755 2.226817 1.334357 1.821739 3.218419 2.819021 1.453606 1.981074 0.967320 3.205322 2.675930 1.937459 2.518938 1.930873 0.883380 1.347823 1.028555 2.661296 1.504144 2.245075 1.813642 2.961982 1.200608 2.763891 3.277800 0.732405 1.896415 2.436252 0.712470 1.717370 3.127795 1.783014 1.694711 2.125927 0.861831 1.081457 2.572922 1.911495 1.768488 2.282380 2.277778 2.603266 2.856608
300,98,0.4707915833174648,0.630022 0.501631 2.219841 3.328636 2.167473 1.781107 1.131347 1.495994 2.255121 3.353954 2.328752 0.521023 0.527862 2.130433 2.614718 2.750328 2.917861 0.712323 2.055757 0.843840 1.218940 1.865804 1.256624 0.582527 2.529017 1.120585 2.243455 2.177121 2.604393 1.727525 2.468550 1.262866 1.315353 2.363330 2.311730 0.703664 1.721847 2.018015 0.453432 3.553687 2.099346 3.677270 3.156393 1.759134 1.879611 0.767895 1.147883 1.361664 2.934161
300,99,1.592604411570741,1.328516 0.744754 2.291133 1.100355 0.926582 2.209064 2.510778 2.373232 2.222677 1.777825 1.843432 1.010970 1.351515 1.316291 3.338634 2.373336 0.372488 3.593326 2.509959 0.700370 2.124126 1.720189 1.377921 2.848533 3.317260 3.244380 2.502894 1.356623 1.894368 2.012039 0.348623 0.506506 1.871766 1.710503 3.680735 2.059053 1.831110 2.167800 0.366726 0.779218 0.823406 2.502124 3.152029 2.735857 1.124083 1.055632 1.124936 1.623985 1.218327
300,100,2.299553113512692,2.255786 1.365218 1.261168 1.010910 2.898822 3.177992 0.681045 0.669061 1.802939 2.165286 1.176972 2.742577 2.897972 1.777491 1.272295 1.723008 0.699659 1.509709 0.651598 1.606966 1.653044 1.311634 3.615421 1.439895 3.555308 3.914562 1.866105 0.955707 1.918383 2.829247 2.369587 2.174909 1.028135 0.157754 2.847989 3.144318 0.806999 2.791731 1.888303 1.147156 1.608978 1.254709 2.402198 1.767091 2.851021 2.486156 1.469158 2.909219 1.203338
300,101,3.343584517660645,2.231487 3.352231 1.714439 1.982816 2.264688 0.701233 0.429154 1.438909 3.128652 1.284799 4.370006 2.594720 2.852134 2.832017 1.028840 2.575148 1.138338 1.901402 1.301517 1.141212 3.448972 2.336811 0.678631 2.711199 0.972001 2.652679 1.493085 2.400953 2.293686 1.686036 2.877576 1.312695 2.288849 3.151621 2.180327 0.560633 1.024632 0.672158 2.848100 1.610688 1.225985 1.834308 2.866334 0.736146 1.739175 0.648780 1.342549 2.056254 1.505365
300,102,1.6286690880200505,1.812849 2.002119 2.309866 2.854574 4.015873 3.351247 0.656821 2.735459 2.807547 1.470386 2.815555 1.571228 3.484905 0.450038 3.879695 1.709553 2.237445 3.318308 2.119961 2.101810 2.614593 0.830333 1.759077 2.637679 1.329615 1.502895 0.197651 0.526435 1.292940 0.972434 2.056873 1.222791 1.529457 0.144639 2.846055 2.522166 1.766968 1.492157 0.416162 2.564667 0.748878 0.908599 0.987870 0.541743 1.629979 2.120154 2.113177 2.608158 1.552512
300,103,1.7795914582381196,1.337398 0.930461 2.005623 1.533043 2.442303 1.324042 2.085348 1.012713 1.538578 3.991310 0.601348 2.050491 3.404658 3.260549 2.310005 1.493698 2.085300 2.006558 0.510113 1.021176 2.485946 1.351284 4.477440 2.310499 1.971062 1.651042 1.759114 0.893064 1.968685 0.040042 1.468444 3.020218 3.957428 1.745052 2.097049 1.922039 0.724197 1.631685 1.776626 1.805675 1.047782 2.007809 1.332839 2.655179 2.992173 1.461591 1.890220 0.298381 1.473595
300,104,1.1844853130092081,1.663342 1.749164 1.979281 1.384991 0.874850 0.370949 1.768436 2.663248 2.634355 2.631057 0.844437 2.034479 3.085301 2.387169 0.605732 2.414635 1.512231 3.140969 1.863781 3.569619 1.852871 2.154728 1.740316 0.512364 2.803249 1.850106 4.178914 2.984114 1.747927 1.882891 1.024756 3.197558 2.146043 2.194079 1.841021 2.397539 1.475661 2.111814 1.696474 1.008469 1.115536 1.160968 1.271647 0.892196 2.799476 0.899194 1.178902 1.847698 3.403505
300,105,4.386294074122063,2.067775 2.800904 0.436607 1.221432 2.474570 3.894990 2.672822 1.941189 2.323570 0.800530 1.448997 1.142522 1.235862 2.039569 3.350717 1.078142 1.998321 2.042179 2.137736 1.380148 2.215184 2.933412 0.239227 0.750319 2.266489 1.010920 2.645391 1.499490 1.445790 2.090618 1.931248 0.772583 1.040235 0.710805 2.832023 2.604965 0.961305 1.542313 1.502763 2.003461 2.051411 0.934568 1.473346 2.590446 1.003160 2.447967 3.471230 2.715745 2.812292
300,106,2.6488534187419788,1.375405 2.286866 1.274676 0.717778 2.101932 1.850299 1.280667 0.771627 3.544178 3.028691 1.344228 2.029652 1.891286 4.603760 0.928644 1.114664 1.371865 1.478305 1.234992 1.677639 2.617750 2.239673 1.475517 2.277950 3.402790 0.653752 1.546144 1.589148 2.108643 2.270819 1.836086 2.596497 1.692379 0.992394 1.338742 0.483987 2.126139 0.877021 0.954270 2.404881 1.439794 3.272257 1.521636 2.041785 2.689910 1.377594 2.768818 1.984845 3.723692
300,107,2.9100388786795763,2.049849 2.546792 2.296500 2.890733 1.078006 0.149208 0.649191 0.815259 3.045755 3.072182 2.280830 2.824215 1.137459 0.198185 0.320637 0.414699 2.665020 0.529662 2.736780 1.849891 0.670554 2.165431 2.136967 0.688890 1.565480 3.624655 1.850643 1.677639 2.188101 2.977622 1.623765 0.676527 1.039139 2.442147 4.229925 2.700366 0.859758 1.082394 2.264924 2.575980 1.730945 2.064598 1.635888 1.123122 1.305448 1.070903 2.185771 0.506553 4.099540
300,108,2.2429425277901576,1.676029 0.423309 3.178097 1.846448 2.986697 2.165724 1.697894 3.474755 1.145660 1.472490 1.502636 2.004253 0.990672 0.177783 2.442339 1.712261 2.706796 0.609620 1.097991 0.844158 1.369588 2.468277 2.005723 2.199083 1.001125 1.323562 1.640768 0.443703 0.865397 3.835873 2.849044 0.331494 2.123902 0.729459 2.213097 0.853457 0.840790 1.968470 1.137568 4.178910 3.522868 2.408954 2.798530 1.722240 0.978900 2.741984 2.318859 1.685758 1.963327
300,109,2.4828126908849697,1.616181 0.426672 0.935231 1.915939 1.019466 1.047323 1.484847 2.232237 1.892341 1.605040 1.870724 1.956707 1.150564 1.833126 1.737570 1.209049 0.698402 1.246730 1.496290 3.498644 3.057283 3.357606 2.798388 1.379335 3.024221 1.244210 2.648097 2.989378 2.388015 2.604489 2.158077 2.875450 0.201942 1.538701 1.563258 1.582212 3.848531 2.203694 3.802815 2.054255 1.963825 0.796526 4.555636 2.501437 1.366135 1.305307 1.847220 2.971949 2.291092
300,110,2.600433181085251,2.817158 1.536783 2.576539 1.299606 0.262752 1.723072 2.210442 0.984577 0.432225 1.973825 2.335221 2.052463 3.644952 3.351715 3.312533 1.732979 0.836776 1.946454 1.774508 1.335159 2.696454 0.920793 2.691802 2.122483 2.415195 2.944144 0.885734 0.718745 1.625442 1.469864 0.252149 2.514602 1.189936 1.132553 1.386059 0.933600 1.552684 2.645621 1.291709 2.513527 2.048080 3.582674 2.789189 1.685383 1.297141 1.007144 1.061005 3.238055 2.361187
300,111,1.4607218746095534,0.762220 0.715028 3.972946 1.739209 2.232543 1.235270 2.273155 2.065518 2.551786 0.759442 2.242778 0.732352 1.932331 3.277397 3.488261 1.156799 1.186292 0.536001 2.584661 2.627903 1.942878 1.711167 0.774093 4.451388 2.655741 1.997712 0.798639 2.786505 0.269248 2.133080 2.531462 0.827989 1.848227 1.708818 2.428656 2.231016 2.147221 2.521470 0.674535 0.724089 1.865652 2.110487 1.514276 0.816985 1.622348 0.484583 3.939624 2.262064 1.861515
300,112,3.1621177191978553,1.983494 2.668311 0.863701 1.357315 2.231168 1.070440 0.502196 2.112634 1.867167 2.177151 1.164578 1.099807 0.671928 2.319220 2.064254 3.720657 2.317638 1.207245 3.522984 3.221812 0.547356 1.028404 2.123285 1.374196 1.609129 1.255848 1.793889 1.580495 0.457112 2.467863 1.939246 1.955124 0.110010 1.809548 1.076582 2.855099 1.195187 2.474075 1.803825 1.709401 4.297965 3.975708 0.579190 1.750659 1.315736 2.371480 0.770975 2.591743 2.479368
300,113,2.5286581338174408,1.228949 1.082635 2.438887 1.766178 2.877942 0.365382 2.118484 4.133418 0.882259 1.048115 0.470130 1.861533 1.115232 2.752293 1.774320 2.056261 2.063018 0.988399 1.890008 2.452858 1.532522 1.973924 3.381009 2.616206 1.913441 1.943120 0.393408 3.525002 2.261039 1.405543 0.715091 4.123230 1.571140 1.168248 0.113607 1.174636 1.152391 3.406854 2.123608 3.173133 1.275750 2.105097 0.957625 1.546056 2.083347 2.266967 1.471894 2.032426 2.189427
300,114,1.8955023049782715,2.604051 2.191655 1.081103 2.292238 1.214524 1.789378 1.946651 1.485369 1.342899 1.239702 1.216532 1.884299 1.718913 0.882623 3.738423 3.263394 3.947105 1.633386 0.178359 0.989314 0.690669 1.756567 1.274627 1.356838 1.667841 3.812007 1.351968 0.654066 3.011932 4.067179 2.189263 0.977917 0.670281 1.338271 1.242542 2.463683 0.584145 0.188923 1.208074 2.068268 1.060829 0.559956 3.284710 3.666627 1.794460 0.948776 1.002786 1.683472 0.740830
300,115,2.747347313155461,1.253803 1.248598 1.777716 2.532717 2.197997 1.941254 2.767153 1.361009 2.097098 1.867443 3.223669 2.852415 3.225554 2.107989 1.218472 1.080063 2.668562 1.857984 2.944027 3.131745 1.726973 1.365015 2.002615 1.161285 2.475245 1.704012 2.732991 3.715671 2.203782 2.552727 1.069258 2.831320 1.234572 2.179209 1.965630 2.345019 0.940393 1.925889 2.858975 0.558780 2.466106 1.217913 1.197820 1.793946 1.972162 2.578152 0.739286 2.306525 0.494887
300,116,1.4683854926454036,0.296156 3.336562 2.198365 1.622044 2.375077 2.285004 2.861652 1.609720 0.731531 1.125928 1.637703 2.829443 1.629189 3.873261 1.865156 0.884320 2.451988 3.117508 0.837983 1.505805 1.879518 1.425117 1.348779 0.450469 1.334027 2.368224 1.266843 1.769272 1.396304 2.335178 1.930294 1.575216 3.765995 2.510479 1.435257 1.325817 4.868514 1.486473 1.822155 1.192083 3.475052 1.643013 2.152824 2.178336 1.637756 1.826085 2.237793 2.018935 1.883758
300,117,1.1415344785821733,1.157782 1.915641 3.184317 2.463228 2.091399 3.785391 -0.020984 0.257712 1.254972 0.466596 1.599726 2.070293 1.234883 1.372581 2.406977 1.693485 2.375417 1.577592 1.553036 2.157543 2.001304 0.864073 1.910493 1.555219 2.284148 0.863459 0.775075 0.816272 1.563470 1.829401 2.587680 2.870182 1.620860 1.467788 2.718276 3.808085 3.315285 1.392952 3.102400 1.876064 0.482535 2.995194 3.146959 1.068763 1.035594 2.101801 2.873733 1.410957 0.506047
300,118,0.9612569794420632,2.527781 4.019932 2.688707 3.848527 1.640577 3.042316 1.414302 1.951515 1.879686 3.324231 2.680138 0.824372 1.247651 1.163001 3.291897 2.414858 1.134320 1.606133 1.955012 3.392606 2.866004 2.901093 2.405926 1.116529 1.661253 0.326679 2.696747 1.382703 1.721638 2.453867 2.370759 1.543690 2.330523 1.513301 1.150311 2.503968 1.803709 2.438787 2.338604 0.326666 2.156566 2.091188 2.026322 3.258858 1.466591 1.123141 1.725147 2.396948 1.431812
300,119,3.1199217629045846,1.517840 1.729192 2.343106 1.613385 0.959366 1.550849 1.881865 2.167779 1.278791 0.238097 1.035178 2.206555 1.078512 1.019738 1.359864 2.754926 2.677032 1.124457 2.587852 1.769904 1.992094 1.292925 2.600468 1.710126 2.692464 3.193148 0.427047 2.788479 1.654043 5.012526 2.501330 1.883271 1.434689 1.444459 1.548382 0.929000 1.167209 1.077507 2.963746 2.188104 1.396907 2.786045 1.850755 3.869952 2.163706 1.070988 3.806847 1.526224 3.509859
300,120,1.1179728296860592,1.701003 1.496404 1.483714 2.164761 2.969051 1.989736 2.731926 1.192488 1.991518 1.748001 1.360963 0.861670 2.625774 2.020808 0.988636 2.464944 2.866302 0.740383 1.701203 1.800811 1.267390 2.178474 3.862245 1.065105 3.029828 1.633282 1.322934 0.388550 0.523886 2.502437 2.633175 1.735227 2.694916 2.129331 2.233251 1.350084 1.843392 1.955111 3.904117 2.360673 0.607492 0.732992 3.054134 2.627327 1.883760 1.320701 0.593241 2.186916 3.753220
300,121,1.6749373626088608,-0.180247 1.398495 1.899961 1.501136 1.468885 1.288229 1.829364 1.198721 0.627865 1.082470 2.529195 2.762071 2.567604 1.332944 3.308493 1.363176 1.161673 2.697923 2.570077 0.536659 1.706855 0.859009 2.363921 1.847312 1.579498 0.812005 2.648421 2.400364 3.511814 1.364037 1.993889 0.671530 2.960755 1.218561 1.195923 0.497599 0.261939 1.276244 1.530074 0.678652 0.810003 1.367021 2.089798 2.014761 1.715256 3.225561 1.842681 4.053091 2.856887
300,122,1.674008422642794,0.895083 2.227654 0.777298 2.618349 0.215836 3.753574 1.057269 2.641308 0.955805 1.411807 1.948088 1.744019 0.711025 0.915709 0.926084 -0.123633 1.272428 3.162453 1.594043 0.881440 2.044738 2.068609 1.498457 2.005921 1.497998 0.859275 1.409155 3.605015 2.128522 1.591948 2.354949 2.187745 1.756220 2.610815 1.284334 0.700188 0.850121 2.205662 3.736694 1.365287 3.211087 1.213779 3.440174 2.801817 1.010518 0.776613 1.186377 0.294831 2.530886
300,123,1.4461879056402602,0.533876 1.256652 1.267442 2.506269 1.644396 1.308644 1.042990 5.177179 1.895460 3.307311 2.152486 3.747013 2.604658 2.457771 3.141687 2.225188 2.872622 1.638887 -0.084620 1.633351 2.751864 0.830054 0.591627 0.720621 2.614791 0.529566 2.792013 2.320612 3.743261 2.315277 1.904605 1.360033 2.707184 2.464493 2.918459 1.787584 2.349695 1.714052 1.467844 1.362356 1.250534 0.594633 2.973504 2.116254 0.317051 1.369106 1.182069 0.211211 1.575800
300,124,1.4811303965784781,3.632283 1.291341 1.559765 2.744535 2.418525 2.203653 2.747445 1.997695 0.133571 3.803231 1.478502 0.455371 2.312239 0.857692 2.836683 1.393691 2.793457 1.445128 1.217090 0.861780 0.589769 3.447810 3.565880 2.834079 0.904754 1.136694 3.700037 0.825966 1.478739 1.718117 1.565820 1.134826 0.465162 1.777875 1.698553 1.863291 1.462603 1.574184 0.435544 0.132415 1.359855 2.445015 1.352412 3.278191 2.351235 2.213562 2.610212 2.652516 1.910055
300,125,1.3049087167897124,2.192425 1.394025 2.280228 1.562253 1.557965 2.264389 2.813699 0.331893 2.772803 1.386119 2.722266 2.259725 2.070648 2.221749 1.214884 2.767300 1.648970 3.343890 1.253575 1.486184 1.973058 2.110459 3.231808 3.932905 0.598591 4.669124 0.307452 2.537804 2.276282 2.048634 1.804756 3.489172 1.870262 0.927486 2.462768 1.201216 2.029835 1.593331 2.949501 0.949200 1.883130 1.664643 1.984370 1.271200 1.165049 3.325634 2.636724 2.814957 1.931836
300,126,3.4321605963669133,3.851117 0.938485 1.133190 3.128445 0.883602 1.393022 2.445362 2.717420 3.353599 0.996315 2.779172 1.710994 2.586274 3.113161 2.986140 3.685457 1.135574 2.181893 3.650620 1.475307 2.369813 2.557934 1.486119 1.832133 1.053619 2.773785 0.086061 1.554825 2.152775 1.896929 0.668440 1.955905 1.675412 1.679197 1.920974 2.586635 1.535482 1.218674 2.339067 1.572665 1.504738 0.883749 1.376123 2.371270 2.642641 1.435187 0.321747 0.869133 1.944430
300,127,2.0524019731774255,0.928556 1.378231 2.294354 3.349323 3.605652 0.080726 0.616610 1.435875 1.227201 2.060998 2.906028 1.748391 2.032878 0.934113 2.944744 1.177099 1.821854 -0.065014 1.619081 0.972099 1.923718 2.253097 2.086173 1.561385 1.064554 2.529175 1.924276 2.690559 0.652640 1.771794 1.311554 2.110476 1.071161 1.036979 2.396862 0.895735 2.234929 2.292516 1.054011 0.122075 2.568876 2.650604 1.126547 1.218856 3.572358 1.489029 2.308303 0.885970 1.666304
300,128,2.4336209887576508,1.570121 2.022423 1.116754 2.741338 2.768543 1.692827 1.142929 2.111616 3.473692 1.617662 1.514735 1.116533 1.220254 2.092687 1.985786 1.262793 1.084905 1.465382 2.567356 1.157399 1.980739 1.328951 2.514379 0.814278 1.609428 2.553633 0.936308 2.028498 0.437801 3.089454 1.732160 2.342874 2.076990 1.005879 1.915271 3.361118 2.146046 2.739761 2.379835 0.949455 2.349779 1.153208 3.688418 0.861586 1.871250 1.957949 2.317899 2.079217 1.675253
300,129,1.1632266649985494,0.533549 0.468798 1.906613 1.651901 1.388049 3.039361 1.534141 2.288904 2.218603 1.026859 4.121011 1.564284 2.884848 1.125166 2.413445 2.209289 1.111782 1.471527 1.153692 1.356595 4.136126 3.950600 1.007847 1.401992 2.588097 2.113877 1.076995 1.223220 2.155788 2.287142 1.722916 2.033761 2.141077 0.661754 2.317579 1.032000 0.647776 0.566850 1.045142 0.919629 2.842189 2.188048 2.970093 3.733837 2.079508 1.777637 2.307637 1.764257 2.249769
300,130,0.9716439630408111,1.128722 1.763408 2.458798 0.588450 3.315061 0.385638 2.631486 0.240931 1.620190 1.481699 2.382933 2.296585 2.695342 0.824491 2.030575 2.248497 2.943977 3.132125 1.766138 1.857190 5.049836 1.098260 0.983666 1.155139 0.970060 0.330545 1.021420 0.996586 1.603200 1.863942 1.360641 3.338478 2.476018 2.412592 3.258640 1.416602 2.216277 -0.074026 0.834906 3.076835 2.172668 1.129084 1.644565 1.377336 1.761350 1.560378 3.631816 2.040708 0.382077
300,131,1.7505279723064273,2.461024 3.258287 2.185156 1.556440 1.038087 1.612812 1.007682 0.851761 1.697896 1.462701 1.815330 3.657970 3.820858 2.848057 2.010099 0.778469 0.748658 2.428659 2.032631 4.168845 1.786903 1.106197 1.895261 2.404081 1.891147 1.215382 1.583730 1.126761 0.256330 3.223171 1.263624 2.901761 2.138632 1.216932 1.983563 1.322701 1.277786 3.290327 1.376171 1.557690 3.399723 0.628574 2.694712 1.666839 1.761313 1.640496 0.270819 1.335165 1.313450
300,132,2.0704860773032285,0.397267 1.797779 2.509789 2.278277 2.568697 1.929630 1.482981 1.648401 1.765765 1.687148 1.518010 1.655221 0.897569 1.359642 1.426087 2.162396 1.158148 0.802762 1.001862 0.077467 1.097009 2.040875 1.279464 0.620616 2.054887 1.263683 1.496065 2.725255 2.693180 0.467949 3.531728 0.586269 4.097883 0.437419 2.207003 1.757364 2.151018 0.744881 1.320477 1.265273 2.106323 2.562786 0.732700 2.307599 4.945380 2.004166 0.560168 0.331317 3.651505
300,133,3.666582535353933,0.974449 0.933092 2.166778 0.890030 1.566360 3.055950 1.781055 1.976593 2.512305 1.024086 1.301591 2.374575 1.332381 1.241190 1.894195 -0.021481 0.458462 2.526922 1.063658 1.868120 3.143883 2.728439 0.808493 2.297516 1.253991 1.323876 2.256898 0.711344 1.624367 2.430560 2.553257 1.996865 1.964510 2.369644 1.151318 3.784463 1.914083 1.411155 3.195768 0.997486 0.469305 1.374927 2.483962 1.603623 1.596028 2.369274 3.284419 1.286182 1.788248
300,134,1.3303169840193163,1.720022 0.599713 2.945193 3.463878 2.007186 1.799801 2.454869 3.934896 3.531873 1.878931 1.697145 2.083757 3.634135 2.490716 0.877188 1.428924 1.937417 1.366501 1.675592 1.170880 2.480262 2.541334 0.377995 1.727551 1.950601 2.689233 0.164666 3.177214 1.761009 2.681203 1.646146 1.772101 4.047278 2.045320 2.214177 1.980473 1.954087 1.611746 2.063065 2.848218 1.931063 0.904086 1.557463 0.763010 2.521374 2.530047 1.491270 1.545098 2.479247
300,135,0.8204289614990441,1.233101 1.379095 1.000831 0.531956 0.821975 1.758689 2.339995 2.099318 1.090727 1.886196 2.008835 3.432408 1.503132 3.706334 2.199663 3.126892 3.054769 1.381075 2.268863 3.027595 1.666983 0.823105 0.899544 0.919958 0.835887 1.614261 3.680029 1.151781 1.543972 1.282770 3.742303 2.012036 1.165163 1.760253 1.092588 1.967345 1.694462 1.653546 0.165586 3.426012 3.723016 1.248372 1.182577 2.090162 1.389916 0.582832 1.510995 1.998687 0.033659
300,136,1.767900293821068,0.702976 3.380683 1.763078 1.324739 1.407593 3.279674 2.601953 2.392858 0.518660 2.642912 1.656571 0.723362 1.423005 1.745775 1.015508 1.494624 2.497761 1.501360 3.296706 1.732601 1.417068 1.143284 2.967338 2.226745 1.865789 2.704856 1.140603 3.024122 1.907764 0.747660 1.350680 2.609135 1.649663 2.308697 3.411687 4.617492 1.015210 0.917441 1.214256 1.017042 1.541747 2.515542 2.263856 1.705792 1.178356 0.785056 2.428619 1.622635 2.938841
300,137,3.8200355097071195,1.736801 2.276536 2.276665 2.165946 -0.246731 1.032017 1.841742 1.553358 1.300117 0.872657 3.366378 2.970790 2.781348 0.927656 3.022264 2.716963 0.621014 2.472466 3.386087 3.213326 2.582878 2.204530 1.423071 2.218950 0.430776 1.406106 3.391251 1.045034 1.146187 1.669224 2.508010 0.448219 1.853861 1.049494 0.576740 2.161510 2.694036 1.904052 1.054076 0.578558 2.086849 2.155792 2.115053 1.691277 3.020826 1.594224 3.351512 1.622160 0.698881
300,138,0.7457196873438197,1.591631 1.897969 1.020857 2.105350 2.347101 2.984305 0.355607 3.754688 1.412729 1.418341 0.866634 0.460313 3.296595 1.904572 0.430341 2.290353 2.774420 2.217032 2.328836 2.947951 1.608112 0.822900 0.827900 1.819690 2.039615 1.406132 3.190208 2.081994 1.146439 1.594402 0.563875 1.773026 1.521830 3.281293 2.886477 0.826951 0.299241 2.457317 2.594775 2.361851 2.677352 1.579094 0.522453 3.243412 3.272084 3.092746 1.107576 1.001628 1.140793
300,139,0.8768610782966478,1.852533 1.400810 1.981629 2.907021 1.257919 3.013132 2.564704 1.615338 0.721209 0.974037 2.748086 1.247540 1.390300 0.951352 4.432298 2.078017 1.204070 2.756751 0.649492 1.498296 1.800796 0.252803 1.995493 3.183516 0.112726 1.498266 -0.029132 1.280999 3.112787 0.510202 3.024658 0.470808 1.524616 1.468480 1.721885 2.997656 2.047916 2.182642 3.186332 1.785045 2.198716 2.923713 1.968677 1.451132 2.010152 2.745060 1.492907 2.501544 1.084921
300,140,2.7275038264753273,2.084652 0.825425 2.967096 2.276404 3.919078 0.823205 2.201284 3.964320 2.117439 1.174059 1.944297 2.871035 1.498466 2.637659 1.788727 0.814898 2.519228 1.656694 0.221280 3.127458 1.232880 0.423900 0.200182 1.628117 2.925939 1.611743 1.565959 2.570328 3.630287 0.778819 2.410310 1.935314 1.331755 2.449065 0.787357 1.871580 1.473973 1.993629 0.901779 0.184042 1.858535 2.632766 0.787504 0.540699 1.827500 1.168222 2.909793 1.515211 1.535013
300,141,3.258680155167345,1.657895 2.872864 1.037211 1.888065 1.895829 0.501430 2.365192 1.536317 1.054698 0.922450 1.394843 2.638837 1.435495 0.886995 2.802316 0.997662 1.182060 0.463424 1.072895 0.608907 0.646046 1.219629 2.458272 2.502943 1.272939 2.450049 2.753587 2.341833 1.436385 2.129096 1.614829 1.677954 0.649340 0.854138 1.780889 2.557378 0.511500 1.665342 2.095902 3.863122 1.429191 3.081350 0.611523 2.837190 0.778012 3.684169 2.440105 3.138349 1.452914
300,142,2.7211691813793544,3.468616 0.293749 2.461393 1.942263 3.216899 0.748047 1.547979 1.523995 0.834875 2.996063 1.195303 1.205540 1.883949 2.450304 3.151299 1.262604 0.792111 1.643718 1.629695 2.163084 1.341635 0.931236 2.274855 3.001148 2.029822 1.300477 2.887544 2.233534 3.318097 1.603037 2.131270 3.025406 2.100181 3.142598 1.712806 2.037209 3.702936 0.582342 3.248776 1.172454 2.091736 2.687823 1.946534 1.604371 1.298850 0.289429 1.566396 2.927444 1.055189
300,143,3.435147877112623,2.620880 0.668252 1.174069 1.461289 2.230623 2.353816 2.977085 0.828466 0.651255 1.922835 2.939499 2.421389 0.993385 3.344431 1.554933 0.384876 1.786603 2.386763 0.093272 2.241137 0.575410 1.358738 3.653919 0.633413 1.880083 2.873967 2.449014 2.323212 1.567815 1.577138 0.631948 1.730808 1.623497 1.350564 2.086533 0.837172 4.438610 1.241235 0.724599 3.630975 1.426421 2.358263 1.084712 1.679548 0.411105 2.102543 0.947344 1.887312 1.277120
300,144,1.9153811715378404,1.716852 1.556611 1.351732 1.124170 2.295557 3.440890 0.476481 3.242385 0.455860 1.846006 1.271812 2.473351 0.616012 1.870801 1.051153 2.414018 2.301779 2.531770 1.529447 1.208674 0.989244 1.497418 2.908504 2.516313 2.054492 0.832912 1.981538 2.777313 2.665644 3.123137 3.398768 1.607636 1.917113 2.524009 2.334618 2.582410 1.785982 2.476419 2.254259 0.183233 1.883685 3.450947 2.649756 0.341835 2.580990 0.888969 1.514770 1.796970 1.659329
300,145,1.1795280290776946,0.688007 1.970689 3.133992 1.077558 0.998270 1.243941 3.105455 -0.374345 0.648755 1.093544 2.291787 0.405415 1.082149 3.241717 2.070971 1.852602 0.582883 1.124230 2.121369 0.397744 1.755925 3.015071 2.396133 2.616893 2.347630 1.758907 1.432810 1.974568 2.339063 2.815008 1.861363 2.761086 2.089027 3.134665 2.004741 0.921510 0.967488 2.588948 1.026839 1.434725 2.448239 1.287075 3.239274 2.408716 2.481179 1.628253 2.189507 4.007871 2.618324
300,146,0.9087993920548502,2.657326 2.205375 3.217822 1.320197 0.837741 0.488494 0.324724 1.333641 3.992126 0.467770 1.803483 1.114704 2.336007 1.947767 2.859124 0.840109 0.896242 3.545471 1.086679 1.190050 2.906340 1.542071 0.411546 2.066529 0.797883 0.780646 3.018645 3.146183 1.278355 2.770681 2.736834 2.295580 1.424434 1.328011 0.961569 1.613132 2.164410 2.838569 1.954955 2.638137 3.314289 3.287396 2.177914 1.618900 2.735453 1.763162 0.982825 0.797075 2.558498
300,147,0.8138453276078392,1.303130 1.122107 2.527795 2.325114 1.766924 1.402363 1.927246 1.297163 1.200718 1.281654 1.627907 1.131191 1.774727 0.694019 3.399935 -0.148599 2.493833 3.606600 2.186863 0.495652 1.809590 1.105603 1.724778 1.022460 1.154163 2.297309 2.877122 1.359967 1.088423 3.492557 0.239763 0.867225 4.392182 3.292645 2.115564 1.675466 1.562985 1.290120 1.416144 1.931165 2.218465 3.034588 1.694595 4.050092 1.453259 1.060914 1.270921 0.561860 1.917411
300,148,1.1547830467226454,0.698164 0.922773 0.311423 1.254473 2.438579 3.891990 1.240305 2.340236 1.172310 1.803461 2.731235 2.285824 0.495984 0.313915 2.509605 1.951176 0.353320 2.236397 1.946328 2.630903 0.253110 3.670406 2.419806 0.956025 1.202102 0.820897 1.208917 2.713148 1.923244 1.457075 1.820521 3.134742 1.615461 3.037380 1.494936 2.162221 2.880166 2.608264 4.238261 4.421719 2.650217 2.272554 0.074669 1.684461 1.764389 2.087607 2.316766 0.526230 2.603605
300,149,2.3547999779545785,1.854617 3.926040 3.381443 2.101084 1.739850 1.340906 1.843788 2.112479 1.537294 0.379177 1.879845 1.634769 0.470472 1.074377 0.904423 2.175840 1.206147 2.159083 1.754171 2.338747 1.164648 1.202873 1.169795 1.499161 1.764913 3.202408 3.708608 0.608038 0.714701 3.309207 0.911518 1.930231 1.953977 3.071465 1.101166 1.321433 1.905256 0.776104 0.460750 2.260245 0.730538 4.687882 1.484537 2.478589 1.169996 0.579567 2.939415 0.000834 2.566903
300,150,0.5554599525012497,1.926412 0.870771 0.988473 1.614430 3.781132 1.393927 1.000930 0.935162 1.508825 2.843701 2.012919 0.349442 2.167950 1.273303 0.301555 0.829516 0.777611 0.680472 1.885917 3.538399 0.798168 2.422901 3.133403 1.761906 1.249559 3.290449 1.175994 1.904588 1.589444 1.569334 1.295800 0.969441 2.967228 0.432730 3.914763 2.210469 0.915379 4.662330 0.842789 2.000874 0.162176 1.041579 1.788911 0.943554 1.801058 2.449809 1.782338 0.704779 2.012539
300,151,2.2146460342109777,4.151092 2.630361 2.410501 1.398508 1.582066 3.410876 0.987523 3.154165 0.951175 0.228879 1.283292 1.789712 1.867994 1.009275 1.136985 1.281760 0.727934 3.002612 2.784196 3.091688 1.541392 0.588949 2.427618 2.890895 1.593746 1.272728 2.463319 2.553243 1.749465 2.490468 1.291997 2.574768 0.533172 1.432817 0.642036 2.321289 1.891575 2.213001 3.001537 2.166004 2.359529 0.578122 2.134123 3.885087 1.444279 1.998903 0.814636 2.799416 2.994696
300,152,0.9680540976033217,2.744792 1.808382 1.427952 1.070356 1.761759 1.323551 2.825276 1.952660 2.459110 1.331895 3.054447 1.663127 2.838739 1.643123 2.539687 -0.045181 1.806860 1.359882 1.697544 2.619432 2.975993 0.907922 1.854075 2.383971 2.857402 0.399785 1.613594 1.772352 3.859661 2.967484 2.684604 1.528476 1.539387 0.725161 0.687043 0.856543 2.689869 1.403438 2.616542 1.380954 1.847165 2.171456 2.512732 3.227654 1.927877 0.695218 2.054231 1.983356 3.278945
300,153,1.0689961326207782,1.667261 3.897585 1.534005 2.451265 2.693692 1.425005 2.188962 2.945109 1.180386 1.059597 2.751316 0.920019 1.178809 2.130503 1.803800 1.772109 0.065613 1.103896 3.546293 1.243231 1.160706 0.714389 1.545639 2.161526 2.479487 2.840289 1.109001 3.644896 2.858365 2.497207 2.414722 1.662567 0.844500 1.369809 1.051465 1.192826 1.821700 3.995537 1.005650 1.336239 2.086650 2.819671 1.982285 3.087261 1.560267 0.857318 1.089308 1.734169 3.740638
300,154,3.4364808938438163,1.033406 2.288700 1.393523 2.960335 3.487657 2.603443 0.839011 2.081794 1.744108 0.880319 1.852996 2.390091 0.620244 0.682116 0.806069 0.735005 2.611044 1.725794 1.323009 2.467531 2.227202 2.850690 3.909505 1.420946 2.123933 1.738071 2.640904 1.720117 1.680245 1.308325 2.479921 3.397721 1.608892 3.039947 2.299354 1.972988 2.033675 0.489708 1.131818 1.300732 1.056385 0.988891 3.714772 3.145373 0.946479 2.898551 2.396672 1.323787 3.144867
300,155,2.901828025659494,1.547626 1.630516 1.194024 4.013061 1.445878 0.517512 2.076278 2.119767 0.923751 2.061045 1.292300 1.537129 4.426274 2.523384 2.548189 1.040415 2.756523 3.539873 2.995133 2.078786 3.115923 1.296039 2.968943 1.156854 1.354047 2.030072 2.980054 1.289078 2.328274 2.202339 1.421526 2.733992 1.327803 1.390929 1.756065 1.720203 1.434027 1.835813 2.546950 1.275789 0.989547 1.300542 2.682002 1.292595 0.892685 0.916268 2.667138 2.322524 1.261006
300,156,1.1860439679700983,0.525723 2.725943 2.891213 2.719904 1.689857 2.183121 3.032001 1.439476 2.643615 1.348432 1.007580 1.648069 0.674487 1.557949 2.507564 1.166379 1.593331 4.606302 2.040107 1.464828 1.311457 0.549444 2.309778 2.962683 1.138188 0.529997 0.309560 1.735422 2.684105 0.721622 2.196080 2.201719 1.755799 2.441647 1.852019 3.385112 1.744889 1.261794 2.817759 2.898529 0.465142 0.393402 2.642275 1.058526 1.911217 2.272306 1.473889 3.058110 0.987896
300,157,1.2521752501088819,1.800287 3.678074 2.290052 0.866484 3.460309 1.816898 1.344901 1.800549 3.671107 0.705618 1.307972 2.197514 1.622583 3.340168 0.809050 1.473594 1.761519 0.530607 3.526108 1.616090 1.217449 2.442825 4.152253 1.260159 1.786308 0.719403 0.420703 0.570254 2.236455 3.112405 3.109876 2.185735 2.060460 0.486394 1.035957 0.799272 2.479783 1.057690 2.452158 1.339773 1.572399 1.994073 2.348056 0.317743 1.672001 2.796214 2.911961 -0.158935 2.578932
300,158,1.2743948629745097,1.990600 1.484310 3.372171 2.747450 1.217410 2.665525 1.871985 4.210572 2.648889 1.225191 2.027363 0.762215 1.951915 1.247796 3.258797 1.527756 1.133068 1.620758 1.896235 0.463480 2.030297 2.157644 1.197130 1.525652 -0.108540 1.788594 0.558404 2.519822 1.529474 2.408178 1.010373 0.922540 1.943788 2.570531 3.555344 2.720237 1.925619 1.936850 1.322604 4.070589 1.997502 1.083825 2.749816 1.525975 0.601624 0.313632 1.826484 2.518118 0.745420
300,159,2.814395904052703,2.051296 0.692812 1.152001 2.874684 0.472969 1.108996 1.955194 2.696021 4.742095 2.040231 1.683786 1.649095 1.504697 1.154422 2.303209 2.105173 2.809755 2.554891 1.605939 2.692730 1.063158 2.720912 1.152234 1.808616 3.266497 1.859076 1.588717 2.909422 1.628378 0.796709 2.005185 3.146025 2.634619 2.524696 2.170650 2.935176 2.221939 1.849965 3.674769 1.366910 0.607819 1.143417 0.643098 0.844182 1.628411 3.384641 1.641104 0.798958 0.579004
300,160,2.2255039500809892,0.774992 1.945305 0.837963 0.535981 1.311135 1.975256 3.163157 1.824090 2.233167 1.629132 0.706000 0.898324 2.183266 3.168989 1.027707 1.707363 3.228636 1.947713 1.118991 2.065808 1.352502 3.214315 1.088425 2.690146 2.205522 2.695846 0.254619 2.214503 3.351722 1.934893 2.474969 2.940298 1.612872 1.217235 2.168692 1.305647 3.575444 3.337816 0.913512 1.941003 1.428947 3.233498 1.607461 1.830484 2.230129 2.892889 2.754828 2.472252 0.771930
300,161,1.8208975516078596,2.977789 0.760039 0.739942 1.432051 1.741743 1.960401 2.646501 2.733601 1.077997 1.738172 1.137373 1.620905 2.539034 3.010495 0.604460 1.831876 2.188881 0.297793 1.933148 1.977718 1.736053 2.214340 2.549962 1.372394 3.715657 2.115543 2.196853 1.728213 3.918872 0.791927 1.671163 2.510616 2.037976 1.907662 4.151092 2.239769 2.259304 1.488627 2.976633 3.633763 2.659683 2.909249 0.047049 0.230416 1.719952 0.801653 0.544333 2.601174 2.157533
300,162,1.6982088797305588,2.417569 1.191108 0.432978 0.968694 1.652189 2.034607 2.918898 2.914493 0.797726 1.137142 1.826175 2.349730 0.912432 2.593638 2.778856 1.984809 1.571069 1.224538 0.752524 0.512480 2.124941 3.174280 0.728687 3.407606 1.374492 2.484651 3.337808 2.522377 2.069280 0.717096 2.945869 0.383759 2.120716 2.483988 1.315492 2.094258 2.699962 2.637886 0.951300 1.594238 0.754123 2.527570 2.607549 2.664832 0.991292 3.037531 2.292142 1.880497 3.061811
300,163,2.280663035647707,3.124004 0.314645 2.816655 1.887460 1.535333 1.044177 1.272929 3.410189 2.536362 0.766618 1.378967 2.045143 1.582149 2.354778 3.329673 1.638360 0.947068 1.126773 1.226043 2.872316 0.769091 0.817039 2.989796 2.301355 3.742770 0.417056 1.565642 3.184724 2.274655 2.133282 1.559546 0.053083 1.118047 1.953777 2.677694 2.032524 1.421633 3.237636 3.191040 3.096118 0.810253 1.068313 2.092921 0.384277 1.438781 1.411047 2.638117 3.123713 1.965374
300,164,0.6561089541390086,1.780063 2.737022 2.174496 2.023361 1.954299 1.946338 2.450232 0.313663 1.685607 2.922407 1.613433 2.847498 1.630130 2.392436 0.806201 2.770263 2.396769 2.633448 2.523854 1.617254 2.398487 3.412507 1.782472 2.332630 2.276286 2.802547 1.525492 1.035367 1.793076 2.659149 1.209189 0.917408 0.175384 1.939334 1.321893 3.280517 1.931696 2.826785 2.357082 0.957921 1.531464 1.017451 0.742893 3.304575 2.452127 1.122592 0.588083 1.315466 0.786396
300,165,2.525052055308387,1.755592 1.112175 0.336660 1.070548 2.516413 1.817166 0.784306 1.508377 2.761564 3.515406 3.867287 2.022948 2.609025 1.547615 1.614225 2.205823 2.721216 1.311894 1.415715 1.271168 1.344536 4.114140 1.934903 1.844066 1.964174 1.322472 1.679790 1.386967 3.167279 1.265431 1.214456 2.234555 2.805408 2.292537 2.791144 1.158687 1.845567 1.461155 0.593666 2.090471 1.948455 4.021762 0.455972 -0.166913 0.902076 3.053802 0.122558 1.212592 3.487513
300,166,1.671952009473918,2.363930 0.677943 0.309903 4.384320 2.148618 1.860986 1.694716 2.498601 2.470179 1.260959 1.938771 2.261771 2.462689 2.466460 1.125707 1.471958 2.908582 1.496619 2.323227 2.051980 2.547195 2.730102 2.015337 2.795805 2.637211 1.746469 0.530409 1.342678 3.547807 1.294466 1.042757 0.962463 1.079237 1.771573 3.387259 1.449137 3.206817 1.523163 1.341461 1.703403 0.927894 2.186926 1.833038 2.389808 2.615553 2.651360 2.247505 0.775662 2.550212
300,167,1.2397391636734176,1.662312 1.274616 1.092261 1.214881 1.262158 0.154761 2.950564 1.395028 3.202433 2.103053 2.300394 1.336058 3.438833 0.956113 1.198482 2.394108 1.930685 2.163072 0.192514 1.857517 3.144864 1.469976 1.248970 4.012890 0.810953 2.904895 2.926605 1.004800 0.937180 0.733408 1.334525 3.486310 2.262284 0.759012 1.313653 2.258216 2.328483 3.121542 2.999656 2.278050 0.946778 0.844457 1.081252 3.169911 1.307598 0.709828 2.446687 1.900663 2.599080
300,168,2.3621648884953026,1.355862 1.676313 2.840081 2.100648 1.354717 1.911287 1.660352 2.948451 1.996862 1.996490 3.456196 2.116703 1.715733 2.636068 2.977379 1.699648 2.151141 0.267155 1.459768 2.422068 2.315436 1.920232 1.876210 0.998908 1.593835 2.298266 0.621763 2.918930 0.593503 1.092773 3.420952 0.161918 1.272584 1.462063 3.014251 1.247852 1.424554 3.490175 3.031540 1.419863 1.554793 1.721056 2.413128 1.856615 0.867731 1.881026 1.080075 2.392187 2.775233
300,169,1.0510792736446513,3.414067 1.539759 2.491718 1.809796 0.320861 0.285609 0.707100 0.480999 1.981199 0.713178 0.114977 2.594343 3.218728 1.778692 1.481147 2.600311 2.231407 1.120977 1.097614 0.717656 2.766265 1.736737 1.501360 1.643854 1.831937 1.729048 2.159577 1.790468 1.913617 2.695121 1.909038 3.242222 1.846309 3.175125 0.185216 0.795817 2.054425 4.199259 1.394761 4.094951 2.540457 2.731569 2.284249 1.795054 2.556980 1.802497 2.810853 1.660475 1.000758
300,170,2.7419054891699206,2.842317 -0.052191 1.179711 2.946014 0.634146 2.408528 1.562621 0.828186 1.749315 0.453618 1.376268 2.614564 2.275555 0.132417 2.185654 2.820241 0.928725 1.797242 0.850515 2.480466 0.720105 3.268590 2.326458 4.321573 2.917237 2.890790 0.153111 1.277212 1.034524 2.749706 2.202392 3.864500 1.187640 1.739318 1.691808 1.688958 1.932953 1.984321 2.306472 0.679533 2.201380 1.239426 2.083036 2.714689 3.319762 1.197141 1.458665 2.401035 0.519572
300,171,0.5664490256402002,2.192454 -0.097707 1.574762 3.152854 1.199421 2.319853 1.008179 3.274667 1.321508 0.846563 3.032852 1.269816 0.908314 0.503616 3.442167 2.884617 0.801316 1.360572 2.060300 0.648523 -0.228030 1.862130 1.618340 2.282507 1.765525 1.354106 2.909136 1.927745 2.253333 1.524371 1.349309 1.374512 4.208862 2.606028 1.886544 2.836346 2.837791 2.485687 0.509642 1.253150 0.943935 1.745906 0.569655 1.567069 2.580430 0.776993 1.453945 3.640844 0.627479
300,172,1.12721483283539,2.017224 1.717191 0.662306 0.655003 1.683129 1.343160 2.135253 0.711619 1.583966 1.152771 2.109159 1.665827 1.307219 1.056620 1.677891 1.718342 2.494762 0.614124 0.056348 0.680500 0.965270 0.816052 2.058041 2.368006 3.884919 1.268509 1.587351 1.870183 3.086520 2.048389 1.857111 1.486476 1.976195 1.869143 2.768403 2.157149 2.805828 3.736240 1.397946 1.213223 4.759824 2.374227 2.981567 0.666605 4.151922 1.047429 1.870130 1.646063 4.376230
300,173,0.2220205187031673,2.529373 3.633859 2.951049 1.639089 2.157065 2.221922 0.718823 0.787263 1.844393 2.284647 2.457281 1.139060 1.869591 2.361389 1.476754 2.157518 3.413637 3.697083 1.456583 1.224449 3.477702 1.444454 3.156131 2.937151 0.161718 1.415030 2.076868 2.339152 0.175722 3.198569 2.723512 2.789984 1.470111 1.756600 1.695833 3.296350 1.590392 0.778378 1.814827 1.411117 2.123528 2.162859 3.169626 1.609505 0.569552 1.963075 1.591730 0.662984 2.580789
300,174,0.5923904170629487,2.159315 2.125109 2.765574 2.852137 2.199362 3.207553 2.745901 0.589414 2.920142 2.862085 1.557370 2.465050 1.238038 2.457512 1.201318 1.223304 1.557552 3.410905 3.582352 2.165234 0.931524 1.398721 0.339518 2.091152 1.104500 1.231405 1.844106 1.871742 1.856478 1.176398 1.775623 0.977015 2.880715 2.052773 3.514391 3.097601 1.429682 1.767965 0.877455 2.667239 2.513845 2.603962 1.057940 3.803827 2.089803 1.893431 2.257495 1.773687 2.187083
300,175,0.4493815191363954,1.006814 1.909435 1.262648 2.401336 4.016796 2.821598 2.408931 0.636876 1.813037 0.448148 1.892614 2.249934 1.429596 1.538755 1.151464 2.587565 2.448649 2.302977 2.743359 2.052495 1.378475 1.554754 2.262867 2.526514 0.870799 4.650519 0.774920 1.338733 2.313873 1.628121 1.798335 2.497337 2.156265 3.293232 1.393322 1.728830 2.055976 1.414308 0.790312 3.341232 1.374886 2.967442 2.853599 2.438687 2.551532 1.555141 0.548124 2.965109 1.924180
300,176,1.1335088291590805,1.506401 0.788869 0.799728 2.768384 0.996396 0.878328 0.789917 1.417854 1.117854 2.638565 2.250175 4.240232 0.269106 1.108174 1.094976 0.533080 1.118517 3.581865 0.596242 1.606210 2.068717 1.784181 1.197076 2.522135 0.066595 3.486521 0.720629 1.174483 1.625011 1.514217 0.905239 1.175114 4.392663 3.597534 0.432000 2.100713 1.032726 1.609074 1.555868 1.428783 3.050898 2.371922 1.418231 2.383258 0.249826 3.160729 2.123711 0.767924 2.445758
300,177,1.886940814539058,0.887053 1.258387 2.825860 4.241984 2.354005 2.159736 1.916271 0.126470 1.358405 1.965573 3.309511 1.399281 0.456766 2.020791 1.535706 1.516955 2.460941 3.251303 2.506593 0.981350 2.200084 1.474557 1.842029 1.774139 1.199646 2.187923 3.112601 1.878500 2.806423 0.953854 1.825267 1.163288 3.196694 1.305921 3.530857 3.156702 2.236617 1.943956 2.875131 -0.289831 1.103725 2.845461 0.534763 2.636627 1.370076 1.662569 1.233649 0.668399 2.826082
300,178,2.3541278722744017,1.498043 3.165102 3.448675 2.502174 0.826712 1.375089 3.264470 0.404918 1.998342 3.390313 2.340632 2.749670 1.647363 0.533481 1.106467 0.252225 1.865104 0.869249 1.612738 0.273242 1.278492 0.340957 1.179124 3.796932 1.807644 2.352116 1.451309 2.822422 2.202319 2.822819 1.916883 0.736131 1.744619 2.602265 0.750974 1.189160 1.372901 2.260776 2.849907 1.196998 2.468208 1.195342 1.575274 0.660275 1.693228 2.123752 3.041946 3.066076 1.310161
300,179,4.16268542873876,3.018205 2.311807 1.517745 0.373615 1.601525 1.649049 0.727003 1.412108 1.460931 3.004288 1.220445 1.241907 0.036791 0.831431 2.308911 3.525717 2.232747 1.295398 0.986028 0.678644 1.107660 2.520908 2.024200 1.093626 -0.107758 1.840561 2.088275 2.466053 2.899796 2.204627 1.159900 2.337150 3.203116 1.898638 2.622869 2.435826 2.509259 2.117431 2.375928 1.862186 1.643320 1.351414 1.950440 2.089083 1.869157 1.235634 2.689662 1.960114 1.286170
300,180,2.0859316499150395,2.424158 1.909622 0.711502 1.173722 0.691420 0.156327 2.130933 2.013633 1.477147 2.553158 0.772900 1.159559 1.649360 3.328318 1.415707 1.283154 2.170726 3.577324 3.003786 1.848489 1.728470 1.426219 1.504334 2.619016 1.575689 0.434477 0.222204 0.938644 2.867086 0.394415 3.008439 3.268345 2.043504 1.099752 1.470842 1.085943 3.179436 0.947129 0.862236 0.730889 3.684942 3.486405 2.843369 3.488789 2.689019 2.170517 0.609826 2.612792 0.944817
300,181,1.8244792978629973,0.949864 0.141692 1.632746 1.528170 2.035344 1.839833 3.597662 3.213073 1.204530 2.740847 0.346824 1.831183 1.490946 3.474620 0.542738 1.205220 1.349146 1.965051 0.911678 2.463030 3.947535 1.949765 2.429312 2.229072 1.017811 2.438884 1.017708 1.222248 0.183808 2.789345 2.550006 2.748247 1.756197 1.121476 2.880219 1.666128 0.387613 4.534835 2.349150 1.418926 2.245146 1.657742 0.299348 0.527435 2.279875 1.953033 1.615630 2.836132 1.535256
300,182,2.886535192756002,1.482973 1.324421 2.882117 1.856770 2.373893 2.642346 2.208461 0.988316 3.241448 3.073894 2.701555 2.252371 1.216822 1.624716 1.535498 2.792465 1.718659 2.402898 1.468283 0.817795 0.556976 1.274898 1.906050 2.753669 1.170663 1.784729 2.166704 1.073913 0.308086 2.387882 2.676988 3.161394 0.924452 4.176979 2.506790 0.439796 1.151179 1.240251 1.291034 1.077795 3.915673 1.042272 2.052576 2.218767 1.355835 2.519820 1.140990 1.484201 1.971736
300,183,1.994024687530021,3.383388 0.404466 2.654709 4.311797 0.757210 0.923635 0.915652 0.326406 2.254680 2.523590 0.901206 2.959471 2.825070 0.467717 3.142851 2.184045 1.722652 1.164092 1.626407 3.930541 2.038800 0.276040 3.394411 3.015279 2.192733 1.190779 2.129970 3.139454 2.250880 1.387243 2.555190 1.295242 1.819074 1.241548 1.547434 0.940575 2.461987 2.208262 1.247562 1.921851 1.670062 1.117168 1.531493 2.518484 2.918788 3.476373 0.761057 2.997289 1.516458
300,184,0.7004885944660545,2.249221 0.775182 0.765249 2.912042 0.294885 3.220587 0.575976 1.245676 2.080269 2.591972 1.047589 3.265711 1.238432 1.393766 3.478245 3.146997 1.974477 4.615637 2.716642 0.945183 1.700551 1.442172 3.079363 0.502319 0.695892 2.990708 0.889202 0.810038 2.884468 1.917417 1.765307 2.436471 1.695314 0.555506 2.331414 1.887938 0.877314 1.254207 1.208616 2.924787 2.541776 1.014668 3.717152 2.563090 1.825860 2.139719 2.595416 2.697295 2.547971
300,185,2.874281067055024,3.541899 1.773346 1.310313 0.078007 1.568874 2.033622 1.635537 1.472429 1.679720 1.359347 2.389111 2.815300 3.575534 1.596995 2.641350 0.868518 2.126770 1.852384 0.677545 2.463413 1.444349 1.231229 0.364986 0.595689 1.302921 3.225018 1.435145 1.340699 2.040185 0.812054 1.580140 -0.089895 3.827125 2.178310 2.352750 1.360907 1.704350 1.151009 2.971151 0.660502 1.864591 2.182877 2.966159 1.404083 1.172144 1.467144 1.607291 0.188707 1.541136
300,186,1.861161673208046,2.237359 2.743347 2.477724 1.731934 2.408944 3.108183 2.474140 3.240036 2.119126 0.448892 1.041279 1.624025 1.780750 2.492012 1.115767 2.062094 1.213238 1.986092 1.942371 0.590938 1.932608 2.650988 2.625580 1.416541 1.012810 0.548345 2.705840 1.441980 1.498055 3.350630 2.269370 0.509497 1.427454 1.892525 0.668423 2.059393 3.074980 1.815723 1.311550 0.689541 0.639502 1.643805 2.881190 3.246525 0.885654 2.010435 2.244457 2.604396 2.409619
300,187,1.3531959614727185,1.886712 1.562634 1.600329 0.850804 2.231006 4.006889 2.987035 2.718903 1.505250 1.342720 1.366682 1.769818 0.730099 1.593799 2.506895 3.925809 1.715169 1.381012 0.423465 0.134511 2.015377 2.212530 1.834355 1.790325 1.376033 2.786553 1.424860 1.632682 2.741572 2.612175 0.683339 1.308759 0.664106 0.324076 2.627886 3.601469 0.346616 1.352019 2.161710 2.334171 2.488943 0.962586 0.430751 1.228577 2.850280 4.273452 1.983254 2.387313 0.957905
300,188,1.6627216828053206,1.015515 1.253692 3.643148 2.340785 3.284879 0.812470 3.164145 3.329371 1.559718 1.216593 1.177656 0.180678 0.512145 1.707043 3.231174 2.747801 2.514940 1.240831 1.851215 1.318101 0.171178 1.549179 0.850862 2.174949 1.081255 1.320000 2.381466 2.651069 1.253630 2.220215 3.287124 2.760792 1.777198 2.432104 1.713658 2.047592 0.400256 2.721741 1.959857 0.374971 1.631715 4.129692 2.537445 0.738978 1.741915 1.386990 1.414085 3.073151 2.198737
300,189,1.4686918703266447,2.865771 2.298315 2.193692 0.902693 1.765832 3.156104 1.030936 0.689662 1.459611 2.265442 0.996459 2.526280 1.057587 1.359805 2.476348 2.058769 1.412984 2.408632 2.684595 1.290229 3.053837 2.516961 2.661386 0.746805 3.834200 0.717007 2.600901 4.124279 0.673683 1.313358 0.867148 1.530277 1.600467 0.406755 1.675519 1.232095 0.522505 2.144840 1.739135 1.282792 1.678123 2.868795 2.826437 1.053103 1.392986 3.397162 2.917029 1.224100 1.087222
300,190,2.512469319038494,3.415718 3.781841 1.175461 1.319155 0.976067 2.456154 0.816060 0.773064 1.241748 2.811526 1.216968 1.972438 1.323579 0.654321 0.723349 1.041977 2.375116 1.677029 2.767260 2.384223 1.254541 2.416974 2.191104 1.684383 1.678655 1.494076 1.882405 2.067526 1.153424 2.719806 0.611330 0.933612 2.882322 1.433287 1.128345 0.712641 0.962990 1.354923 1.242938 2.056330 3.813104 2.975123 3.396456 1.885571 2.039249 0.466877 0.866015 2.850395 4.152789
300,191,1.3670388101289732,2.266532 0.528616 2.439564 2.595920 2.717018 1.820072 3.277014 2.265726 0.410152 1.811656 1.858973 0.667975 3.216250 1.693996 1.521974 1.922112 1.975047 2.733898 2.515547 2.682409 2.148341 1.706313 1.152229 1.182787 2.108765 1.122965 2.389846 1.651361 3.114764 1.737801 2.173874 0.455220 1.482926 1.518275 4.467657 2.597379 3.846220 2.404063 1.207058 1.452821 2.003114 2.429592 1.443437 0.519983 1.825438 2.528984 1.869632 2.800259 2.996547
300,192,0.919282386610032,2.541376 2.279238 2.509133 1.203018 2.769713 1.191640 0.588006 2.191681 1.762234 1.450855 2.620961 2.575203 2.927967 4.258482 1.142375 1.305986 2.241393 3.099839 1.193988 2.342382 3.444927 0.936065 0.610360 2.284398 2.659482 2.397792 0.292280 1.253154 2.101614 1.933934 1.855617 1.493535 1.099429 1.641847 1.166712 1.552396 0.727627 2.602685 0.801005 1.508924 1.295003 0.882006 2.084345 1.713945 2.346753 1.608243 1.500069 1.477953 2.699110
300,193,0.442544378182657,2.811311 1.777677 2.865135 1.018045 2.358036 0.483413 2.411676 1.144344 1.629779 0.927324 2.283393 3.102305 0.338739 2.259480 1.420030 3.986290 1.145749 2.818422 1.603195 0.762427 2.641319 0.737276 2.147520 2.405333 2.642930 0.553828 1.549187 0.991539 2.621376 1.581719 1.683934 2.742093 0.565221 2.542328 2.386478 2.578324 1.534767 1.394493 2.428817 1.658918 0.234290 1.495436 1.083189 1.646632 2.686024 2.911756 3.272867 0.139483 1.712860
300,194,0.13958894236607727,1.747752 0.540647 0.446084 1.562143 1.505797 1.540780 2.958738 0.589116 1.822384 1.099303 3.871357 1.959514 1.267188 1.816473 2.693811 2.680370 1.264970 1.705107 2.142405 2.448027 2.778405 0.303009 0.813957 0.639245 0.853111 3.076333 0.692662 1.772473 1.771137 2.754582 2.264455 1.616256 2.541359 2.701716 1.498197 2.075664 3.487377 1.227566 0.603148 0.524059 0.944885 1.101295 3.191916 0.995803 1.434150 1.504134 1.410332 1.781848 3.565290
300,195,2.4530134337481386,2.204834 1.352936 0.799137 2.379233 2.396137 1.438526 4.355317 1.461012 1.538110 1.340055 1.809318 1.081644 1.222146 2.315778 2.618794 1.309733 3.273714 1.450774 0.159502 0.411048 2.104838 2.995434 2.825148 2.510528 0.930322 1.980401 1.411801 1.813916 2.731589 1.967250 1.587097 2.768117 1.966704 2.400896 2.078398 3.142688 0.245917 2.419125 2.216300 4.066434 0.628057 2.657830 2.770030 1.823164 2.444376 1.224872 2.776734 2.367691 1.212534
300,196,0.4414873219939781,1.060942 2.479713 4.696955 2.821612 0.887579 2.442957 3.299109 1.224372 0.819824 0.841732 0.620902 1.849877 1.728957 0.934555 3.150518 3.508700 0.848633 0.086006 1.452568 1.323744 0.615311 1.303812 1.187517 2.234465 2.331875 1.475695 1.026043 0.673342 1.471336 2.251253 1.237799 1.688132 1.814017 0.659218 1.735188 2.024153 1.718802 3.390550 2.517485 1.790106 1.395490 2.008046 4.299025 2.468269 2.343864 2.029766 2.916078 1.738544 2.639027
300,197,0.9544107329554413,2.848915 2.162734 0.630426 3.244185 1.401996 1.812856 0.657884 1.064620 2.383908 3.310028 3.267350 1.133643 1.568011 2.854437 1.053546 2.422582 1.494639 2.481375 1.886031 1.880926 3.415406 3.349152 3.131613 1.629575 1.238522 2.325627 1.201120 1.396107 2.672222 2.914378 1.828516 2.289031 1.731966 2.645661 0.652513 2.319214 2.395419 0.634503 1.782417 0.359923 2.465438 1.235553 2.457671 2.926352 2.789256 1.316828 2.262964 0.918179 1.734471
300,198,1.2757222238224877,0.468859 2.413593 3.775724 2.105558 1.882874 1.555912 1.882153 1.821398 2.500562 2.714106 2.815279 2.231592 3.436510 2.603805 0.545903 0.643690 1.786500 1.062152 0.920444 0.629989 2.492050 0.699954 2.032288 3.760347 0.555433 1.803793 1.747435 2.295772 2.330936 2.708256 2.623143 1.485636 1.520955 2.779819 3.432620 2.057097 2.244099 0.583300 2.227131 1.507361 0.691946 1.405140 3.059089 1.632547 2.084313 2.450287 0.938896 2.294232 1.931839
300,199,1.7879627666323468,1.984285 0.825068 1.675899 1.185297 0.390538 1.015346 3.794945 3.476095 2.180393 3.585974 0.926994 0.982669 1.644738 4.551922 2.222503 2.097072 0.731049 1.612321 1.371647 2.253539 2.536811 2.149490 1.372341 2.163519 0.958566 1.313902 2.573517 0.557203 1.634237 3.723274 1.209105 1.762353 3.239871 2.400006 2.414026 1.495790 2.385373 2.326470 3.838849 0.914810 1.252376 0.553881 0.972249 4.124802 0.624869 0.562331 2.236824 1.787785 1.674891
600,200,1.2011026248732615,1.408106 2.329242 1.389875 2.960634 2.213465 3.453273 2.933185 2.100402 1.369733 1.644004 2.769520 1.230277 2.232697 2.379163 1.408667 0.628036 1.740457 0.955659 1.348005 2.225728 2.597687 3.229087 2.757935 3.325879 1.974051 0.406734 1.300013 1.787851 2.760274 2.171753 1.189518 2.292861 1.959965 2.479566 2.144035 2.681697 1.413059 2.525100 3.419614 2.189195 1.593209 1.678584 0.937936 1.404599 1.033897 2.855910 2.357477 0.220169 3.310935
600,201,2.0085415642942643,1.755959 2.137428 1.587250 1.383742 0.938115 1.813321 1.191949 3.481363 0.318729 2.140228 2.462274 0.380624 1.321624 1.391526 3.085348 2.057870 0.687959 2.001105 2.700038 1.831079 1.073288 0.967846 3.476635 2.021700 2.806195 1.069505 0.819224 1.524717 1.175189 1.699650 1.934829 1.637187 2.353532 2.799405 2.128051 1.659872 0.790485 2.939106 1.750976 3.424739 1.326232 2.926899 3.538694 3.333409 2.691046 2.488070 2.523735 1.638313 2.511681
600,202,1.0469979333265598,1.192386 1.388431 0.753814 2.026957 1.650322 3.645171 2.563180 2.979883 3.716891 1.687636 1.066100 0.874900 0.480938 2.586192 2.115181 3.520181 4.073690 1.397809 1.522214 2.903462 2.790925 0.747731 1.296754 2.526360 2.181218 0.825488 1.907382 2.988662 2.768091 1.232767 0.737771 1.155474 3.175041 0.775227 2.339062 1.071791 2.080825 1.346857 3.586997 2.027029 1.893930 1.543646 0.374333 1.305120 1.349239 2.978846 0.753738 0.412327 1.449914
600,203,2.825324907907905,1.160983 1.094039 0.736798 1.997854 0.657165 3.550169 1.510447 2.633832 0.925525 1.122928 1.680619 1.900555 2.460483 2.402331 2.287404 1.595932 1.836384 2.423502 1.234823 3.994440 3.088802 1.255152 2.887648 4.780563 0.729799 0.800740 1.288594 1.950682 1.047153 2.408150 2.692836 0.457972 2.602465 2.316036 1.901542 1.506806 0.895595 3.352702 3.599514 2.677731 1.744413 1.619003 0.717778 1.642728 2.010116 1.889919 1.330349 1.568079 0.658450
600,204,1.6614958700540206,1.277869 1.534173 1.685514 1.533455 3.228379 1.895708 1.518499 0.337205 2.299133 1.427454 4.167108 0.546446 3.389821 2.200269 4.046088 2.557421 0.619474 1.045287 0.682760 0.386493 1.323316 1.117771 2.490643 1.840311 0.865548 2.019543 1.237214 1.271127 1.760997 2.354590 2.241765 0.742948 3.022909 1.167747 1.900707 0.780565 2.386687 2.325987 3.999102 0.970984 1.815894 2.248405 1.145822 2.086960 0.996583 2.318673 1.835539 2.445097 3.078538
600,205,2.90691113562894,2.320594 0.107764 2.083639 1.286656 1.410467 4.172649 1.500016 1.580478 0.762392 2.833164 2.166910 2.355069 1.352777 3.949142 1.912580 3.118216 1.620920 0.694596 2.395570 1.775959 2.883013 2.608599 1.124001 1.834105 2.841651 1.238964 2.875603 2.166906 1.995028 2.763913 1.763139 0.691983 1.786556 1.886910 2.703347 1.793786 1.992549 3.125576 0.988127 0.335355 1.532156 1.744019 2.043807 1.450650 2.284877 2.588871 2.820018 1.705039 1.728389
600,206,2.6825981942447474,1.463367 0.329119 1.582758 1.313050 0.960420 4.427674 3.495539 2.019653 1.693412 1.669767 3.250163 4.718510 0.948635 1.111127 2.359657 1.245361 1.370539 1.374144 1.833222 2.115110 1.817727 1.548825 2.132263 1.456603 1.120923 1.643151 2.751864 1.897882 2.755750 1.444445 1.827367 1.144903 1.599516 2.038506 1.638219 0.255511 3.051517 1.290674 2.754443 1.336320 0.450405 1.430391 3.219933 1.402574 2.433229 0.971994 0.429184 3.610013 1.130403
600,207,1.9876382378259823,2.697507 4.912615 1.247557 1.823641 0.506665 1.861454 2.177367 1.645163 1.822445 0.940005 1.336484 1.399003 0.251991 3.187717 2.432924 1.507599 1.664055 1.164574 2.756722 1.594547 3.041978 1.882374 0.850916 1.964996 3.675055 1.909876 2.479623 0.965663 1.583349 1.154375 0.938043 2.659215 3.341432 3.082634 1.431558 2.478215 1.977394 1.391919 2.083397 2.498699 4.600045 1.713702 1.349005 1.380182 2.435306 2.523770 0.400905 1.913762 1.149782
600,208,0.8521467481146986,2.146291 1.591011 1.932321 0.848965 0.888821 1.749245 2.398345 0.656207 0.834837 0.848760 2.495607 2.028043 1.872498 3.631323 3.111949 1.975090 2.165651 1.085782 2.543870 1.002747 2.083708 3.382706 3.196067 3.425655 0.459172 1.089169 2.309510 2.671564 1.055362 0.844407 -0.064795 0.778863 2.068985 1.446631 3.632163 0.547841 2.652650 0.670793 1.557862 1.588018 1.585199 1.099308 2.593777 3.666357 2.697372 2.685848 2.513789 1.921411 1.366718
600,209,2.1026669937715186,0.664529 0.520031 4.151030 2.614206 2.733427 2.367945 2.288885 1.008659 1.030293 1.270129 2.264964 1.989559 1.643284 2.025418 1.935222 0.570630 2.263492 1.953753 2.055143 1.819511 2.879998 2.570726 3.548195 2.622737 0.975745 0.368807 0.836798 1.821909 1.276492 1.482011 1.983097 1.741985 2.892708 3.751316 1.602946 1.180776 1.534024 2.547632 1.583237 3.421186 2.181277 1.845571 1.867516 1.755811 1.274855 0.556646 3.046313 2.573943 1.582492
600,210,2.801220735448526,2.499317 2.557193 2.017194 0.443458 2.917825 3.133182 4.007711 0.792541 2.137699 1.095621 3.165026 2.959881 2.387532 2.881129 2.301029 2.700583 1.772561 1.240678 2.716193 1.538882 3.559366 2.786531 2.844519 1.772929 1.528325 2.118328 2.782904 3.935642 1.355359 2.949591 1.967216 1.848158 2.139165 1.730504 0.785572 1.415942 1.311214 1.314783 1.775056 1.601076 1.191348 1.033711 1.075423 2.067788 2.031481 1.437725 1.906777 1.637514 3.168578
600,211,1.9034618982378337,1.933723 1.829117 1.162360 1.774852 0.576515 2.489632 2.118210 2.362998 2.209908 1.059336 4.196890 0.151337 1.299234 3.849536 2.291427 2.108374 3.325548 3.496001 1.700327 0.664875 1.570281 1.538097 2.269025 1.253109 2.351847 1.163167 2.598369 2.133595 2.236924 4.300423 3.943910 3.424971 1.042566 1.724244 1.248697 1.855282 2.130499 1.718969 1.518568 2.264236 0.931818 2.556861 1.013467 2.972711 2.805806 2.499492 1.175011 1.155795 0.934088
600,212,1.8071119607050647,4.286815 2.195198 1.046029 2.810991 0.097736 4.019364 3.179841 1.448150 3.529591 2.072646 1.155508 1.979723 0.754111 0.241305 2.466595 0.983797 2.134327 3.345795 1.122437 0.922487 0.319690 2.797387 3.144581 2.189099 1.779350 1.285304 1.299504 1.040241 2.364317 1.312035 1.681180 0.592818 1.152825 1.017133 3.455420 2.987859 1.771550 0.964961 2.405303 2.919025 2.164525 1.085481 2.327570 1.980359 1.199116 1.438191 1.828445 0.992301 0.158389
600,213,2.0902900294048847,2.266770 3.069210 0.977741 0.980381 2.066942 0.897142 1.116953 2.333832 2.006171 1.976707 0.955753 1.722002 3.334775 2.617097 1.891588 1.714375 1.104056 1.250630 2.085948 1.010302 2.520514 0.696891 3.254846 1.854514 0.511563 2.670563 2.195363 3.295360 3.203481 1.411398 1.252546 0.958821 3.053872 2.333623 3.029709 1.940062 3.212553 0.486622 2.095539 2.759255 1.597339 3.130284 2.941449 3.445605 1.898535 2.688784 2.528917 3.620790 1.498872
600,214,1.686214168697584,4.196841 1.648136 1.769510 1.748481 0.364598 2.279637 2.333455 0.766059 2.056937 1.680994 2.201443 1.790114 1.099807 3.788389 2.220544 1.776257 0.990336 1.145972 2.692946 1.370015 1.826277 2.133745 0.043630 1.439019 2.133342 3.456653 1.791417 2.112942 1.783646 1.398043 2.516056 0.908299 2.921611 1.837381 2.794682 1.853227 3.926205 3.852545 1.763412 1.848829 2.547404 1.881139 2.608826 1.226549 1.451803 2.311451 1.530773 1.443144 2.392667
600,215,2.806967303350296,1.512666 2.803140 0.935218 2.782116 2.322907 2.271866 0.911304 1.397001 2.324235 0.544932 2.032883 1.954791 2.079623 1.724252 0.577526 1.562865 1.253594 3.045462 1.200000 1.737216 1.206069 1.427708 3.393940 0.723771 3.180319 2.167116 1.902725 2.402506 3.785270 3.192667 1.237539 1.853116 1.137488 1.196695 2.758065 0.949704 1.013740 1.446089 1.564616 2.132624 3.373300 2.578047 0.390132 3.162313 1.683895 0.726614 1.475903 1.544743 4.220472
600,216,0.5810567503642665,2.092273 3.622969 1.450814 0.944936 1.369225 1.970208 0.235505 0.404262 1.753377 0.324330 2.453742 2.431878 2.540845 1.491409 0.541265 0.487969 2.024878 1.313286 3.389129 2.116086 2.766259 1.500746 2.637839 0.982999 2.118594 2.089790 3.154384 1.877684 0.666777 1.646860 0.613007 2.200629 2.601412 2.548397 3.616522 0.220771 2.623551 3.296804 2.023862 3.169962 1.185972 1.364774 2.502576 0.404382 2.768770 2.286925 2.024388 2.800451 0.734648
600,217,2.758358507592008,3.148075 2.309742 1.804396 1.079592 0.534070 2.993210 1.917253 4.541811 1.050199 1.618014 0.725210 0.695592 3.129491 2.202109 1.069181 2.534902 3.213467 1.890201 0.620259 0.631848 2.087034 1.938560 0.574970 3.084998 2.165113 2.782612 2.887639 -0.048003 3.279255 4.410656 1.356209 0.548287 0.888059 2.050758 2.101234 1.145970 2.365185 1.222132 1.638146 1.647883 1.307998 1.611539 0.775013 0.883827 2.123853 1.615599 3.443235 1.653048 1.626109
600,218,2.715739747173922,1.779659 3.324999 1.563455 2.731356 1.594918 2.195805 0.940101 3.761806 1.910137 2.163719 2.119089 2.165304 2.923997 1.965318 3.052944 1.848864 -0.085304 1.791469 1.536323 1.868395 2.315449 1.147781 1.300307 2.992229 1.219622 1.097006 3.436360 0.982020 2.401415 2.824200 2.139855 1.731564 1.375173 0.593313 0.548196 3.732883 1.328848 0.405007 2.236809 0.434587 2.251636 2.010637 0.661808 1.458069 1.719838 0.907165 1.480303 1.099617 1.049919
600,219,2.2931941615157685,1.272724 2.471663 2.879180 1.428795 1.812863 1.778029 2.119219 1.580245 0.933222 1.471869 2.446596 0.748144 1.065639 4.701141 2.945297 2.867182 2.029280 1.808774 1.324689 0.401237 1.064389 0.718661 1.972854 1.558774 1.757670 0.368242 2.630559 2.223618 2.470309 3.235685 1.788214 2.063107 1.721022 1.490940 0.924145 1.697485 3.247646 2.371884 0.804164 2.134373 1.492795 1.182608 3.080751 2.948923 0.912222 1.615840 1.920616 1.062065 3.078329
600,220,3.301034144503675,3.028482 2.716778 2.271408 1.188101 2.877851 1.197799 3.245819 4.246727 1.821521 0.797346 3.268246 2.836547 0.861542 1.266312 1.511780 3.947207 2.643635 1.501809 0.907780 2.247662 3.363738 1.141408 2.099417 1.119020 2.450205 1.545887 0.826154 2.599407 3.135533 0.814639 0.927613 2.534133 0.788422 2.533809 2.196178 1.512824 1.339333 1.259349 0.901638 2.460032 2.434593 1.788490 3.164358 0.520015 1.635215 2.576404 2.532942 1.463558 1.426045
600,221,1.7293228794435664,2.727481 3.278749 2.053305 0.234573 1.796318 2.000019 1.905865 3.402101 2.251137 0.508220 3.015014 1.213120 1.265349 2.078136 2.403689 2.815047 2.378092 2.582870 0.920923 2.035658 2.004227 0.669926 1.713211 2.322491 1.860897 2.347591 1.593260 2.076173 2.396048 0.527446 2.345530 1.403590 1.642200 2.783104 2.609514 1.134446 3.173253 1.831564 2.912880 2.388044 2.051953 2.041777 2.460289 2.399755 1.956069 2.317673 1.003891 3.241355 0.844875
600,222,1.1197651072176864,2.702345 1.791333 2.981070 0.544653 2.477977 2.479497 4.123321 2.168800 1.694610 1.867530 2.001896 1.541916 1.402716 2.521468 1.541984 2.297995 2.059519 5.695114 1.858120 2.785107 1.700614 2.980241 1.781011 1.388699 0.673606 2.647435 2.602939 1.814506 1.882563 2.937042 0.570523 1.675396 1.757030 1.150948 2.991343 0.611756 2.125270 0.673754 1.830302 2.390279 1.329476 0.307081 2.233837 0.967291 0.834350 3.302473 0.928450 1.875764 1.170433
600,223,2.8675368528814595,2.213807 2.335265 2.090471 1.701237 3.680765 0.783505 1.437022 2.310334 3.302941 1.348149 1.161495 1.135097 1.966779 2.470262 2.419224 2.283688 2.723071 2.657427 1.370177 0.857216 1.014830 3.705911 1.852714 3.677252 0.913419 0.779358 1.620525 1.590286 2.035957 2.840324 3.075831 1.502726 0.838760 0.360820 2.835372 1.557790 0.794027 2.150295 1.265464 1.276030 3.360909 1.155825 0.424360 0.608622 0.813388 1.202153 1.153863 2.199227 1.424050
600,224,1.8519287100858997,2.070069 1.431432 2.143150 1.303013 2.540495 0.830072 1.761498 1.349690 3.118316 0.890131 2.126487 1.652887 1.440829 0.868718 0.587299 3.226626 0.331979 0.792699 1.920482 1.220985 4.303655 1.447987 0.818916 1.653304 3.253109 2.495653 0.792393 2.216101 1.772078 1.861747 2.726881 1.298305 2.447136 1.831832 0.135253 3.122438 1.320665 2.155538 1.981356 2.424991 2.348894 1.388924 1.649969 1.947923 4.094438 0.776586 3.424250 0.944661 3.678407
600,225,1.8922838246747704,2.056697 4.369541 3.287237 3.629745 1.502523 2.277169 3.757042 0.520529 2.148887 1.604337 2.603556 1.458055 1.443213 0.753512 2.531216 4.154493 1.393804 0.708539 1.991774 3.174048 1.295676 2.417990 2.861345 2.696760 1.783326 2.557444 3.069520 1.555943 2.218928 2.543844 1.807868 1.715700 1.961196 3.184807 1.878261 1.149893 0.968223 1.076699 2.090138 1.675921 0.939777 1.483327 2.095277 2.904693 2.266459 1.754638 1.267962 2.146913 1.785606
600,226,3.222748262273792,1.476306 1.609867 1.472706 2.315356 0.387237 1.159365 3.297546 1.669518 1.302522 0.953897 3.200948 1.709222 1.388157 1.132885 1.291751 0.507372 3.429572 2.366593 1.551406 2.597739 1.286388 1.989683 1.876029 1.371267 1.466089 2.791084 3.224217 0.984616 1.258247 2.121813 2.644878 3.945681 1.387480 1.943215 2.665174 1.640600 1.684088 0.391675 2.097181 0.319439 0.541240 3.877427 0.467529 2.690626 2.023453 2.162937 1.102825 2.996602 3.578555
600,227,3.521572368757489,0.935835 2.381350 1.966514 2.708249 2.028532 1.665707 2.512079 0.449153 2.367678 0.260860 4.232004 3.308335 1.139305 2.694958 1.378088 2.093119 2.563951 2.173487 2.285158 1.133084 2.631852 0.726785 2.347316 2.012907 1.863979 1.034394 2.428414 1.575036 1.658016 2.133291 2.847480 1.854929 3.222391 0.899259 2.801829 2.013950 2.531769 2.431325 0.783869 2.247060 0.860910 2.126395 2.248914 1.000721 1.449435 1.480653 1.750825 0.741057 0.178068
600,228,0.6549326855846099,1.052637 3.373653 1.464809 0.427087 1.274928 -0.102634 2.740842 1.992725 1.364735 1.050938 2.385617 2.036050 0.604485 3.311689 1.221398 1.445304 2.621619 2.132726 2.516608 3.174059 0.816636 1.552730 1.329801 2.517390 2.617042 3.247209 1.396204 1.183939 1.410599 1.783625 3.660025 1.345141 0.624786 2.161758 1.523762 2.037487 0.781456 2.836730 2.339389 3.084275 1.522491 3.114696 1.695419 1.676130 1.476337 3.602033 3.077275 2.150803 2.123931
600,229,1.1909167798214724,1.719107 1.582944 1.183444 3.503165 1.875253 1.981176 1.430865 1.526338 2.903555 1.264648 1.202645 1.153511 2.623600 1.775565 1.435858 2.952196 2.996574 2.124408 1.902719 3.122574 1.040848 2.285569 2.458669 1.780937 0.255870 3.556777 0.708000 1.910997 0.981366 1.380195 2.421066 1.739225 2.808697 1.681321 2.407528 3.952673 1.821601 2.224131 1.387479 2.157511 0.521715 3.214061 1.225957 1.461623 1.554809 3.298552 2.608791 3.190767 2.966263
600,230,3.472290847890368,2.043735 2.102486 1.532344 3.047063 2.161905 1.646731 2.650336 2.902453 2.634605 1.055384 1.482064 2.874370 1.928462 2.033319 2.186955 1.522378 1.836097 0.940436 1.799399 2.489889 2.593844 1.451944 2.659275 1.556881 1.260282 2.959226 1.565609 0.752861 1.605391 0.881760 4.271123 1.122010 2.341533 1.767762 2.565359 1.304788 1.333896 2.820878 1.636362 2.974759 1.076278 3.196116 2.907924 2.955850 2.099386 1.282767 1.223743 1.943783 1.604710
600,231,2.294058048606679,2.065457 0.122456 1.959379 3.511431 0.058595 1.008115 0.675295 1.550399 3.134325 3.549871 2.609337 1.685134 0.837021 1.403260 3.473563 1.967225 0.335542 3.928872 2.888181 1.838381 2.755746 1.780362 2.166031 0.968084 2.611069 1.359548 1.986810 2.591359 0.620406 0.866986 1.681738 3.502669 0.123022 1.763665 0.949305 1.327284 1.692484 1.419772 2.292455 1.270177 1.054167 1.254775 2.979100 1.430187 1.339773 0.894796 1.614454 2.698901 2.906254
600,232,2.7377301693332248,0.549309 2.113301 2.222110 0.196025 1.518340 2.978899 2.153359 3.835998 3.073591 1.243632 3.942721 0.632833 2.160732 3.977261 2.448728 4.282137 2.575211 2.051738 2.245576 1.094948 1.864260 0.943351 1.284907 1.497075 1.484560 0.794429 1.179538 0.622519 1.450726 2.469883 0.922481 3.458679 2.730897 3.376918 1.723785 0.328496 1.972957 1.957698 2.603694 1.369606 2.201880 1.412656 0.857767 0.806979 2.593898 2.892800 2.002264 1.740448 2.651556
600,233,2.9457504205545515,2.151235 3.096519 1.079175 1.032482 1.876204 0.661811 0.718242 3.066317 2.467952 2.828571 2.865298 0.650211 0.630729 1.986136 2.641786 2.556484 0.462048 1.350703 2.061071 2.582372 0.769695 1.730981 1.906585 2.917947 1.575084 2.548502 1.658470 4.440951 3.165446 1.670898 1.380472 2.359477 1.147557 1.728937 1.931143 1.467976 1.042930 1.891686 3.543408 1.878002 0.758711 2.556380 3.575001 0.861055 1.783756 1.325458 2.441888 1.583197 2.182647
600,234,0.7718708039904271,1.370017 2.228884 2.687753 1.872522 3.504886 3.244869 2.024450 0.419924 1.902759 1.759284 2.503235 1.793311 2.388621 1.818658 1.709184 2.293461 2.230187 2.111324 2.280216 1.621018 3.122751 3.613321 1.001092 1.797988 1.967392 1.343233 3.497896 2.417279 4.111266 1.837280 0.953308 2.787798 2.078586 2.251261 2.215559 2.221405 2.555914 2.736017 2.679201 2.712725 2.652461 1.402447 2.033648 2.932990 1.808834 1.391033 2.390756 1.439796 0.851723
600,235,3.5984194654740143,1.319874 1.070503 1.753549 1.627227 2.222934 3.156414 0.329303 2.610374 1.556403 3.901466 2.694904 0.671146 1.354933 0.865026 1.767201 2.467182 2.994760 2.439910 1.155571 1.948373 1.134673 1.748821 1.118430 1.258992 4.166197 2.888147 2.759191 2.969024 2.391146 2.124162 2.614950 2.141036 1.924022 0.949212 3.978579 0.622019 2.072246 2.018363 0.237654 1.835140 0.523042 1.871160 2.275551 2.171836 0.308913 2.026126 3.024034 1.490803 3.069532
600,236,1.6226135103467378,2.754070 4.015210 3.491205 3.897022 1.936896 0.087552 1.237849 -0.082838 1.372078 0.676098 2.056432 4.188998 2.244168 1.774506 1.153945 2.763746 2.225497 1.073845 1.552348 2.207278 2.139008 0.707108 2.071591 3.420902 2.641034 0.359610 2.672524 2.264517 0.349322 1.192713 0.421117 1.531033 1.978401 1.210387 1.876337 2.287427 1.382730 2.299987 2.934201 1.569913 2.042813 0.772077 2.945029 1.284129 2.079606 1.770380 2.761446 2.987797 3.238973
600,237,1.8120641715050971,2.563329 0.956100 1.767906 2.263656 2.634104 1.365710 0.546443 2.756507 2.002434 1.740329 1.571897 2.107109 0.597080 2.800615 1.150742 2.276042 0.347418 1.237384 2.089272 0.567126 2.282040 2.294628 2.365432 1.954070 2.046513 2.098942 3.117562 1.422430 3.897322 1.531773 1.130471 3.012101 1.294787 1.328220 2.927680 1.636031 3.049543 1.525399 0.773848 4.807402 1.909518 1.105264 2.810932 2.857978 0.995865 2.244422 0.600719 0.601263 1.005827
600,238,0.8878758721975234,1.847025 0.871902 2.896913 2.093401 4.002292 1.458616 1.895777 1.546944 0.778012 1.999717 1.967870 2.555851 1.894891 1.084179 2.965187 2.560745 0.884612 1.520150 3.090230 1.561498 2.073797 3.694582 2.849764 2.948443 2.575926 1.471138 3.096899 0.606755 0.270974 3.648383 3.118608 1.875860 1.639984 1.638016 3.935485 2.088010 2.324472 2.526984 1.749318 2.197611 4.327628 2.346349 2.362805 2.203256 2.180356 3.529153 1.904602 1.293744 1.165029
600,239,3.000268429929363,0.409928 1.656104 1.054388 1.776341 3.436960 4.221880 2.875526 4.252679 0.384906 1.743122 0.223533 2.946053 1.315554 2.223202 0.876726 1.206516 0.938455 2.173851 1.821619 0.775605 1.676155 2.927173 2.156137 1.740404 2.503511 2.397458 1.609381 0.708876 0.704417 1.635026 1.474784 1.002948 1.120083 1.170902 1.234821 0.845819 0.793949 2.622394 1.500395 2.516422 2.083788 1.717072 0.539350 2.598253 3.636594 1.204522 0.976490 3.746766 1.407197
600,240,1.6403624464874427,0.695940 0.837624 2.035755 1.685376 3.562648 2.151610 1.757893 1.642868 2.072331 1.999636 1.985799 2.707594 2.387113 2.103781 3.750771 2.226668 1.828118 2.314399 2.699614 3.361279 0.930886 1.807900 0.475909 2.526652 1.372523 1.477592 2.950122 1.341939 1.926336 2.331917 2.474675 1.616695 1.419701 2.917588 0.743627 2.500825 0.151071 3.669220 3.051719 2.606816 2.459029 1.120364 0.948188 2.597251 2.414338 1.013601 1.839249 1.797823 3.489605
600,241,1.5024793331638948,0.535788 2.076230 2.292972 2.763734 1.444158 3.544982 2.198926 1.681302 1.070663 3.912632 1.644855 2.080154 1.583970 2.383814 1.102053 0.525701 1.520312 1.888611 1.689702 3.224667 1.550337 3.066426 3.063845 1.414514 0.130720 2.464602 0.569483 1.271194 2.263176 2.922761 1.565003 1.966851 4.240719 0.410594 1.875421 1.933165 0.277091 1.984449 0.232587 2.408110 2.262021 1.031536 2.141912 1.966079 3.666703 2.992252 1.068459 3.560082 1.900743
600,242,2.1521849144759053,1.417802 1.405836 3.432546 2.790236 1.008125 1.463672 3.171399 3.415982 4.070617 2.867795 1.596488 1.081513 2.582325 1.141692 0.959421 2.107835 2.586144 1.859878 1.208374 2.571471 2.162852 2.188773 2.693080 0.674984 2.323890 2.728663 2.618803 3.151402 1.532819 0.989476 1.335892 2.180205 0.473174 2.267626 1.792676 1.817748 1.797954 2.296746 2.297371 0.895064 2.299037 2.308822 1.951493 0.688977 1.097142 0.980869 2.026325 3.140272 2.604625
600,243,3.4979912635001784,1.745193 2.618079 0.494808 2.660548 1.791334 2.532680 1.772558 1.571861 2.660929 2.172964 2.646716 0.784016 4.103217 3.105550 2.928707 0.826278 3.011787 1.240404 0.729020 2.357454 0.773460 1.742599 0.547713 2.549980 2.257201 1.320917 1.123099 3.225008 0.651761 1.117097 3.035736 2.074641 1.026815 3.466708 1.934542 1.396104 1.405805 2.010018 0.542726 1.454217 2.989970 0.728169 1.938420 1.440982 1.972013 1.358247 1.085135 3.810594 1.733604
600,244,1.0232033324068281,1.954609 2.720237 2.577935 2.914696 2.779487 1.395454 2.876812 3.865110 1.750712 1.601490 0.939143 1.763792 2.530003 2.214082 0.716178 2.206691 1.750919 2.145750 0.713711 0.603046 1.163237 1.581836 2.513635 1.777728 1.582506 0.762198 1.812943 0.517148 2.062929 1.471592 2.575543 0.838697 1.236974 3.842751 3.143281 1.323911 2.233509 1.715349 0.984420 3.665305 1.624188 2.640779 1.119673 4.523281 1.514752 0.698311 2.914336 1.300393 2.564612
600,245,1.7907777689779678,3.033289 3.778539 1.631493 2.794201 1.756942 0.796805 0.228227 1.682503 1.610348 2.754173 1.799513 3.023660 2.527771 1.595464 3.193905 3.288429 3.387706 3.004388 3.666935 3.152425 2.019334 1.527456 1.626551 1.878250 1.229590 1.649312 2.092843 2.258207 1.787894 1.556525 1.634328 2.150351 1.769973 2.361997 1.178403 2.216740 3.515882 1.890616 2.311630 0.214831 1.577113 1.018331 1.499471 2.540230 2.911556 1.574399 3.021802 3.435100 1.398799
600,246,0.2886329929614046,2.455121 0.759806 0.657011 0.016917 1.325701 2.243576 3.380143 3.604231 1.956102 1.060707 2.431444 1.663276 0.851632 2.637480 3.671731 3.106518 1.062312 1.707633 1.237535 1.414992 1.343969 0.476961 0.442137 0.831813 2.697088 2.353450 1.571743 2.252982 1.118087 0.651327 1.378187 2.030031 3.114352 2.104768 3.980245 2.749578 1.587947 2.255423 2.825527 2.317121 1.965274 2.193883 0.988745 0.666177 1.852851 1.331369 2.358154 1.693693 2.479745
600,247,0.8171195851433583,0.714197 2.841645 1.416326 2.213545 2.912906 1.634655 2.676389 1.312356 1.438446 1.356501 2.938997 1.747555 1.368642 2.549646 3.115842 1.100715 2.981892 1.602050 1.131278 3.748695 0.266615 4.058649 2.072682 1.969009 2.321235 0.886908 2.265912 3.135644 2.934441 1.677769 3.126015 1.997190 1.034129 2.062656 1.871332 2.219020 2.428857 2.549587 2.199023 3.772756 0.855938 1.125213 1.805212 0.777910 1.433379 1.258065 1.300075 0.972319 1.111800
600,248,0.8223691249885289,2.759163 2.082623 0.283574 0.487937 2.854455 0.241484 2.100437 0.929913 0.634071 1.128412 1.264656 1.410233 2.500534 1.835959 2.846409 0.718302 2.106708 0.881081 1.158215 2.427853 1.228673 1.103765 3.126153 2.625632 1.757412 4.595199 2.127991 3.873028 1.575363 -0.059804 0.273404 2.616144 1.701105 4.017915 1.936649 1.094756 1.004196 2.427467 2.281158 2.776990 2.998488 2.071176 0.620223 0.927296 1.973674 1.895994 2.087328 3.633086 2.900529
600,249,0.8959556691817755,2.287420 2.017345 3.249409 1.113311 1.569365 0.777636 1.875660 3.068042 0.910490 1.072855 1.492344 2.291740 2.906661 1.197870 4.309421 1.177596 1.988445 0.707957 1.583545 2.031527 2.560586 0.773037 1.411676 1.397322 1.165900 1.661896 2.740821 2.801350 0.666767 3.252260 0.429599 1.400104 2.946109 0.870688 1.965662 2.568493 1.190113 1.589793 2.632870 1.647448 1.505494 1.348427 3.542591 1.996728 1.243414 1.947778 0.998347 1.017968 0.714735
600,250,1.6346193071829076,3.526050 2.169612 0.717669 1.248651 1.894997 1.459744 1.973276 0.772552 4.521096 1.010387 1.143351 1.882546 2.794180 0.526996 1.271730 1.949815 2.880694 2.901315 0.673174 2.368624 0.630716 2.878554 2.840045 1.847948 1.621553 2.150047 1.308912 1.686264 1.817093 0.716551 1.469470 0.645235 2.613280 0.349306 1.623584 1.440569 2.496551 1.881744 2.618434 2.529402 1.853925 3.556787 1.048295 1.694505 1.259038 0.620364 2.807372 0.851520 2.950549
600,251,2.5583625149665243,0.617092 3.282697 3.249881 1.201628 2.474454 2.693343 1.980273 0.715843 1.863699 1.553133 0.510282 1.657665 4.109929 2.677781 2.926754 3.306672 1.593400 1.431765 1.087467 0.820791 2.080665 3.155291 2.980069 1.954375 1.092912 1.909198 0.446435 1.319024 1.257071 0.958835 3.661324 1.571325 1.505400 3.331717 1.431276 1.244434 0.904033 1.811738 1.393318 0.526061 2.433431 1.129750 1.908446 1.858460 1.574792 2.469185 0.607327 0.717112 1.304122
600,252,2.850383019174429,2.201371 2.423707 1.781070 2.022789 2.887096 0.851149 1.071116 2.963769 1.033820 1.358656 2.071552 2.574533 0.652165 3.325725 1.552917 2.673850 2.260231 1.981615 1.905917 1.817832 1.742283 1.944100 2.076668 1.247060 3.088484 2.349695 3.085008 1.068698 1.866369 1.840501 2.598254 0.362138 2.075196 2.514842 3.666209 1.533371 1.392118 1.710723 1.853065 2.272603 4.017624 1.469010 1.409122 3.181478 2.411363 1.042056 1.313998 2.190561 3.031596
600,253,2.0438130551925373,2.535102 1.142441 3.428751 2.159066 4.074081 1.428836 2.864885 1.432464 3.065155 3.279759 1.969027 2.042730 1.008206 1.441086 1.476268 2.388127 2.074785 1.370078 1.679095 1.340698 0.754399 2.494592 1.147447 2.199817 4.093597 1.738566 2.717161 0.411576 3.780366 1.536111 1.558577 1.984253 2.221032 1.245760 0.217374 2.254364 0.331689 1.660435 2.034615 2.929728 2.709252 1.057383 3.942540 2.388222 1.830849 2.358269 2.360438 1.789202 2.230586
600,254,1.6437253617912762,2.080718 1.639112 2.506352 1.675479 3.739915 1.318191 1.872954 1.727620 1.622472 0.170140 1.478711 0.704353 3.427474 2.530725 0.943147 1.932097 0.895998 1.472377 1.892411 0.231292 1.958552 1.332272 2.147394 1.032286 2.599969 0.927718 3.766280 2.833941 2.165420 0.873471 1.691019 3.919969 1.793373 2.542014 1.009920 0.156657 2.013240 0.421204 1.881391 3.073715 1.747192 2.130693 1.867429 2.217521 2.492180 0.281377 1.438162 2.543673 1.405143
600,255,0.350457456779765,2.518417 1.429882 0.929952 3.501870 1.821786 0.785106 1.527366 2.432242 1.244128 2.312615 1.918792 3.764288 3.466669 1.336620 0.960819 1.036789 0.383709 0.956440 2.302454 2.748053 2.499900 3.060340 0.189800 1.301340 0.288199 1.346082 3.451735 0.960846 1.974359 2.799910 1.727571 1.083313 1.043923 1.471668 1.345757 0.961629 1.951076 0.261705 1.747581 2.664970 2.532237 4.201811 1.026802 1.008097 1.539729 2.843328 1.942335 1.330143 1.351572
600,256,2.141191302368243,1.432853 1.856805 3.519290 1.701518 1.881131 1.653775 2.626397 1.571582 1.432520 3.579616 1.855471 2.072088 1.011618 3.294149 3.517504 1.340210 1.801445 2.771894 1.124489 0.801405 1.358221 2.691924 2.588908 0.233052 1.176877 2.442987 2.719200 2.808504 1.939988 1.375394 2.376044 2.458949 1.726840 1.741418 0.623562 0.567592 0.731052 1.851670 2.160883 3.074922 3.303741 0.778004 1.138824 1.730726 2.121775 2.924772 1.745455 2.892575 3.718904
600,257,3.241519194263503,0.770703 2.510301 1.294939 1.998515 2.772921 2.551239 2.389341 2.663352 1.268906 1.823118 2.282423 2.284654 2.403697 0.182563 2.420490 1.573531 0.528240 1.963452 1.259810 0.151475 0.639755 2.806505 1.982678 1.635954 2.323898 1.385360 2.646226 2.047904 2.456304 3.202576 0.830412 0.646504 2.072211 1.836895 1.693422 1.814363 2.007301 1.926893 1.061108 2.588310 2.080801 1.636059 2.371251 0.312808 2.936280 4.409902 2.554248 1.325959 2.202049
600,258,0.28787119460018507,0.772461 3.648248 1.526240 1.842402 2.666510 2.265464 2.181520 3.358997 2.332852 3.212390 1.933824 3.734398 1.300624 1.530969 3.030886 2.258679 2.956470 1.873278 1.357500 1.409507 1.332656 3.926651 0.848311 1.321571 2.972716 1.407418 1.271631 3.133637 1.168155 2.405306 2.576262 1.891522 1.958634 0.961701 2.347452 0.284135 1.097441 0.768522 1.070696 0.995301 2.327702 1.781608 1.190607 2.659040 1.483680 1.236011 1.731829 2.504164 3.386666
600,259,3.371000605896385,1.267039 1.519120 1.742847 2.398056 1.557922 1.292480 1.909284 0.709447 2.876206 3.359322 0.908273 2.692163 1.871631 2.566660 2.100558 0.186747 0.096110 0.828999 2.574595 2.106728 1.752418 0.706377 3.346367 3.443068 1.715674 2.776638 2.783421 3.707326 3.687054 1.180097 0.790451 1.403036 2.032599 2.840896 1.909012 1.771886 1.663519 1.178256 2.269486 2.783835 0.697552 0.200094 2.451113 2.127335 1.251063 1.521467 3.148909 1.248480 2.173289
600,260,1.317688245270509,1.741924 1.509010 2.321351 0.765630 0.890706 0.927707 3.284638 2.708400 3.838520 1.645762 1.481410 1.924203 1.520578 1.172315 2.788585 0.673345 1.461352 3.813422 2.201720 0.874721 2.308101 2.670552 2.167241 2.928212 1.570997 2.017868 1.070079 3.489209 0.682612 1.459427 2.223616 3.638600 1.201120 1.203353 1.844361 3.074390 0.691211 0.424274 1.793849 2.326257 1.803587 2.111492 1.756773 1.711638 1.612976 1.720500 1.942717 3.678521 1.403841
600,261,0.7948373377566821,2.220987 0.706611 2.413261 2.857844 1.449426 1.545242 0.570435 1.769950 1.710782 1.391430 1.200004 3.931930 3.373290 0.631299 0.926989 1.685703 1.038849 3.398951 2.072766 1.921618 0.648109 0.252037 1.171326 0.596893 1.202216 3.444336 1.936293 2.057476 2.202726 4.610217 1.600540 1.748535 1.038072 1.421674 2.431937 1.089600 0.660815 2.486001 3.309307 1.062936 1.090473 1.044008 1.547767 1.332166 2.731358 2.016909 1.157213 0.926408 2.749163
600,262,2.1683835947902472,1.795260 3.407763 2.820805 3.419123 2.516343 1.560365 1.053249 0.484867 2.901601 -0.073159 1.426632 2.803810 1.285213 3.601360 3.273817 0.721809 1.573525 1.014060 0.961259 1.242628 3.597112 0.705005 1.518019 0.995054 2.547264 1.351499 1.983272 0.361775 0.698047 2.217398 1.871913 1.605339 2.714822 1.905490 2.106531 1.092594 1.648672 1.864309 1.548962 3.234893 0.414696 1.647499 0.886767 1.192420 2.626277 0.746559 1.181773 2.729708 4.527395
600,263,1.7852444927675093,3.070129 2.162217 2.621015 2.662112 1.950075 4.021262 2.742778 0.859155 1.306649 1.793847 1.149317 1.786654 0.652551 0.573931 1.655778 2.704370 2.094570 2.828731 4.356701 1.641278 2.097883 0.597185 2.199815 1.430523 1.906184 1.957265 1.575482 2.521036 1.361973 3.630985 2.073920 1.595539 2.141307 1.274890 0.857137 1.047231 1.314539 0.560979 2.317006 0.430216 3.216705 2.031967 1.079371 1.551967 1.373686 3.257674 1.710033 2.504340 1.474678
600,264,2.4474581402883198,2.521282 3.731097 0.954243 2.165233 2.087713 2.437332 1.848877 1.995401 4.859620 2.535096 3.928849 2.477837 1.732009 4.299386 2.047952 2.081973 2.078545 2.559388 1.771013 2.567286 2.061180 2.301206 1.771382 0.898911 1.766143 1.458241 2.776372 1.601786 1.843323 1.850961 1.454091 1.641202 3.246572 1.411924 0.727279 1.544912 0.226485 2.782646 1.999676 1.935845 2.088247 1.799646 0.779221 1.935707 3.869306 0.845638 2.152656 1.934483 1.017512
600,265,1.888882862760522,1.621526 0.710307 1.074616 2.433860 2.313678 0.822177 2.687282 0.041792 1.246680 1.634384 2.089989 0.400819 2.718590 1.961682 2.003702 4.013870 3.084840 0.973978 3.116072 1.326019 2.387969 1.337746 2.214116 1.599744 2.203699 1.393164 1.287897 0.889915 1.970539 2.383905 0.227521 0.803856 1.649753 0.971442 1.479276 1.346139 2.844734 2.156658 3.076845 2.497806 3.306875 2.981260 1.865482 3.852920 1.306243 3.639378 1.541476 1.390619 1.552686
600,266,1.6767777464549907,2.757017 1.898183 3.733332 1.423112 2.486425 2.396936 1.648859 3.166122 1.836068 2.955580 2.007202 2.020913 1.393635 2.331869 1.843718 2.946236 2.176468 3.042637 1.220353 1.411125 2.349146 2.563224 1.701327 2.173668 2.421000 2.552535 2.359242 1.748398 0.568073 2.261412 2.107161 1.429194 3.218581 1.150157 1.478164 1.706410 3.071996 1.020418 1.949373 1.980972 2.855160 1.609444 2.382800 2.211408 0.641070 1.604214 1.144591 1.316721 1.956550
600,267,2.627328089281265,3.133114 1.261645 2.084024 3.477086 1.303721 1.352459 1.644105 1.301982 3.129165 2.218798 2.458580 0.743514 3.851784 3.821815 0.547742 1.389161 1.086330 0.678426 1.532086 2.482670 1.706676 3.674607 1.773332 2.417710 3.211189 1.584452 2.468980 2.091849 2.349022 1.257876 1.742294 0.878059 1.903471 3.375719 0.822892 1.664974 0.990248 2.084369 2.502107 3.788195 3.280312 2.379290 1.304223 1.570341 1.459450 1.380014 2.540147 0.576347 1.451611
600,268,2.361554010975073,1.571405 1.407102 1.810265 3.084493 1.091828 1.884469 0.398073 2.537312 2.291620 0.640505 1.020822 1.233653 1.237555 0.679496 1.767385 2.740557 1.129631 1.591581 2.441075 2.154198 -0.299825 2.947145 2.619591 1.563968 1.984979 2.511402 1.395039 1.867185 1.017297 2.562438 4.341238 0.933667 2.150054 0.403849 2.159934 1.597253 2.747193 1.204504 2.238923 0.169894 1.019293 2.688719 2.176559 1.902265 1.369446 0.719310 2.882348 1.535844 2.645212
600,269,0.7011058537691104,2.237992 2.162816 0.195719 0.784333 2.385497 3.074443 1.228359 1.457447 1.935733 3.011267 2.732713 4.262158 2.651922 1.903504 0.874170 1.262920 2.610388 1.729569 1.729401 2.382045 0.916452 1.085205 1.177060 1.702849 1.977735 0.526259 1.691710 1.105719 2.363152 1.739614 0.970991 0.850663 1.110022 0.909474 2.087289 2.367047 3.101439 2.208352 -0.144303 1.634017 0.927415 2.735955 2.315073 2.371367 1.860786 2.152222 4.156899 1.327080 3.770552
600,270,1.521039074238723,2.319940 1.952563 2.237678 0.828412 1.298040 0.998135 2.823945 2.419980 2.918809 0.850924 2.885052 0.806515 0.477510 1.773871 2.274889 1.101473 0.924073 2.463253 1.316447 1.420608 0.208566 0.045183 0.838558 2.067601 1.479575 0.435143 2.274684 1.150850 0.855778 3.837974 1.078547 1.825964 1.148368 2.742215 2.211338 2.043698 3.691315 2.720416 0.079431 1.179429 1.718918 1.666646 1.126993 3.856397 1.700955 3.432067 0.825491 1.916248 2.704315
600,271,1.3365962636040587,1.323117 1.508290 0.623642 1.899607 2.655343 1.002784 1.626025 3.258536 3.068862 2.900210 1.479419 2.659406 0.832729 2.106099 1.815852 1.201953 3.268588 0.990112 0.989918 2.658498 2.584880 2.064248 3.565462 1.312801 1.363182 2.888909 3.572801 2.360995 0.892851 1.055741 2.341222 2.413447 2.425582 3.540833 3.864659 1.688103 1.896999 1.309059 1.823605 2.191010 2.747558 1.500131 0.648984 1.155749 3.145541 1.689238 3.013370 2.356512 0.863344
600,272,0.8034842135603792,2.262114 0.754397 1.443544 1.810220 0.524778 1.172853 2.097441 3.002554 2.498845 2.176622 1.379955 3.077060 2.359683 3.714447 1.816388 1.534768 1.278372 1.156419 2.299403 1.317197 2.868644 1.331843 1.557870 1.671561 2.533282 2.289887 0.389856 1.098303 0.587005 2.865124 2.555001 2.588355 0.809579 0.969534 3.928608 2.114571 1.637566 1.829992 1.988298 2.196037 0.868514 2.452556 1.312229 1.233508 2.956612 3.207078 1.450129 0.556315 2.215396
600,273,2.342201142593225,3.953723 2.211491 2.007582 1.099951 0.628349 1.565027 2.243586 2.188059 2.119750 1.876415 2.918204 2.332163 1.543323 4.132047 1.361881 1.571840 2.429664 1.870616 0.406407 1.457605 1.686520 0.727216 0.706853 0.694846 2.312509 1.421322 2.255165 1.306271 1.472098 1.756921 1.505381 1.775694 1.096827 0.183585 1.382718 2.785137 0.762935 2.609477 1.894859 -0.062579 3.409416 1.130091 3.003516 1.799273 1.017882 3.350931 4.724438 1.942247 1.027279
600,274,0.9329199381563664,1.692429 3.887493 2.624169 0.895795 1.147437 2.245955 2.929373 1.872949 0.730212 0.826475 1.552212 1.608703 0.304201 2.906344 2.432248 2.198938 3.162254 3.657514 0.919558 0.321142 2.609562 2.086609 1.772241 2.385631 0.926065 2.775952 2.402174 1.401957 2.811113 1.625948 1.493355 2.154663 2.998390 2.369231 1.684094 2.562077 3.351436 2.065265 2.426133 0.626483 1.507573 1.718480 1.314417 2.073578 2.224311 3.071165 1.614824 2.721125 3.466934
600,275,1.3469108501145142,2.223481 0.527490 0.752970 0.110783 2.360850 3.162606 1.827315 2.806627 1.561792 3.126984 0.858775 1.023754 1.726587 3.544113 3.041996 1.322585 3.042176 3.409134 2.295247 3.188722 1.747316 1.229510 1.224192 1.233244 2.489429 0.738225 1.498615 3.006074 2.433578 2.560221 1.346857 4.297892 2.863068 2.256249 1.161000 2.752035 1.956371 1.541030 1.535493 1.641400 3.529427 3.360981 2.010565 2.205467 2.790026 1.724293 2.085893 0.751953 1.153450
600,276,0.8366685745239961,2.676365 2.320030 1.406889 2.905239 2.531515 1.447029 2.270981 0.900925 1.519589 0.676700 1.956455 1.051621 3.876868 1.606620 1.211478 3.723341 2.600398 1.222020 -0.049953 0.789502 1.271843 2.270440 1.870420 0.744675 0.762495 3.579618 1.750007 1.828640 2.665568 1.207742 1.547351 0.998634 2.242135 2.893862 1.050688 1.420532 1.479446 1.251767 2.034238 1.513902 0.698873 0.533171 3.179252 3.181378 2.206021 1.225649 4.576789 2.739290 1.776838
600,277,2.4766858506710916,1.491500 1.721400 2.343064 2.596798 3.712690 2.486572 2.777497 2.223055 1.191857 3.255526 2.104892 2.220457 1.320664 1.553393 1.093091 0.773674 2.412219 2.505862 0.355377 2.912408 2.685594 2.544484 3.280397 1.779418 2.458396 1.047487 2.693653 1.581096 3.079207 2.405469 3.013562 0.260317 1.771518 1.595943 1.064294 0.814496 2.260840 2.072543 1.835906 1.668211 1.022824 1.539916 1.667023 2.807195 0.829472 0.785798 1.809260 0.639100 2.744550
600,278,1.038220822229222,2.000812 2.267406 1.535119 3.347751 0.370160 0.581799 1.431855 2.641614 1.040147 3.694537 0.773829 1.619220 1.741130 2.140890 0.484068 2.895676 2.641964 2.487515 0.642450 3.579933 2.022662 2.360155 2.118928 1.610731 1.451492 0.281243 2.522301 2.554695 0.960623 1.114934 2.064659 1.525848 1.629240 0.455964 1.728088 2.337033 2.908266 2.554605 3.189930 1.178545 1.013005 0.984454 3.650276 0.945332 2.567364 2.130746 1.764544 2.786022 0.841663
600,279,1.67348261530788,1.312785 0.467398 1.483272 1.471660 2.827161 0.772217 3.815277 1.658248 2.593988 3.228754 2.371048 0.745205 4.250824 1.517569 0.921006 2.350391 2.610371 3.271353 1.635277 1.914486 1.645217 1.362151 1.509114 2.567879 1.740674 2.798007 3.036634 3.792815 1.579654 1.669478 1.554587 1.937289 1.412744 3.203174 1.524933 2.544054 1.258300 1.110979 2.821639 3.187769 1.787564 1.847040 2.376777 3.895384 1.102810 2.641733 0.189294 1.608338 2.971889
600,280,1.8558874637077287,1.140173 2.185305 0.778386 1.040567 1.566652 2.605476 2.684478 0.880672 2.395565 2.553559 1.726839 0.849268 1.672210 0.777414 1.306882 2.943478 3.197625 2.550604 2.272921 1.490209 0.498843 5.192406 2.303537 1.804362 2.765630 3.073081 2.048761 1.295560 2.532930 3.466364 1.762470 2.607131 1.142992 1.108837 2.142916 2.811919 0.784633 2.618505 3.257613 0.569567 1.540523 2.786865 2.458798 1.943422 1.247101 0.501056 0.849628 1.809946 3.128574
600,281,1.0264898967328442,2.770800 1.707698 0.229297 2.151741 1.785983 2.287485 2.625872 2.382056 2.519482 1.546846 1.674754 3.527293 1.711658 2.766113 2.375154 1.664726 2.793722 1.497595 2.469191 2.761931 3.255737 1.444574 1.922466 0.617509 0.568198 1.343087 0.138448 2.916655 0.007494 2.090292 2.407740 2.053859 2.127346 2.605653 1.545038 0.507761 0.326694 1.660159 1.341146 1.098956 2.154861 2.311669 -0.081015 2.837507 1.234599 1.441888 0.451579 0.801753 2.219287
600,282,2.326230703923175,3.536008 1.035408 1.280251 1.437287 2.056894 1.462165 0.837827 1.915483 0.749237 1.069842 4.041116 1.404631 3.075965 2.294720 1.930061 3.016932 2.730388 2.608583 2.175412 0.836457 3.622889 3.309642 1.845209 2.078855 1.076913 1.440476 2.062684 2.389436 1.391175 1.615047 0.536406 1.473406 2.682565 1.917227 1.930851 1.841474 0.920590 2.363345 3.359215 1.008111 0.840923 1.170784 3.516712 -0.062200 1.044844 1.609633 1.497946 1.555571 3.788121
600,283,4.339792153769913,1.660023 1.532681 2.245511 3.844949 0.728680 3.804255 2.352884 3.798400 0.316044 2.243067 2.513733 2.073020 1.628925 1.209075 0.785779 3.591280 1.498937 0.780145 1.565696 1.662650 2.085133 1.153067 2.029258 1.979810 3.992683 1.515351 2.063819 1.644675 2.945878 1.096823 1.451347 1.439489 2.323850 2.246949 1.295050 1.273608 0.614921 1.565958 2.765603 3.431491 0.963128 0.487909 1.270299 2.167510 1.019416 2.281127 2.901641 0.673405 1.203618
600,284,2.1572283994208945,3.117045 1.789380 2.145579 1.908325 2.237804 3.289546 2.180958 1.345525 1.059171 1.413739 2.360277 1.217331 1.318719 2.281513 3.479344 1.458052 2.082449 1.740812 1.640976 0.630346 1.045246 0.412368 3.888015 1.966249 3.191291 1.394184 2.574108 2.276913 1.474757 2.118578 1.589091 2.637397 1.942235 4.271964 2.194584 1.301488 2.170489 2.714902 1.988832 1.481257 2.864090 1.190772 1.358118 2.978717 2.325978 1.914221 1.425403 2.049512 1.496180
600,285,1.0285937096185844,2.255825 0.776228 1.253402 3.083260 1.099175 1.288324 3.268765 1.828399 2.344647 1.954439 0.447975 2.346458 2.900832 3.281809 2.861445 0.177883 2.355534 1.829095 0.745859 2.236537 2.166632 0.588101 1.099497 0.375623 1.294224 1.577970 2.815612 1.653955 1.465098 0.986696 1.615782 2.249850 3.075750 1.684559 3.834061 2.150371 1.348813 2.065668 3.368465 2.802538 2.706865 3.871078 1.799422 1.499066 2.907920 3.509201 2.109291 2.025811 3.107566
600,286,2.071911341472886,1.117840 2.201514 0.393474 0.591153 1.677207 2.350957 2.121864 1.078641 2.716466 1.605741 1.185225 3.753414 2.561948 3.123084 2.154640 2.666219 1.177097 2.538805 2.144950 3.638876 1.682657 1.570333 0.809539 2.186163 1.195780 2.065566 2.003614 3.158752 3.384376 2.045790 0.324215 0.978186 1.085225 0.327594 2.567019 2.738256 2.994896 0.825737 0.618564 2.389204 1.550897 3.182711 1.724283 0.962325 2.676578 1.514769 2.401588 0.331570 2.238317
600,287,2.0979628296483095,1.266993 2.739936 1.307964 0.786277 0.551153 2.547594 0.830425 0.832502 3.021495 1.147428 1.988739 3.238963 0.715860 2.270391 3.710092 1.021424 1.589032 2.398350 2.425736 3.069121 2.647580 1.728738 2.194149 1.009186 1.046304 0.698587 0.759613 0.773171 1.761630 0.757020 1.813820 2.693424 2.435610 1.447943 1.049185 0.094919 1.637320 2.595676 0.257275 2.241269 1.443072 0.076317 1.676912 3.227344 3.588705 0.947473 2.401910 2.739704 3.329257
600,288,2.202847603483482,1.285239 1.928001 0.989326 3.352139 2.125840 0.091692 2.953558 1.965104 2.145244 1.974463 2.434031 2.877221 2.094208 0.982808 0.582105 2.470674 2.806937 1.540230 1.742360 1.860927 2.583448 1.865292 3.628351 2.085872 2.241226 2.181975 2.748083 2.420877 2.988078 3.043547 2.096511 1.952136 2.029325 3.378130 2.717812 1.766842 2.633043 1.369702 3.795460 0.977714 1.921014 1.607685 1.982693 2.268377 1.183342 1.612983 0.131827 0.403370 2.035739
600,289,2.039372644861361,2.678864 0.501191 4.372552 0.321550 2.733327 0.872022 3.283824 0.565505 3.204070 3.452487 2.774393 2.171834 2.222635 0.901074 1.520950 0.922370 3.452636 2.420880 0.072650 1.740735 0.468326 3.487599 1.945911 2.989965 2.591742 1.687168 0.660560 2.510779 0.200811 1.008749 1.500751 1.819791 0.564103 1.587137 2.488600 2.226978 0.730333 1.658102 0.806129 1.792188 1.267524 1.874557 1.848574 1.992278 0.047425 1.623211 0.456436 0.835705 2.270969
600,290,1.4213595548733293,2.469737 1.371515 1.259116 1.916979 3.000940 2.631547 1.930223 0.942614 0.524276 0.616971 2.399639 0.580183 1.655699 1.720945 2.236827 0.795961 2.184474 3.224776 0.941634 1.637384 2.138634 3.379636 2.268834 2.558383 2.339955 0.774039 2.196392 1.000597 2.467227 2.604908 3.522224 1.505307 2.961038 3.186223 3.766265 1.328166 2.140501 2.143947 2.028347 2.412482 1.703060 3.086329 1.435433 1.947654 3.494680 0.315872 3.734750 2.799483 2.039015
600,291,1.563561659103923,0.322762 1.528069 1.663697 0.276213 0.963498 2.602753 0.624662 0.792988 1.153882 1.163025 2.481059 1.747918 1.206748 0.310285 1.252087 0.689864 0.273179 2.415903 3.139927 3.519787 3.857919 0.791522 1.244402 3.217243 3.403332 2.099387 2.506203 0.965445 2.108334 0.965623 2.221418 1.236774 4.446087 2.428202 1.750041 3.346434 3.163098 0.681505 0.865084 0.663845 0.707405 3.024155 1.737771 1.422203 2.457763 1.685843 1.843588 2.306031 0.989852
600,292,2.1765614241937317,1.326183 3.809611 1.410580 1.809741 2.071583 0.741978 2.625771 1.887936 2.089437 1.191590 1.767062 1.397747 1.204012 0.237894 2.551948 2.410233 0.469552 3.190896 3.164355 2.986417 2.380837 2.117445 3.274835 2.198061 1.837851 2.743317 1.154219 1.806680 1.716302 2.888193 2.959258 2.200315 3.596464 4.344679 1.837815 2.593884 4.454000 3.891729 1.470439 1.430072 2.359101 1.200922 1.000443 1.568270 0.736848 0.787149 2.346332 2.327377 2.626387
600,293,1.8325593683569363,1.179387 1.128420 1.844062 3.698728 3.917766 2.375282 3.523397 2.090569 1.007680 0.975366 2.188900 2.461128 0.890464 1.459252 1.905712 1.134696 2.651417 2.589803 1.364793 2.472915 1.501834 2.247857 2.808242 1.554061 0.865158 2.471054 0.478709 0.899139 2.980824 1.480150 2.239034 2.353162 2.049199 2.160733 0.925846 2.501424 1.418191 0.621315 2.050559 1.923654 1.028277 0.385447 2.264469 2.533299 4.180436 2.858420 2.366718 0.283100 1.935630
600,294,1.5524814322156426,1.658552 2.141398 2.324994 2.594112 1.226875 1.114104 1.139983 3.647594 2.946277 0.821257 1.203326 2.130988 0.924674 0.610026 2.953574 1.251872 0.613625 2.145357 2.091086 1.254795 0.888548 0.742787 2.220980 2.623292 1.865302 0.513964 4.292099 -0.359993 1.580311 2.563679 0.854130 3.048866 2.685621 2.117784 1.029160 1.624803 2.326998 1.993800 2.229779 2.929530 0.980755 2.915701 1.418342 1.253021 2.742007 2.405608 0.850030 0.463735 2.084856
600,295,2.4008888759246445,1.589678 2.759398 0.805772 1.601003 2.886937 3.694363 3.482200 2.287518 2.400400 1.069229 2.565547 2.632122 0.445510 2.300496 2.871488 1.608105 1.517836 3.671109 2.219558 2.632661 2.213358 2.724018 1.694180 0.322580 1.201357 3.417516 1.528057 1.449199 1.444121 1.109191 1.839851 2.732368 0.312259 1.383046 1.690053 1.712543 1.764726 1.350056 1.321068 3.902649 2.556794 1.805889 1.141316 0.365151 1.809496 1.243531 2.278217 2.706364 2.573874
600,296,0.635964987093255,2.033250 2.943510 1.260337 2.762247 0.750462 0.589911 3.814304 1.906827 2.324505 1.458926 0.631183 3.820031 2.418413 2.909300 2.299180 0.748451 1.556919 0.830311 1.683315 0.614091 1.303460 0.654918 1.122526 1.591700 0.775123 2.388359 2.455491 2.545554 1.414265 1.241880 2.097117 2.593615 3.609972 1.494961 1.577390 3.448932 0.946277 1.458050 0.464067 0.996499 1.853768 2.274706 0.661954 2.673702 4.760269 1.475680 1.837802 0.897666 1.782710
600,297,1.6204009534408967,1.421391 3.492236 0.420688 1.906518 0.719186 1.729867 0.720443 0.923334 1.197840 1.993675 2.577228 1.931408 3.479146 0.945387 3.162768 2.385070 2.978222 0.469283 0.539352 1.072908 1.304346 3.628739 -0.006101 1.813029 0.629608 2.955417 0.639360 2.225141 1.927090 2.163105 1.308207 1.880800 2.185547 1.577217 3.745783 3.171128 0.526091 1.606977 2.978166 4.417620 2.167561 1.912662 2.540459 4.175492 0.260888 0.086525 2.215290 1.649715 1.296177
600,298,1.917803492582662,1.307193 2.253585 1.770797 3.779056 1.852651 2.144419 0.885474 4.743239 3.251659 2.741579 1.617714 2.996317 1.397609 1.501586 2.381794 1.265583 0.628127 3.133662 2.802942 2.381840 1.404948 1.378544 2.314336 2.009541 1.112581 0.051803 0.947287 0.117483 0.746233 2.578343 2.875204 3.181363 3.354024 2.131582 1.091745 2.648206 2.312647 2.337261 1.412223 0.603734 1.882357 1.151383 2.502664 0.809193 2.138556 2.189835 0.774146 2.395221 3.042695
600,299,0.9840180212623938,0.659609 2.761510 2.190825 0.554612 1.962136 1.542502 1.563054 1.818480 0.516729 1.419953 1.326582 2.093695 1.798512 2.157924 4.232944 1.644941 0.521098 2.130350 2.576675 2.779179 3.752063 0.840445 2.259364 0.626119 2.202222 2.544904 4.158683 2.042653 1.793190 0.541093 1.768909 1.882162 1.147290 1.527222 1.275661 2.869076 0.815476 2.180834 3.801991 2.199169 1.871370 1.659142 1.235442 1.413037 1.136788 2.027404 2.029357 2.787044 0.680635
600,300,2.9542372115587643,1.707257 0.538518 1.350383 2.323080 0.949403 0.822629 2.551998 2.633301 3.704537 2.967006 1.545456 2.546890 2.825283 1.755001 2.674829 2.149947 3.773758 2.818366 1.924698 0.975328 1.933754 3.535238 2.171795 0.507818 1.425311 3.661558 1.459448 1.792419 1.593019 1.373140 1.091990 1.019827 1.980899 1.175379 0.766599 2.671850 0.370745 2.360143 3.805619 0.579472 0.760674 3.322400 1.399617 1.747816 1.388464 1.699899 1.370617 1.433578 2.560794
600,301,3.5853479786146862,1.767046 1.757732 3.202281 2.728517 1.621049 1.247514 4.180488 1.577738 1.339519 1.866176 0.643271 0.206501 2.255658 0.913674 0.247960 2.446595 1.547435 1.212583 0.869633 3.194357 4.558703 2.161402 1.266326 0.717371 3.242068 2.013498 0.384272 2.698582 2.364586 1.521575 2.261653 1.720923 2.533416 0.743070 0.463378 3.056165 2.224631 0.718763 1.049835 1.449682 1.324676 2.286497 2.053108 2.560763 1.870453 1.319563 0.189969 0.726063 1.810649
600,302,1.8639682020901998,1.300263 1.855412 0.412816 1.397917 0.928227 1.754038 3.112284 1.299038 1.529191 1.493249 2.226376 1.021323 1.115248 1.789071 2.114554 1.926354 2.940049 0.096697 0.912863 3.022476 1.416519 1.167330 3.169855 0.081052 1.215703 1.630590 2.080589 1.601230 2.533285 2.774292 3.089926 2.181682 2.704471 1.917357 2.526439 1.796018 1.170870 1.069761 2.576270 4.799930 0.725711 2.979374 2.302937 1.797871 2.295815 2.122251 4.271067 2.355742 2.063053
600,303,2.001480312882309,1.765358 2.372102 4.361251 2.045043 0.563678 3.674915 1.869033 1.839227 0.837144 2.848794 2.544043 1.267826 2.213584 2.498971 1.418422 2.537718 2.526185 1.116507 1.107608 1.193467 0.976677 1.786181 2.077892 4.394313 1.376250 2.885803 2.089863 0.524166 2.978652 1.678159 0.794940 1.697504 2.549276 2.357170 0.955722 2.008190 3.883789 1.779436 3.047597 4.146067 1.803056 0.697900 1.172022 0.878627 0.698020 1.278591 1.121095 0.869011 2.343105
600,304,1.4393449662072153,0.732904 2.573077 1.840684 1.426855 1.621507 1.084869 2.373061 3.707453 3.662375 1.735341 1.196159 2.233531 3.744571 2.416545 1.883687 1.903331 3.133829 1.542001 0.673490 2.514520 2.306448 0.996461 2.278972 3.793653 1.435353 3.404151 2.650299 1.968770 1.655415 3.659489 1.664559 3.640924 1.501666 1.117242 2.016268 3.139537 2.796912 1.452124 1.229343 1.600759 1.292070 0.451159 3.158112 1.164946 1.922579 1.542653 1.544289 2.940718 1.110328
600,305,1.906138543563249,1.043789 3.333611 2.040196 0.789934 3.018656 3.680858 0.828830 3.996069 2.221049 3.684190 0.538111 0.706818 1.509000 3.351117 3.551568 2.569149 2.740747 2.404415 1.829641 1.900396 0.896131 1.878086 1.674489 1.592007 2.524554 1.350478 1.807075 -0.092954 0.425637 2.212196 0.766174 2.149783 2.241126 0.856605 1.093604 2.023527 1.671997 1.730043 1.070161 3.749589 1.679145 2.527265 2.292978 1.385563 2.920839 1.927066 2.188258 1.826183 1.505933
600,306,0.8720296937033413,2.305375 2.933062 3.156104 0.412849 3.218544 2.889110 2.535224 1.186870 0.786953 1.895193 1.041068 1.201858 0.671428 1.914272 1.082373 2.655330 1.479664 0.454721 2.707817 2.231568 3.599897 1.020025 1.978089 1.248988 1.853481 1.092552 1.482113 3.232394 2.160575 2.009635 2.799553 1.597565 0.241716 0.827676 3.183501 1.912936 2.466940 1.878881 0.859347 0.482490 4.294050 2.288865 0.655247 1.697670 3.301405 1.263971 0.762874 2.324465 1.610262
600,307,4.19356509601878,0.725914 2.631674 2.302165 3.013162 1.551802 1.483124 2.915336 3.810788 1.220286 2.843064 1.410299 2.259123 0.637475 3.882778 2.046686 1.571044 2.377741 1.444133 1.951785 2.846480 0.769860 1.951326 1.585093 1.236888 1.535733 1.523111 0.592790 3.215307 1.103520 1.487381 4.366511 0.099159 0.922960 1.813325 1.211762 0.536023 1.396890 1.938796 2.607738 1.274488 2.537534 1.668991 0.992086 1.428914 4.432137 1.304377 2.550383 2.176121 0.961396
600,308,1.3321735887233455,2.319953 0.875639 2.045882 1.481143 3.391308 2.715886 0.753207 0.674931 1.348785 1.901651 2.687853 3.958623 2.179864 0.818670 1.761930 1.005087 2.902271 1.587167 1.691365 0.675751 1.898464 2.944043 1.328816 1.424146 0.444325 2.612064 2.925075 1.421713 3.534404 1.224273 0.823438 1.987802 3.020630 1.416162 1.718563 1.309918 2.948962 2.356408 0.880735 1.551175 3.078891 1.200417 1.741384 3.380119 4.425721 1.340215 2.387236 1.528061 0.823312
600,309,2.1332405299152533,2.335930 1.192758 1.896825 2.090375 3.139230 1.152102 1.627191 0.934930 0.986411 1.672352 0.211068 3.602896 1.556239 1.139378 1.249478 2.827914 1.428540 1.774652 0.609064 2.133203 2.451177 2.865215 1.063724 1.261410 1.911846 0.485259 3.096936 1.309245 3.929241 2.411324 2.476151 2.471669 1.535494 1.086683 3.422977 3.736723 1.036637 0.687364 0.309720 1.506579 0.496150 0.572992 2.230062 2.057357 3.673003 3.395420 1.493624 0.871425 0.882789
600,310,2.322123459305422,2.588702 3.455123 2.633410 2.144890 3.597478 1.782958 1.091944 1.327845 0.730672 2.599412 1.701675 1.385375 2.330144 0.654025 1.639335 1.836182 3.238832 1.905724 0.748142 1.646544 0.911729 3.048188 1.755045 1.197870 1.831189 2.223827 0.349785 3.053476 1.564687 2.164917 4.167239 3.460331 0.525307 3.078587 1.214197 0.817151 1.411765 2.753837 0.267006 1.781840 1.439061 1.961663 0.705911 2.500323 0.960196 0.844367 0.900311 3.137754 1.080663
600,311,1.8831243625446967,1.321963 2.051231 2.654604 3.330498 1.916035 0.461539 1.084523 1.934547 2.537072 1.835369 0.113174 2.394945 1.067743 2.123350 1.171039 2.505327 3.203753 1.924042 2.233229 2.944677 2.482320 2.275465 3.150984 2.611026 1.070843 1.060123 2.002442 0.840749 2.624838 2.045420 1.231413 1.929895 3.509938 1.968939 2.691119 2.791824 2.118709 2.891860 1.866150 2.469146 0.309415 1.022947 1.947509 3.696864 1.718049 2.637510 2.969736 2.113342 1.113560
600,312,3.934555060291262,0.724858 2.145275 3.105999 3.162091 2.199976 2.220344 1.563582 3.652539 0.479360 0.296654 1.622061 1.751403 1.332012 2.238378 2.192629 1.882675 0.672550 0.842286 0.752817 4.271769 3.865722 3.024148 1.914855 1.163944 0.364456 1.841006 2.033119 0.659933 1.568751 4.599595 0.977064 1.559450 4.459315 1.785927 1.356221 1.429017 1.861081 1.342586 1.237879 0.273131 2.993960 1.181362 0.857744 2.908319 0.858560 1.605888 0.990230 2.875312 2.767598
600,313,1.0710761774305877,3.648183 0.396442 1.673290 4.295995 2.577564 4.408168 1.917608 1.670701 2.182634 4.213720 1.858157 1.554254 1.861875 1.636732 3.890358 1.595551 1.420894 2.185099 1.094387 2.797470 1.155715 3.342098 1.861575 1.317542 1.088203 2.173225 1.756447 2.648717 1.534674 3.371706 0.917331 1.120873 2.521021 2.434624 1.232496 1.832431 1.416889 2.383559 2.524005 0.773340 1.236060 1.262774 1.855515 1.414142 1.770765 1.487935 1.866181 1.773789 1.315971
600,314,2.1044805355630727,1.580270 1.993673 1.880018 2.520503 1.247901 0.047408 0.675222 1.092016 2.620206 2.905331 1.528103 1.614271 1.751078 0.509320 1.131000 0.514141 2.228316 3.262674 0.428292 1.870667 1.347801 0.820579 1.381545 1.586702 1.814206 0.915229 2.362095 1.063229 1.220350 3.208806 2.543353 1.929957 1.594746 2.210165 0.481371 1.953707 3.449473 3.124896 0.493300 0.614786 0.844522 2.865914 1.519111 1.871836 3.254821 2.504916 2.921553 2.725048 1.824913
600,315,1.7472950503639522,-0.152158 0.403404 2.185469 1.941297 1.715483 1.237068 2.571507 0.632170 1.005161 2.340140 2.359193 2.032772 3.677018 2.125283 2.568112 3.190104 1.739151 0.923143 1.450127 2.005119 2.267638 2.449522 3.634090 1.036671 1.819758 1.471184 1.367142 2.366785 2.398144 2.969628 1.372830 1.453878 4.043281 1.475996 0.868185 1.568115 2.161650 2.289186 1.776484 1.767263 1.316968 3.311278 2.790941 2.210195 0.379350 1.971330 1.946469 4.517710 3.216669
600,316,1.6188135041859661,1.098132 0.948986 3.154247 1.225298 1.939487 2.185757 1.836428 1.676698 1.518972 2.862066 2.914844 2.046555 1.268033 2.906293 1.683282 1.793876 1.383070 3.281183 0.789067 0.804231 1.534514 2.084650 2.720440 1.709974 2.042171 3.441796 1.297955 0.465761 2.465740 2.469069 0.967879 0.223110 0.651273 3.676124 2.298225 2.740370 1.074353 2.277737 3.732754 1.416856 0.992278 1.043327 1.882952 0.946075 1.552595 3.387495 1.805380 1.167607 2.674919
600,317,0.6916806910525438,0.495195 0.870885 0.591051 1.506430 1.686446 4.330275 2.932471 3.625834 1.575602 1.022810 2.666838 1.908973 0.894469 1.934572 1.295522 1.133450 1.887807 1.873644 1.236204 1.353412 1.613927 1.551123 1.053301 1.578919 2.382736 2.280760 1.493523 2.435173 1.669607 2.977660 2.132660 2.636586 3.044294 1.787730 2.962495 1.314113 1.380402 2.601057 2.085623 1.530690 3.676127 2.855114 2.116382 1.039362 1.447631 2.138158 1.925280 2.783555 1.802042
600,318,2.362800983599699,2.371579 2.378936 2.081313 1.446567 1.818014 1.439697 2.030903 1.065841 3.662204 1.213258 1.609222 1.817139 2.472515 2.105037 2.720689 0.858764 1.331042 1.541001 3.707311 2.030414 1.804771 0.759769 2.617012 1.238940 2.454177 3.317467 1.417001 1.960814 2.710880 1.120384 1.542548 0.915268 0.980249 1.040054 2.948899 2.782140 2.955428 3.255854 1.124374 0.508890 1.445688 2.528317 3.354322 1.958419 2.682656 0.016670 2.462591 1.697939 2.267367
600,319,2.7755979319030595,1.164146 2.152059 1.125994 4.676544 1.722894 1.233636 2.154180 3.695997 2.710578 0.578514 2.683745 2.221576 2.547191 0.997391 3.052241 1.515449 1.155603 1.491396 1.592229 0.811047 2.217932 4.451394 2.577930 1.134949 1.323870 0.810072 1.652602 0.979402 1.571388 1.474032 1.383861 0.919943 1.905572 1.104492 1.017894 2.133855 2.385611 1.436714 1.635764 3.434302 2.281106 1.305143 1.732259 0.775327 2.146826 2.661527 2.482010 2.346475 1.182685
600,320,1.5333292275543853,1.929277 2.189455 3.693766 3.036110 2.024472 1.409394 1.225610 -0.200987 2.164954 1.360761 2.330394 2.218844 3.108556 2.502657 2.116947 1.736090 3.816830 2.589041 1.443240 1.978295 2.032557 0.711788 3.335489 2.537900 2.382481 1.811345 1.192688 2.216482 2.146927 2.117228 0.719932 0.837812 1.952292 2.362965 2.858295 1.454625 1.909630 1.661099 3.309547 0.847260 2.533766 2.587178 2.327601 0.608249 1.218086 1.923155 2.197492 0.476271 2.620911
600,321,1.0125023085417926,2.247312 2.601830 2.187235 1.668631 3.081403 1.579628 1.231937 1.023307 2.891166 2.022306 1.834625 2.922545 1.425234 1.926964 2.675501 0.402588 1.215200 2.616483 2.118175 1.809005 2.598315 1.042655 1.030700 1.908406 1.164034 1.548474 1.600309 2.052568 2.469984 2.007057 3.565902 1.602101 1.086484 2.484129 3.912829 2.569926 1.701509 2.704161 2.018521 0.533865 1.984885 3.081888 2.393685 2.359119 3.217566 2.796838 1.314216 1.374281 2.010188
600,322,1.6497265269726997,2.852424 1.976397 2.289883 1.393000 2.854590 1.997161 3.620761 1.580246 1.272012 0.582349 0.474156 1.745082 1.488083 3.468968 0.745183 0.929642 2.857349 2.322729 1.983775 1.458921 0.206741 0.692049 2.271523 2.214427 1.713965 2.237869 0.879525 1.041771 1.463247 1.219072 3.375456 2.569796 3.975938 1.069833 2.888135 2.118114 1.409461 2.887600 2.777514 1.981981 2.038937 2.689693 1.169437 2.467972 2.108272 1.391742 2.743664 1.372290 0.270651
600,323,2.5411422327696207,1.415600 2.152942 2.947113 1.692557 1.039523 1.015452 2.020862 0.624924 2.457051 2.135627 1.757523 1.457076 1.084557 2.655386 4.031860 2.371115 0.073198 3.664900 1.064575 2.985668 1.181149 1.820392 0.394587 2.348936 0.555797 2.462811 1.368592 2.275503 1.593353 2.448057 2.245501 2.413336 1.722222 2.254686 2.114307 0.305985 0.779995 1.586379 1.871266 2.214846 3.451412 1.385812 1.703182 2.575540 1.976405 2.898272 2.372534 1.557125 1.675095
600,324,0.8662158815838648,2.068353 1.109928 2.372423 2.338761 4.352190 1.625742 2.147676 2.737790 1.884063 0.758897 1.555870 1.860871 1.134655 2.529997 2.799260 3.841408 2.206812 2.313991 0.712516 2.107175 1.934244 1.411676 0.306983 3.094714 1.470443 0.911934 0.943761 2.637141 2.806643 3.991313 2.240152 3.791068 1.689222 1.626813 3.320912 1.979190 0.394005 3.953760 1.710795 1.861439 2.369474 1.476232 1.624384 1.274900 1.506961 1.947242 1.241341 2.176667 1.342757
600,325,1.4635762696829813,2.368591 1.262519 2.326625 1.585947 1.449096 1.544983 2.858176 1.388868 1.025893 2.693851 1.521534 2.540262 2.137095 2.166609 3.093407 1.875439 2.133702 1.480024 2.557460 2.814514 2.284073 1.165477 2.796821 3.381155 1.891204 0.568046 2.120294 0.383400 0.335988 1.266099 2.353855 2.543772 1.868735 1.946859 2.047242 1.684556 2.126519 1.359678 1.723962 0.128834 1.330470 3.683794 1.616468 4.143396 1.455851 1.757933 2.565118 0.570334 1.956252
600,326,1.2206616349469999,3.455395 1.649408 1.754219 1.665268 4.456097 0.574858 1.805997 2.402071 1.209288 1.022461 0.761752 2.627587 0.154324 0.098349 0.818332 2.227888 2.860290 0.241019 1.814523 3.219618 0.849488 2.297473 1.329672 1.876946 1.545549 3.869571 2.440088 1.919253 1.848510 1.012906 2.539775 3.631242 1.314373 1.602589 1.537888 1.537668 1.969833 1.801926 1.698378 0.939886 0.539211 2.578220 1.938494 1.530897 1.139032 0.839264 3.468359 2.750385 1.570080
600,327,2.4741787634850207,2.885010 2.125268 0.901076 3.024329 1.782208 1.197070 2.357414 1.403171 0.960776 3.480546 0.409327 2.937669 2.478871 3.746661 1.213370 1.889475 1.565230 1.770318 2.158231 1.237326 2.178330 0.758094 3.556496 -0.142707 2.348723 0.953630 2.005534 1.276766 3.366113 0.359751 2.329990 1.147603 2.409786 2.242260 2.342099 1.088758 2.533736 2.293139 4.467774 0.584371 1.798641 1.559704 2.541237 1.332905 1.132351 1.210244 1.190099 1.772789 0.766911
600,328,1.437231007977527,2.523574 1.570712 1.853099 3.375194 1.666993 0.758905 2.895477 1.781050 4.456907 1.593963 1.813530 1.621336 2.696542 1.398621 0.436357 2.431425 1.685192 1.441698 2.655386 2.094055 0.595986 1.599642 0.960816 0.780933 1.481596 1.886656 2.144922 1.228636 4.106872 0.709730 2.781855 1.366603 0.948883 1.729705 1.921056 2.284446 1.942605 2.555494 1.815424 3.055948 2.229346 1.670293 2.237555 4.622283 1.047328 0.908147 3.133605 3.415155 1.020172
600,329,1.3513715515513993,3.302117 1.235963 1.639232 1.511923 1.706605 1.184261 1.110567 0.507714 2.111089 0.908654 3.709327 3.629941 2.469321 1.236280 1.832073 2.353993 2.642696 2.008289 1.477474 0.710398 2.484470 3.064159 2.788907 2.735906 1.929683 1.802807 3.725332 0.343768 3.586670 1.325315 1.565992 1.046497 0.938632 2.082288 2.748298 1.413064 3.773088 1.977333 1.822251 1.093462 2.387954 2.559626 0.987974 4.078576 1.508645 0.936782 1.273629 3.267178 1.407313
600,330,1.219983238221697,1.360009 0.712978 3.168066 0.712728 3.446115 2.102405 0.894490 0.424611 2.757557 1.892480 2.172535 1.798900 2.566486 3.018243 0.865879 1.661397 3.601025 1.807442 1.973802 1.224848 1.500329 2.433988 2.388666 0.766857 0.451342 2.453208 1.944583 0.654987 4.191690 2.182068 2.118905 3.111475 2.995076 1.505316 1.384690 0.599870 0.292596 1.847627 1.393436 1.011443 2.950071 0.405025 2.541571 1.364300 2.409453 1.814126 1.726532 1.853986 2.862671
600,331,2.5627118747886413,1.059361 2.198611 0.748090 1.346130 0.798117 1.537308 1.006488 2.386406 0.637776 2.188428 4.561659 1.362809 1.654197 1.572613 1.838239 2.283538 1.902762 2.702946 0.584751 1.565756 3.361443 0.569371 1.637287 1.324901 1.839579 0.359443 0.609988 0.286124 2.200523 1.143240 1.390834 1.073118 1.953017 3.022101 0.944347 2.080426 0.536680 0.414179 3.560606 2.141272 3.078657 2.660234 1.574537 1.610628 1.969639 3.164996 2.434090 3.084821 -0.164745
600,332,3.3322179042691826,1.113578 1.801173 1.443887 1.885278 1.387059 0.951108 0.858476 1.439704 4.412933 2.266350 1.994690 1.800651 0.966976 1.911713 2.121865 2.697361 1.979599 1.170782 2.056871 2.487703 1.892970 2.101492 3.424870 2.152870 0.713876 1.815145 1.106884 2.766607 2.348252 0.435121 2.718263 0.138827 0.963704 0.391634 1.151926 1.662832 3.313359 1.623901 1.394610 2.235225 1.960442 1.701368 0.703705 2.809838 1.006433 0.484684 3.954676 1.384096 1.170194
600,333,1.7928079195684767,1.158258 1.695612 1.234604 1.760486 1.726180 1.135143 2.866721 2.545408 1.549658 2.804141 1.087874 2.500869 1.661022 1.605585 2.066483 2.460606 2.926504 1.514190 4.366546 4.348420 1.847250 2.482268 2.762682 1.211035 1.941216 3.100796 2.381297 2.339720 1.953922 1.462659 1.941816 1.454681 2.316689 2.678674 0.313503 1.439659 0.635319 2.055477 3.156360 2.293694 1.622172 1.386247 2.093057 1.051059 2.127386 1.865677 2.716424 1.472273 2.636259
600,334,1.076929472754144,0.846706 1.907711 3.970314 1.184105 3.949695 1.292292 2.472503 2.035121 3.666876 3.292763 1.048297 1.965016 4.129837 2.567313 1.959913 2.185582 0.807794 2.734188 1.964620 0.559326 1.625883 2.604854 0.625478 1.211422 0.910392 0.941458 2.694444 1.057339 0.953482 2.686931 1.180896 1.644252 1.917388 3.216686 1.105415 2.684203 2.767276 0.729778 1.940569 1.893875 0.999208 1.861690 1.022853 2.757846 3.667597 0.841873 3.180128 0.943020 2.256352
600,335,3.1486379827266675,1.947223 2.795485 1.711241 3.853013 2.748325 1.985375 1.874235 1.069135 3.122752 2.109831 2.116228 2.059259 2.543100 1.318224 1.206945 4.371315 0.884498 0.303944 3.426796 1.334467 0.755969 0.476773 1.552076 3.775576 2.089870 1.907295 0.782086 0.817049 2.092182 2.031313 1.857312 1.696147 2.176671 1.235782 2.888041 1.298802 0.626838 2.320929 2.155340 1.209307 1.198377 1.379744 1.018893 0.294513 2.901867 1.669109 2.304280 0.945095 0.720861
600,336,1.2023874448341516,0.376837 2.399176 3.210399 2.168114 0.268443 3.685171 1.275403 0.849983 2.682543 1.527547 0.033362 2.559050 1.210895 2.143695 2.120530 1.861854 1.440695 2.625001 1.989086 4.092110 1.342751 2.726568 1.321630 1.066316 1.243333 2.646224 3.391237 1.331946 0.825038 2.593584 3.380893 1.513272 2.325288 2.630364 3.633343 1.838079 1.778355 3.209698 1.683968 1.190687 2.160657 0.811419 0.648981 1.907941 2.282365 1.532632 2.486037 1.139532 1.496465
600,337,1.3696488381628094,1.815564 1.577973 2.034290 1.165857 1.484351 1.561461 2.238378 0.917333 3.220785 1.472416 2.826919 2.626830 0.919743 0.944149 2.109810 2.999926 3.105420 1.752215 1.533451 2.939253 1.852058 2.901215 2.551523 3.122352 2.558923 1.818667 3.096039 1.694839 0.595573 1.947220 1.064366 2.497250 1.267680 1.616725 1.443757 3.176471 2.441804 0.622563 1.093907 2.859231 2.200666 1.887305 2.213160 1.173253 3.981528 2.372474 1.397495 2.985025 3.425972
600,338,2.1933073878531246,1.302167 2.191131 1.668238 1.099463 1.196775 3.391136 1.126116 1.123858 0.851419 2.303989 1.977486 1.252435 0.316688 2.159482 0.473138 0.467077 0.303807 1.765550 1.530396 1.339529 0.910262 0.890197 1.742953 0.488033 2.547852 0.712234 1.626222 2.235458 1.187296 3.014489 1.344662 1.857528 1.654870 3.281697 2.060183 0.217464 1.862573 0.823028 3.221094 1.999327 1.177495 3.970919 4.118489 1.877858 1.951901 3.495189 -0.038460 1.795544 2.081321
600,339,1.3696474101644602,1.605869 1.478213 0.940706 1.817900 1.164256 1.568666 1.762721 2.388358 2.326872 2.919029 1.570824 4.534891 1.046706 0.153101 0.914844 1.199503 1.598216 2.072322 1.363567 2.607718 2.530878 0.849985 3.532684 0.832715 0.445881 2.458242 1.934634 4.993092 2.878059 2.245174 1.642222 1.900795 3.374462 1.539151 1.708801 1.878237 1.855767 1.522903 2.632054 2.961541 0.122397 1.948849 1.645857 1.704003 0.578989 3.354170 0.937752 0.716033 1.286822
600,340,1.4418501759669637,0.915319 1.238900 2.296027 2.896555 0.920832 2.556546 1.790206 0.978698 2.225967 -0.135176 1.000668 1.474530 0.873569 0.734933 1.362475 3.137776 1.596715 1.635454 2.177411 1.426396 0.380600 1.106861 1.620947 2.943768 4.381527 3.265859 1.970331 2.407986 2.088980 3.198111 1.677538 2.403520 1.765315 1.801245 0.944800 4.228945 1.535469 2.066364 0.740300 2.225488 3.457169 0.898559 1.968376 0.785967 1.797197 2.234680 1.448498 2.966829 3.383090
600,341,1.5105839214427021,2.162942 3.391498 1.808833 0.720797 1.635087 1.374754 0.482281 4.694232 2.252979 3.103758 1.056150 3.715323 1.252912 3.319884 0.631437 1.526073 2.749525 1.489086 1.842229 1.689361 0.915457 2.498371 1.548145 1.271962 2.071105 1.868910 0.762076 1.836718 1.757079 1.032059 3.984554 1.352530 1.746421 2.400980 1.450134 1.120326 2.966921 2.461856 1.970554 2.077495 1.569267 1.419922 1.093892 2.214924 3.218415 0.609910 3.486069 1.198912 1.882645
600,342,3.2761715303740386,2.274465 3.387578 2.508954 2.862730 1.794012 2.088608 1.917908 0.673194 0.692057 1.405551 0.845960 1.475833 2.053582 1.014158 2.176349 1.383520 0.832451 1.450950 4.412865 1.758912 1.551908 1.296233 1.872617 3.687258 2.074074 3.534720 2.433909 2.418984 2.323565 2.086487 3.087195 2.442706 2.186546 1.634218 1.029774 1.701042 0.660095 0.072870 2.463345 0.797014 1.597472 3.400903 1.555358 1.881348 2.667241 0.906271 1.624815 0.882270 2.538548
600,343,3.111457074657624,1.997358 3.696502 2.472594 2.441488 1.996422 2.715742 1.011988 1.675525 2.243906 0.870725 0.937938 1.957981 0.865465 2.494242 2.186038 2.911235 3.180130 2.111465 2.388616 2.099547 0.994373 2.190901 2.181779 1.446044 3.081734 1.401837 1.978420 2.411887 1.469199 1.579518 2.050613 1.877989 1.529911 1.839502 1.900344 1.214458 3.132754 1.227025 1.764380 0.931715 1.157620 3.187165 3.253795 3.762740 1.101326 2.241446 3.194451 2.214082 0.729154
600,344,1.662824875600512,1.721097 2.150127 3.253652 1.465612 1.547043 0.270482 1.492436 2.602118 1.832820 2.221655 3.751743 0.939851 2.947873 1.791659 1.966070 0.259526 3.492504 2.429526 2.692462 1.932813 1.865725 2.273700 2.702791 1.170083 3.130267 2.348466 1.687124 1.814474 0.962803 1.289025 3.007757 0.840292 1.598607 1.934583 3.090017 1.912076 2.338355 0.343643 1.781215 2.724593 1.125035 0.999018 1.493570 1.983428 1.831245 1.113287 2.014082 1.538658 2.153484
600,345,1.0495661538919663,1.840992 2.072874 3.927601 2.560135 1.334972 3.094874 2.895349 1.258046 2.564925 1.568598 1.132049 0.514214 2.492831 1.178093 2.518119 2.541525 3.013000 2.406686 1.479483 1.596198 2.306260 2.141728 2.949994 0.882863 2.082853 0.887006 1.976168 3.468626 3.519629 1.643323 1.804196 2.403602 2.493201 1.762376 2.260309 1.620174 1.310623 1.754387 1.014086 2.369402 1.429888 0.900770 2.887621 2.110912 1.029513 2.053390 0.697518 1.005301 1.480124
600,346,2.797608172883446,2.906622 1.314573 2.391591 1.023756 1.841193 1.558744 2.123481 2.894824 0.644887 1.914027 2.738686 1.931877 2.932345 1.811003 1.914725 1.687835 1.382404 2.136496 2.282091 2.918255 1.506725 3.166127 1.832262 1.460196 3.130751 1.992246 3.798902 0.496333 1.128044 1.450419 3.469965 0.750040 2.690140 1.559164 1.599294 0.958739 2.412791 1.863968 1.808373 1.786124 2.244129 1.241505 1.067008 1.603827 0.198498 3.922031 1.388185 2.357292 3.280734
600,347,2.5775075327683283,1.529557 2.083760 1.642809 2.612328 1.558762 1.494773 2.531976 2.301091 1.620594 3.319007 1.640193 3.318710 1.591895 0.861200 1.516566 1.738996 1.706958 2.054449 2.549553 1.932201 0.981664 0.581994 2.557880 0.796808 2.661754 0.994714 3.568617 2.398280 2.480179 2.956302 4.949303 0.666688 2.080479 1.435383 0.894268 2.728047 2.535874 2.798574 0.837781 0.478646 1.003001 1.148245 2.249463 1.796444 0.825829 3.358391 3.816932 2.526608 1.171807
600,348,2.6383069218596096,2.711040 1.183975 2.023859 0.441299 2.983312 2.480923 0.795148 1.086005 2.203703 2.142624 2.948682 1.007131 3.952608 1.500273 1.341729 3.993917 2.351831 2.051842 0.478509 3.682965 0.800241 1.148343 2.279322 1.507469 0.546484 2.348037 3.162600 2.063629 1.681540 1.948561 3.020934 2.561560 3.357433 1.716527 2.205884 3.263470 2.748337 1.353215 2.781642 0.781428 2.349265 3.248888 4.196045 2.006697 0.208834 1.520891 1.683911 0.962001 2.463946
600,349,1.0432814091707625,2.440210 0.745893 2.315137 2.047529 1.736293 1.403642 3.116031 3.275190 1.343533 2.321639 1.644251 1.579594 0.787460 2.367222 1.338512 1.078494 0.754891 0.826866 3.124222 1.021625 3.298064 0.583490 1.136708 0.571328 1.998686 1.619473 1.133876 0.711129 0.954048 3.164710 1.006024 3.235282 0.854754 1.943219 2.339055 1.502930 3.452074 2.662657 1.221809 2.704429 2.597710 1.537634 3.099018 3.233169 1.912426 2.966677 1.138228 2.571740 2.525584
600,350,1.0983557105558928,0.978576 0.830442 2.499908 1.761922 2.252493 2.994405 2.688890 2.012230 0.706732 3.549522 1.917812 2.967368 2.516528 2.431430 3.640428 3.372143 0.909122 2.343078 2.056414 1.671856 2.123159 0.637638 1.980903 1.919208 1.751862 3.130000 1.219590 4.049911 1.134150 0.097644 1.512746 2.736616 1.516451 1.424076 0.755791 1.890461 2.206301 0.825490 1.806108 1.613930 1.695332 3.144994 0.783808 1.790802 2.167992 0.631799 2.106205 1.157937 2.224602
600,351,0.5319112165879533,2.448887 0.880830 1.690205 2.228555 3.142515 2.674409 1.245803 1.104565 2.347510 1.769862 2.333634 2.365199 2.470540 2.200335 0.136408 3.360596 1.031086 1.460338 3.312316 4.143360 2.036651 1.256197 1.074119 2.697554 1.205138 1.676088 1.754336 2.301843 2.514950 1.485003 0.905102 2.747692 1.943609 1.639636 2.957626 1.449336 2.616252 2.708987 3.520133 1.815469 2.789655 1.579466 4.616689 1.474227 1.381609 0.474484 1.366282 1.147150 2.721488
600,352,0.8513163614520414,1.113829 1.773431 2.049501 2.824990 0.331499 0.854996 0.939126 1.104159 2.598504 0.841284 1.510480 1.370352 0.958708 2.641275 0.925108 3.120810 2.749689 2.620875 1.458556 4.392236 1.700123 2.920472 1.109658 3.462628 0.629861 0.794170 1.234270 2.131720 3.468739 1.888010 2.294607 0.621709 2.877866 1.006536 0.464860 1.110445 1.392777 2.652462 2.002851 1.388773 1.419232 3.344217 3.281766 2.495103 3.951979 2.306166 0.869654 0.335258 1.114217
600,353,0.674115522644732,2.662002 1.689108 1.422154 2.307878 3.544307 0.515534 3.359775 1.512512 1.839160 1.042099 1.446389 2.356554 3.111448 2.234285 2.547525 2.115586 0.476452 1.765708 1.468349 1.423945 3.105303 2.050467 3.310756 1.997816 0.486395 2.256585 3.364943 1.786675 1.811768 0.993465 2.706224 1.732676 1.053591 2.040550 1.716165 0.795417 1.995924 3.225311 2.031085 1.124741 2.155432 0.870059 0.820281 2.856343 3.835318 2.068583 1.835231 2.487482 2.005349
600,354,1.952650561729181,2.898915 2.848624 4.238516 1.111434 0.840339 2.904529 1.375538 1.300925 0.157491 3.719029 0.033714 1.374504 0.787067 2.222501 1.629436 1.412027 0.753899 0.857197 0.879110 1.102347 3.785288 1.651459 1.191155 3.234291 1.425543 1.497757 1.166357 1.275694 2.565209 0.904528 1.798596 2.466569 1.131313 2.437238 3.084285 2.233170 0.075621 3.439841 0.605746 0.869630 4.416370 1.258715 0.781237 1.639143 1.548384 1.136052 1.421042 0.925979 1.634905
600,355,1.433025466477606,1.707881 2.357290 2.296969 0.614082 1.001537 0.865624 2.315750 2.491716 2.851249 3.350316 3.864493 1.874312 2.581448 2.542957 1.701150 1.258754 0.802503 0.876456 1.912971 2.674235 0.967250 1.237194 1.842022 0.853527 2.768260 1.239470 2.325168 1.091207 2.555384 3.611411 2.070389 3.149783 1.670799 0.810623 2.036503 4.043945 2.714921 1.602387 2.556230 1.202471 2.421386 4.258605 0.624591 1.776142 1.926616 0.891269 2.564291 2.881957 2.022258
600,356,1.3602796141544597,1.499232 1.368977 4.416626 2.636268 1.999952 1.197264 2.668095 1.445286 1.910186 1.741402 1.104174 0.960973 2.367465 1.943910 1.584504 1.768716 1.374850 0.921390 0.745260 3.089449 1.567414 0.659795 0.391545 0.546263 0.941891 2.677126 1.222204 3.271385 2.904813 4.608928 1.040541 2.789074 2.272854 1.558651 2.372781 1.094343 0.455155 3.570681 1.359169 1.842298 1.816316 4.280916 2.190394 2.022652 1.427117 2.304975 0.732746 2.429525 -0.052474
600,357,0.9657322372308069,1.279064 2.121364 1.824024 1.095046 3.413622 0.816570 1.857047 2.068924 3.025353 1.278416 0.701283 1.087823 1.986306 2.127072 3.215388 1.603001 2.251579 1.059880 2.525794 2.870157 3.635204 2.538930 3.562069 1.399586 1.800008 2.629113 2.223449 3.106748 2.042064 1.978142 2.686804 2.741683 3.087395 1.230153 1.554662 2.285792 1.932441 2.519419 2.060074 1.769446 2.499465 1.748539 1.610515 1.166413 2.348820 0.843979 1.921591 2.652435 1.175071
600,358,3.781879236931288,0.638243 1.190960 1.563383 2.474900 1.338694 0.678337 2.109249 2.314478 1.736403 0.841466 0.677348 1.187552 1.888276 1.615031 1.118450 2.285849 2.844326 2.664006 1.624410 1.941348 2.069810 1.535732 1.307959 3.498382 2.817354 2.954435 2.408400 1.952457 2.743789 3.461124 0.505948 4.461246 0.618302 3.226861 0.610448 2.089810 1.683803 0.574999 2.242717 1.759526 3.398293 4.046063 1.959001 1.624628 2.433848 1.876576 2.650036 1.183245 3.140797
600,359,2.2024760201189233,3.387695 2.273117 2.845179 1.420284 2.395675 2.348592 0.715161 1.877956 1.414682 2.633478 3.468431 1.479211 3.930445 1.082419 2.726491 2.064537 0.544858 1.112789 1.993474 1.989494 2.331353 3.283492 4.052375 2.622225 2.445481 2.273880 1.087298 1.868612 0.756498 1.149326 1.037317 1.641070 1.022459 1.529913 1.265171 2.666093 1.491869 1.938194 2.024951 1.637824 2.543716 1.216558 0.953899 1.115588 2.160392 1.289803 0.545548 1.696785 2.339661
600,360,1.436750281308941,2.346269 1.845539 2.946398 1.521827 1.608608 1.651137 2.202870 1.879837 2.675014 2.393227 0.570290 2.204788 1.639448 2.496462 1.421801 2.493284 3.481804 1.413936 1.625515 0.930606 2.565457 1.459810 2.627011 4.145677 1.068639 2.062662 2.749228 1.504153 1.316775 3.296498 3.955556 0.791256 1.926110 1.338994 1.712634 2.012064 1.723966 1.825728 1.491627 1.403316 3.679282 3.281512 2.801033 1.920771 0.941633 3.225551 1.399309 3.108290 2.777873
600,361,1.141943258006333,1.338523 2.161655 2.705288 1.587457 1.569545 1.810436 0.007202 3.056698 1.680121 2.809112 3.667401 1.854234 0.947164 3.169842 1.291597 1.359865 3.231208 1.194249 2.234827 1.358891 1.981320 0.863331 4.576326 1.932194 1.215649 0.785970 1.226415 1.013745 3.134036 3.060059 2.001127 1.608336 1.790163 2.877151 1.122769 3.700595 0.905344 1.345182 0.655971 2.462276 1.748888 1.897595 0.913299 0.229208 1.976392 0.562399 1.713263 0.270877 2.223991
600,362,1.1285271534694556,1.071180 1.303198 1.896075 4.106884 0.620137 3.517521 0.651772 2.683509 2.236161 3.023107 3.716135 2.744877 0.759286 2.146385 2.731417 3.118629 2.142408 2.206377 3.003108 1.853980 2.031379 1.997111 0.706285 2.080273 1.528459 2.166286 2.744384 1.421550 2.444312 1.106825 1.770202 1.890148 0.771067 1.363651 1.097455 1.903280 1.851273 3.284080 2.213969 1.728152 2.664107 1.023617 3.107522 1.137531 1.408572 0.541537 1.020807 1.420206 0.570877
600,363,2.785505334722876,1.239444 2.919218 3.822260 1.403475 2.577556 1.927542 2.523886 2.064788 1.780742 1.445114 1.056103 1.390158 0.892929 0.406652 1.461675 0.939375 1.854191 1.001229 2.421105 0.777103 1.752819 1.860563 2.437606 3.162884 2.517530 2.477175 1.283686 2.071136 2.503255 0.577970 0.497774 2.446575 0.938255 3.277375 2.316393 2.165318 2.161573 0.103952 3.666797 1.766069 5.235868 1.362042 1.010523 1.052654 0.685006 1.380166 3.275355 1.567482 1.468031
600,364,1.3828237627094642,0.815828 1.168788 2.605313 2.536215 2.175434 1.950392 2.474588 2.580110 2.026896 3.302965 0.634953 3.047496 1.501603 2.337406 3.304183 1.471426 1.552429 1.117784 3.062634 2.452703 1.233698 2.654809 0.661013 0.367701 3.540902 0.365947 1.672676 1.988627 2.782112 0.773149 1.785566 2.037690 2.564853 2.688855 1.321663 2.032407 3.886004 1.541038 1.726571 1.740024 2.788766 3.739520 3.533840 3.466433 1.810935 2.015884 1.353733 1.490426 1.065159
600,365,0.8432946942400573,3.070544 2.649416 2.097708 2.626492 1.101269 1.662766 1.306350 0.865473 1.934399 1.148141 2.571856 1.243079 2.102553 1.727179 0.913933 3.843330 2.730949 2.326081 3.984789 0.562435 0.549681 0.705921 0.774340 1.287568 2.452869 3.030458 3.042695 2.097465 2.572160 1.945542 2.873976 0.092061 1.086380 1.259710 2.094286 1.949924 0.757066 2.098090 5.172760 2.051136 2.844329 2.283005 1.110882 1.292724 3.327812 2.628687 0.889358 1.349891 3.028818
600,366,1.508788101370994,0.237079 2.841159 0.836941 0.993929 2.268930 2.613794 2.787912 2.163727 0.536557 2.210921 0.394998 2.540334 2.608667 0.810064 0.769684 0.142520 3.389595 1.875974 1.392012 1.766545 2.888603 1.152891 2.715482 0.448987 1.244616 1.547603 1.776989 2.741858 1.554635 0.704975 2.145848 2.070532 2.332388 1.537301 1.934855 2.106525 1.726506 1.819905 3.615046 2.089756 3.743388 0.434819 1.347525 0.610232 1.908106 1.762769 0.406030 1.852751 0.295932
600,367,0.5771865753209212,1.691905 2.214600 -0.045311 2.029154 1.663484 1.920481 4.430745 0.963480 4.273147 1.847952 2.017811 0.312705 1.475659 1.935229 1.741881 3.179313 1.319337 1.755970 2.865668 0.919032 1.558699 2.733669 1.626366 1.308606 0.881100 0.708112 1.321491 3.868727 1.260709 3.207661 2.509869 1.307942 1.872093 1.322582 1.601056 2.858232 1.065485 1.261067 3.070928 1.299690 2.304262 1.991014 0.530857 2.457788 0.105202 2.626301 2.296238 2.228774 0.768630
600,368,1.9229779062604329,1.346270 0.909456 2.079587 1.705116 1.817172 2.932623 0.925721 1.619167 2.468833 4.398905 1.772138 2.524874 2.079754 3.155819 1.828236 1.794104 1.167947 0.682329 1.744793 2.209838 3.624280 2.834787 0.573488 2.275741 2.228970 2.030275 0.887857 1.615213 2.698748 1.406147 3.643063 1.083411 2.853605 1.360132 2.656797 2.238061 1.942218 1.235535 2.207062 2.600266 0.892502 2.678252 0.555407 1.503467 1.627163 2.298937 1.516674 3.797598 2.047614
600,369,2.420149124591635,1.745951 0.840162 2.473308 3.101952 0.568629 1.258021 1.505623 2.176856 0.306697 1.244033 2.143225 0.752071 0.854326 -0.020423 5.065371 1.218469 1.361578 1.385372 2.654378 1.068821 1.467321 3.744933 1.027876 2.309146 2.284390 2.695827 1.522445 2.127535 2.836984 0.716325 1.837186 1.377791 1.702418 1.860224 2.499968 1.962321 1.352983 1.675015 0.680063 4.678473 0.683756 1.542228 1.199656 3.389978 1.771999 1.144881 3.460816 1.351622 3.045636
600,370,1.4427002557183306,3.226222 2.810878 1.025507 1.179892 1.944676 2.073129 1.377564 2.839952 1.208510 0.589058 1.245675 4.001904 1.812619 0.783637 2.294324 0.960988 3.090741 1.165609 1.700343 0.789835 1.423550 1.204500 1.229893 2.255140 0.875936 2.884358 1.383873 3.598965 2.483920 1.728342 0.723410 2.132950 1.861645 1.947233 1.676354 3.028526 2.035142 0.669951 2.654247 0.220079 1.880201 3.012382 0.331540 2.174391 1.428143 3.448831 2.994809 3.631706 1.680911
600,371,1.059980047317512,1.705550 2.576766 5.485200 2.821435 1.063028 2.542982 2.173319 1.378721 1.713890 1.616787 2.344503 2.710204 3.229544 0.493540 1.196427 2.060738 0.844262 2.948732 2.055268 2.876655 2.003241 2.400242 3.112737 0.441226 1.370136 1.441554 0.498512 1.952569 2.041252 2.540960 2.772830 0.960763 0.989693 1.822157 1.306397 2.569994 2.457278 2.327129 1.556731 0.588958 0.766467 1.042469 0.912015 1.593357 1.533781 0.987860 1.149939 1.357158 2.485536
600,372,4.125619878697692,1.939655 2.172268 2.180930 1.665370 1.754296 0.524196 2.013901 1.978585 2.682802 4.174777 2.952794 0.836497 2.780353 1.146299 1.297634 1.351339 1.356620 1.946375 2.155828 1.413720 0.442416 1.316091 2.939185 1.306495 2.434965 2.438575 1.731465 2.479812 0.714892 1.812714 2.184408 3.650048 3.264734 2.162376 1.662044 2.329613 1.850162 3.885163 0.937431 1.555248 1.455895 2.013993 1.267411 1.319383 2.207003 1.873253 0.732710 1.525513 1.790352
600,373,1.7208350658110985,2.169573 1.047329 0.822596 2.774031 2.351062 1.225865 1.803713 2.852822 2.359446 0.751537 2.596608 1.612789 1.250754 0.948600 2.734042 3.095960 1.815561 2.077112 1.938854 3.639737 2.395494 2.992873 2.344578 2.326952 1.700507 2.254794 0.920198 1.337169 2.449608 2.335578 1.699651 2.508589 0.817041 0.525975 3.460851 2.474578 2.284154 3.011456 2.189731 2.859068 0.793521 1.994544 2.797581 0.328693 2.260425 1.304406 3.297045 0.605240 1.691988
600,374,1.535731204666962,1.897775 1.833005 0.682009 1.575638 1.154103 1.886180 0.997842 2.529218 2.200881 0.401252 2.605053 1.549341 1.464769 0.617590 2.620203 2.126226 2.097035 2.920892 1.617294 2.132157 2.761647 2.224658 3.066975 4.181070 1.310821 3.270005 1.482274 3.003654 1.128158 0.905902 0.823518 1.467442 2.398666 2.668589 2.568458 2.062682 2.056406 2.139485 1.017275 2.183837 2.770175 1.285905 0.549646 1.931095 2.831855 2.640846 1.347842 3.684207 1.465640
600,375,2.0285103902795756,2.705915 0.852357 2.946462 0.594501 2.552594 1.482821 1.597325 1.304830 1.078518 1.183489 0.767372 1.486503 2.943348 1.927681 1.212231 3.007458 2.674730 3.807933 1.491624 2.966392 2.515444 2.893149 2.057180 0.345654 1.434309 3.511589 0.568020 2.021041 2.215452 0.858906 2.856786 0.785927 2.233806 1.011068 3.294009 2.991574 1.327009 1.146217 1.685597 4.304494 1.218626 1.620742 1.976819 1.975843 0.651716 0.166561 3.651799 0.204487 3.216144
600,376,1.2394065238448997,2.949105 2.521689 1.697323 3.235385 1.324360 2.419057 1.060775 0.873297 3.099752 1.182402 1.755898 0.661507 3.375709 1.130451 1.540277 2.437775 2.691919 0.354324 2.433903 1.818229 2.256337 2.446608 1.275038 2.850783 0.571613 1.330554 1.543468 4.889527 1.970799 0.972019 2.075640 2.132068 1.599582 0.767769 1.824038 1.703102 1.961862 2.245870 2.540305 2.207065 0.885155 1.452148 0.989637 3.102540 3.823245 1.245768 2.698716 2.056123 0.960165
600,377,1.44931573098092,3.069995 1.450657 2.309842 2.472240 3.547397 2.027741 1.821781 0.202154 1.937820 0.817997 1.295569 0.583346 4.371172 0.315324 2.283889 0.906820 2.260457 1.082587 1.372964 3.752284 2.728727 2.232826 0.978411 1.621390 0.815577 2.748840 1.531789 2.929553 1.052726 1.941638 1.361763 0.921612 2.519189 0.862244 3.031987 2.304017 2.570275 2.511786 1.489634 1.994737 0.580580 1.708299 2.339711 2.144370 0.742242 2.542458 1.574449 2.503485 0.800038
600,378,1.3001408950042086,2.132135 3.799904 2.851995 2.266828 1.253360 0.024172 1.861226 1.430660 1.929495 1.136608 1.407333 2.070053 2.850456 3.499574 1.654076 0.069237 0.783004 3.677974 1.590088 2.184898 2.799619 0.498447 0.891140 1.962304 1.685436 0.861456 1.887259 1.840167 1.935265 2.578743 1.101738 1.505052 1.411075 2.882113 2.302094 2.254279 1.552468 1.766053 1.267584 1.202671 3.337746 1.390558 2.085015 0.218287 1.261147 2.205276 2.701314 1.139255 0.468592
600,379,0.6015088793138037,3.185700 2.776038 2.680181 0.809252 1.736645 0.478360 2.457586 1.099196 1.402372 1.990984 2.979207 0.695964 1.567152 1.128673 0.750063 2.573718 0.430886 0.179070 1.365666 1.789913 3.105407 1.751164 2.577751 1.263449 2.343595 1.716089 0.464335 0.437879 3.193039 1.624033 1.570415 3.217918 3.111365 2.664844 3.761171 1.745375 4.107127 2.412459 3.012452 1.149341 1.479299 1.225865 1.795541 1.742878 0.796358 1.483310 0.893422 3.126720 2.408787
600,380,0.2635582171522394,3.126287 2.543204 2.224209 2.331053 1.051592 1.031102 0.120230 1.519679 2.221713 1.490771 0.921844 2.435609 1.655670 1.990586 2.481708 3.650948 4.073594 1.734193 1.889049 1.165889 0.199199 1.163701 1.060900 2.176415 1.254658 3.179106 0.986325 2.716024 1.517237 2.525649 0.684862 0.856456 1.593076 2.483260 2.205966 1.229324 1.507936 2.410061 2.630102 0.667458 1.091104 1.002580 0.970898 1.655995 0.495710 1.452933 4.655505 1.528542 2.446738
600,381,0.6674728188601301,2.195505 1.008549 0.891965 1.656764 2.237089 2.681142 2.890166 2.692877 2.603710 1.582446 1.916918 1.859412 1.469536 1.493581 2.398664 4.599085 2.099185 1.815287 4.778229 0.636526 1.772623 1.974325 2.528591 0.588836 2.183592 1.474829 0.940029 1.232447 3.464326 1.316783 1.216046 0.754782 0.944392 1.206211 1.620841 1.643057 2.154202 2.290480 1.215107 1.987743 0.377190 0.878400 1.896423 1.330510 2.004208 2.183216 1.751857 0.561126 2.525012
600,382,2.3460097437615435,1.566217 1.512938 3.467601 1.615004 1.870380 2.928471 2.535997 2.797346 3.466372 1.485915 0.890120 3.870410 0.238106 3.603329 1.836158 1.314119 2.817032 1.901213 1.111921 0.046427 1.220715 1.354131 2.264176 0.763045 1.064820 2.769741 0.806138 2.254322 1.638085 1.386486 2.293196 0.963613 4.041599 1.270672 2.010513 1.624643 2.846439 1.769831 1.170823 0.577492 1.742378 2.028005 3.521597 2.103323 1.799509 2.444516 2.726407 2.017713 0.666900
600,383,0.6182234072664249,1.329523 2.213283 2.599098 0.859693 3.507294 1.635636 1.389817 0.362549 1.756855 2.306675 3.898890 3.281008 2.175191 1.470287 1.000226 1.052900 2.021561 3.072540 3.321572 1.240591 1.855473 1.326863 2.061673 1.843860 1.166694 1.121092 1.722904 1.678434 2.001090 2.024799 2.675361 0.942788 2.294648 2.777748 2.956743 1.751205 0.752350 1.700941 1.421730 2.353909 1.346239 2.490782 0.609480 0.715513 4.545103 2.147787 2.184019 2.501787 2.698042
600,384,2.9610307248903647,1.804223 1.672466 0.863362 1.680801 1.893449 1.886525 1.755320 0.251674 0.574451 1.635778 1.187004 1.370228 0.705941 2.050917 0.549844 3.052289 0.847303 1.419162 1.251242 1.529463 1.824967 1.591218 2.312899 1.801371 3.924677 1.270158 0.924033 1.476664 0.776560 2.932109 1.215176 4.035738 0.989203 2.542929 4.119077 1.127057 2.787374 0.566111 3.280720 0.251607 2.612649 1.930352 0.680222 1.622898 0.866800 1.187121 1.545262 3.584946 0.752223
600,385,1.3641938815804047,2.717920 2.244724 2.447577 5.159563 1.533726 1.755835 1.538680 2.765372 0.958001 2.274672 0.885942 2.145602 1.822229 1.023954 1.641306 1.622086 2.997707 3.430908 2.272461 0.860655 2.038299 1.759279 2.216278 1.864965 1.849818 1.772694 2.504479 0.714159 2.282732 3.318141 0.691578 1.751858 1.931913 0.278227 3.360442 1.505620 2.637938 0.748842 1.234619 4.026968 2.272835 3.530185 0.426386 0.909577 1.613449 1.451920 0.162190 1.328828 0.917208
600,386,1.9726684064228708,3.201827 1.390405 1.628096 3.550689 1.860109 1.540316 1.082647 0.088548 4.007389 2.818911 1.247744 0.443502 2.836146 0.336947 1.792822 1.366774 1.266439 1.934040 2.158485 2.396924 2.141793 4.517360 0.851314 0.630249 0.361472 1.208932 1.098861 2.126005 1.674295 0.463889 2.121594 2.704773 1.931654 3.965288 0.364691 1.888356 0.407657 1.550969 3.144406 0.717696 3.028402 1.063551 3.255464 2.392625 1.193309 2.265818 2.704690 2.282213 0.747746
600,387,1.7966689568949363,3.206161 2.339036 0.994250 2.748243 1.987190 3.151232 3.136875 1.076388 0.980046 0.526600 0.928639 3.298424 4.442945 1.287828 1.363211 2.288411 0.361878 2.784494 3.194138 0.086645 4.172926 1.354362 2.601913 1.118152 2.253166 1.907755 1.248273 0.212302 1.974034 0.234263 2.424197 3.481591 0.709481 0.940198 1.781088 1.333417 2.022852 1.297366 1.812712 1.824821 3.355126 1.430887 1.143284 0.677194 2.152247 1.766370 1.557433 1.646740 1.708142
600,388,1.8981257326097618,2.453632 2.624666 1.616317 1.724615 0.545256 3.347259 4.538913 2.930437 1.487597 1.602584 1.341760 0.824806 1.314731 0.933589 2.414088 2.381128 1.692045 2.853336 1.708916 1.536660 1.652411 2.405598 3.209102 1.148828 2.967450 1.610996 2.300675 0.993595 0.447942 3.681365 2.920962 0.934668 1.693206 1.905743 0.746536 1.360614 0.457756 0.882476 1.338610 0.635355 2.465818 2.980025 1.595178 1.442732 2.133888 1.323616 1.945967 3.236620 2.804952
600,389,2.641025621138142,0.930079 1.943932 0.888670 1.079600 1.463858 2.099219 1.025957 3.161045 1.120324 2.718491 4.148731 1.242381 2.693143 4.202898 1.606509 0.403143 1.526556 2.376805 1.353263 1.262066 1.403649 2.751832 2.397665 1.496359 1.643872 1.812720 3.333933 0.919069 2.692715 3.262709 1.434896 2.078419 0.927966 0.576920 3.016236 1.572849 2.017284 0.283589 0.857927 0.888562 1.996185 0.667815 1.384466 1.727476 2.473794 2.057410 1.688019 2.876837 2.987813
600,390,2.207899180931553,2.470689 0.904815 2.154088 1.706288 3.794973 1.858681 2.162476 2.262629 3.033377 2.847503 3.834459 1.627652 0.757254 2.915612 1.372287 2.994002 2.716171 0.835164 1.153376 3.282376 0.939405 1.304392 3.052613 0.952549 2.974668 3.056191 1.507015 2.277654 1.343732 0.624270 1.706589 2.447396 1.366625 1.774721 3.506461 2.955836 2.190907 2.500204 1.755838 2.103988 1.753075 0.968575 1.490089 1.399073 2.961083 2.067590 1.755342 1.448251 3.150825
600,391,2.486266093054644,2.279519 2.535952 2.156340 3.882713 2.592098 2.489004 1.822915 2.605673 3.283767 1.364447 0.983288 2.140965 0.364733 1.163006 0.531455 1.290236 2.365422 2.882438 1.205159 2.015450 2.649011 2.105020 2.327685 2.051539 1.490258 2.167027 1.516230 1.712014 3.525149 2.511938 1.407329 1.998839 2.501179 2.940788 0.451638 2.743916 0.808434 1.479696 1.168179 3.686743 2.770799 2.925521 1.524380 3.015662 2.328920 1.002450 2.478622 1.854489 2.953371
600,392,1.0946817423395077,1.562144 1.310772 1.097474 1.923497 1.853650 1.843524 2.495451 1.366503 0.528222 4.110578 2.196021 1.787742 0.861240 2.774211 2.343555 1.991421 0.537686 0.939220 1.238648 1.667115 0.635843 1.186329 2.611404 2.637591 0.862734 1.121963 2.897074 1.492017 2.776517 1.898993 1.880759 4.472907 1.831439 0.937144 1.747417 0.992727 3.602963 3.159346 1.607458 2.286986 2.441458 1.999751 1.773919 2.350797 2.203034 1.305326 0.928920 1.836844 1.291912
600,393,3.2717267709381863,0.803091 2.950793 3.531792 1.626730 0.921246 0.849892 2.483980 1.528633 1.974813 0.861857 0.604130 1.289884 0.678223 2.677141 0.935027 2.206300 1.052162 1.999457 3.201639 1.121062 1.777593 0.659631 0.316786 3.025116 2.957410 1.401141 3.126553 1.729579 1.052599 0.843699 2.224938 3.495562 1.885948 2.569551 0.358311 1.356286 0.597227 3.349397 1.548515 2.603124 1.239361 2.436950 1.714494 0.292282 1.722106 1.227412 1.054086 1.152789 3.430053
600,394,1.3325122380076204,3.712658 1.971701 1.361138 1.201739 2.092736 1.879671 1.882823 1.010243 0.161541 1.887226 1.719045 2.831581 1.301967 1.264991 1.080665 2.550629 1.633991 3.192771 2.550687 3.674857 4.216792 1.255951 2.026268 1.753103 1.180933 2.150290 1.501904 2.068633 2.878567 2.949133 2.813783 1.495098 1.453399 3.613392 3.268471 2.197586 1.348684 2.492870 0.277723 2.943424 1.183096 1.591133 1.244998 1.996305 1.105568 1.332589 1.881554 1.659006 0.917000
600,395,1.385319397615698,1.471140 1.276390 1.017264 0.800052 3.638652 2.100539 1.232624 2.664403 2.365797 1.765811 1.052491 1.758049 0.299096 1.688871 1.564116 1.005189 4.176969 1.093685 1.744625 2.247061 3.131027 2.842292 1.417799 1.631933 0.703669 3.022754 2.509108 1.971102 1.241100 1.771713 2.401669 1.746779 1.668514 1.180006 2.981218 1.168018 3.507554 1.906951 2.534201 2.449529 3.126222 1.339459 1.126882 2.770041 3.383564 2.120192 3.778403 2.122528 0.416612
600,396,2.6761175641124906,1.965748 4.582634 0.876364 0.970179 2.112845 0.596120 2.559144 2.144848 1.481852 1.006024 1.296184 1.715021 2.114536 1.726360 2.023822 1.421627 2.102593 1.442471 1.927883 2.980922 2.378643 1.413666 0.457814 0.788098 4.023547 2.842759 2.313430 0.847164 2.488378 2.385001 2.945045 1.602442 2.637200 3.745623 0.464014 2.030709 1.065989 0.677935 1.490217 0.754592 2.407073 0.827933 0.496803 2.182216 1.564522 3.077018 1.468260 1.628872 2.281007
600,397,1.9522948836938523,1.579387 1.974494 3.048207 2.488861 0.655773 1.332022 2.081960 1.109564 2.527669 1.130492 3.457323 1.362256 1.933698 1.396402 3.009304 2.096977 2.840377 1.647033 1.251083 1.637497 0.513464 1.869947 2.106381 0.812106 1.301237 1.184558 1.810000 1.217598 1.270759 2.182363 3.072423 2.208167 3.833634 1.430851 4.477659 3.314220 1.028051 1.422908 0.948915 1.667867 2.699850 -0.136472 1.368074 2.368656 1.281299 1.969078 0.824795 2.393674 1.795961
600,398,2.041792327956277,1.301000 0.574920 2.743706 0.082337 1.883111 1.651451 0.753074 0.726113 1.368476 2.109341 0.844783 3.023497 2.665800 0.438136 1.817416 1.320604 2.002382 0.889513 3.773895 0.842475 4.775947 1.535950 2.733180 1.351471 3.250140 1.945415 0.646642 1.802757 2.768553 3.467738 2.221343 2.068938 0.675234 0.388542 2.239448 0.707206 2.147875 0.403857 1.996338 2.442822 2.945279 0.482203 2.956858 0.476161 2.102921 2.909041 2.781855 3.319631 0.871799
600,399,0.6218614092528747,1.381819 2.051171 2.182081 1.349306 2.146249 3.203262 2.220799 1.847164 0.599323 1.867549 3.964079 0.857144 0.995302 3.153125 3.108329 2.143703 1.337410 2.089825 2.142004 2.559816 0.584530 0.996096 1.689764 0.800893 1.613989 1.245354 1.855615 2.741587 3.992228 2.700204 2.062600 1.189146 1.115206 2.511050 3.689914 1.902656 0.887727 2.477754 1.008292 1.862538 3.865621 2.801325 3.458774 1.198638 2.568472 3.323137 0.995477 3.152592 2.861892
1200,400,2.675829044521001,2.647662 2.753011 0.611096 3.880812 1.015111 1.328702 2.053850 2.032369 1.985515 3.241561 2.326777 0.239592 3.343396 3.150348 3.455338 0.873384 2.427847 0.272935 3.207081 1.668908 1.583927 0.987878 1.774320 1.630122 0.798003 0.901863 2.488903 2.643819 3.270469 0.524639 1.129207 1.420282 0.743254 1.185757 0.711893 1.009765 3.523673 2.555398 1.357002 2.663161 2.654412 2.206447 1.368375 1.957030 4.599949 1.569370 0.947049 2.124949 2.177017
1200,401,3.270531397110867,1.895872 2.488122 1.546217 1.265200 1.208326 1.513417 2.497072 2.916420 2.401678 2.206971 3.827777 0.959270 2.453280 1.757943 1.405010 1.240508 1.876854 0.493344 1.147042 1.991893 0.997805 4.542707 1.219591 1.103586 1.723578 2.196309 3.103564 0.606066 2.703899 0.705144 2.737027 1.124248 1.682384 0.633984 2.527845 3.045103 1.127350 3.618458 0.813147 3.082011 2.183166 3.123371 3.592426 1.205391 1.664703 3.713216 2.001605 1.249530 0.998043
1200,402,0.5851912464435015,1.970244 0.731971 2.097960 1.801681 2.678170 2.643782 3.665829 2.616619 2.060824 4.398413 4.369877 1.642389 2.257041 4.077345 1.256939 1.654224 0.647073 0.788713 0.814172 1.763030 0.761679 2.405100 1.506732 1.912485 3.067338 1.085242 1.232675 0.863812 2.460153 0.771583 1.446752 1.929060 2.533800 2.040690 2.038408 1.924997 1.260895 0.043789 1.164032 0.920032 2.297767 2.548021 0.691198 1.351288 1.065724 0.378691 2.085012 2.221738 2.336721
1200,403,1.0243846203262283,2.908346 0.173836 1.600680 1.575338 1.669235 3.786015 0.563085 2.351880 2.769055 0.877101 1.756337 1.562090 0.765101 1.407617 1.961540 2.348363 1.161305 3.079386 2.983527 1.750380 2.550658 2.167185 3.258585 1.653320 2.684478 3.350615 3.107425 0.594591 1.620524 1.443699 0.583020 2.346521 1.394026 2.283841 3.572876 3.548052 0.633605 2.148119 1.410251 2.217878 1.228596 0.902737 1.569416 1.619501 1.506907 1.555251 1.517837 0.396170 1.487024
1200,404,1.9919822099772346,0.423344 1.987244 1.776242 1.917856 1.613363 1.653651 2.623364 0.979875 2.627868 2.296760 1.828426 1.285480 2.866849 1.470230 1.913554 3.031567 2.497528 2.827951 2.588802 1.501296 1.305191 2.024229 0.514110 3.358968 3.466017 1.568054 2.293407 2.107170 1.905620 2.366073 1.104590 2.651355 1.108752 2.991925 2.529257 1.530616 3.054713 0.966569 -0.095665 0.784510 3.315881 1.768098 0.627399 1.326340 2.056592 4.311572 1.310100 2.498341 1.673845
1200,405,1.150211917644377,3.339281 2.801534 1.053303 0.341151 2.973190 3.125520 1.718313 1.209656 1.372547 1.631641 1.812332 0.514893 2.856598 3.958309 2.799787 2.321765 2.083548 1.334989 2.507442 1.180232 1.599749 1.726874 3.862757 1.388372 1.439644 1.944715 1.396160 1.858455 1.875892 1.483298 1.980465 2.100274 1.785105 2.394005 3.201281 1.943747 1.278258 0.922410 2.405238 2.135408 3.596719 0.607768 2.057555 0.989444 0.892819 1.729965 0.769684 3.186097 1.274799
1200,406,3.054677296477054,1.267333 3.331974 2.086611 0.775296 1.311657 2.030800 0.513247 1.375630 2.961303 1.479831 1.750661 1.641391 2.600830 1.993664 1.683803 1.003583 1.817581 3.508928 1.677291 0.618512 1.004087 1.943033 1.179412 2.088949 0.721869 3.826831 1.369166 0.882677 1.079448 3.068547 0.478497 2.499151 1.208024 0.464914 1.405526 0.659983 2.181197 1.744602 0.840463 1.731806 2.703152 3.681763 1.928202 0.568599 2.897290 3.183678 3.230691 1.880172 2.335866
1200,407,2.3268160589257865,2.082398 0.777101 1.508901 4.473928 1.612560 1.896590 0.805084 3.388986 2.242460 1.847151 0.067847 2.065936 1.796802 1.357098 2.103901 2.998929 1.951866 1.172597 3.675244 1.385639 1.900742 3.667177 1.455145 1.106489 1.407489 2.654751 1.889624 3.164453 1.228607 1.666563 2.622990 1.966231 2.313767 0.847722 1.955287 2.419723 1.662583 2.217642 1.661688 2.090262 2.536671 0.817367 0.935316 3.839809 4.879531 0.596033 1.976331 2.880015 0.771892
1200,408,0.8122434777161148,1.892121 0.789822 3.784451 2.313974 1.954454 3.780201 2.991844 1.649672 1.974131 2.393353 0.667245 0.188239 1.887340 1.204193 1.115057 4.997050 0.998977 0.528865 1.011653 3.656455 1.325296 2.792967 1.410017 1.927114 1.834592 0.563294 2.575479 1.556277 1.199131 1.631438 1.803207 2.649417 1.018429 3.014001 3.693993 1.837531 3.880146 1.514322 1.010946 0.730455 1.646882 2.142678 1.064636 0.479975 1.575521 2.311874 2.883718 3.024108 0.395446
1200,409,1.263397917516443,2.198602 2.147845 1.464183 1.372034 1.792622 1.932336 3.940822 1.858789 1.518117 2.316816 3.529680 3.721291 0.860592 2.293147 1.699654 0.060588 3.751679 0.537704 0.724968 0.514877 2.505897 1.786566 0.986853 3.189315 1.157966 3.652375 1.806858 1.248904 0.529603 1.208159 2.696738 2.667652 1.905321 2.494433 0.939923 1.246345 1.329337 2.187530 2.075386 1.874342 1.459015 0.581640 2.946549 1.759291 2.422285 1.895988 3.276761 1.809628 0.917824
1200,410,2.0986082980143697,1.097900 2.809967 2.864803 1.866320 1.372758 3.766333 1.818073 0.936015 2.290054 0.189896 2.586228 1.415448 1.659378 3.461297 2.654338 2.216350 0.481450 1.355133 2.216309 0.768626 2.175280 2.548036 0.926563 2.184386 1.624896 1.799721 2.469856 2.585010 1.126911 2.298453 0.780634 2.445262 2.396869 1.509523 0.840837 1.922285 1.765206 2.478075 1.068650 2.055413 1.704878 2.781088 2.828260 1.613861 2.349262 1.174749 2.040564 3.146490 3.045651
1200,411,0.779611400185226,1.373688 1.023222 0.903468 0.961299 0.791288 2.709608 2.924931 2.188234 1.202203 1.522366 2.033752 2.045115 0.443133 1.515060 1.917076 0.997119 1.836933 2.362209 1.905943 1.661054 2.208650 1.574973 0.404415 2.977422 2.766498 2.086888 2.404099 2.695424 1.760068 2.375376 0.012995 0.892719 3.294126 3.820125 0.756007 2.787903 1.148876 2.849145 1.046337 2.738536 3.271238 1.975496 2.631618 0.211137 1.959956 1.739288 3.204742 3.336914 2.311993
1200,412,3.210990120735549,2.449982 2.608412 2.497007 0.772601 3.350768 2.450082 3.470280 3.446465 3.078488 2.708040 2.181259 1.154174 2.273905 2.215545 2.071962 1.632668 1.339668 1.489928 2.199226 0.830045 2.497588 1.704275 2.319076 3.484886 2.787443 1.306938 1.258594 1.391865 1.111911 0.948697 1.848095 0.954742 0.959784 3.002406 4.024498 1.692749 1.349260 1.532091 2.215845 2.055402 0.427842 1.522183 0.998946 0.547642 3.973458 2.108031 2.351342 1.478724 1.593688
1200,413,2.160128136974196,2.124773 4.426335 0.900147 1.042567 2.902369 1.724663 2.024526 1.740163 2.752926 1.793524 1.200059 0.780372 1.834425 3.184360 2.513029 2.193882 1.570194 2.091902 2.158263 2.897227 1.722741 1.434791 1.751986 2.012818 1.922423 1.404796 2.878975 2.048901 3.614114 2.810632 2.414578 1.873521 1.561602 2.771113 3.040684 3.672349 0.590676 0.449406 3.964928 2.906835 1.796064 1.329695 3.142313 0.983984 3.043814 1.377201 1.591674 1.466851 2.364307
1200,414,1.24025058993321,1.458101 2.296701 0.672662 1.772754 1.936890 1.318961 0.989369 1.709957 2.547201 1.812511 3.249215 0.418755 2.167000 4.002119 2.108181 1.656140 1.001126 1.273113 1.682379 1.249050 1.471018 4.045337 3.037566 1.441456 1.194089 1.034842 2.663110 0.850169 2.110249 1.602668 2.183153 1.163644 1.006655 2.274624 2.062275 0.914425 3.316220 0.762972 0.946407 1.463221 3.857104 1.703708 5.174819 1.434484 0.923593 2.590783 0.997584 1.860887 0.607743
1200,415,2.6543651132011035,2.292041 1.659794 1.183326 2.413076 2.453631 1.273341 2.243101 1.997811 1.071825 0.565195 2.809147 2.967100 2.757010 2.595387 2.736221 3.164341 1.053501 1.332360 2.266161 2.151022 1.518046 1.098892 3.611818 1.906627 3.839822 0.835099 3.949182 1.038814 0.815449 4.102616 1.942998 2.085393 0.784841 1.765449 2.005621 2.862374 2.959119 0.724245 1.477511 1.865469 3.150084 1.778747 1.062896 0.123535 1.214268 1.891075 2.566577 0.618615 0.965891
1200,416,1.584591283170489,2.954897 0.237487 1.820035 2.303854 2.743091 2.189645 1.333475 1.889234 0.938268 2.103804 3.127255 1.193923 1.956793 2.304386 1.011875 2.861639 1.489358 2.035398 2.172966 2.120971 2.625403 1.551783 1.716973 3.182186 2.081163 1.644527 2.928145 2.507809 0.697304 4.938021 1.284694 0.529731 3.050991 2.048592 2.835691 2.768837 2.408472 1.139074 1.362598 0.015987 2.476281 2.827694 2.813380 2.277913 1.674188 1.117091 2.667566 2.155307 1.183732
1200,417,1.6553506547594254,1.628525 0.920330 3.691680 0.928006 0.437607 1.566683 1.913079 2.672968 2.029634 2.858408 2.562731 1.023521 2.897150 2.487483 2.116361 0.749699 2.760012 0.710148 1.767995 1.805854 1.654523 2.018965 1.698147 2.027893 2.530899 2.743672 2.509014 3.329251 1.120786 2.093244 2.971830 1.251525 0.111429 3.329705 2.192985 0.083044 0.675808 2.381808 3.624342 3.645757 1.612946 2.485643 3.213077 3.017959 3.535629 2.181625 1.276460 2.926096 2.524261
1200,418,2.5032252614707535,2.233735 1.737575 1.713048 3.689220 1.464352 1.281651 3.538813 0.382180 1.251173 3.804638 2.443817 2.243018 0.794190 2.491101 1.247029 1.509196 1.708214 1.795989 0.945980 1.681570 2.503155 4.600761 2.848357 1.517912 1.426695 1.385506 1.255917 1.190490 2.259623 0.827408 0.995330 0.327847 1.455002 1.082708 2.994453 1.891931 1.016723 3.813364 0.600767 1.239363 0.233068 3.773916 1.138273 1.632387 1.339033 2.575667 1.552284 1.922773 1.913194
1200,419,1.36622141734457,0.790813 1.594915 3.032933 0.952780 0.927734 2.203650 3.896514 1.162581 2.799674 4.075121 1.003274 3.033502 0.069391 3.771396 1.659733 0.846718 2.762570 1.786849 1.450504 1.077266 3.901094 1.326472 1.753315 1.247707 0.285037 3.954222 1.182560 1.429605 2.981389 0.681770 1.651421 3.079700 3.073033 0.334859 0.310396 1.675421 2.064755 0.334572 1.514269 1.321244 3.413483 2.055534 3.897390 1.939255 1.427282 0.925405 2.020098 0.794849 0.941202
1200,420,1.9782744429836978,0.380277 1.229491 2.378224 3.119847 2.057279 1.020936 2.798410 2.939161 1.739447 1.332561 1.773709 1.164408 1.033429 2.945771 1.234668 1.366414 2.145161 3.493663 1.699027 1.042197 1.581648 1.172900 3.588005 0.585524 0.513760 1.188754 0.261708 1.941514 1.563986 0.952607 1.942176 3.064993 2.895980 1.046521 2.322127 1.942684 1.882449 2.810312 1.557810 0.650333 1.858835 1.335704 2.292705 0.170883 2.978999 2.112954 2.422882 3.348280 2.104944
1200,421,1.8871677532635716,-0.149301 2.173722 2.895821 1.991406 0.572528 1.420478 1.854795 1.030549 1.537055 1.920500 2.244867 0.890968 2.096161 0.474239 1.348463 2.048181 1.870016 1.472300 3.633287 3.070297 2.486199 0.523130 2.079473 3.558509 0.514884 2.159810 0.803353 0.567031 3.133839 1.398193 1.257255 3.362843 1.745684 1.614767 2.037102 2.538570 2.665890 2.471060 0.911997 3.181158 2.411201 0.592238 1.836382 1.224786 1.346791 1.772453 0.352934 3.488638 3.044471
1200,422,1.2534403725476388,1.487722 1.270271 1.401485 1.274422 3.156766 2.102379 1.580845 3.008764 2.276484 1.179216 0.887851 2.289952 1.162644 2.518791 3.568947 0.722645 1.555091 1.707959 3.900108 1.264582 0.851660 1.718697 0.846343 0.550813 0.731955 2.146224 3.157083 4.086911 2.836189 0.605475 1.896688 1.254505 1.463894 1.766159 1.903121 1.235144 2.228720 2.056210 1.744890 4.004884 0.360147 2.092590 2.488096 1.859841 0.771436 0.824564 2.316759 1.168001 0.044101
1200,423,1.3874742360813523,0.182521 2.765075 1.442252 1.838240 0.073674 2.841800 0.592356 0.892649 1.630879 2.665069 3.520584 2.000447 2.537532 2.313005 0.795345 1.733814 1.350436 2.294210 1.113253 2.835316 1.412329 2.027827 1.602540 3.129741 3.507994 1.277637 1.003630 0.422402 1.567536 1.384173 2.312621 2.296512 1.135409 3.359469 1.790230 0.758956 1.431446 3.607798 3.241685 3.269837 2.051064 3.142708 1.434875 2.673160 1.986861 2.399537 1.835743 1.482133 1.177014
1200,424,2.5816480628817122,4.086634 1.803114 2.095380 1.489131 1.752437 2.899877 0.532746 0.753102 1.448816 2.701092 3.570941 0.668905 1.187101 2.148641 1.557829 1.681927 1.172341 1.031611 0.549772 2.833850 0.814582 2.506637 1.734918 2.173300 0.297815 0.783142 1.619836 1.492712 3.570215 1.637722 1.899472 1.755222 1.140493 0.644745 0.605285 0.881029 3.268549 0.795522 1.390579 3.033703 1.130706 2.560850 4.794868 1.061332 3.881296 1.062866 2.481970 2.608710 2.020985
1200,425,1.9331848864149705,1.786678 1.566204 0.918683 1.029040 2.475779 3.091931 0.816823 1.381735 0.179805 3.349127 2.800125 0.754716 0.388880 0.229795 3.096781 1.093311 1.068969 2.260727 0.800539 1.535180 1.934297 3.008200 3.313331 1.421535 3.695384 2.321392 2.146274 0.975203 1.556765 2.463693 0.878215 2.219205 1.120188 1.689786 1.095804 1.313868 1.499984 0.916975 1.303641 2.332538 0.893993 2.041162 1.636328 1.160057 4.116152 1.420275 0.965338 2.554465 1.454338
1200,426,1.7876559708644768,2.860211 3.318741 2.409459 2.853162 2.958025 1.493383 1.315446 3.369669 2.351528 3.173275 1.648989 2.122894 2.186132 0.880410 0.609146 1.545454 1.573987 0.840347 -0.044881 2.732933 0.917526 4.277267 2.365837 1.202040 2.154119 0.916324 2.036980 2.014411 0.952104 1.934443 0.734058 1.438881 2.678026 1.776627 2.125836 2.432514 1.359370 1.506926 1.089636 2.560666 0.819187 2.348934 3.252707 1.714705 1.361044 2.421667 4.579831 2.786083 3.036756
1200,427,2.106370264896536,2.622465 1.317047 3.225202 1.120668 1.174442 1.416028 0.670697 0.440472 3.662367 3.402353 2.297740 1.226294 1.481878 1.980844 0.928445 1.981755 1.293967 2.302095 1.151715 1.951764 3.351937 2.455897 2.193993 2.610894 1.636514 1.644681 1.784717 3.902964 3.317982 1.347440 0.850089 1.033364 1.955552 0.707443 1.575399 2.014547 1.103542 2.626896 1.936955 0.752765 3.207823 1.332137 1.674661 2.076921 1.970880 2.796324 0.835603 2.284116 1.386541
1200,428,1.0984434161693701,1.776832 1.935563 1.694795 1.011642 1.196684 4.438966 2.792290 1.356027 3.859726 1.912122 1.574268 0.240333 3.599610 1.449566 2.248400 1.011057 2.258273 1.922727 1.589063 2.250394 1.757408 2.464130 1.350252 3.530922 2.223935 1.825563 2.918750 0.960506 3.104062 0.369487 3.139883 2.582593 2.277161 0.981117 2.152920 1.842991 1.196322 2.153433 1.799256 2.318148 2.186615 1.481565 1.322215 3.150928 0.948212 1.294314 0.894502 2.673768 2.289284
1200,429,0.8510824013821549,1.060918 1.026930 1.092157 2.480487 0.605300 2.693877 0.770503 2.298012 1.467205 2.836715 2.792169 1.373986 1.858901 1.064801 1.083096 2.034365 2.601300 1.508870 2.279364 3.061784 1.953138 2.128601 1.069570 1.252834 2.861658 1.016581 2.763248 1.701571 2.902389 1.880926 1.224708 2.430276 1.012924 1.789497 2.201065 2.545181 4.854242 4.743281 1.921529 1.511068 2.334420 1.489056 2.659061 0.829328 2.683450 1.457499 2.671311 0.578458 2.258183
1200,430,1.3357062366204482,1.542243 3.319809 2.707258 0.950386 2.125201 1.210235 4.263636 2.057841 0.468074 2.610231 1.680821 2.161476 2.228333 2.097205 1.485562 2.179085 3.504638 0.860791 2.126322 1.944006 1.329463 1.710252 1.624569 3.325570 0.882939 2.055458 1.055209 2.804830 2.245636 2.255600 2.553560 2.106530 0.790187 2.673555 0.537224 3.186940 2.410333 1.112047 2.052327 0.930748 0.966658 2.928722 0.966383 1.543688 3.190459 3.328787 3.157451 2.354317 2.054495
1200,431,1.4965966317244546,2.106274 2.238786 0.835054 3.425064 2.274488 1.691543 2.943469 1.434905 2.274349 1.318297 2.274076 1.731867 2.565879 1.930111 4.443667 0.571469 1.750625 1.498100 2.955349 1.893728 1.331712 3.859392 1.745866 3.345805 2.747252 2.024632 2.290417 2.859633 2.966765 1.725627 2.829671 1.547248 2.632076 0.489867 1.776594 2.105467 0.603317 1.446010 1.181759 2.383096 0.527561 1.269562 4.039524 1.287956 2.103049 2.505597 1.304942 0.347572 1.329051
1200,432,1.379870297398814,3.302495 2.741701 1.103905 2.204866 2.093227 0.941016 1.451396 1.237137 3.457636 1.290236 2.735155 2.712351 1.957419 3.704898 2.421493 2.923145 0.837378 0.599773 3.072531 2.948335 0.321772 0.854829 1.102435 1.036818 2.374169 1.080570 1.953209 0.842732 1.212700 2.159770 3.608003 2.675380 3.660915 1.120198 2.321482 2.049268 1.004302 0.475014 2.252525 1.925373 1.752111 2.012985 2.087505 1.968963 1.846957 4.199116 1.799377 3.280336 1.587093
1200,433,2.281740647379821,2.443603 2.747205 3.255765 1.878774 3.740632 3.600774 2.806409 2.044568 2.297512 2.048496 1.324040 2.322415 1.245398 2.066824 2.223561 1.921543 1.101065 2.333325 3.179901 2.427651 2.156747 2.929958 2.250052 1.025866 1.355277 1.959516 2.825215 0.524793 1.335676 2.153686 2.842160 0.502296 1.503247 0.868765 2.796367 1.578383 2.041943 1.441751 1.520890 1.528277 2.807361 2.248539 4.274868 2.071385 1.627754 3.749521 2.302616 2.208314 2.489062
1200,434,1.7567810083236743,3.904174 0.580815 2.256530 2.659898 1.213672 0.687917 0.754759 0.708002 1.057257 1.944856 3.254324 2.012641 1.430396 1.442267 3.173968 3.235024 1.982312 1.214096 0.816566 1.665893 1.188710 3.365177 1.423231 4.763808 1.990838 1.706362 2.512830 1.118669 1.656181 1.422567 1.363131 1.753828 2.100141 1.330230 1.146220 2.573861 1.199254 1.835604 0.945420 2.772071 1.351192 3.121836 1.697632 1.653517 0.693189 0.192040 1.430623 1.159108 1.076581
1200,435,3.185673415766246,2.711612 0.535731 0.861365 1.647134 1.981459 3.159339 1.884603 1.208061 2.723114 1.781236 1.247580 2.347782 1.237385 4.228944 2.672603 3.369080 3.762209 3.688568 1.906084 2.675391 1.406942 2.113045 0.591920 1.454264 1.417224 1.014123 1.551222 2.053379 2.024502 2.154675 1.633897 2.109051 2.276655 2.376236 2.200051 2.569108 2.492927 1.980379 1.952249 3.623747 2.712695 1.996060 2.936513 3.004831 2.217199 2.878695 1.488211 2.331132 0.534155
1200,436,2.977695400382911,0.796972 1.223766 3.266216 0.404973 1.372057 2.661271 2.417440 1.136322 0.227223 2.711567 1.583257 2.195293 0.385386 2.564434 1.426059 2.041600 1.642900 0.350455 1.657262 1.479114 2.532844 2.582844 1.247010 1.232535 2.225009 0.363766 1.297098 1.945877 1.010304 1.387139 1.083185 1.814137 0.205520 3.461356 2.409538 4.088741 0.545232 1.669973 2.222170 3.494910 2.457159 2.960092 3.039806 3.405315 2.336352 1.914941 1.160168 1.439101 1.507705
1200,437,1.1090955345569664,2.509639 2.846452 1.343976 2.142981 0.850058 1.605550 0.546352 1.237065 0.592453 2.119130 3.896431 1.252796 2.845614 1.911343 2.400091 2.862456 3.255825 0.656011 2.897859 1.537528 1.549332 1.848489 0.854557 3.346997 0.999126 0.945434 1.044105 2.303974 3.969662 0.709901 1.973464 0.543500 0.985744 2.349098 1.742721 0.638964 2.479666 1.390498 1.083381 1.339824 0.982602 2.200128 1.305941 1.393449 3.388950 2.069361 1.103188 2.061490 1.429965
1200,438,2.2849198294220567,3.181861 1.065965 1.543832 1.434026 1.417631 2.387618 0.416280 0.896134 2.567770 1.043298 2.317355 0.994165 2.474314 1.634278 3.507581 2.337999 1.955780 2.693206 0.594006 1.090101 4.214063 1.340238 2.059811 1.000533 2.012774 1.525523 3.838350 0.964517 2.247886 4.387958 0.631745 1.118262 1.652802 2.218120 1.273276 2.950327 2.097892 1.291048 2.812485 1.589814 1.824595 1.487800 1.655101 2.798119 3.435252 1.487714 2.150283 2.458389 1.349653
1200,439,0.08765592981146851,0.805033 3.561198 2.341678 2.519545 3.950121 1.801812 0.353556 1.793722 1.331663 1.281069 2.068848 2.127413 0.447176 1.538474 2.929933 1.765830 2.440613 1.746209 1.505098 1.886677 2.784498 0.842910 1.332982 0.571102 1.328597 2.891426 2.789906 1.571610 3.382448 0.777125 1.354944 3.202029 1.208148 1.073911 2.018867 3.145822 1.762181 1.481245 0.837472 1.061316 1.387697 1.718268 2.745954 2.412528 2.627443 2.918607 2.057867 0.778497 4.052426
1200,440,1.949233826325359,2.131718 3.663380 3.704438 1.643655 3.618986 1.870947 1.943580 1.967537 2.217080 0.687610 4.524034 3.550515 0.979452 0.965162 1.813517 3.272311 1.133700 1.757913 1.460013 2.412575 1.937596 2.502904 1.105706 0.770013 1.226434 3.065097 1.897296 2.157251 1.463423 1.159711 1.652488 0.987330 1.075647 1.259096 2.552089 1.582874 1.057851 1.807035 0.505465 1.325106 0.215918 2.559193 0.642158 0.448407 2.015580 1.948971 1.461620 2.525717 2.679049
1200,441,0.7771413461871077,0.461817 3.505977 2.498464 2.533946 2.341863 1.517447 1.586985 0.612443 3.020489 1.880159 3.480885 1.755339 1.646639 0.767121 1.961336 1.687210 1.491363 2.614109 3.943804 0.997352 1.494253 1.190291 3.003042 2.032743 1.395487 0.833442 1.939586 0.526424 3.786468 4.397569 3.066121 0.774304 1.448668 2.373846 1.567798 1.069050 1.838648 1.392080 2.838344 1.911758 2.133810 0.736153 1.908648 2.310202 0.521776 3.022666 1.428249 2.925187 1.491315
1200,442,2.0848927734465637,3.941082 1.452769 0.912387 1.069925 1.015043 1.887044 1.308109 2.275842 1.771063 2.408516 2.221316 2.219113 2.702630 3.486017 2.429296 3.382528 3.224772 1.772642 1.796287 2.358180 2.427639 0.947658 1.562722 3.546210 2.081132 2.798567 2.144276 1.540095 1.129850 1.671630 1.715340 2.740017 3.120635 1.455667 0.801787 1.323844 2.047560 2.785143 1.939890 2.231129 1.915328 2.052144 2.790303 2.225090 3.398109 2.633910 1.030335 3.082683 3.516774
1200,443,1.2111766473119856,1.362984 1.881260 2.447539 2.355191 0.277662 1.645969 0.859797 2.850923 1.839829 3.279931 0.537362 1.684476 0.985465 2.013711 0.202015 2.424901 2.799980 2.192720 1.729644 3.146525 3.276152 0.921000 2.623114 2.667747 1.466812 2.336935 0.617610 3.549623 1.618537 2.661421 0.907902 2.634399 3.504189 2.884970 2.640002 1.575962 1.675860 1.569924 2.824135 2.527657 2.690713 3.107984 0.942654 2.526337 2.581860 2.810619 3.500242 2.745609 1.415610
1200,444,2.604058597604009,3.609400 2.194925 2.707075 2.481939 1.634852 2.050118 0.960229 1.891163 2.583562 1.653260 1.516968 1.554001 1.193465 0.610659 3.175747 2.196839 3.164581 0.911503 1.248011 2.767953 1.959014 2.042353 1.917699 0.095668 1.168794 2.334859 1.690707 2.290230 2.195784 2.375581 1.624335 3.327616 1.261178 2.760440 2.877001 0.585819 3.050297 1.881005 0.556251 3.432396 1.766127 1.970519 1.627927 3.810617 1.384689 3.468194 1.572429 1.239023 1.998738
1200,445,1.0853637228391801,3.099091 1.174128 1.473224 2.767405 2.025506 1.705790 1.859241 1.778394 1.834364 1.356961 0.438572 1.424047 1.442412 2.751401 1.531149 3.329463 1.286713 3.182476 1.089968 3.187800 2.417519 2.019353 2.297427 3.178649 1.654502 3.092626 1.915293 3.161538 1.824721 2.264256 2.092556 3.045790 1.427256 1.045928 1.687980 3.119357 4.432215 2.307769 1.761957 2.724078 0.856641 1.204302 1.525372 2.706138 1.978819 1.435868 2.306939 1.082883 1.990983
1200,446,1.8541301655465425,0.772160 1.596028 2.341650 0.985546 1.628447 1.279905 3.134977 2.082121 2.062605 1.916537 0.597861 1.994160 2.825297 1.442181 2.045027 0.780880 4.240107 0.756647 3.020417 2.120756 2.955862 2.717067 3.087249 1.353224 1.342803 2.688134 3.372768 1.567491 3.704791 2.903420 2.948849 1.116806 0.998584 1.773124 0.461666 3.732595 1.843247 1.815788 0.881852 0.686550 1.171310 2.483951 2.567299 2.260548 0.724591 1.723877 2.131958 1.541811 2.614988
1200,447,3.8358942043562316,2.273637 1.471264 0.236854 4.442602 1.518703 1.646537 3.043665 1.925590 1.391668 0.268898 3.076065 3.004218 1.864687 1.451212 1.262433 1.969074 1.169429 4.100473 2.302631 1.731819 0.928779 0.474846 2.208883 1.727915 1.780967 2.622176 2.095801 2.076037 1.939573 0.927940 1.036564 1.694250 1.408004 2.146816 2.900097 0.579934 0.904435 4.036188 1.394500 0.517968 1.840217 2.708008 1.866513 2.384436 1.796558 1.745736 1.093329 1.867701 2.500667
1200,448,2.706633856349895,2.634957 1.238303 1.962040 1.246776 1.868790 1.615579 1.494003 2.939445 0.938982 1.934311 1.052677 1.607389 2.410978 2.442460 0.784603 2.777247 3.270300 1.321895 1.528248 1.048422 2.683937 2.828132 1.110414 1.459036 1.743051 0.776284 2.015212 0.169898 3.214813 2.070304 2.249418 1.596298 1.398901 3.720175 2.524638 2.102623 0.824972 1.954093 2.929836 2.718201 1.996859 2.886878 1.815969 3.809043 0.882731 3.104948 2.586292 2.499409 1.114070
1200,449,0.19235057462328292,1.921608 1.367057 3.787539 0.995816 1.544658 2.785689 1.791030 1.856120 1.088570 3.408528 2.049984 0.986105 2.151865 2.515075 1.410303 2.830685 2.126947 0.352517 1.350025 2.557018 1.144329 2.203083 1.538433 1.174370 3.084256 0.697961 0.951988 1.608234 2.607853 3.683921 1.514579 1.689869 1.855602 1.300900 0.732508 2.265644 2.005430 2.656530 2.595757 0.754406 0.750507 3.411972 2.347313 2.978644 0.954617 2.319098 2.429954 1.514964 3.677846
1200,450,1.2533958149129638,4.695046 1.260183 2.419907 2.147375 1.999626 2.036816 3.605839 1.168618 2.326050 1.742975 1.568802 4.412483 3.124058 2.797986 1.871706 1.521472 1.758613 1.413118 1.288756 2.500553 0.631793 2.030073 1.804506 0.987915 0.354144 1.973888 0.857837 1.144515 2.392602 2.213463 1.786924 2.821087 2.375722 2.880520 1.706645 1.671372 3.063846 4.244476 1.828021 1.342697 2.241170 2.603176 0.574079 3.313597 1.203372 1.246813 1.456970 2.010068 1.445874
1200,451,2.8547265164902664,1.791651 0.861570 0.407163 2.760177 0.860633 2.177199 1.092728 2.222021 1.220579 0.964196 2.012295 2.494553 2.823951 3.053555 1.112567 2.132167 1.744036 2.147558 1.626841 1.894071 2.784472 2.796149 0.856514 1.150112 0.834724 2.151941 1.994308 1.591947 1.301823 1.750530 1.965547 2.692941 2.447198 1.099387 0.520138 2.430545 0.702192 3.981367 3.844905 1.793095 1.790489 1.070176 1.155552 0.986906 3.479538 1.568007 1.429464 0.870530 1.873181
1200,452,0.6133849269927987,3.281900 1.495389 2.854022 1.270352 1.647300 1.534127 2.911095 2.470505 0.890861 1.491961 1.210184 2.039639 0.312126 0.709413 3.278890 2.703550 1.168364 4.201040 2.518231 3.513385 1.068400 1.994629 0.864099 1.577661 1.594577 0.343006 0.045577 2.189886 1.120533 3.088902 2.458086 0.872677 1.243383 2.403671 1.730724 1.520198 1.313581 1.601393 2.517548 0.685269 3.350839 3.580052 1.025312 1.945655 2.578982 3.131794 0.553118 3.457933 1.638798
1200,453,0.6427152786130053,2.096502 2.310858 1.180216 4.393408 1.815448 2.174636 1.803489 3.572189 3.187248 1.111341 3.281085 2.604720 1.356155 2.138208 0.709173 2.000410 1.160417 2.674060 2.062226 1.176646 1.157992 1.942677 1.758228 4.196788 1.898029 1.829160 1.817719 1.656887 1.304535 3.193411 1.709685 1.019811 0.551337 3.836322 1.004010 2.589995 4.027834 1.234548 4.459759 1.375748 0.817272 1.101947 1.408089 0.179789 2.389547 3.170563 1.579130 1.428803 0.785052
1200,454,1.3180207144781662,1.278499 1.813839 1.355371 1.790984 2.584296 3.044260 2.669438 1.957040 1.681173 2.666409 1.342302 3.217019 4.318382 2.311052 1.666788 1.906970 1.615649 2.204202 2.670745 0.413206 3.448646 1.604211 1.907920 1.880695 3.592067 2.197915 0.580924 3.342131 2.927249 0.831540 1.222980 2.154455 1.727098 0.731961 2.129070 0.603003 1.739176 2.071797 4.133650 1.020499 3.600175 1.595562 1.628382 1.952830 2.442037 3.654287 1.608676 2.243740 1.579040
1200,455,4.203142108221813,1.399929 2.409016 0.756400 2.062720 2.422658 2.061664 0.362889 1.405273 1.155113 1.049688 3.051277 2.771486 3.195186 1.835900 2.051572 3.146753 2.127439 1.230750 2.190714 1.197766 1.943773 2.117298 1.195578 2.542730 0.809941 2.582356 1.300501 3.232616 0.867884 0.882491 2.459869 3.236813 1.984302 0.187193 1.033960 2.221099 3.101115 1.325385 1.727019 0.996287 1.426519 0.984084 1.302870 2.199760 1.183246 0.441331 3.106443 3.428725 0.979497
1200,456,2.7605249058577965,3.398192 2.694057 3.756020 2.345212 0.318297 2.032927 1.092834 1.217143 1.872273 1.720353 2.596620 1.673291 0.832979 2.384527 1.705591 3.063457 1.137919 3.346128 1.354581 0.755625 1.722511 0.707799 0.869988 2.418832 0.696245 2.419878 3.098502 2.705364 0.371168 1.085026 1.676823 1.312400 3.676607 1.464391 0.779914 1.689406 2.763514 3.823919 1.385235 1.650475 3.545469 1.962946 1.951961 1.068235 2.011972 3.220171 3.572830 1.426439 3.105791
1200,457,2.359168294752587,3.577706 2.686658 1.307589 2.172530 0.623081 4.277809 2.693918 2.996218 1.143041 2.005887 1.593013 1.979104 3.199508 1.312802 1.443452 1.501031 2.459929 1.311411 1.898962 0.428510 1.515230 1.242202 0.946872 1.503514 1.285771 2.168166 1.491286 2.390976 3.216763 4.571137 2.936983 1.713017 1.194575 2.729390 2.386370 1.566117 2.221032 0.778923 0.762422 3.233465 1.267710 2.685034 1.966863 2.080701 0.870812 0.872147 1.987554 3.149943 0.821040
1200,458,2.7528729929389066,1.754836 1.707879 1.881794 1.669578 1.007642 3.694350 1.191904 1.900027 1.165214 1.674237 1.514279 0.792137 1.551090 1.020164 0.984588 1.970143 3.593124 1.741252 2.462840 0.324663 3.577620 1.494306 0.793764 2.382606 2.574260 1.389209 1.410450 3.070787 1.473097 3.545008 3.652319 1.978003 2.275613 1.533896 2.283675 2.914046 2.271108 3.387449 1.670408 1.384063 3.145616 1.102820 0.481901 1.740642 0.861330 2.087481 1.330379 1.707051 2.040516
1200,459,2.4877601031302765,0.924584 0.091253 0.737704 3.138482 3.884074 2.324629 1.946116 1.688043 2.188508 1.632985 1.662221 2.668428 1.481301 1.155884 1.319600 2.460789 0.904665 0.609140 2.846889 0.967888 2.467540 0.886914 4.155513 3.924410 1.344865 1.173690 0.701185 1.679533 3.288492 0.709274 1.941762 1.519742 1.537321 1.950109 0.158300 1.935108 2.183980 2.596126 2.463698 1.079186 2.644727 1.477371 2.179835 1.310847 0.403135 1.966844 1.829418 2.239656 1.123513
1200,460,2.022128373209342,2.526154 0.886670 1.621278 1.853386 1.541623 1.983534 3.607745 2.733858 2.819390 1.605582 1.731611 3.509678 0.990911 2.400859 1.591098 1.328905 3.764340 2.165924 1.123298 1.776567 2.689710 1.197141 1.438218 4.012635 1.798214 0.554841 1.537468 0.283040 1.098399 1.476670 1.388155 1.377267 1.994005 2.427805 1.907225 3.759678 1.715582 2.289784 3.756992 1.909310 1.884937 2.134425 1.596835 1.970248 1.799933 1.673373 1.265574 4.173938 1.929468
1200,461,3.013920630248187,2.321518 3.377935 0.998337 2.518637 1.469996 3.023909 2.271905 1.752562 0.923884 2.191530 2.889365 0.370836 0.122840 1.923552 2.449371 3.404495 0.751483 0.913440 1.873469 2.643060 1.596239 3.241620 2.438509 2.176391 1.236135 1.027489 2.646857 0.744944 1.383107 0.760851 0.765206 0.772654 0.989177 1.393666 1.634026 1.408331 2.028922 0.563281 1.883254 0.318321 1.599707 1.650773 2.145545 1.892329 3.489139 1.045943 2.606707 3.619088 0.621766
1200,462,1.2627204602475073,1.352260 0.841743 1.573213 2.360713 1.259348 3.001476 1.601763 1.234769 1.300110 0.177489 1.574902 2.591902 2.646500 1.680307 2.443831 1.746239 1.076597 1.859523 1.739089 1.376127 0.125768 0.706176 1.909139 3.217266 1.211324 1.683767 2.275284 2.334844 1.023801 1.645715 2.642578 2.649705 2.753020 3.103103 3.483191 1.557469 2.271719 0.990567 2.845712 1.220073 2.380930 1.477723 1.402614 1.493585 2.174435 4.600826 1.991983 1.922316 0.981222
1200,463,1.0716185969341008,1.381223 2.983482 2.426745 2.850212 1.689526 0.728129 1.932529 0.527269 1.884657 1.218312 0.898804 1.848525 1.286071 0.135601 1.509838 4.070039 3.535798 2.203556 1.776459 1.654538 2.533460 2.999646 2.377073 1.034424 3.168481 1.890482 2.357241 3.271853 0.892379 0.771075 2.219420 2.886126 2.612947 1.895866 2.926320 1.130548 0.426978 2.488852 1.856617 1.317821 3.158566 2.173098 1.664592 1.133913 1.113948 2.850499 2.621872 0.586803 1.768220
1200,464,1.119264705367563,0.969865 1.500286 1.640595 1.889330 1.874984 0.908529 0.656688 2.504599 0.812683 1.072708 1.897395 2.272387 2.402775 1.645346 2.580801 2.258132 2.825771 0.811130 3.746835 2.161399 0.886061 2.984818 2.276515 2.778501 3.093406 1.787402 2.584255 1.962357 1.252476 3.457013 3.857020 1.415166 1.894231 5.113935 1.940527 1.621972 1.274452 1.994522 1.273461 1.527318 1.997392 2.512692 1.080051 2.061381 2.273827 1.626664 2.396659 2.775863 2.597730
1200,465,2.4844235454401464,1.878187 1.027523 3.545631 2.958244 2.652383 0.535555 4.117624 2.295790 2.289466 2.490587 1.698890 0.889810 2.222184 1.534146 2.810737 3.410999 3.389595 2.589268 2.637812 2.466179 1.873305 1.381259 1.908227 1.528531 3.919721 1.832700 1.847041 2.826435 0.743544 2.418554 2.058290 2.228618 1.544571 3.598635 1.290956 0.569448 3.352345 1.195480 0.283838 2.383045 2.316653 2.945115 2.568197 0.540134 2.451994 1.273140 0.529833 1.420544 1.837267
1200,466,2.364029142785098,2.416638 1.359672 3.424752 2.750422 4.705014 1.322819 2.569761 2.324704 0.315684 3.454160 2.028919 1.507562 0.732342 2.939714 1.206632 0.651054 4.336830 1.861686 1.401255 3.613451 1.296361 0.792588 3.341944 0.957564 1.256916 1.573024 1.472782 1.973048 0.676315 2.644695 2.174397 0.502953 2.939634 0.616078 1.385032 2.816689 1.589842 1.814758 2.132446 1.692710 1.957498 1.472069 1.046540 0.824052 1.443302 3.769779 1.206006 0.770656 1.634236
1200,467,-0.014426974812534462,1.003010 2.336838 1.943992 2.356845 3.087251 1.488304 2.078264 1.576977 1.724773 2.731830 1.829750 3.230304 2.540875 1.468528 3.154015 3.531408 3.523288 0.992983 2.896644 1.705071 1.533371 0.774338 3.309829 2.622369 2.654373 1.109871 1.956606 3.598247 0.828733 1.947697 1.865890 0.865160 2.179860 1.555174 1.215932 3.007080 1.968352 1.930059 2.105826 2.038819 4.476447 1.085453 2.915279 1.137761 0.896053 1.757319 1.398811 2.042513 1.883041
1200,468,2.8246228347441242,4.235138 4.141403 2.599804 1.755986 1.918347 2.374124 1.139497 1.554813 3.075382 1.856697 0.644341 2.511076 1.915926 4.381976 2.572986 0.547095 1.252907 1.255512 1.365472 1.520909 2.200853 0.452955 1.617459 2.130022 1.150567 1.478511 2.360452 2.395536 2.397479 1.604567 1.502232 1.472007 1.196220 0.959355 3.009112 1.450779 1.176458 2.755436 1.353056 1.454088 0.883072 1.250287 1.161106 2.915247 0.805362 3.291952 0.837278 1.380055 3.632903
1200,469,2.1628357865264234,0.294314 0.800894 1.569186 0.424404 1.996330 3.093253 4.301761 1.512958 1.216967 2.780817 1.394997 1.482028 2.502618 2.554060 1.520570 1.289166 1.012977 0.166522 1.555553 4.332618 0.942939 3.851154 2.006866 3.292383 1.775004 1.398993 3.603276 1.727232 1.117997 0.871097 2.168519 4.259688 1.541768 0.915649 1.140770 2.319563 2.921081 1.012180 2.369154 1.708767 1.871298 1.953978 1.017804 1.388933 1.412814 0.652840 0.435613 1.124955 1.278103
1200,470,1.7051526295984336,2.120869 1.657650 1.036796 2.461947 1.593038 2.889838 2.680494 2.563265 1.852567 1.243347 0.506434 3.425029 0.908715 1.798994 2.278203 1.106865 0.930104 1.330607 1.939105 1.403064 2.750957 0.966362 1.808166 0.321028 2.550983 2.400615 1.452312 2.114865 3.236850 2.599167 0.800671 1.922169 1.777134 1.371888 2.202161 2.121732 2.032680 2.135518 4.352310 1.939121 2.045882 1.114946 3.953027 0.366446 1.697409 1.868294 1.252917 1.398077 3.309144
1200,471,2.209450258704905,4.153548 1.964730 1.533462 2.329147 4.606473 2.757204 2.315231 0.533728 1.545436 2.043731 1.582683 1.834855 1.672979 0.650230 1.939687 1.709883 0.939617 1.253885 1.660729 2.421965 2.279402 3.466676 1.606570 1.556958 1.744172 1.714444 1.443140 1.834441 1.629166 0.807909 1.962893 0.578132 0.741774 2.665204 0.359025 2.512205 2.157820 2.365084 1.429278 1.557474 1.572734 2.626386 1.265823 4.943000 3.611555 4.105150 0.614690 1.595327 0.936961
1200,472,1.5287974562257298,2.228679 2.161931 2.540562 1.802604 1.007296 2.285319 2.691710 2.644913 0.898819 3.605914 1.456477 0.982735 1.200148 1.203201 4.254349 4.523332 1.246554 1.015835 2.680169 2.553201 1.229263 3.184896 1.900236 2.961946 1.576309 0.621502 0.590119 2.179465 0.934086 0.510309 1.889989 1.728217 1.426737 3.071464 0.698925 2.025012 1.538072 1.636748 3.026875 0.532870 2.558159 1.550786 1.133507 1.153696 1.488979 2.393938 1.884267 1.541888 2.208635
1200,473,1.9870816220015874,1.838405 2.800183 1.822800 2.718088 2.431265 1.453183 0.719995 3.744803 2.447962 2.626103 2.640197 1.401515 1.982040 3.048693 2.303970 1.052392 0.586408 2.321375 1.578113 3.318479 1.336465 1.445915 3.498521 1.321854 1.809353 3.088072 3.012880 2.282871 1.718401 2.510827 2.981899 1.760988 2.689232 0.870531 1.155828 2.894257 3.097023 2.278256 2.125001 2.272591 2.426415 1.546000 1.706046 1.475228 2.018509 1.237437 4.788697 1.971013 1.484533
1200,474,1.535247130756155,1.368126 1.146772 1.578346 3.398291 3.019142 3.178579 1.597015 3.447464 3.101898 1.152742 2.060618 1.262300 1.729355 2.316417 2.484098 1.587345 1.300024 0.452355 1.313998 1.354767 4.904796 2.206371 2.099967 1.894298 2.096987 0.961741 2.280933 1.235607 0.498205 2.128827 2.398644 0.810167 2.361878 2.204573 2.452286 2.922626 0.545076 0.857797 1.054295 1.243125 1.563485 2.036583 1.396347 3.192407 1.672038 2.086429 0.226148 2.595458 4.022445
1200,475,3.5791271923115993,2.974718 1.897393 1.117629 1.500756 3.401997 2.880243 1.111214 1.792379 0.973730 1.348425 1.752377 1.460246 1.450663 2.100688 4.004664 0.865298 2.497170 2.676153 3.524576 1.562286 0.568032 2.254206 1.460048 1.688197 1.219969 3.085192 2.151436 1.226586 2.504532 1.315339 0.150834 2.238682 1.404892 2.737502 0.967448 2.518151 1.418953 2.914205 1.529755 2.340827 1.781968 2.385319 3.004359 2.273774 2.035087 1.316066 2.397846 1.640140 1.805631
1200,476,3.7469849542393,1.654210 3.081608 1.920945 1.291662 1.293256 1.633261 2.374720 1.784753 1.718733 1.601220 2.576896 1.376896 2.553489 1.501089 2.710368 3.118986 -0.040691 2.417607 3.756885 2.476721 1.736433 1.570902 0.918942 0.590998 3.169581 3.304077 1.723228 2.929694 2.370090 2.429784 2.028782 2.215303 1.285576 0.535438 1.689104 1.902919 3.542305 2.046642 2.932492 3.031278 1.251716 2.374049 1.929166 0.285657 2.290099 2.715149 1.647928 2.340572 2.963036
1200,477,0.9853562187564102,0.850666 1.295872 0.866191 1.327336 3.481893 0.494428 2.694018 3.193575 2.978480 3.184327 2.326315 1.829306 2.798016 2.725494 1.253658 1.758411 3.544646 3.029220 1.510608 2.635659 4.023562 1.327289 2.295159 1.552911 1.369558 0.938241 0.241639 1.048962 1.506641 1.602618 3.745302 1.862395 1.731296 2.041378 2.159260 3.556377 0.758014 2.888668 2.051289 1.333691 2.796305 2.392204 2.022078 0.214594 2.041260 0.789512 0.206724 0.831742 2.910537
1200,478,1.5304088371119566,1.460546 2.334004 0.679022 2.420676 0.183565 3.629981 2.468868 1.381555 2.654559 2.908922 2.170962 1.966558 2.578970 1.690525 1.243737 0.736736 1.565944 3.970226 1.477219 2.048826 2.443890 1.649751 1.007283 2.197011 2.512061 0.707188 3.006675 0.977546 2.036177 3.566540 2.877123 2.409174 3.454543 3.532201 2.443682 4.768537 1.943604 2.097362 1.735220 1.028509 1.629509 3.739626 2.520292 3.004299 0.996855 2.532709 1.983371 1.718556 0.572504
1200,479,1.7112702255872536,1.519568 1.223792 2.432679 1.440652 0.408911 1.962661 1.081701 1.377362 1.141936 1.071330 1.185369 0.986451 1.206298 2.318737 2.373581 2.610350 2.258368 2.837305 0.375473 2.279297 1.096276 3.633779 2.051384 2.604682 1.456839 2.398982 1.859518 2.989582 1.202180 2.935277 1.411661 0.213134 2.172801 4.962317 1.519078 1.189980 3.859562 1.998532 3.181663 2.252192 2.382671 2.031854 2.384595 3.032651 1.638471 1.447229 0.999378 1.497361 1.631817
1200,480,1.1338274082283024,0.720350 1.636127 1.468246 3.382234 2.040003 3.085277 1.266618 1.945405 1.246427 3.800128 2.989837 3.339835 3.278612 3.564188 1.183415 0.987094 0.587031 2.479564 2.859968 1.948307 1.262782 1.362875 0.859015 2.564419 2.378070 3.931347 0.758124 1.461669 2.274626 1.261594 1.413377 0.363927 1.213362 0.948322 2.032689 0.275432 0.567613 1.515494 0.999240 1.540812 3.481758 1.061151 3.223014 1.384875 1.852095 2.667111 2.718411 1.578107 3.363046
1200,481,1.2003080842184126,0.505420 3.939163 2.647100 2.883231 2.414378 2.249655 2.338885 2.018500 1.550177 1.389492 2.218772 0.594982 0.736057 3.749570 1.265678 3.231897 0.822765 1.769361 2.475160 1.451232 2.185974 2.919581 2.278622 2.632690 1.233076 3.350144 2.503052 1.130152 1.410112 1.058983 3.248251 0.506274 2.239369 1.400468 1.562233 0.216485 0.888151 2.144314 1.610683 2.417244 3.385949 2.099372 0.502174 3.538409 2.503216 0.657898 0.897544 1.221735 1.584939
1200,482,3.198000453667605,1.638773 1.573336 2.758937 1.106338 1.416219 0.798466 2.708239 1.549588 3.341536 1.272661 3.103680 2.772339 2.186159 2.507855 3.504118 2.722625 3.532833 1.993012 1.245146 0.984545 1.664730 1.183427 0.887188 2.595904 2.028829 2.680602 2.561270 0.895862 2.083761 2.181868 2.003552 2.815990 3.149195 1.577943 1.341481 1.473527 0.969007 3.486101 2.051119 1.950758 1.786103 1.791473 1.853555 2.171073 1.957518 1.503692 1.674410 1.018078 3.777406
1200,483,0.8674190932191966,1.015916 1.458157 1.425557 2.891073 1.040085 1.664115 3.888129 1.564497 1.316887 3.757520 2.684455 1.008682 1.383349 2.428909 2.069024 1.010018 2.136636 2.055565 3.460337 2.363022 1.179358 2.791622 4.583442 5.091836 1.853506 1.554598 2.339389 1.026540 1.545583 1.531338 2.422236 3.052590 1.911378 3.473893 2.094401 0.513787 1.271932 1.719054 0.933380 2.079614 2.676978 1.168334 1.575920 1.626124 1.542179 1.896738 2.588930 0.445902 1.032655
1200,484,1.3613450736381911,1.746184 0.670702 1.119989 1.881668 2.339178 1.672332 1.589678 1.663555 3.112807 4.753306 2.354506 0.452273 0.072959 5.025512 0.825343 1.823324 2.434042 2.803493 1.014189 1.995277 2.403381 2.727385 1.522717 2.988512 3.783117 0.500359 2.657553 1.384127 2.293791 0.671269 0.097987 3.191219 1.431099 1.304099 1.958761 0.445336 3.280522 1.352183 3.044336 1.193992 2.661407 0.940431 1.388082 1.712749 0.678701 1.004784 0.900045 1.759770 1.404325
1200,485,1.699502521380295,2.802397 1.203902 1.455894 1.408174 1.350369 1.425707 2.016233 1.834096 1.059462 2.846761 1.653894 1.167025 4.174307 -0.049212 1.465550 2.464626 2.781407 0.802051 4.079748 3.614470 0.545910 2.144774 1.943909 3.473310 1.699550 0.755939 1.598865 1.212392 2.442434 0.829338 0.762741 3.493881 1.190315 1.157190 3.128667 2.854872 1.994680 3.298851 1.322184 2.645505 2.155284 0.682467 0.891666 1.710308 2.504404 1.964226 1.975793 1.703740 2.889935
1200,486,0.7568639975236525,3.105903 1.605219 3.061628 0.997536 2.172486 2.107859 2.238666 0.505823 1.195653 2.576522 2.360212 1.284136 1.921672 2.012776 0.836961 2.383229 1.677710 1.485724 1.865861 2.136685 3.275717 1.029781 1.550840 3.172346 1.105347 1.843751 2.138096 3.339199 0.687740 3.446747 0.741843 0.711651 2.826367 0.424642 3.765308 2.246005 1.599922 1.486431 1.597205 1.913128 0.821197 4.523112 1.212216 1.255880 2.668160 1.349565 1.833024 2.984502 1.906145
1200,487,3.078999858906423,0.837613 0.930481 2.088677 0.596770 2.553083 1.834352 1.090455 3.304435 1.700145 0.490239 3.712756 2.950958 2.646680 3.174116 2.371360 1.499220 0.852026 2.190541 2.006857 3.073892 1.154661 1.641086 1.971685 1.279094 1.286560 3.337326 2.872808 0.925734 1.290425 0.487981 2.278896 2.312632 2.292437 1.358207 2.482819 1.718758 0.841122 1.717351 1.264432 1.345074 1.314442 0.743271 1.559602 2.654558 2.137323 1.913932 1.478923 4.216122 2.297041
1200,488,2.260804617391998,2.713334 2.645490 2.588191 3.025720 2.198125 1.703537 0.724971 2.186012 3.045173 2.336216 1.975250 2.149144 1.305705 3.004677 1.784166 2.638478 2.330620 0.746290 2.385987 2.340230 1.147403 3.448664 1.722320 2.152906 1.574671 2.123552 0.961321 2.677606 1.954515 2.211857 1.400117 0.393438 3.274204 2.880478 2.882003 1.370121 2.019453 1.438592 2.446460 3.164544 2.952447 2.894244 2.569343 2.667459 2.403912 2.420481 1.998034 0.432892 2.327413
1200,489,2.0298053241529526,1.875860 1.828889 1.650282 3.548212 1.470206 3.016147 2.312301 0.567069 1.439977 2.273981 0.844246 1.640651 3.272726 1.092420 2.139919 2.082593 0.917760 0.982660 3.302680 1.465776 1.186454 1.723860 3.210327 0.856012 4.197983 1.960524 2.462106 2.372277 1.134632 3.656358 1.117062 3.321767 1.383506 3.183589 1.969414 1.763043 1.517750 1.277957 2.838985 1.398116 2.899868 2.673613 2.636312 3.116428 1.418352 1.860346 1.080940 2.530465 1.319440
1200,490,2.8924085936686112,2.944776 0.544436 2.748964 2.392300 2.125567 0.812255 2.850091 0.403781 1.762754 1.437081 2.719943 3.809748 1.825438 2.251332 3.126506 2.320310 2.185719 2.981951 1.219856 2.695391 4.560293 0.943466 3.627394 1.938139 1.284479 2.733678 1.588971 1.683732 2.420186 2.505262 1.364609 3.573896 1.145774 1.515020 1.609940 2.432696 1.457969 0.767246 1.376038 1.937863 1.446912 1.998068 0.995678 2.383662 2.042048 1.392534 2.217372 0.894600 2.499799
1200,491,1.6282569489897163,1.098278 1.508266 -0.162933 2.402353 3.361226 1.726219 2.481744 2.489070 1.469445 0.847849 3.033813 2.378266 2.601124 1.521596 1.185699 0.846576 0.936632 2.389289 4.473660 0.704906 2.648719 2.004329 2.463869 0.825082 3.115215 3.192708 1.164418 1.100133 2.055335 1.557196 2.751171 2.665169 0.983719 2.328338 2.766226 1.527395 4.055678 1.446387 2.081451 2.739879 1.551265 1.720002 1.775152 1.527874 1.760908 2.351440 2.078748 2.339257 3.169338
1200,492,1.7167783903927545,4.854439 0.983842 0.887574 1.256235 1.403507 3.400025 1.407385 2.690721 2.269720 0.383541 2.326377 1.091535 1.023589 0.530630 1.799458 1.737390 2.152897 1.016574 2.102829 2.204877 1.489186 2.894317 2.346429 2.208253 2.631695 0.713605 2.990346 2.067292 0.343232 1.916701 1.995413 1.237986 2.004045 1.917950 1.460313 0.953505 0.441295 2.078836 1.705178 2.522209 1.189020 1.329683 0.222099 3.220849 1.705286 4.378061 0.523342 1.134815 3.067366
1200,493,2.2995927601447224,2.074549 1.814683 3.877155 1.903163 1.410449 3.128663 1.204614 2.553298 2.718950 2.001958 1.526348 0.461067 2.747975 2.275955 1.339760 0.994682 2.517087 1.095749 0.956812 2.140553 2.007163 0.958367 2.847043 1.657995 3.343057 2.583740 1.713635 3.347523 4.067065 2.616753 0.802916 0.847040 2.940387 1.666298 3.463798 1.999448 1.866336 2.616451 2.601558 2.328630 0.849461 2.201104 2.163351 1.793405 1.319616 1.708915 0.916371 1.956473 1.277790
1200,494,0.9077171712663026,1.746858 1.573300 2.527322 2.819560 2.902941 0.382247 0.702546 1.127243 0.983771 0.787400 1.695495 1.863363 2.454035 1.715939 4.017760 0.066192 2.115654 0.788179 2.108140 2.801043 1.276235 2.021451 2.029758 1.260075 1.359296 1.527130 0.682746 2.458257 0.516004 3.373076 1.555069 0.967427 4.238348 2.482883 1.415832 2.029739 2.768592 2.294058 1.500912 0.894092 1.126773 3.167575 1.933977 1.429551 2.006965 2.626262 1.120923 2.578539 0.740658
1200,495,1.5360905019500757,1.902591 1.718549 1.570382 0.041869 0.601732 0.574142 1.658136 2.518214 1.060374 2.080009 2.081593 2.514714 2.893453 1.598108 2.331723 0.460437 1.869928 2.090785 1.517604 1.728138 1.781119 2.061662 4.537638 1.212706 1.493628 1.733525 1.446667 2.647858 2.684487 0.845389 2.167932 1.759130 3.004379 1.863066 2.252118 2.072503 0.863864 3.820510 1.725219 4.212133 3.625934 2.295148 1.938000 2.568890 0.972516 3.066438 1.782140 3.107555 2.531248
1200,496,2.704690356085387,3.016439 1.648407 2.511622 2.812833 1.741429 1.197230 1.545742 0.742983 0.960733 1.255262 2.778434 2.582641 2.933459 2.071346 1.862630 2.361540 3.731180 3.179568 0.953790 2.730440 0.150778 2.295944 1.945224 1.619333 1.425333 0.516733 2.576364 2.107764 0.706420 1.970369 1.429562 2.624391 1.637167 3.255319 1.309179 2.846169 2.069825 0.534367 2.006513 1.877702 0.956248 1.957924 3.213399 1.205073 2.052234 2.718866 1.368249 3.159960 3.055737
1200,497,2.363796862682123,2.200533 1.143202 2.397096 0.741205 1.093008 1.411072 1.749909 1.520941 2.425127 2.813741 1.284212 2.467726 1.404116 3.007061 2.268755 3.080060 3.141964 2.345160 1.329253 1.659465 2.480523 2.235062 1.328039 1.906788 1.914949 3.738276 1.730752 1.661602 0.976973 3.864955 1.337293 1.391429 0.968976 2.554938 1.482191 1.033905 2.532639 1.931082 0.667265 2.762445 1.097093 2.474867 1.155279 3.870400 2.162135 1.373342 2.509037 4.474874 1.848564
1200,498,1.4077736476937823,4.638709 1.736167 1.814135 1.811557 2.236923 1.911238 0.864023 1.664137 1.494593 1.414012 1.314168 0.700721 3.051432 2.501835 2.290469 1.778201 1.415333 2.312871 3.067213 2.044015 2.512239 2.821844 3.072082 1.192554 2.895976 1.589764 2.933935 2.166931 1.757633 1.224247 0.507634 2.814004 1.284840 2.247511 2.979198 3.246252 2.005989 1.300088 2.343246 1.300010 2.225090 1.548270 1.281530 2.849800 2.438922 2.800512 0.064801 3.430599 0.608839
1200,499,1.8161111071235778,2.389833 2.909681 2.048670 3.655576 2.231116 1.506530 1.802006 2.808801 1.372877 1.768268 1.964761 0.399956 2.557914 2.591273 1.187429 1.823450 1.768451 3.327786 1.603156 2.722026 1.600662 3.089845 0.337852 3.435120 2.878650 2.610567 1.903452 1.926624 0.937139 3.414332 3.028368 1.095141 1.799759 2.789950 2.933224 2.521275 1.176244 1.898330 2.088224 1.580007 2.993278 4.015150 3.461578 1.159030 3.342574 3.014305 1.168603 1.676254 1.840400
1200,500,0.7479402153775183,0.215757 1.179206 2.603851 1.582346 0.020044 2.246634 2.296064 3.360440 2.211777 0.517836 1.506589 4.498592 2.782836 2.376723 2.289621 1.933199 2.056538 1.574241 2.217219 2.247577 2.523329 0.664760 0.327427 2.624963 0.304966 2.264583 2.235877 3.596048 1.976610 3.166250 2.151361 2.062831 2.602603 1.127403 2.258499 2.065912 2.959398 1.436079 0.572684 3.235646 1.626094 1.503592 1.253786 3.137395 1.041716 1.043651 0.690474 1.463772 1.534959
1200,501,2.6952073785544313,1.258085 1.871416 0.806373 2.286575 2.174388 0.887204 2.617039 1.650003 2.933216 3.698794 2.486203 1.509674 2.073371 1.028147 3.760464 0.909629 2.854163 1.853822 2.642292 1.621301 3.441820 1.427492 0.687776 0.790531 1.990216 2.314156 1.489758 3.103246 2.789119 0.947604 3.582932 2.055375 0.834587 0.694386 1.876893 0.543484 1.754336 0.645128 1.874663 1.927428 4.241060 1.632384 3.692596 1.793833 1.899500 2.698407 2.494140 0.846010 3.065942
1200,502,1.6744447171938972,3.496213 2.487658 0.972863 2.554982 3.636977 3.206220 1.481288 1.454277 1.517274 0.930687 2.410709 1.612801 1.834243 1.583768 1.611564 1.533365 1.574986 2.797458 1.904317 0.656773 1.793929 2.171051 1.492898 2.805365 2.147550 0.856155 1.817255 2.691360 0.575725 3.287569 1.387629 2.671322 1.504355 2.396014 -0.002976 2.287877 4.471879 1.872876 2.449250 1.973505 2.284145 1.900019 3.379200 2.950397 1.279398 3.622178 1.817812 1.378186 1.675447
1200,503,1.528719457441796,1.805276 1.959355 0.320199 2.457414 2.577286 0.567086 2.413566 2.491500 1.083202 2.004460 1.873297 2.674144 0.989075 1.325293 2.151179 2.003108 0.505758 3.202790 3.069758 4.330553 2.682562 0.668556 1.268364 1.071899 1.170946 2.356955 4.017192 2.310337 2.578012 1.637210 1.793240 1.521703 1.781742 3.304656 3.196573 1.746570 1.809011 1.741313 2.095241 2.099861 1.742542 3.600737 1.767489 1.709467 0.218460 1.537964 2.132404 0.967002 2.782157
1200,504,1.8172498303138014,2.891461 3.518961 0.989016 2.401178 0.999265 3.663773 2.879410 1.171727 2.628924 1.507836 1.574851 1.443400 4.076660 1.829288 3.835685 3.417015 4.084542 0.445751 1.418767 0.631616 1.518573 2.340563 1.333353 1.317428 3.645421 2.502208 2.187776 1.856818 1.452509 1.686193 2.717718 1.084154 1.533015 1.212033 3.963335 2.144468 1.022135 0.826934 1.056407 2.209378 1.410319 2.875126 2.499377 3.668856 1.364661 1.103385 2.111073 1.290878 2.495218
1200,505,2.610800175987597,2.373236 2.733997 1.757454 3.832681 1.580893 2.711277 2.616473 2.862520 3.344606 1.559527 1.614856 1.777921 2.332678 0.808964 0.299428 1.232917 2.962984 2.524695 0.032509 1.507305 4.125157 2.067326 1.108147 2.260930 2.207489 1.830612 2.302967 1.736086 3.929354 1.418809 0.606845 2.396963 1.827061 1.674003 1.434628 1.584815 2.111274 2.823856 1.135373 1.490139 1.751800 1.507549 0.945824 3.183804 2.019578 1.330000 3.040125 1.904384 2.732985
1200,506,0.8934767760376904,1.004144 2.708985 0.568543 0.898407 1.762081 1.497199 2.586443 1.654901 1.726749 2.009500 3.233638 1.703015 0.336563 1.776109 1.835597 1.370620 2.284140 3.595344 4.218158 0.784145 2.161815 0.438914 0.682462 2.353792 1.167770 1.521142 1.627248 2.637911 2.224005 1.317130 3.270392 1.806498 1.331134 3.559147 2.460582 1.090004 1.975553 2.704288 1.182488 2.271544 1.147979 1.666390 0.445242 0.708407 2.059866 1.827793 0.805080 2.989995 1.314814
1200,507,3.5580285390232853,0.935120 1.995548 1.945258 3.111032 2.016697 1.213973 3.061632 4.135654 2.457004 2.370955 2.130194 1.475205 1.710472 0.875784 1.044792 1.520482 1.866761 1.036293 2.410964 1.835862 2.528959 2.578246 3.009432 1.383258 0.655177 1.069821 1.735799 1.426657 2.880022 1.767992 2.105302 2.926428 0.940759 2.423926 1.200129 1.637935 2.351383 2.025053 1.062901 3.691644 2.326652 1.236773 2.655778 4.182162 2.352326 2.243294 2.897482 4.804052 1.229715
1200,508,2.0391738146457477,0.843472 1.013554 2.451050 3.499872 3.598558 3.733576 1.527201 1.834874 1.832192 1.229100 3.321749 2.667040 1.903170 2.153858 1.661159 1.133560 1.822368 1.133206 1.631268 2.456407 2.169836 1.920315 1.111915 3.011545 2.671918 1.919826 2.478411 2.250735 2.630302 2.542553 1.286345 0.825576 4.404359 2.648614 2.640239 3.798119 1.028561 2.411160 2.302885 1.928958 2.416769 1.193757 2.148505 1.967792 1.850918 1.097861 2.985751 3.861504 2.474909
1200,509,1.5933136750462635,2.182394 2.788522 1.422501 0.698250 3.484414 1.362559 2.210186 3.034600 3.211059 2.104006 2.470548 1.778705 2.188090 2.625942 2.770721 1.635945 0.916686 0.725440 2.068676 1.936674 1.386080 0.552045 1.931785 2.805837 2.217630 1.373164 2.853200 1.753411 2.475682 2.026560 1.585994 0.135350 2.597894 2.660430 0.339881 1.104395 1.953721 2.035716 3.413382 0.140215 3.282101 -0.128111 0.777870 0.803815 2.955997 1.736271 3.397986 2.002913 0.966206
1200,510,2.7155325026873625,1.931628 1.359227 2.725591 3.908392 2.028811 2.220570 1.153347 1.734091 2.338372 0.378640 0.815578 1.661641 2.126531 0.660401 0.765177 0.810930 0.891670 3.090573 2.055412 2.584845 1.260221 1.964064 1.550331 2.062145 3.055450 1.322915 1.333161 1.058325 1.092090 3.529577 2.677579 2.365971 1.367484 3.289405 1.588860 2.709981 1.120092 1.993606 3.705737 0.748615 0.698979 1.361424 1.437170 1.046096 0.530325 1.938114 3.348013 2.148568 2.870290
1200,511,1.2989181827742806,2.256799 1.622982 1.391286 1.864509 0.995843 2.351878 1.271663 1.910065 1.452296 2.041608 2.416560 1.430883 4.022780 0.709925 1.357860 2.077121 1.410710 2.260922 0.645826 2.572584 1.987765 3.418426 2.904445 2.048579 2.622489 2.300555 1.608790 2.467796 2.570384 1.566916 1.242358 0.970789 3.934286 0.046766 1.661216 1.066202 2.133140 4.206584 1.665112 2.126014 2.300387 0.627939 3.141291 2.225100 1.920628 2.161926 0.919126 1.506470 1.173696
1200,512,1.27299791771018,2.775580 1.108603 1.312320 3.406385 0.958009 1.690029 1.260985 1.410123 3.064593 1.565319 1.576816 3.021746 1.486948 3.583098 1.801480 1.512164 3.172498 3.236586 0.846294 0.432846 3.780282 3.109001 2.634783 2.075276 1.491461 1.635058 2.088244 1.158605 3.343703 2.926235 1.243834 0.449858 1.027703 2.281513 1.100942 1.108814 2.251472 2.678700 3.797846 1.421038 1.973204 2.933262 3.101001 1.489555 2.535542 2.426845 2.242975 0.634516 2.043477
1200,513,0.46989158441680795,1.030226 1.239389 0.832225 1.047160 3.164006 2.029861 0.759285 3.014459 2.185728 3.879002 2.748493 4.425396 1.301073 4.101115 0.351877 1.236935 1.424544 1.317530 2.047798 2.504531 1.833280 2.022564 2.006177 0.717705 5.264079 1.324608 2.027312 1.380277 1.752221 1.100422 2.242524 2.251256 2.021115 1.813399 2.641976 1.159442 1.194071 1.941849 4.581005 2.011531 0.710248 2.942922 3.016193 2.424346 2.121513 3.436920 2.213453 0.927224 0.728997
1200,514,1.5962540996617816,1.146237 2.413850 2.496739 2.259434 0.706940 1.749482 2.179514 0.947551 1.067924 3.453265 2.645149 1.581979 2.806953 1.271129 3.133499 2.137666 0.781529 1.651449 2.374703 1.060842 1.563222 3.498051 4.529862 2.174058 2.580048 0.797378 3.860048 1.073546 2.286041 0.697419 3.352686 0.372420 4.215963 2.137157 1.421905 0.849078 2.354360 1.836338 1.484444 0.308557 2.530984 2.231834 2.509329 3.163457 2.055652 1.527383 2.546849 1.756675 1.776652
1200,515,2.376363412567803,1.341460 0.871354 1.302406 1.187605 2.508919 2.176385 0.035515 2.294705 1.487987 1.056437 2.577663 1.116247 3.995965 2.332999 2.419640 1.195438 1.118765 1.033931 1.466736 2.431168 0.219135 1.471723 2.274195 1.984198 2.590103 1.367267 1.151065 2.943693 3.089080 1.918713 0.925071 3.343142 1.389211 1.333899 3.405152 -0.024396 2.125770 4.298603 1.966241 3.616850 2.459920 1.299774 1.072619 3.285670 2.536639 1.622802 1.249630 2.415352 1.567342
1200,516,3.8398853690609434,3.386666 0.284973 2.389870 1.513203 2.246088 2.736964 2.120578 1.355623 0.471987 1.414689 0.608506 2.422337 0.415381 1.868158 1.221626 2.710141 2.587037 1.227663 2.609801 1.200605 2.269981 2.931166 2.858487 3.490296 1.633403 2.624249 2.513543 0.737741 2.351819 1.563774 1.550628 2.428473 3.032532 1.288009 3.412874 1.574466 1.707221 0.338187 2.353047 2.625360 2.443531 1.847932 1.623375 1.511468 4.076780 2.772767 4.028075 1.155952 0.492203
1200,517,1.3644786695950895,0.287490 2.415253 1.946014 1.433073 0.510768 1.883362 2.770310 3.874981 3.094293 1.658248 1.205124 1.862239 1.356810 2.014804 1.814905 0.153967 2.641037 1.058212 0.475908 2.167951 0.717914 2.414890 1.228977 0.806749 0.909903 0.781736 0.952423 3.674015 3.003390 4.128365 2.428130 3.259966 2.434757 3.637958 1.913809 1.806413 3.115399 1.424567 1.012306 1.755129 1.060558 1.843050 0.127570 3.030203 2.199633 2.548281 2.814946 2.680169 0.191495
1200,518,1.6958106533749036,1.954139 1.523689 1.956339 1.723555 1.163995 1.678254 1.668284 1.731631 2.644962 2.087883 4.261611 2.395254 2.812334 2.272000 0.899456 3.638560 2.609587 2.071589 1.897001 1.838146 0.775521 0.688367 1.187864 2.695187 1.483524 2.166257 2.812999 2.386773 0.907299 2.472924 1.524602 1.561042 2.163349 4.907844 1.129339 2.401498 1.421717 1.554190 1.231280 3.050285 1.753728 -0.016996 2.818049 1.368872 3.155515 1.185182 3.135931 3.975396 1.214524
1200,519,1.3276974673332236,2.497276 3.088446 0.850026 1.667075 3.209629 1.827231 1.300030 2.313800 1.588452 1.735072 2.106313 0.857341 1.894168 2.667484 2.427771 1.019345 0.891842 1.372408 1.623166 2.692171 1.022498 0.808529 2.309220 1.172331 0.877606 2.094182 1.796039 2.139537 1.287423 3.619203 3.237629 1.079658 1.196234 1.547674 1.481359 4.138615 2.771568 1.731935 3.459961 1.191603 2.556160 2.207004 1.634488 2.272827 1.905726 2.807181 3.091644 3.968127 1.848508
1200,520,1.5140224257066843,1.944457 2.863155 2.679381 1.232464 3.888367 2.308801 1.156014 2.665115 0.626222 1.778849 0.757183 1.560200 1.914261 0.973900 2.890859 2.006209 0.965213 1.919052 1.335691 1.303723 1.863903 4.554753 3.117636 0.860748 2.014804 2.022916 2.652546 2.058796 2.801503 4.018440 1.396829 1.396860 1.381145 2.101941 2.497783 2.580436 3.430630 3.259445 1.776285 1.532530 1.113700 2.050326 1.638196 1.416056 1.840194 1.854175 1.139224 2.708467 3.221374
1200,521,0.7787219595334383,0.701330 2.005972 1.198851 2.582476 2.036465 2.676136 1.951986 2.096344 1.811886 0.810731 1.321457 0.871071 1.218992 2.374859 3.374555 2.068839 1.226658 1.393259 1.852675 1.552822 1.716682 0.695806 3.079318 1.943668 1.010936 1.353705 2.000579 4.466242 2.447831 2.618954 1.171044 2.430781 2.763155 2.525025 2.123983 3.543900 1.651647 4.193725 1.660985 1.257805 3.180374 2.246755 1.136103 2.870019 2.213296 2.236825 2.723893 3.471533 1.112459
1200,522,1.7341719695249802,2.860580 2.579529 1.113849 1.931218 2.614641 1.590189 1.244128 1.993440 1.519093 2.859874 0.797822 1.761284 1.818804 2.480053 1.549838 1.545240 2.205276 0.263644 1.558692 1.953354 1.939622 3.499851 3.909078 0.769204 4.043955 1.763471 3.139596 2.667775 2.273506 1.209579 1.702498 1.343918 2.678136 1.247840 2.771599 3.438715 2.807464 2.143757 2.050232 3.123287 2.475004 3.029626 1.347625 2.189749 1.631634 1.686203 1.726658 1.762335 0.802739
1200,523,3.843578179836474,2.199713 2.030018 2.059269 0.091015 3.011714 1.990915 0.703077 3.968828 0.444062 1.716291 1.627384 2.907283 3.561271 3.392200 1.134313 1.235399 2.547490 2.047156 1.495005 1.311958 2.144232 0.563434 2.062048 1.537531 1.462761 1.554858 1.419442 1.775154 1.913115 3.489799 1.044173 1.586985 1.795717 2.275143 3.698199 1.664559 1.867324 0.825891 2.934603 0.729550 1.604091 0.809926 1.801390 0.628321 1.028935 2.671610 1.957284 3.539711 0.715577
1200,524,1.1199570700630934,2.067996 1.481998 1.923860 1.437734 2.386232 1.124924 3.250520 2.313190 1.216035 2.350526 1.530247 0.826288 2.645638 3.723136 1.485454 1.635231 1.468835 4.050739 0.933857 1.267440 1.473216 1.919430 3.070260 1.488051 0.896740 2.292107 2.380021 2.193675 3.681954 0.142807 3.022164 1.716224 1.644186 1.722658 3.267798 1.622853 1.826144 1.642608 2.055898 1.906078 1.939275 2.827928 2.442338 2.721744 2.334698 2.375988 4.086859 0.442479 1.075708
1200,525,2.6706804897856755,1.743737 2.393988 0.730466 2.685247 1.355228 1.734818 3.312597 0.861661 0.795507 2.273638 1.521869 1.476433 2.462576 2.479280 1.500226 1.067629 1.848225 2.430128 2.690973 2.006099 2.975309 1.247595 1.919248 2.809543 2.493389 2.685601 1.508220 1.281953 0.433878 2.247638 0.981011 1.911134 0.813681 2.414709 1.960720 2.574295 2.442657 1.901198 3.002424 1.779220 2.229113 3.548597 2.320188 1.327861 2.474173 1.581959 1.716875 2.835757 0.657878
1200,526,1.5793519289273268,1.423159 2.065074 1.355407 2.205419 0.878250 1.482879 0.843310 2.556907 0.690028 2.875641 1.954196 1.281786 1.967763 2.102288 2.509415 2.279447 1.092397 4.048626 2.829582 1.286937 2.634008 2.324755 2.412592 2.165351 1.575191 2.723402 1.062966 2.734350 2.944125 1.101529 0.604505 2.343636 1.553465 0.842061 1.467222 1.531047 4.013918 0.941786 3.705002 2.054908 3.746398 3.777833 2.214523 1.485619 1.518273 1.862475 1.276442 4.290146 1.032789
1200,527,2.1016479623148965,3.015377 2.643228 0.919012 2.284059 0.959619 4.116204 2.483252 1.832507 1.173519 1.463594 0.801850 2.157206 2.454607 3.151802 1.817294 1.229812 2.680663 1.282091 3.869527 3.122237 1.827795 1.558847 1.556548 0.821346 1.075581 0.659271 1.590576 1.325789 1.612127 1.045367 2.509334 1.452670 0.522663 1.572323 1.388406 2.288398 1.847041 0.853211 0.340787 3.843940 0.204394 4.419475 1.293078 2.330636 2.173026 1.923224 2.736558 3.139248 1.260875
1200,528,1.2915045429423482,2.968031 1.799589 1.377460 1.739077 2.574552 1.708035 3.198782 1.934292 2.887647 2.772324 2.215117 1.893570 0.793153 0.911512 1.809881 2.377869 1.288747 2.001392 1.754398 2.385038 1.869725 2.448320 3.339812 0.200756 3.037499 2.561230 -0.137999 1.493298 1.443138 1.522349 3.308991 1.511729 3.207225 1.886314 3.096940 1.965976 1.317676 1.555526 1.832667 3.372161 0.963285 3.313498 1.150770 1.711697 2.833485 3.278273 1.962524 1.458621 1.136595
1200,529,2.9034348255272655,2.117922 3.148723 2.266245 4.115060 0.696308 1.439859 0.985593 0.627768 2.342383 1.956416 2.296696 1.168419 0.592997 1.282936 2.358561 2.733155 0.588407 0.988153 1.660493 1.987969 1.633588 1.676230 2.636935 3.571492 0.683489 2.377718 1.020598 2.317400 1.377832 1.434791 2.739908 0.467880 2.092354 2.319294 1.166220 1.801362 1.895347 4.025166 1.325643 1.622617 2.371435 2.154284 2.749722 2.324123 2.113386 3.830491 2.399121 0.365888 1.731536
1200,530,2.318679949388991,3.265101 1.313191 2.785774 2.524570 2.189368 2.733658 0.885473 0.698084 3.154216 2.240125 2.598102 3.856041 2.051824 2.015122 2.649161 0.731589 3.124208 1.133413 3.154417 1.110213 2.467339 0.533970 2.113471 2.041710 1.764522 1.768767 1.805219 3.455164 1.133174 0.369727 1.348188 0.914010 1.632862 3.021390 1.667512 1.352616 2.404409 1.468413 3.953674 2.049998 3.055907 1.054331 0.855546 1.605754 2.836162 2.684510 0.375342 2.597205 3.140858
1200,531,1.8575963678881053,2.197629 3.181152 2.266080 2.210627 3.110470 1.142871 1.714002 3.517463 0.814850 2.892585 0.568199 2.427589 1.390998 2.278399 1.172667 3.878549 2.728581 1.189619 2.308078 2.271452 1.845949 1.011746 3.844756 2.097389 1.610603 2.191625 1.500090 1.490396 1.500918 3.072917 2.632145 1.714022 2.263989 0.742309 2.081377 3.099438 1.209349 1.549604 0.798666 1.957129 2.532532 1.378271 1.421691 1.405447 3.471874 0.910589 2.802402 2.308421 2.989547
1200,532,2.783180364590113,0.314735 2.433185 2.744177 0.340038 1.895259 4.310996 1.047251 3.419657 1.622124 1.434205 2.007259 1.625423 2.484634 0.964010 1.583753 2.795131 1.408244 1.160887 0.083023 0.754261 2.325250 1.394787 2.201175 1.514222 1.615089 3.165107 0.758143 1.933092 3.062469 2.292744 1.378638 1.331896 2.251458 0.674957 1.511911 0.701567 0.807734 0.215370 0.688899 3.199640 2.471655 2.055479 0.683754 1.037875 3.151523 3.578870 2.055230 1.277185 4.260757
1200,533,3.682189657964257,2.219609 1.754991 1.390393 2.375715 1.726948 0.884290 0.935226 1.630824 1.310836 1.390280 3.489066 1.560430 1.312496 1.913175 2.957271 0.980896 2.502051 1.527708 2.253605 3.379257 0.195582 2.679037 2.451657 1.989947 2.837729 2.871302 2.429158 2.553060 0.867051 1.210285 1.600874 1.830038 1.543136 2.772512 2.751901 0.986400 0.935093 2.262914 2.689588 1.692954 2.666752 1.945397 1.358153 1.491200 1.521634 2.187352 1.951639 2.778038 4.059530
1200,534,2.014884473456925,1.579043 2.517275 3.455139 1.782971 2.591039 3.630021 1.496340 1.751144 1.426723 0.701553 1.175258 1.440291 1.999608 1.937332 2.744487 3.081569 1.162355 1.042440 1.865917 3.940835 1.852473 2.020616 1.000614 3.061642 2.221936 2.103654 1.940327 0.892045 3.091300 2.453180 1.228255 1.815563 0.257696 2.839697 3.431856 1.601317 1.633097 2.363372 1.505097 3.205452 0.685343 1.827287 1.696108 1.170344 4.373091 0.678401 2.508527 2.578078 0.863165
1200,535,1.4812075941483056,2.771258 2.749630 3.528884 4.369308 2.130942 5.454468 1.164425 1.296333 1.765005 1.505890 1.537054 0.650828 2.378403 0.986861 2.392992 0.848145 1.618523 2.563584 1.413683 1.471364 1.626106 0.426521 1.868226 1.943224 1.761825 1.819685 2.138944 1.810328 1.340960 1.780855 2.262888 1.608192 2.386802 1.803346 1.398205 1.654025 1.458277 2.252487 1.699647 4.400158 3.647796 1.284381 2.129174 2.491114 1.866405 1.286179 2.945685 1.510354 1.530216
1200,536,2.4418810488935776,3.897025 1.518457 3.722618 2.460687 1.150026 3.128100 2.042719 2.477715 0.653242 2.904344 2.138577 2.189551 0.914080 1.259235 1.123923 1.118646 1.073847 3.131976 1.409620 2.652276 1.583989 2.434620 0.814419 2.764879 2.574048 1.559626 1.553950 1.137731 1.894244 3.155491 3.321277 2.676246 1.628485 2.609350 1.351321 1.517778 2.355971 1.035992 2.889076 1.926192 2.183319 0.950253 2.042698 3.262572 2.088989 3.517079 0.523312 2.101011 2.286232
1200,537,2.971334646048876,1.144389 1.098035 1.386128 4.090169 0.937889 3.324016 1.583344 2.124509 1.525029 1.676286 2.886807 0.755916 2.063072 1.092011 3.284862 2.007624 2.958017 2.348337 1.185747 1.497505 2.004619 2.849868 0.476394 0.777520 1.446203 2.035101 1.296327 2.543073 1.918752 1.908982 2.442691 2.242249 0.430015 2.490630 0.084435 2.305093 3.010816 2.545529 3.739733 3.508689 1.431549 3.220558 4.204548 4.141813 2.311336 1.461419 1.152168 3.163425 1.022129
1200,538,1.5440953232068775,1.530641 2.309475 3.028450 2.698449 1.894669 1.899641 1.855197 1.605919 0.906946 3.741621 2.874774 -0.084673 0.088123 1.387008 1.123412 2.885167 1.848941 0.983204 1.858955 1.063671 2.777589 1.892139 1.458691 2.277497 2.674029 0.833095 1.800756 1.171511 2.176290 1.316898 1.217852 1.001116 0.821029 1.158734 2.352278 0.916989 2.201088 1.723748 1.007512 1.551398 3.420834 1.615959 1.772030 0.555754 4.575516 2.436881 1.670853 2.988293 1.931469
1200,539,1.0336942590139506,3.615566 3.457974 3.499802 2.382910 1.771964 1.651033 3.408395 1.119892 1.238194 3.565314 1.874380 3.454635 2.947994 2.753414 1.031767 1.087359 1.891792 1.717174 1.954107 2.405066 4.007934 1.871038 1.618439 1.360050 2.402278 0.490174 2.244146 2.341831 2.772610 1.581254 1.181748 1.751818 1.489763 1.257596 1.896136 1.507626 1.639696 3.205578 2.372912 0.649634 1.760668 2.404919 2.467730 1.967025 1.760030 1.330217 1.851524 0.817254 2.579777
1200,540,2.069267807995233,1.889560 1.926894 1.556608 3.238926 3.797054 1.634873 1.844009 1.249761 2.289925 1.003217 0.551098 2.811993 3.293455 1.550594 2.842958 2.058761 1.383370 1.549152 0.538131 2.066239 0.864906 2.730094 1.181744 0.981310 1.866791 2.184310 0.203577 1.196821 3.278171 1.901260 0.837501 0.826242 2.027635 1.304532 1.956146 1.415137 0.902236 0.592783 1.515446 4.126482 1.614664 1.765465 1.834382 3.237250 1.772516 3.067422 1.238012 2.978666 2.165742
1200,541,1.467817902373071,3.549926 2.407925 3.064623 0.834882 2.188686 1.546749 1.881042 2.206987 1.477630 0.401082 0.905860 2.265177 1.068870 0.929807 0.046990 1.270885 1.737041 3.142666 1.336235 2.925121 2.502977 0.567680 1.479562 1.232150 1.015109 2.419683 1.217750 0.620494 0.742137 1.208765 3.244983 1.214512 2.181937 0.971397 1.513180 1.810960 0.751980 2.239555 0.962754 3.502550 3.808640 2.881756 1.837506 2.565971 0.886248 1.307982 3.476973 3.973183 1.305404
1200,542,2.5510272741257527,0.769587 1.571608 2.491110 1.127705 3.257623 1.860131 2.475323 0.367942 1.237469 1.202721 2.051506 3.406938 1.972158 3.127897 1.762815 1.482463 3.451149 2.638815 3.128002 0.659029 2.346913 2.735717 1.922888 1.544709 2.736827 1.667406 1.366378 3.175551 1.732189 2.708993 2.313009 2.151779 3.178663 1.911834 3.759821 0.326285 2.768348 2.053744 3.926756 0.813066 2.764567 2.973049 3.363393 2.007251 2.725276 2.235559 2.935073 0.639285 0.843584
1200,543,2.6899154914882555,1.416542 0.836201 3.011608 0.699478 1.564226 4.102774 0.521229 1.135704 2.507952 2.179124 0.537992 1.828308 1.665528 0.811054 1.786082 1.735717 0.657748 1.294506 2.248875 1.331816 3.311128 1.207918 0.813733 1.574494 3.855853 2.105714 0.892272 2.144626 3.192120 1.129680 1.401158 1.396218 0.838438 3.440616 2.591017 4.027925 0.482043 2.172907 1.835803 0.235030 4.280835 1.308074 0.438882 0.909165 2.009706 1.628362 3.835859 0.754394 2.106199
1200,544,2.060583334695817,1.635155 1.237006 2.945235 2.677348 3.627216 1.450208 2.041730 1.623346 1.291772 3.107193 0.488274 2.154180 0.632400 3.407279 1.512126 1.978030 3.155688 2.650068 1.530668 0.714368 1.661816 0.967597 2.470158 1.291706 2.289119 2.686729 1.654534 1.760629 3.135358 1.446503 2.131854 1.296006 2.445560 1.661967 0.929929 0.885353 2.863274 1.692086 2.830079 0.802993 1.821947 3.777259 3.716988 1.435962 3.588276 1.580234 1.917337 1.575116 1.598846
1200,545,2.7206438441402594,1.629616 2.044685 1.486674 2.396622 4.835837 2.471042 2.671874 1.953784 1.112501 2.193062 0.181680 1.534360 2.050528 0.660781 3.357750 1.610426 1.715307 2.827279 2.202166 3.021119 2.078345 2.316601 0.995958 2.641196 0.826346 1.508187 3.342422 2.921018 1.731364 1.698329 0.860385 2.496144 1.983482 3.744197 1.385604 0.722016 2.431476 0.467037 1.238095 1.484819 1.195466 2.680820 1.422559 2.678677 2.403490 2.974755 2.236837 0.402586 0.795612
1200,546,1.867188142870433,2.819923 2.777165 1.726161 2.903401 2.054600 1.012619 0.039889 2.116241 3.198185 1.097009 1.242203 2.793923 3.262627 0.283648 2.428927 2.480339 1.985597 0.313613 2.553066 1.397282 1.203174 3.423879 2.038913 1.669918 2.511907 0.911561 0.693894 1.174188 0.833905 2.744083 1.837447 3.327999 0.795355 1.043890 1.324370 0.449641 1.749245 1.602356 3.176370 1.256760 1.415613 3.562812 2.525836 2.263695 3.204814 2.773107 3.236019 2.068749 3.018125
1200,547,0.8924033800485139,2.986684 3.421885 1.453320 1.403419 1.672502 2.946908 1.432230 0.848879 2.659168 2.041579 3.019118 1.292702 2.485706 2.137259 4.183363 1.799207 1.805801 3.595103 1.922387 2.476071 1.713658 2.532522 1.531414 1.227591 1.573512 1.496215 2.082136 4.008836 2.061572 1.309503 0.977079 0.782319 0.912637 1.977317 1.088058 3.304460 1.279754 0.959107 2.738244 1.322842 2.094671 1.641652 1.156422 2.086805 1.880485 1.514247 3.551142 1.348704 1.744176
1200,548,1.1599495584667703,2.139846 1.805160 3.019052 2.198234 2.944141 3.633415 0.910743 1.510668 0.605813 1.340816 2.149324 2.328815 1.221877 1.629625 1.776980 2.590496 3.131862 2.680816 3.983223 1.877892 2.905562 1.193375 1.760695 1.650498 2.194157 1.885435 2.041483 1.897551 2.885744 2.461685 2.508416 0.960228 1.429367 0.570551 2.453431 3.187563 1.735483 0.674020 2.315104 2.735124 1.479127 2.294099 2.102140 2.083350 2.931288 1.514527 0.820891 3.080485 4.710310
1200,549,2.1447679934852717,1.151140 2.412101 2.015116 2.748261 2.459545 4.036376 0.941629 2.166348 0.974690 1.448580 1.789933 2.159409 1.358827 3.108970 2.521741 3.004850 1.621763 1.520603 1.236503 1.418945 1.447757 1.468480 2.013421 0.919438 1.839207 0.330652 2.742258 0.722217 1.068209 2.380307 1.102012 2.586919 2.913508 0.924123 2.631149 1.495901 1.608211 1.282431 2.779356 2.635623 2.776923 2.767506 1.787982 2.612588 2.971258 3.257348 1.696476 2.926736 0.994937
1200,550,2.2196721076374017,3.207257 1.335773 2.298511 0.531391 1.249670 1.874339 2.629138 2.196083 1.984625 1.057542 4.059427 1.782230 2.380379 3.734829 4.205123 3.400428 1.606674 3.023882 0.914072 0.923967 1.916937 1.825728 1.650327 0.809162 3.393725 1.082028 1.504836 2.030091 2.254161 1.152138 2.004013 2.953559 1.150911 0.877622 0.027302 2.469561 3.131272 1.639247 1.874554 1.570088 2.031905 1.144537 1.196359 2.107763 2.334547 1.083844 0.775106 3.608484 0.872889
1200,551,1.1104281955465143,0.822374 1.319338 2.547410 1.827249 1.194514 0.562817 1.084797 1.998580 1.859809 1.514095 2.091739 2.607288 4.278970 3.180977 1.358751 1.446834 1.188213 2.684196 2.283964 0.843488 2.039134 0.928468 1.102273 0.814425 2.126079 1.581600 1.023453 0.757176 1.760260 2.353612 3.471412 1.347594 0.523248 4.459565 0.812984 1.733970 0.849103 2.038035 1.313819 3.301968 0.643019 2.642451 0.938374 2.707275 2.826588 3.529817 3.066571 1.852680 2.866638
1200,552,1.7085218215621707,1.994059 3.146253 0.508051 1.527754 3.626251 0.725564 2.407927 2.135070 2.142998 0.825048 1.769143 1.286922 2.111989 2.223442 1.808201 3.396297 1.334583 2.544841 1.896705 1.862502 1.530864 1.027367 1.910030 1.499465 2.355033 1.626540 1.879608 3.670993 4.312100 1.191420 1.552377 2.729691 1.732642 3.078834 2.453533 2.117916 2.555887 3.029145 0.677666 0.943747 2.429875 0.991025 1.344381 0.487394 2.178626 1.593066 2.591525 2.003299 1.401696
1200,553,0.42091060875676656,0.942072 4.268652 1.459665 3.434508 3.002424 3.450046 2.251719 1.240075 2.621035 1.795164 3.381182 2.171591 1.457388 2.750477 2.364629 2.157055 1.689872 0.624228 0.777797 1.492080 2.146056 1.502962 2.071896 1.997748 1.468133 1.999697 1.148695 1.073736 0.692210 1.546462 1.625667 4.203900 0.987933 3.076175 1.719622 1.445659 1.241791 1.587974 3.655608 1.297025 2.808424 0.870851 1.783018 2.110922 2.151819 0.616575 1.413024 2.695554 2.130361
1200,554,2.974993887685983,2.739584 2.217577 2.141370 1.923999 0.691667 3.121284 3.575899 2.257020 1.528931 3.286013 2.437213 1.524780 3.474992 3.076293 1.847789 1.724637 1.446733 3.067269 2.448808 1.645943 0.345934 1.956326 3.341400 1.487762 0.751894 1.658241 1.942840 1.071424 2.431476 2.366567 1.637188 0.921990 1.617176 1.586766 3.104784 4.254677 0.993484 1.039989 2.469033 2.865749 2.054338 2.151943 0.416413 1.002428 2.417758 1.581132 1.689808 0.705617 2.206524
1200,555,0.4628918710069195,3.595389 4.812363 1.417076 0.683707 1.384468 2.977035 2.313267 2.042486 0.914699 0.171390 0.451151 1.679132 1.083464 3.288687 2.790373 3.579003 2.129770 0.982216 0.904143 0.993579 1.955202 2.988308 1.118120 1.958811 3.620210 1.183728 1.361409 1.450051 4.682602 1.962499 0.891874 2.481152 0.775837 1.747265 2.081543 2.740912 0.811866 1.423796 0.872416 2.073943 3.014313 2.194275 1.916477 2.585297 0.645235 1.391983 0.457689 0.853535 2.740538
1200,556,0.2790877033518452,1.554626 1.899413 1.662728 2.561107 3.493512 2.201770 2.569899 0.801156 0.894670 1.031308 2.046643 0.650540 1.345636 2.634065 1.991741 0.313661 1.339783 2.539366 2.329180 1.927806 1.081094 4.419656 1.932683 2.432250 2.374493 2.473381 0.712406 2.147542 1.331856 1.533943 1.456619 3.256083 1.321677 2.430561 2.472382 2.053730 3.206161 0.306625 1.333440 1.493762 2.300818 1.623943 0.531082 1.676670 1.418559 2.522726 3.884110 0.802562 2.078135
1200,557,2.7909855122351175,2.042675 2.028344 1.106386 3.238917 2.712975 1.122660 2.410322 1.917341 1.697412 0.950356 0.843802 1.884821 2.194232 3.309113 2.874601 1.620529 1.796900 0.428813 1.112939 3.112599 2.923146 1.060201 2.503309 1.014103 2.313491 1.228796 2.343216 2.445386 0.967620 1.890361 2.063105 2.029230 2.743194 1.492039 1.748409 3.557644 1.156938 2.970818 0.847699 3.619170 2.452306 -0.120889 0.664270 2.092153 2.090421 2.321878 1.852080 3.316626 2.536522
1200,558,2.393492543244627,2.870622 1.138731 2.374061 1.253258 0.973344 1.303176 2.777804 1.212733 1.506238 2.307929 2.648177 5.078189 3.847889 3.319699 3.177321 1.250599 1.501616 1.332479 1.556409 2.047137 1.297758 1.407264 1.247572 2.832910 1.952167 1.622594 2.994140 1.583883 1.365217 0.129768 1.336690 1.558549 2.321893 1.072693 0.520900 3.635301 1.879677 2.054502 1.391959 1.293221 2.073561 3.225490 2.044285 2.721298 2.773211 2.609095 2.802637 2.634494 1.502080
1200,559,1.4654869282938139,2.289709 1.523387 3.003859 0.570130 0.507382 1.405420 1.676817 1.604504 2.496033 1.412670 2.260184 1.497141 0.891034 2.525314 1.853467 1.204996 2.949111 2.743863 1.181903 0.384225 1.487602 1.716952 0.968351 2.078098 1.798726 2.287031 2.835791 2.158849 3.378780 1.923451 1.555755 1.842190 4.821403 3.944309 2.486501 2.072240 1.596230 2.115807 1.534681 2.633727 2.392975 3.013904 1.251740 2.124152 0.308574 1.571597 3.175997 0.692925 1.890280
1200,560,2.605848654718702,1.979708 1.045708 1.990261 3.038906 1.143968 0.390511 1.284928 0.920123 2.037962 1.359971 2.878233 0.999196 3.402129 2.676750 2.136060 0.941766 3.842502 1.938038 1.733592 0.561661 1.494311 0.601446 1.627711 1.570178 2.394450 1.115165 3.432236 1.400865 0.825027 0.001496 3.020970 1.550150 2.025510 3.361494 1.091681 1.321062 0.497854 0.202052 2.605528 2.966418 1.541803 3.850713 2.972056 0.667490 1.117539 1.470247 2.692313 2.459602 1.025022
1200,561,2.458931997258062,1.068509 2.391949 1.099964 3.008483 3.241084 2.821116 1.540227 2.398682 2.356087 1.371398 2.033062 3.220793 0.996062 2.186476 2.478202 0.801460 0.461813 3.468847 1.543862 1.738912 2.117039 2.673752 0.916301 2.159299 1.265532 1.570282 0.625342 2.922893 3.465244 2.024543 2.352915 3.508366 1.455542 1.405425 1.725029 1.246491 2.442535 2.436758 1.961044 2.098147 2.606208 2.608083 0.730870 2.668106 2.167884 3.239955 2.283111 1.814831 3.141541
1200,562,1.712852099213213,2.866833 1.028886 4.075847 3.765322 0.529027 2.371002 0.300185 2.116572 1.597902 2.587176 0.540503 3.090784 2.523505 0.037365 2.948083 0.833329 2.283464 2.302882 1.328990 0.437985 3.935099 0.396424 2.141399 1.182161 3.297575 1.920766 0.538258 2.308863 0.909362 1.569046 1.692802 2.315498 1.637111 2.044511 1.892573 1.859336 2.007623 0.461902 1.333060 1.184927 0.780812 2.180006 1.437484 3.140276 2.396178 2.609079 1.959601 2.565012 1.370665
1200,563,2.0135601280566844,2.374735 2.973442 1.783634 2.134112 0.852841 1.829193 1.386690 0.334832 2.443568 2.299736 0.850452 3.292729 3.433682 2.480882 3.203873 1.745950 1.730702 2.687821 1.894732 2.967555 1.076489 1.630074 1.634084 0.844501 0.460329 2.825244 1.178399 0.389686 2.726631 0.900362 0.616748 1.375153 0.716348 3.730468 2.079729 2.570314 3.472611 3.418641 1.733642 1.436852 2.138646 0.438897 2.420074 2.672577 1.281938 1.772103 0.590569 1.560302 1.553566
1200,564,1.4255301556362587,2.036463 0.987942 2.554708 1.203730 3.593889 4.077536 2.623235 1.098358 3.254368 2.248282 1.841375 2.612582 1.264181 4.090493 1.585659 3.705121 1.732916 1.267972 2.641120 2.266881 1.824466 1.485476 0.703516 0.524563 0.414272 2.268994 2.013786 1.718066 1.046963 2.086141 2.848839 0.619211 2.471038 1.937714 3.003327 2.252728 1.558787 3.396317 1.945918 1.902053 0.581517 3.620885 1.394628 1.689869 3.088371 1.684130 2.783549 1.419119 3.001283
1200,565,2.418182765718122,2.102420 1.685123 2.601385 2.291858 1.717087 0.387363 1.786634 2.456398 2.977290 3.425112 3.275052 3.285815 1.259331 2.816402 1.225191 2.639743 2.315985 3.774811 1.476784 3.052478 2.240478 0.499467 1.221796 2.418127 1.287339 2.512273 0.671340 2.510469 3.040768 2.023681 0.888890 0.516695 1.467144 1.193325 1.693270 2.459683 2.978457 2.837715 1.868975 2.289571 1.838926 2.308976 2.577139 1.465649 3.289968 0.857673 0.695514 2.610778 3.310604
1200,566,2.346406813568543,0.864059 2.849988 0.486042 1.071866 0.409878 2.641896 4.727391 2.468882 1.697541 1.412297 0.468251 2.052458 0.877410 1.572868 1.455428 2.482405 1.981343 3.242170 3.376288 1.283350 3.591645 2.217301 1.291812 2.358088 2.227928 1.746579 4.125309 3.481346 1.279353 1.890538 1.412424 0.410820 0.782328 2.494076 1.858366 2.055427 1.122115 1.768465 2.048635 2.371882 0.401368 1.872394 2.187526 1.361825 2.642390 1.412773 4.052317 2.105206 4.579880
1200,567,0.4307121464337642,2.426259 1.764354 1.579963 1.889179 1.729532 1.812838 1.574483 0.271887 2.088229 1.663127 1.724821 0.647543 1.742621 1.012167 3.054026 0.553187 2.157523 2.067742 3.528506 1.273525 0.458307 1.936477 2.415856 2.124190 3.641686 2.590721 3.582739 2.544786 3.288215 1.261032 2.678305 1.192110 1.004034 3.832165 1.992592 3.413125 0.774912 1.763645 0.548598 2.712473 2.402695 1.413593 2.089858 1.680034 0.825338 0.788513 1.235913 1.667290 2.874989
1200,568,0.7140933350868018,1.976688 1.723520 1.397546 0.789207 1.494237 1.603338 0.659979 2.775521 1.027592 3.147485 0.490248 1.945728 1.795572 1.285323 1.413008 0.606130 1.078566 2.286610 2.804976 2.174668 2.190147 1.194431 1.602875 3.931917 3.211352 1.783908 2.485192 3.764596 1.691917 1.673598 0.867087 3.335707 1.482278 2.029153 2.910686 1.482964 2.480537 2.018494 1.509477 1.096220 1.312062 0.798853 2.373075 3.263576 1.837825 0.470956 1.468537 3.131923 1.113870
1200,569,0.9266061685010034,4.503197 2.834431 1.499886 2.972263 1.665652 0.644357 0.962429 2.490979 2.296544 1.447858 1.582187 3.795665 1.782929 1.624524 0.833968 2.146300 1.163159 0.591707 2.297268 1.179111 1.853640 0.237069 2.522820 2.904224 2.159122 1.401511 0.329441 1.235410 3.474047 2.408188 1.890909 2.920438 1.999631 2.133988 1.839790 2.596236 1.771962 0.687157 2.433134 1.933146 0.349597 1.986581 4.061648 1.592508 1.884593 2.288611 2.020454 0.783355 2.351079
1200,570,2.2981433832357627,2.048240 2.066544 1.118257 1.203756 2.760905 2.373614 1.700850 3.313171 4.320310 1.769718 0.114506 0.348123 1.805610 2.529582 2.251373 2.637186 1.235461 1.666733 3.230318 1.069784 3.196543 1.822478 1.824471 1.557978 0.926760 0.887259 1.658725 2.675581 2.367877 3.383356 1.184201 1.643814 1.154279 2.497577 1.133342 1.788539 2.207408 1.910443 1.799706 1.754864 2.929429 0.718298 1.463078 2.137834 2.134987 1.851860 3.885615 1.677252 3.528259
1200,571,3.1155124930599016,1.187751 1.223498 0.333720 1.977937 2.081488 0.259163 1.316531 3.091868 1.654659 3.938541 3.265013 1.056094 1.435068 1.183051 3.655536 1.816557 0.836678 2.706812 4.979581 2.069172 1.871732 0.887133 2.266342 2.369788 2.411525 1.639809 0.813859 2.523505 2.826444 0.976343 1.685836 0.691174 1.522345 3.585140 1.538490 1.421241 4.412070 1.496882 1.777627 3.743405 1.917395 1.109061 2.727537 1.278610 2.269621 2.103864 1.374396 2.587862 1.891755
1200,572,0.9153938540275848,1.002492 2.219600 1.498453 2.567301 2.713103 1.589716 2.928912 3.174386 0.898165 1.708934 2.048893 1.224620 2.806713 1.283253 3.164141 1.572089 1.883467 2.385635 2.813534 1.378208 1.568833 2.010234 1.581335 2.723732 1.488361 3.740401 3.150357 1.140313 2.055222 1.168261 3.646281 1.757661 2.560066 1.789050 1.630664 4.556152 1.270393 1.452982 0.967056 3.714713 1.063943 1.650936 0.725486 0.891024 1.865326 1.622628 0.840042 1.036606 2.583207
1200,573,2.4834500940232527,2.360401 1.795633 1.112382 1.866082 0.301263 3.383545 1.105192 2.874146 0.915870 0.352291 2.293778 1.951332 2.103346 1.497718 2.113667 3.671280 1.829577 2.092810 1.252811 2.880923 1.894140 1.883362 0.580484 4.092072 3.939734 1.560622 0.633455 1.375615 0.638596 2.827650 2.010431 1.809085 2.744441 0.532411 4.703414 1.323902 2.010086 1.593990 1.160419 0.199391 2.451190 0.318798 2.806400 1.822413 3.545005 1.648974 2.122333 2.582367 1.577539
1200,574,0.6553262643411619,2.220704 2.091453 4.894296 2.434341 2.095543 1.865453 2.333554 2.414360 1.539715 1.333104 1.739489 0.630984 2.358214 2.811259 3.207842 0.761054 1.065970 2.265947 2.984820 1.647482 2.233505 1.214322 2.407604 3.265118 0.666127 2.073472 3.008209 0.808870 0.745762 1.009103 3.008826 2.529171 1.246305 0.208893 2.063247 2.438362 2.157843 1.774677 1.970822 0.665136 2.672249 1.640015 0.600297 3.022356 2.355515 2.732935 2.802462 1.504329 1.536308
1200,575,0.9745394231818447,0.743756 1.446649 1.927373 1.307121 1.172818 1.385427 0.911185 1.770032 2.638636 0.534130 2.091445 2.774308 0.898543 3.504399 0.592083 0.013657 1.550975 1.755174 2.500708 1.682964 2.942791 3.103567 1.205127 1.337249 4.039569 0.520609 1.431955 1.681497 3.030155 1.443426 1.333911 3.104011 2.859305 3.061541 0.959197 2.344664 4.401042 0.953357 1.918949 1.655117 1.361727 1.108020 3.043009 2.919213 2.638753 2.183023 2.687736 3.155764 0.215307
1200,576,1.9858392301316727,1.003531 1.815054 2.512535 2.697848 1.017159 1.402439 2.392902 2.258716 1.962296 0.417889 0.954969 3.559513 2.665344 1.353429 1.705034 3.019487 1.532904 1.272702 2.671279 1.092503 1.271113 2.856576 2.713955 2.463329 0.558687 2.428404 1.867211 0.914636 2.658940 0.304546 3.901648 2.536045 2.078517 1.782007 0.109983 2.103147 1.610200 2.924395 2.258568 2.231082 2.123736 1.852716 1.546478 2.799398 3.627682 3.300979 1.180746 1.664026 3.631691
1200,577,3.526098792403872,2.500674 1.226999 0.581953 3.826303 1.282428 2.815129 1.401224 0.680734 0.349497 1.584414 1.108573 1.733650 2.471399 0.591528 2.674530 2.119970 0.975295 2.721227 3.767187 1.845397 2.295436 3.011179 2.265861 3.544516 3.603790 1.770743 3.165858 1.698805 3.342977 1.538355 2.419419 2.296890 1.728243 1.289064 1.343716 1.171712 1.584518 2.453279 1.888343 1.335384 2.709918 1.145593 2.562644 2.038440 1.433230 1.509129 4.006259 3.079555 3.608864
1200,578,3.38893279362252,2.210511 2.032229 1.696102 1.813932 3.127152 2.933340 1.874500 1.897068 0.905016 1.809839 3.743966 2.456387 1.712219 1.525759 1.370232 0.856865 2.441460 3.247668 1.717704 1.761954 3.084212 2.186864 1.483958 0.735922 2.706281 1.160537 1.597550 2.931538 2.709325 2.643707 0.422435 0.921394 1.997603 2.690694 2.730342 1.315182 2.454400 1.876160 0.731810 3.385099 3.447609 2.790687 2.068139 3.080099 1.546709 1.180428 3.093475 1.622551 0.242095
1200,579,4.199905461348974,1.641322 2.652197 3.782890 2.834961 1.264089 2.327804 1.645920 1.624685 2.272042 2.592557 1.505155 0.878803 2.580955 2.196840 2.517633 1.252007 1.533189 2.103639 1.344043 0.348923 1.450224 1.611418 2.248244 2.188785 0.846194 1.907832 2.302802 1.855252 3.536326 2.572563 0.718564 0.599596 3.157854 2.225795 0.870290 0.972705 2.690299 4.336927 1.414617 1.281418 2.600455 3.444435 2.126578 1.926001 1.362162 2.269593 1.661355 1.672183 2.488420
1200,580,2.1077897920219684,1.808869 0.467225 2.778554 1.090762 3.020233 1.452524 0.272120 1.106600 2.388169 0.489050 2.975910 1.489770 0.944681 3.544078 2.597992 0.513429 1.273819 2.898359 0.439016 2.614718 3.310422 0.532978 1.725063 1.714779 2.275859 2.541784 1.814213 3.132928 0.943642 1.852638 0.676225 3.000245 1.300497 3.465755 1.380200 4.299051 2.352118 1.165047 1.242502 1.414716 0.974924 1.313549 1.789260 0.950565 2.024624 1.766411 0.856550 2.180825 2.591413
1200,581,0.9947976286278707,2.139325 2.673424 0.908215 2.312684 3.214279 4.351877 3.263847 3.102041 2.006944 2.085799 1.509896 0.733870 1.925287 0.714611 2.671454 2.209831 2.934419 0.618631 3.044772 2.232170 1.290401 2.170589 1.536857 1.682231 0.777284 3.736456 1.216154 1.172944 2.100702 2.643473 0.990013 1.019391 0.291210 4.426111 0.862751 0.401021 1.921205 3.210502 2.552129 2.877524 1.394030 1.848285 2.333712 2.493955 1.346254 1.592974 1.615966 2.512406 0.739832
1200,582,1.687673628631065,0.622080 1.761080 1.012191 2.765306 0.383713 3.207726 1.415793 1.694319 2.627315 1.933971 2.945895 2.593577 3.089950 2.459290 3.917197 2.318746 1.717920 1.498726 1.819304 2.806522 0.874417 3.413235 1.925318 1.314970 1.417419 2.039601 2.672436 3.177052 3.491770 3.529112 2.560788 1.031848 1.795668 2.245790 1.601155 1.713874 1.495210 1.750098 0.920275 2.129702 3.236531 1.798541 2.722530 1.180890 1.574986 1.186383 1.041397 1.516769 3.175273
1200,583,2.2128904879910736,2.291156 2.721318 1.277905 1.970364 3.641025 1.042433 1.819479 0.952088 2.766831 1.872765 1.253279 2.769695 3.021621 2.442605 3.835809 2.623044 4.331425 0.624706 3.487035 1.610039 1.951586 2.157154 2.578789 1.388855 1.149183 2.292234 2.196285 2.997026 2.833962 1.142920 1.518965 2.667662 2.749713 2.283993 1.767301 3.027810 1.679607 1.757956 2.202990 1.066222 2.112361 1.579036 0.973256 0.364708 1.676361 1.047198 1.789560 2.029689 0.845841
1200,584,2.4884145294905964,0.729070 1.829370 0.493963 1.584048 0.707458 2.740175 1.172758 0.616014 1.359103 3.685653 0.452978 1.732032 2.076565 1.030030 2.006402 2.464275 2.368825 3.832903 0.599208 2.671478 0.597723 1.913473 1.000322 1.243637 2.003761 1.840726 2.537041 1.840613 3.266210 2.389646 3.770156 2.620780 1.478361 2.994220 2.839140 1.799716 1.381459 -0.051092 0.522616 2.316961 1.536524 1.795359 0.743629 1.632947 1.309649 2.417008 1.144426 2.234356 3.142696
1200,585,1.9362569629713153,2.644677 3.729909 1.155972 1.573239 1.270343 2.715399 1.270797 3.422011 1.905072 0.720556 2.299061 3.663474 1.494767 3.395919 1.790430 1.097177 2.954769 1.699837 1.123583 2.189635 1.033484 0.753195 2.106156 1.623257 1.805964 0.738742 0.387148 1.649655 2.045171 2.126018 2.376507 2.820478 1.890501 4.206073 1.711175 2.804050 2.691528 2.658499 3.049097 1.744862 1.367585 3.189889 0.010052 0.605085 0.175677 1.878844 1.130946 2.582050 2.478836
1200,586,1.4299060816483145,1.941923 1.695740 0.734772 1.579685 3.985162 2.697707 2.272334 1.262698 3.196892 1.452915 1.196718 1.402843 1.335855 3.490162 0.480930 1.922191 1.892614 1.109847 1.651467 1.832065 -0.161056 2.951010 1.061845 2.293356 2.948745 4.083970 0.526930 1.895152 0.917903 2.543582 1.075815 2.048792 0.890818 3.211925 2.408413 1.293932 2.161506 1.565558 3.504745 1.390404 2.984610 1.572660 3.031376 1.669863 1.812285 0.839684 1.329801 1.860203 1.906771
1200,587,1.2289487882595418,1.813857 1.846397 2.057189 0.842429 0.085251 2.369288 2.761901 3.541916 2.806246 1.722496 0.977807 1.567024 1.730208 3.111743 2.822156 1.651466 1.431090 1.232430 1.927032 0.708194 4.128550 2.955076 1.861785 1.991626 0.875825 2.485056 2.749372 1.042793 0.850847 1.974561 2.278296 2.108743 1.715390 2.128414 3.405719 1.908963 1.283864 3.550088 0.599229 0.716306 2.891088 1.799710 2.302953 1.335434 2.263586 2.057678 3.701127 2.482526 2.348577
1200,588,1.6252226279740174,0.968423 1.491602 1.848926 2.488320 3.145183 2.140386 1.266321 1.042180 0.684365 1.067602 1.829688 0.731914 1.009033 2.052985 1.847511 0.829246 2.685449 3.830703 2.984690 2.581562 1.547710 1.398102 1.407470 2.889670 1.711955 4.622508 2.498181 2.092043 1.384852 3.048309 1.555705 2.395137 0.484318 1.066312 3.983312 2.044126 4.952339 0.758913 0.927145 1.605187 4.436625 1.872580 1.500359 3.497683 1.435440 1.338355 1.578293 1.088770 2.347135
1200,589,1.399766287859463,1.647841 3.100714 1.446577 1.960480 2.240573 0.975838 1.920632 2.570064 3.440008 1.721217 1.827130 1.494189 1.451033 2.644349 1.500809 1.366050 1.846306 1.341227 2.509633 2.403600 1.691481 1.595142 2.170975 1.443189 1.229602 3.110108 2.270799 0.899146 1.615120 2.978532 1.807246 1.865219 2.954603 0.329271 1.038576 1.841281 2.976902 0.772165 1.487470 4.977825 4.439586 2.053126 1.158240 2.680077 2.239433 0.674501 0.321477 2.069678 0.192228
1200,590,2.3451918666325566,0.879130 2.837815 2.545843 0.828893 4.115688 1.691884 1.102239 1.533204 -0.001881 1.922204 1.512802 0.545484 1.781476 2.813569 1.105284 1.368408 1.397865 0.634276 0.556334 2.635091 2.804219 0.683870 1.660929 2.445135 1.697723 3.937779 4.207372 1.608642 1.657473 1.094435 1.959660 1.465341 3.840880 0.490228 2.016250 0.764595 1.145138 1.062041 3.561591 2.831755 0.242094 2.449845 3.315501 2.001841 1.297434 1.197753 2.062330 1.319789 2.384044
1200,591,2.8204658292974636,1.139816 2.648714 0.725402 0.789999 0.856746 2.170618 2.297916 1.467349 1.822795 2.026126 2.517219 1.896157 0.857078 0.863920 0.860940 3.178340 1.672304 1.710487 2.173609 1.507469 0.545685 3.894816 2.293014 2.320857 3.713746 1.169975 3.788082 3.626016 1.694012 2.045805 0.565351 1.069843 1.013830 3.237557 0.898636 2.057983 2.570913 2.354671 2.819387 1.152764 1.469047 2.812540 1.173298 0.861817 2.214472 2.491004 2.091493 1.737052 3.211023
1200,592,1.9241598813949266,1.844357 0.741871 2.420870 3.009413 1.106695 1.496502 2.860173 0.898203 0.603688 1.151313 1.960541 0.546834 2.981173 0.808840 0.157611 1.034408 2.213133 1.001424 3.030119 4.120949 1.642704 0.742888 2.237158 1.689259 2.725583 1.854704 0.959006 0.839342 3.990073 0.420505 2.636814 2.062060 2.072176 0.956480 2.810264 1.728264 0.802146 1.160889 3.423713 1.804348 1.655016 0.664340 -0.032431 1.828919 1.357769 1.440708 3.337446 3.391715 3.088091
1200,593,2.239903385437181,4.249894 2.839050 1.169579 1.231502 0.833561 1.316832 3.051166 4.171359 2.474034 1.572220 1.168508 0.312788 1.454933 1.850418 0.982240 1.980460 1.292262 2.669290 3.669096 2.509132 1.651451 2.439599 1.750322 2.763197 3.125771 1.426245 1.669135 1.696359 1.719541 1.118939 2.551918 0.729890 0.878707 1.271651 1.682911 2.287634 2.527683 1.114467 2.393762 0.990548 3.405956 2.265300 2.156453 0.801375 1.706985 2.668036 0.831019 2.498990 1.806680
1200,594,2.4902910988357227,2.530941 3.337596 2.593099 3.676234 1.035655 3.372387 1.887068 0.957990 0.795703 2.133429 2.059410 2.028856 1.442191 2.483804 2.186993 0.628730 1.630224 1.835740 0.901506 1.660076 1.277277 3.018809 3.054049 1.272167 2.360537 1.888393 2.587481 1.389669 1.314292 1.412614 3.351640 1.353234 1.103547 1.673430 -0.289841 1.411870 1.197314 2.779283 2.753775 1.255563 1.526364 3.172892 4.126216 2.430107 2.057653 2.135311 1.656050 1.850657 2.435388
1200,595,3.085886959797398,0.635900 3.899025 1.065571 1.715101 2.037713 2.423190 1.941630 0.586054 1.919007 2.336689 0.644698 3.815015 3.715158 1.208232 1.239613 2.194504 0.767998 2.734189 1.296894 0.899249 1.926682 3.243529 3.479629 0.923301 1.036093 1.467586 0.807373 2.238287 2.220133 1.478010 2.278884 1.409865 1.423982 2.722188 2.526244 3.231772 1.763912 2.017278 0.825731 1.203755 1.779405 1.022954 1.672556 2.719962 1.815434 4.277766 3.265325 2.905987 0.627490
1200,596,1.025688048957567,1.267403 0.473602 3.581926 1.655873 3.439533 0.782372 2.201999 2.665682 1.352091 1.763315 1.070303 1.450405 1.320848 1.613819 2.143728 1.751439 0.536805 0.947023 4.486713 4.677245 0.524326 1.689868 3.238589 2.859769 3.517811 1.551542 0.751505 1.669861 2.058580 2.525459 1.081826 1.066551 2.573703 1.600498 2.660632 2.215217 2.669919 2.630155 1.304234 0.980878 3.046957 3.199634 0.849791 2.494311 2.834059 1.188570 1.071600 1.312342 4.071003
1200,597,1.646603634522533,2.899506 1.907054 0.770415 1.287109 2.100822 1.957524 2.245894 3.424589 1.952976 1.262388 1.972921 2.119124 2.527656 3.323810 0.831216 2.007855 2.859547 0.914868 2.713405 0.644817 1.422169 1.226456 1.867572 2.270253 0.900436 0.981657 2.560729 2.721622 1.784163 3.413591 1.826428 1.312291 1.212852 4.159261 1.524535 3.582204 2.765723 0.841887 1.910032 2.123186 1.512084 0.321059 2.251376 1.646408 3.993298 1.144459 0.898571 1.625575 3.881411
1200,598,2.8550172104485476,2.244305 3.862315 0.293096 1.987243 0.711654 2.007191 2.777636 2.470332 2.522573 1.045498 1.877322 1.637504 2.232312 3.425482 1.857348 2.839341 4.054650 3.054104 2.904392 1.752188 1.194439 0.799253 1.562340 1.322447 3.289542 2.497111 3.217962 2.679468 1.973707 0.776336 4.169902 1.928461 2.200812 1.248321 1.848245 1.895094 1.731355 2.832956 1.748069 1.889683 1.287933 3.023414 1.281839 2.300051 1.717768 1.608822 1.502960 2.521293 2.524831
1200,599,2.2627404247877987,1.247396 1.450566 1.134395 2.239807 2.591798 2.845768 2.063057 0.839138 1.289594 2.700993 2.166773 2.353131 1.853356 0.283232 0.370220 2.802408 2.139866 2.181710 2.206454 3.565860 1.630791 2.241661 1.818232 2.455020 1.057863 1.374549 2.645053 1.814843 2.842092 0.896299 2.960840 2.066824 3.286956 1.968733 1.476466 0.991374 2.919096 1.438974 2.606780 2.204141 2.113778 2.138691 2.560532 4.011540 1.981354 2.697230 3.278526 2.903259 2.939873
2400,600,3.0065786229510234,1.690630 1.858061 2.618593 1.851793 1.602140 2.490753 2.544957 2.047474 1.916697 4.244634 1.733691 1.903442 1.961727 2.922656 2.361700 1.735080 1.718528 1.270711 1.949543 2.170272 4.949477 2.176245 1.572051 1.947089 2.054517 0.362102 1.962098 2.531428 3.244558 2.183234 2.334921 1.993198 2.140211 2.824880 3.195283 1.503343 1.762283 2.166163 2.029869 2.653647 2.178476 1.133629 1.983973 3.156114 3.403040 1.878140 2.430859 1.816719 1.365939
2400,601,2.3488987426259897,2.770573 0.774285 2.293954 1.368257 1.458555 1.517932 1.853918 1.034134 2.123347 3.296917 2.391916 0.907567 1.964070 0.998747 3.283156 1.471725 2.045165 1.981657 2.059735 2.289897 3.241171 3.807377 2.889826 1.583092 3.751937 1.906927 1.248587 1.690635 1.437179 2.868514 2.797229 0.984660 1.753233 0.766838 2.039994 0.471419 4.270104 0.311007 2.808331 1.880816 2.311765 2.427129 1.206474 1.754779 2.934551 2.222562 1.968972 1.288264 4.065264
2400,602,2.0140595116145414,2.443623 2.556492 1.590382 2.548251 1.925827 3.181386 3.903112 1.863487 2.400158 2.941103 1.209469 1.374486 1.559146 3.791861 3.797989 1.728566 2.855399 1.696130 1.234396 1.526605 2.611191 1.090887 0.381089 2.364319 2.473146 3.078758 1.590603 0.961804 0.986988 1.032548 2.333543 2.016029 2.288488 1.574781 2.067096 2.453261 1.063348 1.021098 2.619557 1.027740 2.398205 3.592332 1.925456 2.700022 1.635822 2.644545 2.089990 1.243085 1.533387
2400,603,2.8535129740753207,1.696069 1.272055 2.069915 0.799125 1.395283 1.610895 2.362922 2.015364 1.235543 1.652502 2.210434 2.744133 3.176608 2.788565 2.316738 1.230651 2.305747 1.895267 2.629318 1.436988 1.968747 0.798588 1.340427 0.667357 2.376881 1.832147 1.538062 3.838965 3.479361 1.785964 2.015299 4.041868 2.821735 1.426465 1.828243 2.191253 2.331686 2.423880 4.375856 0.714345 1.857053 1.435095 2.916139 2.331654 1.456672 1.209250 2.856587 0.593431 1.707661
2400,604,1.790761938734152,1.457692 0.818175 1.264611 4.076103 3.322603 2.299831 1.280291 1.459672 1.744643 2.443925 1.989221 3.884468 2.934955 1.957568 1.319672 0.545674 1.793911 1.177186 2.390174 1.137561 2.199027 1.525910 1.114838 0.797932 1.461967 1.011212 1.163927 2.775654 1.421893 0.684214 2.548130 2.972216 1.836205 0.487361 3.004042 3.295990 3.019179 0.987336 4.239058 1.850755 2.359241 1.178965 1.195200 2.223293 2.596572 0.693162 0.740811 1.462367 1.948727
2400,605,4.103875658015775,0.689800 4.223498 2.667690 2.993418 4.360702 2.678364 1.169755 2.876402 2.639304 2.422007 1.091207 1.696153 3.103573 2.154616 2.567911 2.870421 1.621151 1.354621 1.001063 2.520275 3.224178 0.563508 1.023954 1.584364 1.922347 1.693772 1.459544 2.641958 0.561902 0.841299 2.632375 2.050907 1.639499 0.851841 2.377815 0.829434 0.715139 2.044691 2.490254 2.646945 2.113385 1.480261 2.677801 3.589853 0.339569 2.114269 2.585688 2.279748 2.778462
2400,606,2.7969477363609236,0.424023 0.816013 3.458418 2.807734 1.812515 2.298860 2.001127 1.064765 3.919530 1.582724 1.404912 1.006729 1.661221 3.050715 2.805380 2.327343 1.977724 1.784919 1.167205 1.474215 1.588733 3.371877 1.882404 1.134059 0.916646 1.965579 2.566602 1.319941 1.333147 4.017028 1.272171 2.326905 2.454041 1.956370 2.033240 0.926464 0.675790 2.328026 1.751583 1.307494 4.184366 2.537687 1.860816 0.785693 3.597407 3.960832 2.535352 1.509526 1.011314
2400,607,1.2592687852315467,2.203446 1.949431 1.911095 1.369049 2.953264 3.016450 3.890941 1.323518 0.699456 1.503529 3.382522 3.734444 2.283016 3.614972 4.559734 1.665143 1.340607 2.136506 1.478144 2.745837 2.038093 1.690852 3.190990 1.860907 0.472410 2.409302 0.863717 2.132395 2.382623 2.321899 0.741879 2.226065 2.726573 1.205964 2.476208 1.509131 1.984218 1.253506 0.425170 3.204574 1.041737 2.038105 1.633573 3.040634 0.158140 1.380854 1.919663 1.246490 1.969987
2400,608,1.1756603810529085,0.712211 1.126173 1.803854 1.222468 2.899820 2.564567 0.489087 0.809685 2.592382 4.194877 2.793658 1.619031 3.595642 2.776899 1.741357 1.055690 1.816749 3.385947 2.052462 0.747048 1.686801 0.657949 1.106775 2.576202 1.504380 2.141035 2.570115 2.686278 2.327389 2.348738 2.224483 1.500276 0.960132 2.209549 2.897045 2.276633 1.209221 0.740114 0.957757 1.624018 1.961438 0.986144 1.088250 1.919655 1.380691 1.482038 1.588747 1.704456 1.795795
2400,609,2.247378951571264,2.485058 3.067865 1.543405 2.390578 1.645404 0.643134 1.061300 1.910200 2.512413 1.841680 3.589974 3.049441 2.056323 0.491971 2.453875 1.771270 1.994479 3.201503 0.786072 1.509651 1.313758 1.737001 3.740478 1.873970 1.872613 1.001628 2.382916 1.762316 0.893894 1.339777 2.298948 1.203746 4.302487 1.794742 1.549131 1.165918 1.369395 1.988022 2.253198 0.397482 2.667858 1.583304 1.105661 2.588485 3.129839 2.493150 4.113186 0.934638 1.181193
2400,610,1.5680215699550675,1.407290 3.450384 2.033491 1.867895 2.404447 2.780503 1.074545 1.192350 1.065440 1.506744 1.246030 1.630134 1.659173 1.970325 1.447720 4.621408 2.509268 5.109388 3.234422 1.561858 0.835052 2.998264 0.737517 1.484674 1.170651 1.712093 1.583390 2.591911 2.563112 1.866006 2.789921 1.598113 0.793647 2.097342 2.885551 1.130425 0.578915 2.027998 2.707004 1.406127 2.610245 1.748750 2.101962 1.922310 1.210418 2.816856 0.778836 1.636550 3.077623
2400,611,2.644506305007615,1.141172 2.792656 3.151808 2.622898 3.314267 2.283267 2.270338 2.444606 1.512285 2.057952 0.938734 1.248568 2.830961 2.794527 1.469928 2.104813 0.815325 2.474525 2.057246 0.854223 1.920566 1.838223 1.433256 3.534955 0.877720 1.923010 1.085545 0.860609 2.271299 1.638350 2.207240 3.252687 1.480828 2.715112 1.531916 3.161620 1.206694 2.337575 2.364223 3.539881 2.771798 2.539557 2.064809 4.718178 1.369422 2.155264 1.237499 3.670020 1.760807
2400,612,2.409608393366016,2.579478 2.426001 1.173708 0.672144 3.450952 2.677350 2.969428 3.189884 2.418981 0.856214 2.852344 2.685514 2.436207 1.213215 4.241222 0.285502 2.062345 1.897171 1.761897 2.255101 0.967962 0.755811 0.802985 0.542064 1.084342 0.986303 0.742351 2.285112 2.491948 2.392469 0.162327 2.129173 0.948156 1.500731 1.247855 1.457068 3.600374 1.032486 2.273403 2.965482 2.551735 0.885281 3.782195 3.388492 2.107314 1.818821 2.078378 1.200698 2.572811
2400,613,2.580470011148055,4.409017 1.253829 3.852704 0.630909 1.632558 1.111691 2.414024 0.790054 1.086950 1.690876 1.369649 0.994616 1.821545 3.768704 2.237073 2.549723 2.493616 1.888931 1.399998 4.192000 2.138435 2.507211 0.897830 2.194408 0.440781 2.932729 1.629854 0.933392 1.768010 1.078191 1.307500 1.364354 1.213406 2.350528 1.546440 2.075016 1.536324 1.025502 0.631582 0.827932 1.590673 1.456511 1.309897 0.757108 1.998922 3.104937 2.154619 2.807691 1.752322
2400,614,2.0154562126267415,3.189024 1.797256 1.154018 0.550248 1.414467 1.569908 2.376197 2.482939 2.069122 1.909659 0.266602 1.762345 2.541102 1.839623 1.104477 1.927293 0.307862 1.228235 2.669105 0.971566 0.835755 1.596021 1.003804 2.008330 2.535634 0.791698 2.147575 1.541137 2.660678 2.904227 3.206453 1.800035 1.094911 1.244094 3.214781 4.546955 0.904784 1.283059 2.375575 3.663227 1.363016 2.169212 1.471982 0.929949 4.092859 1.596601 1.263001 1.937457 0.544926
2400,615,2.708008901267586,3.071456 2.886877 1.512895 2.378481 0.017850 2.051891 1.343407 1.527323 1.187933 1.497116 1.623293 2.344620 -0.002446 1.070843 1.730357 1.570649 3.736640 1.818369 2.779259 0.614518 2.047381 2.216289 2.727608 4.379927 2.152230 3.025355 2.971909 1.997313 0.963930 2.809543 3.378972 1.899608 1.840963 1.029843 1.890064 1.274756 3.118308 2.209684 2.945129 1.742601 1.956583 0.586056 2.065054 2.010750 2.308381 3.131243 2.386721 0.685578 1.718115
2400,616,1.6588391494682715,1.502008 1.973598 2.889750 1.270562 0.840981 2.103593 1.648980 3.943700 1.440751 4.070719 2.236202 2.640468 1.039218 2.878573 0.613869 3.085159 1.531775 1.933902 0.988804 2.058489 1.659958 3.266066 2.006311 0.766249 1.508232 3.197473 1.087723 0.436677 1.948598 1.716734 1.897989 1.479871 2.496668 2.129263 3.814549 0.614659 3.435867 1.153606 2.181286 1.983113 1.313439 2.907693 2.767747 1.944700 1.270568 3.490363 1.779429 3.013908 2.661500
2400,617,2.0441141754541015,3.084591 2.624909 1.910986 1.024293 3.195926 3.989927 1.362324 2.101139 2.859739 2.158177 4.312680 2.102973 1.335679 1.279560 2.154069 2.193143 3.465842 1.626389 2.016296 1.862973 1.989806 2.741018 0.816634 3.758075 1.720361 1.518356 1.151488 2.353174 1.737758 0.918829 0.553662 0.859767 2.557166 0.164936 1.954957 0.715986 3.026435 2.124912 2.261127 2.416243 3.104205 1.274920 1.551040 2.100189 3.570788 0.594545 2.021464 3.149369 2.008783
2400,618,2.0176701080008685,0.773003 1.239884 2.287145 0.410881 1.528066 1.309007 1.445637 4.194698 0.453176 2.091571 1.229751 0.774349 0.769963 1.896860 1.678507 3.562522 1.169256 1.984023 2.031018 2.356155 1.969489 1.772419 1.777691 2.057340 3.620536 1.498189 1.427656 0.619218 1.457020 2.948407 3.957612 1.855768 1.290173 0.565384 3.458629 0.890076 0.262415 3.125391 1.476986 3.054203 0.926170 3.882295 3.505174 0.240093 2.624204 3.059060 1.456674 1.278877 1.830512
2400,619,1.4002030601122797,0.670493 3.927358 1.815004 2.551279 4.213103 3.851031 1.589530 0.954993 2.605647 1.477718 -0.010153 2.011667 2.080577 3.260807 1.392759 1.226466 2.472138 1.574989 0.968096 2.747916 1.186138 2.204353 2.299011 1.517445 0.788513 0.518574 2.140591 1.666102 1.844954 3.228116 2.821709 0.992895 2.082392 1.589521 1.640348 1.098425 1.602907 1.484226 2.144685 2.552416 1.129253 3.426880 1.295106 2.137627 0.449301 2.120608 2.264301 1.818429 1.190696
2400,620,2.469630890709492,1.696443 1.929885 2.602262 3.458014 3.222503 4.078161 0.618536 2.873123 2.768454 1.991019 3.466359 1.621804 3.215844 1.329990 3.077475 0.612628 1.659521 0.014973 0.703620 2.416937 0.375717 1.621716 2.228633 1.981013 2.554055 1.374840 1.061404 0.866285 3.212546 3.567485 0.957926 0.633109 2.230826 2.615003 2.198527 2.005350 1.172636 0.754215 3.297477 0.791619 0.945504 3.307803 1.379099 3.859752 1.921383 1.053948 1.229049 2.014053 1.731415
2400,621,4.497801640714221,1.330597 1.411121 1.620062 1.394063 1.614056 2.693801 2.263198 1.368598 1.938455 1.595685 2.457444 1.855695 2.728318 1.600244 2.281491 2.427549 2.662260 2.202651 3.561377 1.273463 1.305896 2.948214 1.638881 1.151288 2.311734 1.315533 1.136094 1.793893 3.593390 3.959822 2.904958 3.251779 3.551277 1.001334 1.375511 2.612836 2.830281 1.543650 0.876646 2.272151 1.869998 3.229229 2.420899 3.008035 1.947223 2.936793 2.094190 0.572412 0.720773
2400,622,2.499861319853501,0.532366 2.022744 1.764713 0.714984 1.690862 2.022227 1.097932 1.461526 2.992464 3.354138 2.916843 1.026118 1.250489 2.067939 4.017962 2.858497 1.345079 1.053602 2.188048 1.605972 2.185026 1.908784 2.449112 2.494224 2.692063 3.053676 2.349717 1.446578 3.568745 2.720646 1.745746 2.730452 2.094198 1.963534 1.359205 2.331912 4.604550 3.160387 2.380345 1.912780 0.784646 0.818886 1.651435 3.116848 1.116340 1.961089 0.997591 1.193789 1.870087
2400,623,1.8836080045000814,1.550791 3.048754 3.334949 1.372125 2.319057 0.678914 2.435573 3.629023 2.013649 1.232795 1.592069 1.697276 3.025074 2.008977 1.863768 2.245252 2.365018 2.733896 2.081149 2.144126 -0.100172 2.179466 4.270400 3.328565 1.879335 1.407777 1.838582 2.165640 2.062808 2.406063 1.510033 1.867151 2.659990 1.826930 0.524852 1.090891 2.784827 0.736783 3.498584 1.080000 1.513420 1.541283 1.759231 1.610022 1.046706 1.489839 2.064328 1.818754 1.450659
2400,624,2.476646395703046,2.541048 1.171557 1.537631 1.254599 2.029678 1.052226 0.991214 0.573218 2.225167 1.880738 1.770301 1.337449 2.527516 0.935555 1.354632 1.397560 2.861583 0.372057 3.584331 2.231544 1.249458 1.368316 1.140841 1.506834 2.785096 1.446470 3.368003 1.930056 2.384532 2.230619 3.914933 1.872220 4.023441 4.025288 1.324302 1.655460 1.440057 2.811075 3.139873 2.726360 0.754966 1.379435 2.294666 1.533824 0.348984 0.847337 1.480540 3.236290 2.771449
2400,625,1.1123377987850311,2.337482 1.808900 2.961821 1.603522 2.870312 3.665945 2.416828 0.533154 1.061880 2.812639 1.068365 3.776583 3.452148 2.769078 1.698907 1.753125 2.360849 2.203067 0.864512 1.271493 1.543274 0.233459 4.388909 2.102453 0.519392 2.412041 1.401095 1.280973 0.806515 1.584096 2.959327 2.535565 1.802633 1.213972 1.913266 1.112063 2.912560 1.439458 2.256323 2.960553 3.049343 1.918194 1.833307 1.519328 1.016601 2.035131 2.348537 1.225909 0.888854
2400,626,2.592900934472169,3.416366 1.695211 1.915938 2.594518 2.122063 2.705936 1.780832 0.386453 2.873867 1.081300 2.101823 1.649713 1.648319 1.925215 3.223037 0.373559 1.106271 2.551980 2.587587 3.153842 3.468778 1.201294 1.377156 1.219963 1.344393 2.531700 1.604558 2.738065 1.805650 1.320721 2.103474 1.869644 3.368841 0.533921 2.118262 2.269035 2.578725 1.587043 2.126405 4.077808 2.249703 1.077333 1.434670 0.899833 1.212349 1.513744 3.267328 2.944365 2.660112
2400,627,3.4864654991965334,2.935898 1.592002 2.411835 1.379580 2.752223 2.590101 1.930083 2.790566 2.401539 0.729047 1.046243 2.567829 1.439310 1.814392 2.067489 1.067036 1.210546 1.265699 2.051781 1.822220 2.122022 0.081239 0.613129 1.211183 2.368293 2.504806 3.214529 3.681131 1.899747 2.223425 1.327869 3.025023 2.354282 2.925164 0.569742 2.566567 0.685833 0.141691 2.431048 2.938226 1.161910 1.874533 2.578142 0.863231 2.823439 1.249668 4.609719 2.147696 3.451588
2400,628,2.7771789716569426,2.236300 3.037343 2.481956 0.960521 1.867016 1.968082 2.354640 1.918251 1.016267 2.282240 1.113192 1.458566 4.196928 2.381704 1.605383 2.684292 1.373424 1.054188 2.586706 0.788448 1.344518 4.011791 1.631227 2.070193 1.218675 0.960530 2.228411 2.022696 1.212562 1.505132 0.263223 1.162348 1.176153 3.226880 0.255965 4.614965 1.546760 3.494912 1.878100 2.062357 1.918627 1.866057 1.034108 2.379900 3.338861 3.297602 0.438370 1.809717 1.278473
2400,629,0.629642070478937,4.934848 3.924665 1.450439 1.922143 1.902960 1.827750 2.410865 2.188361 1.330303 3.093379 0.800266 1.640467 2.161075 2.084960 1.084212 0.317448 1.492107 2.940822 2.240355 2.207216 2.339580 1.685943 1.837362 1.488023 2.497631 1.825803 2.095978 1.134246 2.043940 0.798584 1.522119 1.325872 0.726876 3.149001 4.578943 3.159864 0.814771 1.813080 0.307417 1.501461 2.500223 0.195056 2.039449 1.631052 1.344837 1.540443 1.930719 1.257019 2.203110
2400,630,2.1881780320834965,0.182397 2.047125 0.776603 0.642740 2.200990 2.579017 2.525298 1.601831 2.553520 3.119634 2.448101 3.715437 2.385554 0.726203 1.758870 0.372035 3.377274 3.021139 1.559765 1.706833 0.538689 2.475876 2.278343 2.333364 1.690558 3.623885 1.423410 1.337843 0.802977 1.423290 3.461356 1.933137 2.904836 2.179400 2.680495 0.746954 1.354728 4.299858 1.481904 1.417440 2.515539 1.725569 1.698660 1.285794 0.680052 2.719949 2.510318 3.470749 1.090302
2400,631,0.5812701673977906,1.176083 2.933798 3.670997 1.262707 1.796718 1.922453 1.636589 1.222487 0.838946 1.883697 2.878605 0.418042 1.210831 0.788614 1.288254 0.773120 3.110556 2.152510 4.588403 1.348433 1.936337 1.690472 0.877494 0.602376 1.673459 3.810266 1.664093 2.110494 0.747939 0.891034 0.903580 1.125558 1.768217 2.327838 1.401536 0.512836 2.403703 2.803917 1.570413 2.118731 1.711055 1.978258 1.921673 0.550119 1.757786 4.204921 0.617250 2.668683 2.777329
2400,632,3.1776106389362107,2.571716 3.190552 2.309665 1.201561 0.719394 2.674515 0.939415 3.227079 1.139470 2.274163 2.410338 3.198151 1.715384 2.395842 0.929437 0.119927 1.401776 2.474429 3.006599 1.844174 1.137291 2.714133 2.133037 1.810694 1.314978 1.931124 2.071012 2.596610 2.692188 1.162903 1.751182 2.322153 2.471349 2.220459 2.193903 0.660767 1.568488 1.124447 0.347405 2.855235 2.529489 2.131941 0.993705 2.420701 0.680566 2.828459 1.023089 2.055130 1.526243
2400,633,4.152892917893555,2.199846 1.958408 2.951544 0.643704 1.758283 0.971555 3.472647 1.515827 3.501798 1.254634 0.938154 1.309894 1.334788 1.664701 1.143083 2.559489 1.581296 0.905571 2.687387 1.703893 1.314073 3.275729 2.595903 2.872609 3.794860 2.481185 2.286012 1.807873 1.169571 3.207496 1.771770 0.902162 1.543216 0.902208 0.908439 2.670290 2.071610 1.738495 2.799748 1.352644 0.833188 3.016474 1.476206 1.522944 3.321724 2.444957 0.512575 1.827515 0.498279
2400,634,2.5351358658112932,2.035736 2.537556 1.447479 1.349167 2.070406 2.769495 2.591488 1.075205 2.219356 3.177379 1.640865 3.694167 1.794539 2.147181 1.328169 2.148855 1.875026 1.734954 2.923820 1.459753 2.986281 2.398875 2.351336 1.283949 0.860828 2.335969 0.603309 1.273541 2.487002 1.686734 3.944791 3.097500 2.677067 2.721029 2.235024 2.098927 0.926279 1.020183 2.007879 0.683403 1.253921 1.113133 1.180468 2.363758 0.902127 2.228904 2.671437 2.320403 3.390827
2400,635,1.5349849451246427,2.696469 2.794327 0.433975 1.797908 4.186113 1.157364 3.216837 1.200570 1.313025 3.204534 2.043536 0.802999 0.541031 1.744610 0.824867 2.102959 4.726595 0.538420 1.811572 2.279738 3.410196 2.290883 3.001675 0.737305 3.124826 1.738714 2.655358 1.138721 2.692891 1.997716 1.961517 0.990107 2.599040 1.757810 2.380532 1.049405 1.282968 1.618266 3.116124 2.374637 1.503578 1.932327 5.626095 0.837450 2.027592 0.589231 2.376886 1.788452 0.676906
2400,636,1.7125905597161382,1.478497 2.871359 2.144257 3.976296 3.143002 2.102130 1.915893 2.221031 0.099970 1.644526 2.047731 2.418721 2.032520 0.700294 1.634453 1.305975 2.214565 1.739111 2.071614 4.223558 3.012627 2.175464 1.117539 0.345866 2.964982 2.174843 1.906512 3.012625 1.550659 1.884541 2.990186 1.670441 1.463426 1.925190 0.800276 0.860449 1.651459 3.291008 1.201318 3.000735 2.017183 1.474964 0.734574 0.282999 3.604450 -0.062667 0.330804 3.073954 1.909833
2400,637,1.4497268851404008,2.588300 1.153619 0.469392 1.232782 2.177634 0.453099 1.007084 2.154427 2.635373 0.527845 1.916639 1.621549 2.192561 1.712330 3.580940 1.859218 1.912149 1.753251 2.707973 1.587781 1.409393 4.069894 3.692760 2.608758 2.553937 1.189549 4.319313 0.093275 0.538266 1.692819 2.010265 1.344331 1.992574 0.855088 1.851709 1.136281 1.033029 2.319655 1.898858 0.883207 1.741532 1.856214 0.736659 2.576205 2.576507 2.515800 0.859138 1.483104 1.384314
2400,638,1.2856318322800768,1.868024 0.798742 0.800212 1.728915 2.359492 2.806136 3.047324 2.663223 1.098252 1.934782 0.568168 0.334733 0.526367 2.579148 1.885595 0.847204 2.260513 2.945063 1.443094 1.404637 0.722369 1.797650 0.847426 2.018737 1.922013 3.534625 1.078810 0.101891 1.176418 1.500660 0.954938 1.477298 0.457990 3.169490 1.866426 1.409736 1.221415 0.800860 2.392214 2.035416 1.691951 0.422683 3.433344 3.190708 1.317327 3.575578 0.655176 1.082946 2.014496
2400,639,2.906419230042254,3.566335 1.909356 1.469876 2.759472 3.155973 0.872151 0.999777 1.916053 3.097320 1.751234 0.486866 1.903765 2.882709 3.036163 0.821153 3.465706 1.693068 0.841158 1.618129 2.376215 2.848590 1.527255 0.795199 1.270582 2.550608 1.990551 2.865270 2.109667 0.685737 0.507109 1.952851 0.299623 0.941429 2.268570 1.715766 2.153452 2.799583 2.369852 1.489627 2.219532 1.999974 2.008639 0.384025 3.075184 0.937376 2.992077 1.155767 2.282373 2.071818
2400,640,1.3488500339953027,3.219225 3.813328 2.112601 1.337786 1.827958 2.019640 1.967790 2.374535 2.547046 2.762008 2.658174 2.602468 1.426322 2.579295 1.595191 0.952755 1.781668 1.338529 3.391946 0.993198 1.580323 0.984345 2.744824 0.843212 1.061626 2.197204 3.336236 3.549228 1.180224 1.593392 2.775541 2.495013 0.837761 2.235653 2.389980 2.105394 2.682068 3.804138 3.487617 4.245043 2.736128 2.500718 1.683387 0.693892 1.089103 2.124073 1.359826 1.801053 2.708189
2400,641,3.331605892798423,1.388885 0.607759 1.547344 1.171411 1.763214 2.361987 2.085113 1.328894 2.018594 2.427340 3.278960 2.384787 0.253348 2.917732 2.068644 2.749490 2.119991 1.110060 1.722322 0.226075 4.127469 4.544669 2.426238 1.332628 1.409031 2.148765 2.205217 2.127831 1.406425 0.933568 1.686865 1.323822 2.273775 1.446607 2.634384 3.241729 1.843524 0.476691 1.197314 2.101987 3.061821 1.105290 1.165827 2.526837 2.221805 2.014135 0.627510 1.778167 0.836892
2400,642,2.378632147508837,0.750499 1.762967 2.289783 2.369785 1.434323 3.057511 3.746295 1.188288 0.844298 1.381815 0.670990 1.749537 2.725678 2.470223 1.341703 1.211529 1.253848 3.959230 0.916274 3.564077 1.396089 1.783976 3.763939 2.719780 4.204264 2.751683 1.231310 2.604382 2.341133 1.490564 1.482639 2.023693 3.247465 2.008079 3.466188 2.072520 1.785255 1.440778 1.568567 1.868862 0.869585 2.353965 2.885973 3.072394 1.917220 1.784973 1.820142 1.282519 0.745613
2400,643,1.6089862736937846,2.720906 2.551185 1.045546 3.733887 1.196185 1.667468 1.314965 1.417663 1.397716 0.641811 1.064433 2.332568 2.285675 3.130587 2.527754 1.242134 1.519842 3.307413 0.825509 1.500909 0.698457 0.400954 1.372906 2.042686 3.041446 0.464606 3.369019 1.181455 3.560359 2.322604 3.785785 1.047008 3.299233 3.364112 1.058855 1.512660 0.941014 0.714825 2.827799 1.429038 2.160059 1.903482 0.300965 2.541927 2.546332 2.065422 2.005600 2.360935 2.927866
2400,644,4.2406592648828,4.203362 0.811528 0.844705 0.932352 2.052321 2.593650 2.189186 2.771084 0.714939 2.501250 1.611441 1.444552 3.128398 1.609778 1.701336 0.573703 1.764981 2.463111 0.363460 0.712445 0.816185 0.600028 1.471208 0.673352 2.470092 1.938843 1.473573 0.966447 2.146535 2.710354 1.917265 2.130996 2.380523 2.464403 2.247806 2.979143 3.067791 1.299878 1.409911 1.576970 1.261427 1.550669 4.096525 1.258999 1.353672 2.480785 1.167229 1.137498 1.495702
2400,645,2.8297267226469276,1.653876 1.964931 0.755588 1.531510 1.138590 1.369696 2.865031 1.257377 2.734394 3.041750 1.847419 3.948383 1.920478 2.844455 1.074453 1.055090 2.092905 1.215327 2.471184 2.520074 1.904193 2.913653 1.876199 0.893943 2.888534 1.450484 2.617492 2.590850 1.702182 2.406927 1.321593 2.728914 4.065414 1.689282 1.475196 2.173507 1.230776 1.604744 0.636991 2.668884 2.528434 1.473722 0.665506 3.046745 1.790640 2.754248 1.042020 3.651196 0.817525
2400,646,1.5805791489948404,1.494176 2.259374 1.172234 0.463153 2.167207 3.075574 1.559303 4.680402 1.524239 1.525797 1.379404 2.214230 3.489066 2.478451 0.718696 0.878602 1.547422 2.824249 1.773069 2.739234 2.040244 1.773646 1.085030 1.578324 2.677273 2.149767 1.975619 3.100597 2.806781 3.168781 3.043244 3.278451 1.429641 3.047411 1.527264 0.943507 1.389717 3.326791 3.245559 2.907825 2.381221 1.969048 1.502353 2.397186 1.733075 0.354942 1.430527 1.584886 2.286140
2400,647,0.8108069416862952,2.989621 2.417582 1.014002 1.720078 2.352979 2.992923 2.516409 1.126350 0.750921 3.809787 2.261803 3.979643 1.710380 2.836735 0.914495 1.425781 1.489675 2.253304 2.034628 1.518674 0.607806 1.339666 0.293390 2.378772 0.762085 0.796607 2.382913 1.571536 2.111803 1.604997 3.876639 2.954006 2.754259 1.285726 1.643984 2.675678 0.348527 1.633963 0.820510 1.637402 3.859514 1.200989 2.059132 1.777623 2.198624 2.828805 0.379188 1.710499 1.984479
2400,648,3.1644065451187435,1.806381 3.512701 2.903699 0.945152 2.182968 1.959947 1.809724 1.852003 1.337573 2.175410 2.031669 1.900546 4.010209 3.409586 1.978174 1.371542 0.983982 3.961839 1.458139 2.380644 3.854065 2.791886 0.814964 1.485592 0.819211 2.050655 1.615855 1.999964 1.302369 2.423775 0.348014 1.962660 3.636293 1.949068 2.007451 2.052304 1.901288 1.653192 2.390618 2.427201 1.245460 0.542100 3.787899 2.710220 1.878998 1.138470 1.009322 2.619963 1.124465
2400,649,1.9711166724623768,2.006292 3.293749 1.404828 3.030891 2.232953 1.049448 0.704607 3.496924 1.908642 2.733261 0.786309 1.888260 1.102314 2.319807 1.306734 1.253076 2.946635 2.033212 1.565745 1.474414 2.279642 1.497494 2.152866 1.995975 2.593848 1.309689 2.971819 1.125701 2.221542 1.667072 1.428828 2.910330 2.453293 3.990289 3.826968 1.418974 0.916980 1.355855 3.336809 2.930090 2.446089 3.271351 1.016845 3.182970 1.319771 2.340643 3.017550 3.185300 1.344026
2400,650,1.9206130217701585,1.414851 2.484405 1.441013 0.681466 1.859939 2.336839 2.274472 2.077752 1.609087 1.873607 1.278562 1.627510 3.523051 1.590895 1.705815 4.079088 3.551366 1.030698 1.978372 0.678728 3.043231 1.079775 0.825724 1.157277 3.126921 2.156740 1.707958 2.299833 1.159844 1.992927 0.771529 0.749033 2.745555 3.144538 2.457347 1.107263 2.998982 3.316266 2.079166 1.423962 0.935396 1.290344 3.078173 1.244854 3.788287 4.350630 2.418783 2.255618 1.386049
2400,651,2.2832173833496325,3.778733 3.862638 3.160650 1.313295 1.253817 1.344687 1.824039 1.522164 1.983550 1.164771 1.549098 1.209917 2.595085 2.488554 1.145228 1.937965 0.928496 2.699411 4.377195 4.041166 2.121986 1.060317 3.952727 2.057880 1.556664 2.373184 1.286096 2.497381 2.207418 0.473933 1.892199 1.924531 2.300203 2.272053 1.820262 2.386512 3.364582 2.710302 1.738341 1.602226 2.991094 2.475555 1.447198 0.445743 2.660190 1.174611 1.737550 0.852886 1.761783
2400,652,0.5205143977242609,1.352293 2.748488 2.278631 3.196804 2.448729 3.221093 1.543521 1.911100 1.890438 3.031343 1.797462 0.527059 1.794958 1.352878 1.774927 1.838297 1.095252 1.353956 1.505460 2.064428 4.100899 2.858775 2.373855 0.853394 2.996150 2.464322 1.053439 1.020099 2.482402 0.798211 2.101482 3.401634 2.951006 3.022978 1.675389 2.117809 0.481951 0.537588 2.549506 1.085397 2.534472 1.099989 1.673520 0.415012 1.479157 2.354868 1.927469 1.531987 1.609455
2400,653,2.0864876711118185,3.004211 1.543053 0.440805 0.968866 1.756263 2.096618 2.754514 0.925051 3.943290 1.963741 2.333143 1.333961 0.161409 3.032952 0.473172 2.224092 2.754218 1.888632 2.286562 2.580431 1.217501 3.888636 2.500633 0.658116 1.340881 0.934875 0.869229 1.815295 2.119652 2.236810 3.023046 1.621978 2.756720 1.158476 0.904823 0.710811 1.011322 2.008835 4.422522 2.359584 2.281990 1.490328 1.408858 0.756725 2.128865 0.567527 2.223713 1.336683 2.041833
2400,654,2.4596461310020166,2.198116 1.488103 1.368439 0.438195 1.596553 0.707992 0.973901 0.803993 0.968215 3.224028 2.524444 0.586972 0.913561 3.096604 1.965635 3.084807 1.839385 2.575961 0.856194 3.163996 1.873043 1.788579 2.218689 1.092601 0.897623 1.908942 1.308957 1.907257 2.196427 2.136725 1.584626 3.683977 2.421070 3.685579 1.534832 0.992732 2.907471 1.919632 1.001929 0.788235 2.113489 0.776987 2.125294 0.655859 1.373531 2.860271 3.365339 4.101039 2.199923
2400,655,0.9674417797127571,1.954770 2.952565 1.448307 1.627406 2.105179 1.541576 0.961018 2.504506 3.324266 2.314618 1.343474 2.735377 0.756377 1.906097 1.322117 3.940701 3.110223 1.779732 1.697314 3.105954 2.244170 0.769450 2.250732 1.868256 1.062355 3.811933 2.227621 1.103315 0.998120 1.868995 4.037165 2.373652 2.800947 1.317556 1.969295 1.452508 3.640558 1.613239 0.760828 1.827913 0.457452 2.858806 2.745953 1.390071 3.218393 3.781977 2.406801 1.102790 2.236882
2400,656,1.1339846061475551,0.380661 1.314622 1.930410 1.418314 0.943125 2.920924 1.837074 1.723731 2.465085 2.239170 1.481087 2.885299 1.104816 0.678802 2.576649 3.406132 3.185824 1.557044 1.151098 1.886216 2.243148 2.993641 1.993809 2.635055 1.692439 1.266745 3.594151 1.688961 1.252367 4.305179 1.590528 1.129784 1.322592 1.090127 1.649477 2.258747 2.531495 1.466487 0.606881 1.570456 0.742537 1.702601 2.810225 1.643529 2.465084 2.409778 3.894457 1.903806 0.173628
2400,657,1.8798290894399212,0.979652 3.023656 2.613869 1.403231 1.933343 1.566336 2.842435 0.580376 2.120912 2.082931 1.405807 3.236146 1.451449 0.993658 0.875401 2.557630 1.676164 1.895627 0.940002 1.976532 0.366884 1.626662 1.471173 1.324220 1.561776 2.328594 0.864361 1.236822 0.794589 1.947618 1.733718 3.261020 1.180587 4.182135 1.149605 2.133783 1.387550 1.180265 1.168280 4.331637 0.884014 4.021938 0.748253 3.318131 1.880924 1.787010 0.733265 1.522233 1.450770
2400,658,1.60008227462799,2.370385 3.359795 1.178281 2.403728 0.889829 0.878002 2.550897 1.568557 3.298642 3.126920 2.035589 1.586625 2.808195 2.534373 0.177752 2.626482 2.736498 1.683918 1.975787 3.114596 4.353351 1.629055 1.515596 0.775604 1.663129 2.207836 2.398191 2.440968 2.477019 1.955764 1.617745 1.290447 0.696259 1.076487 4.376647 2.702147 1.021625 1.828355 2.409448 1.270809 2.684427 1.590204 0.563266 1.668230 2.495506 1.916847 3.287068 0.319074 0.997854
2400,659,2.3154448829518466,2.649023 2.062701 2.114149 1.763542 1.257930 2.867488 3.952958 1.058733 2.433666 1.215452 1.297244 3.095151 0.913941 1.333283 2.866935 2.272356 0.589862 2.616963 2.108826 0.901468 1.568830 0.957130 0.834246 1.593275 4.045665 1.900954 0.995745 3.443158 2.529615 1.957161 3.140423 3.148167 0.814764 1.615247 1.928697 2.170904 0.479278 1.969394 3.276602 1.330804 0.967566 1.293492 0.939641 0.946638 2.476381 1.504764 1.931439 1.419772 1.294846
2400,660,2.66046588735375,0.834158 2.990113 1.950670 1.982452 2.144565 1.207614 1.728706 1.376354 1.841481 1.745701 2.573458 1.143067 1.748116 2.391963 2.238874 0.447075 0.707879 2.641526 2.049844 2.593358 1.732104 1.979338 1.096283 1.585112 1.520840 3.186985 2.581169 2.576853 0.410798 2.604297 1.572594 1.876481 2.066023 3.434259 2.222089 1.269259 3.040911 3.269394 2.334926 1.199610 1.847953 1.380303 1.356675 2.848475 2.673406 1.675638 2.404370 3.367531 2.673107
2400,661,1.5468221788276484,4.118889 0.840244 1.964620 1.603983 1.616821 0.426633 1.712545 0.793837 1.704950 1.160012 1.172501 0.328823 1.025044 1.795892 2.730665 1.100093 0.755209 1.320007 2.653429 2.839295 3.310620 1.391976 1.842234 2.482003 1.690459 3.122361 2.295336 3.856298 1.114503 3.190295 1.445522 2.083673 0.855385 0.837769 1.124998 2.816054 3.806578 3.049589 3.540151 2.838362 0.597413 3.474944 1.124904 1.744745 2.485860 0.217491 1.781271 1.231139 1.147682
2400,662,1.498079143593304,1.389877 3.146944 1.416960 0.818747 0.724910 1.697226 0.508465 1.155560 3.755384 3.691216 2.011577 3.534098 2.372639 1.220495 0.852709 1.581189 2.674200 2.972477 3.084060 3.011938 1.959325 2.255951 0.978291 2.706253 2.432537 1.205457 1.943252 1.897204 1.296850 3.670297 1.626080 3.406504 1.322450 3.264432 2.625044 2.229565 1.229100 1.724800 1.040333 4.222299 2.060448 2.535763 1.438802 2.602267 2.754620 1.280819 0.594010 1.490826 2.328162
2400,663,2.4472765266450276,3.263978 1.014636 2.916657 3.332187 3.105809 2.509371 3.005888 0.481455 2.028129 2.939665 2.923808 0.779887 2.825124 1.944256 1.663279 0.982842 3.497437 2.560839 1.368365 1.631369 1.556065 2.653399 2.724674 0.209720 3.649215 1.608205 1.561727 2.439910 1.946737 0.784889 2.027315 1.640755 0.991823 1.503661 1.565774 2.882869 1.741256 1.173908 2.746802 1.519582 2.240657 3.166713 2.298145 1.615612 2.002644 2.821114 3.776209 1.599971 1.144640
2400,664,1.5524207437074176,2.021682 2.903590 2.065940 2.769081 2.396254 2.602286 1.705349 2.545790 2.562130 1.258459 1.098052 1.131185 0.980415 2.839905 2.100907 2.361646 0.466163 3.642155 1.252523 0.990664 1.063854 2.529666 1.898409 0.697400 1.180475 1.551606 2.143120 2.613580 2.261351 2.050110 2.331726 0.913963 1.333750 1.174992 3.471424 1.554063 1.605679 2.587387 2.437433 2.900049 2.056614 5.093031 1.902404 1.592950 1.630279 4.929047 0.260376 1.331112 1.808207
2400,665,2.7323007800013093,1.884973 2.956634 4.365667 2.196812 1.772401 1.636122 1.727234 2.766534 2.676850 1.197466 2.074575 3.400980 1.385544 1.915525 1.383508 1.777045 3.383961 2.201994 2.075338 1.387075 1.674128 1.300990 3.084405 2.001427 2.036946 0.713785 1.807233 3.294152 1.785004 2.713749 1.634363 1.835371 2.258215 1.066440 2.057638 0.970554 1.463348 1.315731 2.893162 2.764500 2.643304 2.456963 2.147034 1.718616 0.744865 2.619281 4.397018 1.519480 1.227901
2400,666,2.3468816455234474,1.423587 0.827511 2.193266 0.821521 0.843183 0.865417 4.469123 2.594548 1.194442 2.010428 2.554943 2.396658 1.445027 2.845455 2.925604 2.236893 3.145190 -0.047344 3.038677 1.395266 2.032514 1.151764 3.073509 3.246484 2.023761 0.875266 2.028718 2.382561 2.982122 2.297252 1.045333 1.659155 1.171244 0.604562 0.988382 1.174884 2.883639 2.613322 3.219822 3.251282 1.763654 1.233512 2.319989 2.343621 2.162542 1.586297 2.126777 1.475733 0.247919
2400,667,0.8034030345776065,2.948825 3.210915 3.157724 0.801971 2.191638 1.063843 0.646126 1.489459 1.418485 1.230470 3.504806 2.122268 0.559512 2.508743 2.685445 1.941276 4.537356 1.555989 3.232514 1.836681 2.363447 1.235501 2.688889 2.127538 1.351582 1.426382 2.868883 1.775537 0.844569 1.410948 0.851401 1.378742 2.374131 3.137898 1.639474 1.759414 2.686435 3.414568 2.753024 1.358758 0.849466 1.880553 0.861107 1.085906 0.864119 2.549211 1.504284 0.920141 1.920480
2400,668,1.348645532420806,1.132892 1.776160 1.671426 0.752062 1.658015 2.140571 2.502845 2.513249 0.708974 1.704574 0.894068 3.834325 2.387006 1.405735 3.500822 1.414668 2.432750 3.750282 3.168567 2.888609 1.889470 1.574073 0.784705 1.864634 1.687294 1.787404 2.015324 3.851745 1.292333 0.868431 0.991773 3.110342 2.513870 1.337934 0.938664 2.272717 1.611165 2.769073 0.615085 2.283240 3.406596 0.325999 1.546493 1.564449 2.282180 1.510217 3.369132 2.474415 4.609613
2400,669,1.9821059582364577,1.190259 2.986679 0.740448 2.610021 4.129765 1.684335 2.569671 0.681880 1.803541 1.514756 1.621483 2.268426 2.946231 3.433129 1.628379 0.289860 2.010004 1.962990 1.783947 1.265154 2.671080 2.436069 1.260765 2.841208 3.108285 3.505007 1.749859 1.440248 3.055506 3.208417 0.896324 0.559383 1.128175 1.163755 1.270573 1.532575 1.198954 0.794375 1.641287 3.204435 2.205267 0.547717 2.557377 1.854361 0.855011 1.305233 2.011926 1.441500 2.000174
2400,670,2.231271856800377,0.860228 2.975118 3.123789 3.376051 2.851334 0.598196 0.897015 2.282496 1.510421 1.667369 1.421249 1.173005 0.621679 4.406801 1.115661 1.385823 2.153583 0.451041 1.000737 0.951040 3.223465 0.928604 1.280996 3.273918 1.875922 0.249619 0.710603 1.344548 2.209050 2.002516 2.176897 1.334557 1.539952 1.568322 4.207808 2.690420 3.900248 0.895950 0.618073 2.534449 1.576857 3.167175 1.355590 0.247868 1.830565 0.163655 1.648734 4.702591 1.444010
2400,671,1.3185001785853023,2.660255 0.653380 1.864680 3.343273 0.462316 2.956379 2.501930 1.356545 3.044578 2.470306 2.514187 3.254422 2.117944 2.024736 2.884102 1.741312 0.695976 1.366998 1.361968 1.968899 1.713729 1.968194 0.571340 2.989709 1.487554 0.551854 3.004686 3.346239 0.656267 1.674832 2.474748 3.182467 2.742187 1.117698 1.137327 1.435869 1.915464 2.921249 3.080280 1.860869 1.491376 1.719340 2.253835 0.825488 2.490515 0.340675 3.198729 3.798661 4.058261
2400,672,1.6017833874955434,2.373381 1.190383 1.371347 0.786257 1.972526 0.812981 3.444366 1.018065 1.227829 2.753976 2.782650 1.996018 1.039136 1.383451 3.055257 0.742881 3.519828 1.673113 0.529838 3.322368 3.758709 2.054980 1.214470 2.866149 1.444075 2.900794 2.266356 1.971695 3.351949 1.657117 1.216078 2.312677 3.011774 2.175273 1.073509 2.965751 2.144443 1.831666 2.954067 0.309663 0.506446 1.997490 1.219780 1.653342 2.281584 4.446805 0.483248 1.398526 1.981491
2400,673,2.2231525016551816,3.846715 0.696670 1.825942 1.427124 1.881904 0.930977 2.356211 1.690313 2.651668 1.072305 2.501682 3.034939 2.347407 1.641362 3.512112 1.456520 1.633850 2.173664 1.428989 1.503281 0.449060 0.196054 1.118501 1.426408 1.888850 2.610959 1.563632 0.539674 2.147608 2.571960 2.483993 1.526747 2.502519 2.535282 1.040781 0.992781 5.028805 3.527685 2.177528 2.123211 2.100790 0.654167 2.048265 2.707832 3.229845 2.402132 3.064994 2.620884 3.171818
2400,674,2.2253576834300404,1.875607 1.613620 0.929283 2.873139 2.559373 1.525557 1.684045 0.968932 1.976380 2.327982 2.036657 2.212632 1.582808 2.124805 2.310454 2.066246 0.900048 1.445941 3.046884 1.838595 1.541526 2.508804 2.049523 1.586356 2.080346 3.170080 3.844152 1.764066 2.010217 2.980522 2.033768 1.701542 3.188347 3.464413 1.320620 2.211217 3.475788 3.513823 2.262613 1.389094 1.233584 2.114125 2.184243 0.933785 2.340031 1.666583 0.960162 1.659345 2.448152
2400,675,3.3371636881115143,0.768180 1.928255 1.478130 1.860276 2.918190 1.409340 1.678742 2.732133 4.460921 2.024992 1.440012 2.813387 1.820389 3.964327 2.655803 1.018983 2.795011 3.354462 2.827379 2.478244 1.269375 3.958278 1.602761 0.750213 2.518910 1.251123 0.781897 1.276890 2.199799 0.929610 1.920870 0.840705 1.944573 1.749851 1.191465 1.471423 1.889109 2.118437 1.682068 1.908986 2.536185 1.880043 2.533869 2.877483 2.079672 2.404717 1.561408 2.849995 2.686774
2400,676,1.1450073531106535,0.782353 2.904153 1.885770 0.808759 1.902663 1.141037 1.437829 2.019382 0.413352 0.848467 0.767028 1.789409 2.846937 2.920770 0.983200 0.855366 2.265720 1.405493 0.674559 2.650166 1.770186 1.765130 0.744854 1.999520 4.204955 2.132146 3.674173 1.881499 3.600839 1.020016 2.153510 4.771921 3.288242 1.995887 0.663955 2.093383 1.688210 1.202503 1.686769 1.934937 1.667688 2.267674 1.574329 2.848295 3.695017 3.653306 0.792200 1.558080 1.459858
2400,677,1.0361946770846693,1.979042 1.411692 1.352176 1.956888 1.558613 1.673010 2.353751 1.865803 1.267826 1.079744 1.318449 2.162617 1.939531 2.507179 1.171036 2.082235 1.769314 3.560756 2.642383 2.012920 2.704931 3.185038 2.384664 3.764902 2.576820 3.231794 2.148633 2.259738 1.059715 0.942311 1.393313 3.485545 1.015563 2.270649 3.471023 3.808356 1.175148 1.026747 3.729190 0.891784 2.072604 1.887684 1.522980 0.840174 0.614669 2.240176 1.889062 1.713247 2.598155
2400,678,1.1494297929808601,1.644091 3.379037 3.070877 1.078160 2.774330 2.518281 3.764832 1.634953 2.464621 1.235712 2.063981 3.708261 0.728682 2.927229 2.945665 0.851685 2.763836 1.440987 1.245922 0.810986 2.829308 1.667460 1.664361 1.405254 2.388925 2.871655 1.192766 2.753655 1.740868 0.847338 2.018740 0.155934 2.573431 1.909345 1.742430 2.812507 0.992118 3.316037 2.224381 2.402522 1.834868 1.424807 1.809365 3.250578 2.390634 1.818151 1.891774 0.422844 1.884452
2400,679,2.516053139838725,3.008618 2.683810 1.830481 3.037127 2.023315 1.500587 1.518593 1.122180 2.750927 1.877628 1.074388 0.496284 1.786459 3.309836 1.144279 1.127070 2.260069 1.716898 1.887151 2.208597 3.706260 5.086315 1.420714 0.964592 1.153814 0.983615 1.014156 1.353960 1.816946 3.554687 1.151004 1.288308 0.978186 2.331746 1.697076 1.396040 1.519766 1.124929 2.982039 3.981065 1.679133 3.057138 2.252418 2.117129 1.867801 1.471069 0.738524 0.644952 2.617200
2400,680,1.578941424779919,0.387143 2.394776 2.109314 2.448610 3.072279 3.084138 1.144515 1.405460 1.289824 2.032282 1.590512 1.700142 4.085046 1.758392 3.026862 2.308925 0.415997 2.372363 2.027836 2.758820 2.468788 2.739064 1.088711 1.909697 1.387865 2.053895 3.043109 2.785986 2.203892 2.223582 1.084214 2.494757 0.977558 1.973087 0.911559 1.103667 3.124625 2.489825 2.470064 2.085890 3.031887 2.960830 1.942595 2.482947 1.194773 2.736750 2.904628 2.144207 0.660012
2400,681,0.9639059915651687,4.159144 1.216903 3.147566 1.689913 2.135174 4.388712 1.555451 1.078689 1.795579 2.072903 3.289619 2.583770 1.349122 1.965754 1.859953 2.586208 0.722851 2.079849 0.494024 1.185026 2.076344 1.153380 2.692780 2.619162 1.769742 2.217567 2.119017 0.987568 2.175317 2.136866 2.160055 3.558380 1.684306 0.493573 2.277639 2.510431 3.101856 1.378602 1.253224 2.069940 0.764233 1.925651 0.458955 3.495280 2.460138 1.986091 1.068711 1.202310 1.751937
2400,682,1.8659972174640531,2.537505 2.493672 3.759648 1.592437 0.860981 0.909494 1.191134 2.429525 2.009285 2.130658 2.915920 0.892146 2.909632 1.307965 1.243027 1.056587 1.615148 0.787201 2.395294 1.092321 0.838520 2.184262 0.308956 2.741314 1.074053 0.611467 3.724129 3.260014 0.870940 1.540726 1.116492 1.880688 1.711952 1.949655 2.231992 3.266563 0.476244 1.636840 2.818904 3.012347 2.566039 1.030961 3.890124 0.513405 0.753162 1.151364 2.233055 0.292985 3.840175
2400,683,2.3618579728430777,1.243841 2.769412 1.690797 1.834671 0.462521 2.641067 2.586452 0.463088 2.088089 0.613219 2.660924 0.942856 0.270357 0.969473 2.394252 1.489044 3.864603 0.921853 1.535474 1.502864 0.489847 2.834728 1.814849 0.775474 0.912626 0.855232 1.206644 1.519196 1.488045 1.637126 1.892881 0.926518 0.350283 2.158487 2.027410 2.287288 2.065564 1.019886 4.773132 1.977550 2.411808 1.655257 2.733046 2.491417 1.558381 1.470781 2.278025 4.391693 2.419177
2400,684,1.0982050487765351,2.825999 3.468415 1.011355 1.593141 1.696688 4.503679 2.013868 1.571996 2.157437 1.888109 1.923812 2.919375 0.776529 1.685208 1.610098 0.872205 2.048969 1.502898 2.649379 1.665468 1.700401 2.902308 2.279354 2.855854 2.300377 2.830014 0.826385 0.928638 1.975701 0.403349 1.462303 1.416057 2.038731 2.355849 0.673882 1.705120 2.731255 2.973998 1.221919 1.325882 1.747725 1.928238 3.461393 2.851701 2.977571 1.304801 1.134859 3.988796 0.848446
2400,685,3.424164812549524,0.230730 3.239917 1.261961 2.008984 3.275763 2.977923 2.293498 2.044609 1.051689 2.267972 3.066345 2.079510 2.029576 1.415291 2.597314 0.860364 2.769325 2.462639 1.560828 2.497970 3.372319 1.943915 2.429550 0.708666 2.889372 3.064610 2.176082 0.195258 2.074746 2.035891 1.146399 1.977222 2.032144 2.796021 0.785081 1.631634 1.399708 1.659548 2.255756 0.497802 1.236414 3.692765 2.596105 1.776443 1.561698 0.458800 1.099329 2.894779 1.471082
2400,686,1.9114875478620375,1.012459 1.868989 1.380901 1.474750 4.609748 2.719637 1.824591 4.007308 0.896993 1.914294 2.594754 1.986936 1.637744 4.127510 0.100883 1.920199 1.359854 2.997048 1.845051 1.368863 0.280382 1.644815 1.400220 1.761379 2.612404 1.464520 1.987099 1.410939 3.199365 1.389377 3.061401 1.892285 0.920048 3.156954 0.627132 1.829097 1.539224 1.029783 1.660007 0.522195 0.454084 2.359146 2.129945 2.485411 1.751388 2.008282 1.807625 0.690499 2.500214
2400,687,1.4523446194812386,2.764013 2.902133 0.627084 2.134229 1.079061 1.543360 1.965947 2.559492 2.976389 0.788843 3.843949 1.018448 2.738126 2.416775 1.610663 1.526484 1.382454 0.670134 1.586129 4.112013 1.144083 0.784200 0.539229 1.583938 2.226960 2.720885 0.620639 1.718339 1.402609 2.272962 2.078994 3.279278 0.867597 2.348804 1.258068 1.594382 1.020786 2.529886 0.445235 4.242405 1.508775 1.838859 2.081924 2.729212 1.502440 1.727479 0.922425 3.932715 1.685842
2400,688,2.6918900497093174,2.914758 1.424360 3.269535 2.380584 0.987565 1.934301 3.439418 3.213729 0.961285 2.201207 1.572451 1.978782 1.071875 0.900007 2.015935 1.681172 2.704222 2.761893 2.557088 1.355496 1.434250 3.248500 1.117058 3.319875 0.882883 1.834937 2.398253 2.311661 1.842322 1.678831 2.574210 1.265903 1.892185 1.773453 1.165390 2.090291 1.203036 2.634652 1.899917 2.124270 2.635145 2.171939 1.785871 2.547979 0.944735 1.715040 2.008344 1.410890 4.599067
2400,689,0.5669188658557036,1.296006 1.176503 3.361869 1.731965 2.446097 2.153673 1.773108 2.251150 2.142059 2.679552 2.939636 2.261333 4.343170 1.343356 4.078245 3.026284 0.433298 1.770234 0.704059 1.771375 3.005992 2.104811 2.570286 1.787079 1.343005 1.107229 2.133495 2.776566 1.283325 1.775199 2.069537 1.769378 3.011314 1.809117 2.923774 2.486170 1.196818 1.637741 1.693320 2.442871 1.104111 1.447428 1.863307 1.403899 1.814731 2.911485 2.050658 1.212668 1.311523
2400,690,0.7639720704859082,2.603876 3.071887 1.836748 1.995872 2.422668 2.128724 1.085925 0.859555 1.032273 2.819198 2.899506 1.343694 0.462251 0.311561 2.290479 0.728432 1.402026 1.401107 1.686311 2.145330 0.425128 1.717609 0.538775 2.535946 3.885265 2.093958 2.343193 1.772766 3.093292 3.418543 3.492259 1.117256 2.664980 1.631506 1.977320 2.498848 0.934042 2.091267 2.108137 0.977596 3.283775 2.424503 1.336430 1.184919 2.292483 1.213155 2.281247 0.681270 1.411688
2400,691,1.1064523679919163,1.486756 1.705694 2.175706 3.064141 2.164267 2.465657 2.078011 0.823987 1.785757 2.629214 1.320701 2.633757 1.893253 3.549812 1.322844 1.620016 1.404617 2.282753 1.013561 1.748421 2.784343 2.535030 3.321781 2.888575 2.181909 1.679688 1.939037 0.772499 1.043357 2.751935 1.437346 1.611396 2.521655 0.837298 4.209913 3.117997 1.819781 0.717257 3.199970 1.400837 2.016537 1.368227 2.139546 1.035339 1.395043 1.047778 0.903540 1.659013 1.588016
2400,692,2.463793866632251,1.473192 2.730434 1.070923 1.332130 2.319542 2.407032 1.259017 1.132023 3.512234 2.337312 3.117065 3.737380 3.992699 1.523857 1.167512 1.993237 0.691496 1.596014 3.308223 1.170596 1.599128 2.777466 3.987462 1.424306 2.729967 1.349977 2.799024 3.092875 2.331176 1.724281 2.127559 2.404363 1.722174 1.064706 1.546202 2.171369 3.758968 0.711528 2.388907 1.304556 1.607506 1.263181 1.697098 1.599417 2.833107 4.304908 2.708363 1.736308 2.516172
2400,693,1.4803869312854356,1.523442 2.949597 2.235887 1.025941 1.945225 2.129641 1.872683 1.803607 3.802850 1.504329 0.754929 2.590311 1.537305 2.461587 2.189831 2.235400 2.657956 0.950724 2.604892 2.723040 3.054719 0.886372 4.079839 2.233378 2.797310 2.225686 1.934676 1.887595 1.047168 1.775009 1.816224 1.953407 2.788339 0.990957 1.635866 0.742034 2.692667 2.948432 1.772972 1.003925 2.431065 2.374310 4.316111 1.089834 2.206380 3.622315 1.388714 1.104791 1.949075
2400,694,1.6256882800035923,2.738849 1.878167 1.664909 2.566897 3.342555 0.847754 3.256240 2.253339 2.545998 1.294558 2.730072 0.657950 1.370764 1.926404 2.388201 3.240925 1.386258 0.732462 1.853363 2.922077 2.819542 3.184390 3.450524 0.530418 0.422390 1.078454 1.429911 2.322918 0.907612 1.590837 1.168646 0.908870 0.328658 1.867895 2.413559 1.940081 1.419002 0.824932 2.922908 1.425223 2.438749 1.768666 3.263386 1.715653 2.492864 2.156926 0.637804 3.255404 3.236552
2400,695,1.2912679693525764,0.758368 1.823198 1.406646 1.865467 2.324098 0.812191 1.045112 3.762038 1.242404 0.510950 1.456327 2.685549 3.434277 0.287684 0.546260 0.109527 2.685852 1.094781 2.906974 0.488555 1.024554 0.943910 2.479659 3.885389 2.079164 1.620143 1.698726 2.515377 1.458272 0.935556 3.014185 2.319026 3.183036 1.526369 2.053789 1.605198 0.229705 0.719937 2.727713 1.796929 2.643239 3.134170 2.112387 4.425513 1.887153 1.340816 2.661038 1.226005 0.205275
2400,696,0.6609693692232605,2.140092 1.539753 2.322937 1.789839 1.731363 2.765552 0.906888 2.368597 1.304774 2.279449 0.293312 1.028189 2.644363 0.560860 0.906815 1.273568 4.643568 0.318168 3.420678 2.096346 1.270158 2.702999 1.988562 1.643848 2.509741 1.139910 1.573263 2.039099 0.951358 0.957628 1.931630 2.309485 2.405899 0.802844 2.987773 1.587834 2.407089 2.362497 2.032472 3.016253 3.001147 3.112392 1.856533 2.285033 4.398305 0.842438 2.844828 2.776539 1.543946
2400,697,0.9467534157198438,2.199260 2.107381 0.671671 2.405302 2.280553 3.658954 1.808311 2.559155 1.367314 1.867930 1.200378 2.640802 1.997820 4.144993 3.460642 1.804630 2.594042 1.737706 2.942193 2.233691 1.242239 2.007329 3.556172 1.969892 3.234794 2.009738 1.334972 2.604420 2.010974 1.162672 1.572301 0.838724 2.673781 2.361712 1.553787 1.208613 2.394948 0.594270 1.531484 2.071695 3.133673 1.393411 0.585203 1.515291 2.850349 1.235504 2.844768 0.490847 1.892118
2400,698,2.01925205859832,1.656703 3.335263 3.282148 3.129510 1.925369 1.873908 0.913472 1.242876 1.971579 4.137247 2.182063 2.203091 4.231625 2.373027 1.412411 1.731481 0.873434 1.456723 2.057142 1.394037 1.272986 3.185690 2.636058 1.773344 1.210346 2.996211 1.226123 1.303830 2.375831 1.099737 1.443698 2.315344 1.469210 1.298304 4.003307 2.123438 2.750282 1.066737 1.578773 1.710106 1.265977 1.509267 4.589529 2.367114 0.801381 1.219369 2.483384 3.759750 1.720763
2400,699,1.2873063295869454,0.703330 2.245331 3.001269 1.139070 3.020293 1.139047 2.537237 3.983824 1.849694 1.186885 2.362472 2.889620 0.631883 0.806744 1.853409 2.707311 2.194888 2.711923 3.917359 0.901574 1.202082 2.478770 1.716470 1.418599 3.599929 1.872196 1.975683 3.347956 1.221485 1.015047 1.928352 1.413020 2.291963 1.331417 0.197474 2.081543 2.027182 1.514047 2.755548 2.519693 1.695805 1.699950 1.495749 1.884215 1.654698 3.647545 1.475151 3.405010 1.479913
2400,700,4.0262614227082585,2.836173 1.172278 1.468073 1.787061 1.618159 3.007282 1.699518 3.385107 0.756762 1.269126 2.447027 1.817704 1.732835 0.288140 1.665950 2.921299 1.786414 1.413267 1.327661 1.170973 2.409659 4.080485 3.119941 1.196144 2.635496 2.664945 1.283409 4.131389 1.439825 2.246704 0.935472 2.761077 2.671832 2.747036 1.207222 2.141971 1.205863 3.720547 1.988058 0.307045 1.506896 1.907065 0.661993 2.380975 1.277122 1.453483 2.728993 1.888806 1.446703
2400,701,4.507691878210521,3.080798 2.949039 2.855435 1.196932 2.849214 0.682839 1.424427 2.587331 1.737664 1.625700 1.325738 1.104332 0.240970 2.065777 1.670749 2.098912 2.812150 3.437267 2.184720 0.822056 1.713320 2.463514 2.494183 1.661441 1.429339 0.935659 4.230384 1.879442 2.698215 2.360478 0.832391 2.751795 0.324719 1.306794 2.031404 0.633051 1.156751 1.836945 2.613016 1.492584 3.673078 1.568178 2.698414 0.856446 1.533429 2.829093 1.118041 3.613725 -0.181049
2400,702,1.6979144930736236,4.016537 0.710368 2.658900 1.541534 2.603673 0.367470 1.094804 1.661591 3.903006 1.118246 1.408564 3.942388 2.433910 2.036666 0.961834 1.213793 3.590396 1.401380 1.674069 2.700056 1.826752 1.299231 0.388044 0.555437 1.841443 2.754284 0.753090 0.957965 2.075227 1.095885 0.496590 1.462650 2.004079 2.249586 0.523915 1.984399 1.224515 3.286874 1.477981 1.011492 2.724258 2.615322 0.760098 3.614861 1.350292 1.026554 1.552885 1.772925 2.098036
2400,703,2.685834669281947,0.844999 0.429934 2.294086 2.719857 2.534873 0.779853 1.264562 2.268146 1.135577 1.763489 4.000416 0.326718 1.436768 1.180285 1.597924 2.698094 0.859757 3.175791 1.661922 2.689393 1.627894 2.092311 2.724153 1.914752 1.635574 1.070784 1.233432 1.920261 2.285458 3.825237 3.015979 2.015991 2.035893 1.680501 0.348902 1.204370 0.716265 1.950964 1.629212 2.203310 0.611199 1.345312 -0.004478 1.586674 1.446607 1.346733 2.034033 3.050099 2.858612
2400,704,1.4101761324914037,3.520524 1.147460 0.738066 1.105723 1.249936 2.828863 3.885230 0.962742 3.877346 0.602166 0.689516 0.765173 0.836786 2.017991 3.194118 1.456767 1.268478 1.104740 4.786702 0.865267 1.725982 0.823352 1.796541 2.022556 1.823106 2.720331 2.495163 0.519769 0.411389 2.604588 0.382601 3.805231 0.961357 0.933867 1.280071 2.303786 1.747291 3.198702 2.705476 2.892052 1.427617 2.520659 0.799878 2.739157 4.658870 2.475443 1.395546 2.807757 1.316601
2400,705,4.215980610142613,3.016584 1.412627 1.555600 3.709668 1.846703 2.229469 2.525431 1.925708 0.958343 0.566951 1.603740 1.285566 1.783747 1.454315 1.803965 2.060320 1.483396 3.738088 1.414394 0.855489 3.332500 1.438694 1.563421 0.355316 3.345854 3.289365 0.946503 1.467316 1.891638 1.463369 1.059584 1.442001 1.380076 3.394961 3.032325 1.717249 0.905887 0.872128 2.160076 1.089255 0.907076 1.049380 0.595447 1.679573 1.788073 2.683392 0.978937 0.817957 2.965205
2400,706,2.742881673618349,2.913724 1.305443 2.770440 1.089191 1.008451 3.343058 1.996523 2.712359 2.393329 1.829761 1.583585 2.854634 1.825520 1.342808 1.836799 3.307670 1.838522 1.012429 2.407928 2.151429 1.634074 2.012799 1.928464 1.947332 2.913670 2.377375 2.767917 2.742319 1.396268 1.019737 0.947232 5.163687 1.025857 1.689940 1.308042 1.951299 2.500406 1.567515 0.601117 1.304229 3.383404 0.600059 0.896948 0.270545 2.470208 1.893726 2.131245 0.557936 1.654973
2400,707,1.1962534791952788,2.051486 0.526519 1.462485 3.495992 1.495709 3.113024 1.656673 1.889573 1.806368 3.033149 3.254673 0.996678 2.937631 2.133564 1.376681 0.886567 0.607114 0.740472 2.271426 1.569576 0.868345 1.226146 1.860585 2.341539 1.111308 1.114057 2.337560 2.372017 2.352496 1.261141 3.545418 0.565177 2.440567 1.462036 3.798462 0.877373 1.589264 2.064050 2.482355 3.959396 2.452744 3.162415 2.078268 3.549044 2.497565 0.972524 2.348387 2.393414 2.299376
2400,708,1.5097333737423007,1.675136 1.149192 1.316589 2.330288 3.584552 1.647904 1.699099 0.676570 0.492674 1.561080 2.949149 2.174981 2.409315 1.028142 0.771943 2.320925 2.936412 0.973718 0.713210 1.149480 1.636529 0.785205 2.515982 1.737176 1.069067 0.525814 0.359062 4.882781 1.895597 2.468720 1.204837 1.057085 1.863483 3.278472 2.498553 2.773718 1.201153 2.305907 1.272793 0.672848 2.368400 1.107755 1.690922 4.831332 1.744696 0.909924 1.829279 2.134397 2.173005
2400,709,1.1498370598937688,1.996557 2.727841 1.852641 0.932696 0.377219 1.307755 1.772435 0.944579 0.983003 1.671295 3.341317 3.162199 4.355401 0.732375 3.932309 1.945683 2.926829 1.683607 1.355410 1.721282 2.921679 0.698262 3.556060 1.483715 1.996972 1.778314 2.122762 0.654504 1.946288 2.501389 0.982872 1.719775 0.993255 2.763231 0.791816 4.211671 1.906289 2.563872 0.974580 3.379968 0.471190 0.533992 1.164725 0.910672 1.598135 1.918239 1.084194 1.725009 0.221523
2400,710,3.717498842899532,0.676438 1.660824 2.866756 1.654058 3.951276 2.939502 1.523565 1.157349 2.963743 0.720094 1.249512 1.490675 1.921939 3.406045 2.530897 2.417235 1.057344 1.249020 1.591011 0.728299 1.504910 1.426777 2.181521 0.588169 2.501091 0.379884 1.065630 2.026167 3.285035 2.703499 2.451860 2.264858 -0.068424 0.906775 3.462870 1.664194 3.834431 0.908185 0.684810 1.377590 2.467782 1.548442 1.333004 2.599400 2.178681 1.342235 2.151893 2.933925 1.278977
2400,711,2.8353357986768613,0.713053 2.462424 3.879176 3.266764 0.338264 1.205090 1.877908 1.244500 1.560986 0.188800 1.455493 2.507172 3.060297 1.754014 3.021990 0.830845 1.659018 1.369190 0.534593 0.986820 1.685656 0.784236 1.126905 2.078451 2.060266 2.057417 3.115762 1.421982 2.145010 1.935518 0.619778 2.112726 0.823010 1.353579 1.877259 2.150584 1.446257 1.930867 3.879391 2.851633 4.078032 1.102236 1.202795 2.594704 0.969766 1.351675 1.896155 2.467053 0.838281
2400,712,0.4497136657402519,0.545244 1.567901 1.170504 1.470834 2.075603 0.997417 2.036786 0.897017 2.352492 1.130462 1.656915 1.370578 4.457190 0.901113 1.643926 1.444267 3.517156 2.960952 1.208670 2.275034 2.027340 2.961973 2.347310 1.263068 1.065609 1.545132 1.340944 3.143536 2.150903 2.310023 1.522681 1.747890 0.448456 3.836663 2.531819 0.156110 2.280033 1.034283 0.684084 0.913792 1.402357 3.254250 1.350751 1.721370 2.219599 0.357456 2.631209 2.334431 1.584129
2400,713,0.38185643074948306,0.756674 1.193328 1.577624 1.955906 1.341328 2.520409 0.470812 1.872703 1.257654 2.649884 2.732750 1.304878 0.921012 1.842688 3.415947 1.834731 0.614000 3.328966 2.315952 1.884791 3.152504 2.121381 1.213855 0.723104 2.902612 1.256267 1.215898 1.548533 2.058681 0.980373 3.397705 1.347160 1.543626 4.250118 3.033411 1.888642 2.833246 2.800340 3.454020 1.335023 1.106820 2.740883 3.594824 0.918980 0.828125 4.180775 1.978552 2.414924 1.244043
2400,714,1.2724667642654532,0.907134 0.919144 0.740318 3.303494 3.057107 2.260272 2.140005 3.275769 1.467742 1.265129 2.787465 1.266438 1.234206 2.944544 1.470324 1.931267 1.405753 1.242118 2.912771 1.988855 0.969580 3.021686 3.285861 0.642182 2.686046 3.557722 1.443098 2.001891 2.385993 2.940333 2.513270 1.080671 1.570572 4.390845 2.836985 1.555686 2.098667 1.738307 2.154759 0.559315 1.784256 1.678773 1.726076 1.011845 1.808080 2.326785 2.240856 0.844754 1.194780
2400,715,2.539301490470497,3.763434 2.126969 1.524722 3.232689 1.404026 2.164184 2.036394 1.634860 1.588099 3.045067 2.384317 3.502092 1.236528 1.724793 1.021506 2.829309 2.488058 3.626517 0.570163 0.460157 3.591281 1.287648 1.644658 1.438298 2.800991 1.520199 3.785421 1.348328 1.869590 1.760428 2.819243 0.698796 2.148454 0.632442 3.041865 0.839800 1.929752 2.024529 2.554521 1.833317 2.171547 2.805871 3.182071 1.831109 1.078259 0.691599 1.884537 1.266989 1.764211
2400,716,3.276216505596025,0.873366 0.553418 1.504662 2.739550 1.293493 3.080513 2.786319 1.087842 2.963307 0.809288 3.569218 4.845820 0.628033 3.169687 0.517143 0.510258 0.999992 1.612283 2.147011 2.554108 0.435123 0.975933 1.479978 0.712281 1.926584 2.458431 0.195147 1.296329 1.734918 0.518606 0.684889 2.697309 0.565838 1.864772 1.134795 1.082764 2.428346 3.502330 3.227268 2.930576 1.022513 3.631229 2.254058 3.459559 2.114921 2.493600 1.467679 0.490432 1.460877
2400,717,1.9270697368543728,2.085113 1.028980 1.755167 2.043795 1.771731 3.953999 1.603978 2.410838 2.634727 2.462061 0.773747 3.420349 1.226868 3.555998 0.478316 1.397394 1.672980 1.878143 2.532175 3.409240 3.135982 1.923000 1.264276 2.306244 2.914665 2.927908 3.657472 0.727475 2.886391 2.256887 3.722591 0.823020 2.280447 2.192118 1.955858 1.879536 0.742281 2.519507 2.255930 1.955180 2.840789 1.566553 3.314194 2.388612 2.394152 1.832966 1.836438 2.135620 3.089395
2400,718,1.1409552636513691,1.991041 2.437392 1.309520 3.333770 1.835715 0.807780 3.582854 3.262521 3.696493 0.320753 1.469837 2.699657 1.819730 3.219497 1.226279 3.202018 2.798940 2.154532 1.027102 2.327093 0.413029 0.029085 2.571099 3.707753 3.127657 0.672700 1.929855 1.411156 1.670598 1.127135 1.914880 2.372173 2.555750 1.072713 1.965240 2.749043 3.085566 1.505006 1.737716 1.121059 1.147866 3.556050 2.623529 2.004520 0.840927 1.471409 0.949431 0.995004 3.085300
2400,719,0.9474597878777704,0.721012 1.559316 2.384627 1.119061 -0.089136 1.815762 2.344076 2.424160 1.615860 2.614547 0.791257 1.410321 2.114397 0.388417 1.076241 2.419461 0.715076 2.167764 3.174919 1.574128 1.847743 1.066276 0.229827 1.755135 2.225951 3.257363 1.823539 2.296156 3.392013 2.500257 2.530934 1.265688 0.466596 1.175577 1.865914 1.046640 1.866686 0.762017 1.593258 2.662935 2.350611 2.552353 1.863617 4.656401 4.102659 1.820151 4.195182 1.332986 1.974925
2400,720,2.1760113526446445,1.583422 2.144598 1.678101 2.130882 1.598272 2.675506 1.589009 0.843622 3.388538 0.853257 3.959007 0.799824 2.435895 4.543047 1.945122 2.603455 2.573338 1.527756 1.011855 1.522083 2.085463 3.462169 0.525986 1.647568 2.349657 0.205940 1.094014 0.878520 1.256492 1.649263 1.656081 2.148597 3.105223 2.074886 3.485067 2.630853 1.623691 1.879492 1.391234 2.878999 1.479843 2.251310 2.094214 3.030227 1.577334 2.602262 3.428943 2.314105 1.780734
2400,721,2.7259433845659258,2.588089 1.552581 1.818143 0.896296 1.978420 1.097166 2.598302 2.344912 0.740422 1.118012 2.579921 2.191312 2.210017 1.204094 1.101123 0.028690 1.456279 1.597070 3.382182 1.337110 0.108531 1.559760 2.282425 0.458105 1.403554 2.366232 1.575897 1.594167 1.891798 1.175016 0.836292 1.239994 1.115557 2.062283 2.654698 2.001942 2.135269 2.696335 3.833820 3.739681 0.305690 4.181098 2.534550 0.984165 1.551820 3.182182 2.557093 0.556908 -0.016960
2400,722,1.8755515647914704,1.533121 1.372617 1.778600 3.602375 1.135046 1.786428 1.905726 2.801632 2.155050 0.705054 1.804881 0.713304 1.744088 2.513570 2.642054 2.978511 1.858617 2.314905 1.764299 3.697732 2.147598 3.150055 1.274819 1.653504 0.944443 3.577497 1.645989 1.295505 1.091565 1.991747 3.108872 2.323137 0.759478 1.044224 0.810922 1.472780 4.284045 2.901138 2.109884 1.169755 1.049613 2.176615 1.729873 2.018823 3.279382 0.421164 2.322099 3.029706 2.060942
2400,723,0.8779623269583242,3.252401 2.406042 1.224163 2.844606 2.562251 1.243845 2.472525 2.364559 0.867382 1.581468 2.023213 3.139035 1.176988 2.761132 0.616356 2.526350 1.552164 1.831391 2.956278 4.351843 1.949164 0.868531 2.023538 2.129228 2.833337 2.818361 2.783975 1.323872 1.127854 1.998301 2.705081 1.448704 2.098274 3.983818 3.306197 1.893159 1.523067 1.920419 3.155402 2.317057 1.594486 2.811471 1.232179 2.405924 1.400866 1.172729 1.171593 0.993100 2.860168
2400,724,0.6683715480652627,0.738599 0.891773 1.795346 1.456021 3.065109 2.952229 1.596206 1.992351 1.274808 2.879656 2.476538 1.880168 2.911314 2.266567 0.630651 2.632382 2.520357 2.337527 4.117493 -0.126156 3.255641 0.599230 2.489735 1.666866 1.780092 1.724740 2.901391 2.669746 1.382090 1.099522 3.366614 0.889210 1.423806 2.017515 1.689499 2.211978 2.610465 1.171041 1.902844 2.816289 1.477722 2.995786 1.874484 1.036404 1.482312 3.727441 1.478914 1.970869 1.556446
2400,725,4.124414579719821,1.876028 1.257294 1.401930 2.757564 4.055765 3.167785 1.421683 0.953432 1.279592 1.538838 1.061474 1.163465 0.813959 3.443962 1.609752 1.592378 1.379228 1.628485 1.769227 3.254041 0.963243 1.727774 1.448922 0.587297 2.701765 2.796479 2.516815 2.258702 2.336563 1.542683 1.980741 1.339893 1.576169 2.122017 2.807301 2.718398 3.091130 2.942167 2.371267 2.170059 1.741014 1.042368 1.414869 2.673857 1.458066 1.023727 2.687261 2.904467 1.470964
2400,726,3.1079757072518404,2.067024 2.530357 1.747046 2.684201 4.277089 3.268036 2.192510 4.047760 2.085768 1.333313 1.089993 1.473618 2.990000 2.500064 2.208029 1.775349 1.564379 2.438201 3.935094 2.796242 1.874925 2.766656 1.154250 1.990624 0.898496 2.147942 2.353092 0.458420 3.332779 1.059106 4.105558 0.948019 1.526102 1.731649 1.020682 2.556754 1.348234 2.975800 1.470888 1.556432 1.991061 2.537177 1.199277 0.526705 1.456319 1.472035 2.623112 1.379146 0.936926
2400,727,2.392537060192342,1.910112 2.528607 1.471970 1.948706 0.528591 2.668493 2.899084 1.819579 3.965511 3.890209 1.272194 2.727906 2.194906 1.961208 1.374424 2.217336 2.472728 4.030516 0.802493 1.818724 1.259141 0.944248 1.830502 2.229797 4.056296 1.738181 0.785909 1.977822 2.048074 2.013434 2.201553 1.740620 4.196051 1.108226 0.837640 0.867277 3.117313 1.552983 3.828634 1.085853 2.403606 3.230211 1.035126 2.373947 2.757209 2.238956 1.679873 3.461473 0.988082
2400,728,1.0256042357058814,1.844262 2.739020 1.759558 3.495058 2.483323 0.890427 2.175894 1.143377 1.617236 1.466247 1.946124 3.584914 2.083092 3.162689 2.352103 3.031078 2.768134 2.025478 1.889851 3.316511 1.948545 3.237327 2.606707 0.879760 3.042409 2.871165 1.142494 0.533155 1.707052 0.533593 2.381416 2.719292 1.472209 2.376914 0.960278 2.767373 2.455504 1.428608 1.319080 1.010856 1.146004 0.841413 2.089837 3.855093 1.327536 0.572981 3.513775 1.515768 1.782540
2400,729,1.3130752638717922,1.553677 2.031533 3.890305 2.984165 2.093543 2.869610 0.935713 3.484971 1.667129 1.815180 2.127371 1.917401 2.377278 1.493324 0.863867 4.514291 0.936290 1.124762 0.916638 2.254816 1.783319 2.289594 2.027037 1.273036 2.848554 1.281641 2.377224 1.491889 0.790662 1.502155 0.694201 2.388938 1.874217 2.498033 2.010372 2.206603 1.789109 0.787446 2.831896 3.240728 1.649690 1.775614 1.183271 1.800777 3.413781 1.914274 1.933191 2.016634 2.478333
2400,730,0.5365676293519466,1.592761 2.429943 2.337738 1.875622 2.335633 2.083402 1.303944 1.063746 2.374870 2.787106 1.386820 0.670712 1.806198 1.544387 1.339727 1.648534 1.589891 1.730822 0.804558 1.910258 3.058282 2.695011 4.883900 1.578378 0.704998 1.544409 1.747510 0.828046 1.239138 1.669177 1.140117 0.643927 1.771577 3.691435 2.129688 1.915969 0.417611 0.819851 3.055602 3.358390 3.219077 2.026293 1.305524 2.714199 2.368944 1.576232 1.575586 2.324306 2.661100
2400,731,2.2223496516384675,2.056519 1.669403 1.600559 1.801845 2.451810 1.605186 1.209276 1.365468 3.215607 2.659268 2.121927 0.270188 0.366791 3.670792 1.912573 2.192966 0.294798 1.796814 1.339040 3.277655 2.712090 2.224747 2.776255 0.656763 2.194542 1.279154 2.341440 1.903895 3.247281 2.186750 2.933618 3.523888 0.827854 1.586872 1.090281 3.107218 1.859735 2.650947 1.558664 2.350969 2.895308 0.844082 0.303489 0.539820 0.483628 2.922314 2.840604 1.118273 2.565684
2400,732,1.4794673786267056,4.241094 1.586570 1.202820 3.319359 3.427287 1.847522 2.845201 2.597501 1.883929 2.957243 2.460218 1.725749 1.694789 2.532394 0.890528 1.873145 0.943687 2.739190 2.085034 1.900748 3.203559 1.365763 2.036843 0.845381 2.188383 1.919017 1.239559 0.241126 1.745767 1.983507 1.457634 0.724245 0.729422 4.169308 1.353859 4.108430 0.774230 2.451311 1.524107 1.129069 2.106180 0.941893 2.065220 2.678291 2.863743 3.299898 1.897997 1.719373 3.048425
2400,733,2.3274607066248474,1.539253 1.536503 1.674081 1.494371 1.781958 1.137749 1.043822 1.199698 0.815386 2.547779 1.716510 1.835339 2.240787 1.788207 1.995071 0.948283 1.442637 1.509266 2.636206 2.139313 1.927273 1.604247 2.779263 1.109099 0.977392 1.136971 4.569777 1.727998 3.430971 2.277809 4.191281 1.403542 2.962407 1.418516 4.276883 1.772801 2.537950 0.966393 0.246363 1.319385 3.259451 0.852976 3.732935 3.554748 1.412891 1.447284 0.844455 1.151004 1.691756
2400,734,3.6028053694067843,3.113322 1.085209 2.673980 2.466272 1.126091 1.832534 2.344432 1.029846 1.033860 1.521294 2.102184 2.725775 1.672299 2.987341 0.952012 0.751094 1.163795 2.094012 3.012353 2.468120 1.995294 3.112592 2.097856 1.512219 3.477436 2.415146 1.624313 3.622284 0.587196 3.049099 1.365582 1.547800 2.673993 1.629735 1.610164 1.307145 2.616450 1.827934 2.580628 1.123539 3.977701 3.526196 2.134841 2.799708 1.649792 0.998454 1.719018 1.690426 1.032435
2400,735,1.9232114549490213,2.024199 2.130956 2.918937 1.972438 2.158929 1.925835 0.789809 0.978147 1.245338 3.233188 1.576015 1.487656 1.853840 3.001807 1.109274 1.674052 1.008265 1.206690 2.286621 1.772232 4.474550 0.646931 1.960912 3.315624 1.766171 1.655297 4.467200 1.352906 0.895876 2.148215 1.671252 3.935504 2.728446 1.954453 2.752890 1.555785 3.284510 1.137053 0.837963 2.895296 3.441481 2.774618 1.043153 1.227299 1.367205 1.081521 1.936532 1.930980 1.439760
2400,736,3.2076653777544446,2.443047 2.031725 3.027761 2.535451 1.578666 2.315345 1.911251 2.410685 1.821165 1.346062 1.824166 2.399306 2.706038 1.579419 1.691410 4.131205 1.994898 2.004181 0.702823 0.987934 1.261479 2.027228 0.747301 1.315597 0.568963 0.799897 1.576161 3.798470 1.705621 3.146700 2.162039 1.575903 2.565918 0.983698 1.580152 1.103345 1.339791 3.031694 2.155206 0.739832 3.802493 1.226654 2.551232 4.013390 1.385010 2.204387 1.344119 2.049105 0.836506
2400,737,1.2006726145875812,2.393413 3.553793 3.058247 0.682418 2.149771 2.077321 2.181181 2.512408 0.398764 1.520023 1.597526 2.113344 2.912902 0.492144 2.018236 1.502919 2.553438 0.613499 2.392969 2.185346 2.728528 1.903759 1.144196 2.222200 4.175573 2.432564 2.875343 2.358489 1.022533 4.170007 1.854329 1.227496 1.328279 2.028453 4.420072 2.357862 2.283452 1.317524 1.455842 1.735157 0.911501 1.567938 2.204324 1.543667 1.624808 3.088461 1.482954 1.322894 1.215514
2400,738,1.3190678321361513,0.951670 1.491660 1.676678 2.335312 1.302538 1.270408 1.296974 2.728594 1.525727 1.646984 1.802058 1.462980 2.205981 1.001834 2.271844 2.422243 0.480949 2.694404 1.579256 1.286722 2.117902 2.580857 0.384544 0.636989 1.400954 2.274506 3.605768 5.040084 2.128195 0.700461 1.867527 2.877992 1.535121 3.270541 1.597318 0.785242 1.350584 1.392527 1.655886 1.978215 2.676935 2.499977 2.881424 0.553525 0.217195 2.556008 1.898256 2.127320 1.913803
2400,739,0.43293313665164207,0.999039 1.465749 0.695242 2.829695 2.344667 3.449094 0.159317 0.507602 2.127921 3.600688 1.416148 1.955600 1.443703 1.105969 2.228126 2.394606 2.245989 2.444253 1.506376 2.211541 1.314267 3.627328 3.337789 1.553046 1.916075 2.355816 2.498319 2.470420 2.148946 3.032158 1.373411 1.245801 2.595094 1.166956 2.080162 0.768336 1.248770 2.401315 1.546673 2.861561 3.734942 2.265275 0.755138 1.488864 0.938080 0.976008 1.258395 2.144455 0.949019
2400,740,3.4100924288264176,1.040666 1.893645 0.722837 2.465504 0.364133 3.406754 1.558393 1.606705 1.720275 1.232156 1.081689 3.196986 1.969131 3.444207 3.676067 1.564760 0.445102 2.022417 2.994207 1.745531 0.656770 2.739970 2.326478 2.111145 2.461836 1.535191 1.664067 1.181045 1.852558 1.020701 1.881732 1.248262 0.623712 3.253415 1.887049 2.734269 1.213111 1.991206 1.964471 2.682714 2.569663 1.486273 1.472055 1.916545 3.278902 2.636796 2.285383 1.103515 2.260141
2400,741,2.077459520257012,2.603619 0.832565 0.367333 0.774655 3.117715 1.920477 1.456705 3.473297 3.403770 2.026007 1.938421 1.534145 1.114972 1.068417 1.484663 3.439256 1.158659 2.365639 1.021134 2.642460 2.477162 1.253368 1.330320 3.462131 1.952572 1.788815 2.010201 1.123020 3.302552 3.025667 0.958451 1.625035 1.869939 2.605438 3.592177 2.583408 2.960825 0.456897 3.314642 1.097688 2.318779 2.720936 1.485407 2.610856 1.913797 2.269287 1.962283 0.957525 1.431761
2400,742,1.0354682165899254,3.052749 1.570605 1.758447 1.379417 2.345584 1.811033 3.061299 2.738665 1.911658 1.323140 2.188933 2.287395 1.526913 2.281053 1.659895 0.871353 1.431651 2.975801 3.125528 0.929399 0.281836 2.220339 1.863204 2.094119 1.325697 1.155876 2.406320 0.310049 1.929664 1.621081 0.857027 2.122157 3.497513 3.374632 0.471949 1.443120 5.044009 2.192347 1.077520 1.228349 1.540921 1.880383 2.133399 0.928000 3.470528 0.867330 2.128593 1.917630 4.171780
2400,743,3.1428131785248876,1.509946 1.025164 1.620059 1.484721 3.035587 1.716113 1.172578 3.125778 2.793772 2.958811 1.644189 2.437338 1.122232 2.799470 2.377180 2.541365 2.628597 2.167447 0.647441 0.719653 2.028379 2.510386 2.441695 2.976907 0.811279 1.232029 3.302208 1.750535 1.601266 2.923963 2.200435 0.633302 3.069696 0.576351 1.126944 1.057988 1.414145 1.717031 3.220344 2.600927 1.932091 1.743676 1.954139 1.333937 1.499801 2.482506 0.825819 0.814429 2.798571
2400,744,2.907135427709532,0.482392 0.404336 2.153256 1.425114 1.685399 1.833737 2.351808 2.208764 1.724205 1.146357 1.999203 2.468905 2.525112 0.906103 2.121941 0.652509 1.300651 1.688544 5.129295 1.901473 0.778730 4.221875 3.706019 1.574136 2.479331 0.762349 1.680526 2.226996 3.146811 2.156369 3.408846 2.194371 3.217905 3.975467 1.167930 2.235509 1.516010 1.161427 1.036361 1.483387 1.528719 2.322939 1.416033 3.225622 1.304322 3.130946 2.796468 1.244659 1.050392
2400,745,3.362920540803411,1.574258 2.020792 2.174305 1.906059 2.260617 3.305013 1.680398 0.587368 1.752946 2.135987 1.682514 2.755519 0.780111 2.758193 3.791756 3.057032 2.429672 2.348879 1.324813 3.731817 0.541806 2.085793 1.413890 0.677233 0.348010 0.968282 1.267645 2.124780 1.360038 2.101393 2.945177 1.854911 0.751766 1.660471 0.660823 2.346331 2.189188 1.638346 2.013694 1.274826 3.021556 2.864597 1.277937 2.582251 2.914892 1.625479 1.929006 2.744477 1.278644
2400,746,1.1500675676955714,1.459863 3.072919 1.075019 1.222990 2.143873 1.493951 1.948894 2.030355 1.295127 1.567141 1.588036 1.838830 0.779787 0.138021 3.246769 1.900072 2.061361 1.594187 2.143135 2.225444 3.174862 2.813868 1.409772 1.652394 2.222228 1.301323 2.405495 2.969059 0.852668 2.907271 3.388217 2.556246 2.772291 0.708939 1.225223 3.767398 1.392153 0.505653 2.693289 3.061134 1.864530 1.655076 2.574222 0.682675 2.573952 2.179705 2.349834 2.576213 1.180091
2400,747,2.0497957931136015,1.311296 1.117130 2.860218 2.277480 1.566815 2.449086 1.754061 2.704137 2.102652 2.826590 2.831812 2.164498 2.430548 2.095888 2.892528 4.284184 2.343105 1.557727 3.141682 2.473163 1.670818 2.739104 1.709188 2.715198 1.738256 1.612134 2.396960 2.520403 1.786028 3.198629 2.371766 2.523025 1.328279 1.105712 1.515081 1.467965 2.410776 2.220954 0.391960 3.194839 0.271736 3.440562 2.403045 2.034658 1.743964 1.881328 2.277367 3.064327 2.817750
2400,748,0.7931098189968229,1.685948 3.269580 1.914726 2.103750 1.872957 0.956458 2.056513 0.079569 0.792196 2.213318 0.885892 2.691263 4.409274 1.600294 3.311513 2.477111 2.496007 2.345528 1.705254 2.863293 3.992396 2.027422 1.297895 1.707002 1.906708 3.690948 2.767586 1.259689 1.891425 1.233546 3.228630 2.094670 1.275023 1.525166 2.341230 1.975150 2.215335 1.361283 1.839478 2.564658 1.666044 1.968669 0.568246 1.696908 0.911492 2.119480 2.405554 0.624178 1.812805
2400,749,3.9948082035983807,0.312904 1.927338 0.442675 2.183956 1.911789 2.075750 2.245179 1.342418 1.503050 2.370273 1.904981 2.236576 2.710218 1.139039 1.000900 1.124828 3.472307 1.255190 0.128194 1.595934 1.651006 2.439856 1.893796 0.917305 1.687342 3.169357 2.635432 3.017835 0.110694 1.741641 3.283835 1.069985 2.074140 2.000010 0.600335 4.172353 1.693443 2.304267 0.437525 0.710858 2.263076 1.758452 1.351981 0.932870 2.207393 1.645753 4.368921 1.568165 1.702181
2400,750,1.2546709475281559,1.473708 1.322285 1.409106 2.142555 1.997595 2.026245 1.004665 2.508899 2.082330 1.912468 2.372836 0.070219 2.038902 2.505944 2.148053 1.941198 1.573440 1.955731 3.101371 2.264743 1.491901 3.295769 2.022108 1.015500 0.963854 1.879705 0.566592 2.205852 3.112650 2.220054 1.946188 2.560493 1.092313 2.084213 1.611388 0.332220 2.600152 2.836048 2.481887 2.425445 2.399450 2.329074 1.203694 1.921251 2.835389 3.953314 3.198471 2.827794 2.074187
2400,751,2.6442573129748244,2.235602 1.191557 2.965715 3.362952 1.621810 1.690056 0.709012 2.795592 2.283179 2.114226 1.806712 2.629197 1.644053 3.814114 2.354768 2.558547 0.854994 0.950206 2.241131 2.995113 0.513537 3.976884 1.968691 2.301679 1.656188 3.395471 2.044616 0.804928 1.510043 1.311760 1.326426 2.382455 2.186973 4.356847 1.003865 0.737460 1.271339 1.906354 1.599874 1.815861 2.150125 1.907010 4.361007 0.858321 2.208533 0.720251 3.088613 1.392843 2.884596
2400,752,1.7504719045579944,3.903756 1.669537 1.878437 1.596426 1.898594 2.325088 2.491252 2.910709 0.936715 3.264541 1.351310 2.699000 2.039756 0.514662 1.770581 0.752679 2.478912 2.744984 3.397598 1.034674 4.002177 1.691347 2.515543 1.036941 0.349093 1.972612 0.977193 1.246683 1.912019 3.538594 3.723237 2.891519 1.275168 2.180946 2.162208 0.973806 2.346258 2.191643 1.189640 2.347515 1.253205 0.979511 2.708089 2.821043 2.389045 2.006157 3.917244 1.299614 1.820414
2400,753,1.5883306879907653,2.024082 3.124899 1.407754 2.985627 1.997020 0.627193 0.858043 3.573502 1.941710 2.761509 1.909975 3.498682 2.863065 1.715884 2.872129 1.401205 2.827023 1.828439 1.149031 2.559842 2.221231 1.506756 1.924069 1.419555 1.580347 4.314914 3.476731 1.874968 1.385344 1.441431 3.797991 2.229494 1.339145 1.599342 2.639875 2.902981 1.462016 2.588958 1.501259 1.950605 1.250364 2.156317 3.301522 1.938219 1.981435 2.036023 1.793772 0.404884 3.794819
2400,754,4.170486722645199,1.561940 2.802594 3.095478 1.102636 2.779308 2.190553 0.188963 1.585760 1.798769 0.528384 1.153243 1.196493 0.811665 2.277270 2.313733 0.747938 2.113381 1.020251 1.892775 3.913147 1.843146 3.105686 1.528300 2.866139 1.976878 0.624562 2.620743 1.669635 2.629174 1.422981 1.594634 1.123774 2.586818 1.799598 1.417130 2.137329 0.931650 2.789461 2.770179 2.635656 1.297596 3.703810 0.524352 2.896773 1.124390 4.426835 0.677202 2.689015 4.327591
2400,755,0.6676219080765038,2.654637 3.291329 1.068804 1.630316 2.640152 0.854100 1.818703 2.248229 3.243226 2.536110 2.578835 1.001317 1.909099 2.301428 2.692239 2.401138 1.623267 2.990032 0.784658 1.650298 1.533144 2.212211 1.535840 1.213340 0.640790 2.907320 0.935816 0.714026 1.858809 2.744078 2.432538 5.091476 1.303543 1.654577 2.132105 0.660477 0.430447 2.008386 1.586872 4.153823 1.953320 1.381647 2.221211 0.689933 1.431368 2.166444 2.213563 1.792483 2.426521
2400,756,2.219986296172862,1.852662 0.912062 1.826986 2.137563 1.864296 1.913030 2.660762 1.888498 1.552395 1.216345 1.210546 0.466118 2.511584 3.370692 3.111437 1.324689 2.564416 1.777792 1.943300 2.214102 0.494193 1.162402 3.370944 2.461128 2.341302 1.403488 1.965147 3.717133 1.455527 4.069473 1.281171 2.588614 2.005113 0.788537 1.730631 1.747354 1.862074 0.986353 2.081619 1.565603 2.386045 2.734474 3.889639 5.048483 2.229991 1.473759 1.186453 1.914258 2.703371
2400,757,2.2541304362906884,1.038083 1.187285 3.083951 2.308806 1.140874 3.849982 2.129994 3.082568 1.468064 1.528758 1.398195 2.534508 2.086336 1.483917 1.205250 1.868221 3.621613 2.674484 1.819315 0.700704 2.664242 0.749127 2.804145 3.012675 1.667221 4.495077 2.422086 1.922519 1.674150 2.064361 2.148810 2.842129 2.195853 2.660486 1.855150 2.370448 2.696778 4.052784 1.718750 1.616706 1.250953 2.087360 2.927383 1.130264 2.271914 2.420755 0.154797 1.352224 1.103724
2400,758,1.6070086091607971,2.826813 3.207353 1.577424 2.237180 1.595876 4.196153 1.449612 1.110557 1.391840 0.893244 1.293218 3.033556 1.875516 2.319249 1.589859 1.960393 3.782748 1.102560 2.830589 1.187193 0.393256 1.169347 1.718908 1.625926 1.996640 1.034397 1.847263 2.317776 1.650690 1.308524 0.625497 1.126647 0.716180 3.398317 1.362454 1.407282 1.552680 3.555686 2.195780 1.355942 1.118290 1.362708 1.450965 1.969344 0.992465 3.458773 1.679262 1.234573 1.946963
2400,759,1.8467681789810568,1.910575 1.278347 2.861021 2.545450 1.072753 1.479260 2.315316 1.292737 1.736315 1.015824 3.652317 2.865727 2.163315 2.658374 3.024072 1.604473 4.393648 2.106486 0.892562 2.488623 2.090406 0.675861 1.848506 0.622385 1.232893 1.983359 1.897702 3.776622 1.457276 3.247830 1.537315 2.536750 1.988666 1.972279 1.900061 1.690664 1.419882 1.480118 1.499821 3.826407 1.774160 2.575890 2.804958 1.775112 1.959536 1.880121 0.830306 1.966386 2.550245
2400,760,1.7315187653950714,2.425207 1.271699 3.383598 1.430261 3.298354 3.207678 3.750302 2.756944 1.442498 3.228136 3.485053 3.873734 2.307634 0.825506 1.760740 1.913750 1.547607 3.003432 3.027734 2.537858 1.705574 2.252232 1.520473 0.964807 1.537387 1.730629 1.332132 0.405568 2.235130 0.745885 1.376242 2.080765 1.137608 2.022116 1.227971 1.771795 1.378980 1.217209 3.670758 1.748750 0.997206 3.288135 1.038054 2.657685 2.099081 2.123621 3.719972 0.320810 1.830826
2400,761,3.421753553499912,2.155382 2.985818 2.179739 2.230371 0.560804 2.096558 1.577327 2.732561 0.636583 1.804171 1.171893 2.193370 1.594575 2.820105 0.894986 1.911310 1.788703 0.426784 1.114219 1.308078 1.144051 3.026597 0.744644 1.771531 4.431259 4.011336 0.956729 2.443024 1.278889 1.483892 2.425619 2.556100 2.362735 2.437452 2.426105 3.400246 0.665056 1.840388 1.370492 0.709554 2.221566 4.040422 2.800495 2.036124 0.905691 0.638920 2.956591 0.929970 1.603319
2400,762,2.8225646726634186,1.750794 2.761454 2.778078 2.792324 3.477696 0.389332 2.753268 1.157673 3.419659 0.729495 3.044057 0.221867 0.744771 4.342109 0.441579 1.561531 0.989185 1.948516 2.773690 2.330749 1.062865 3.372483 2.306675 1.366025 2.245511 2.200801 2.265054 1.849303 2.098683 2.155473 0.490797 0.878500 1.546301 0.720580 1.892577 1.349943 3.591740 1.976609 1.727579 1.976526 2.010432 1.142916 2.087187 2.162807 2.612745 1.319132 2.009090 1.960222 1.562756
2400,763,1.2790204822362012,2.619910 1.844231 1.701954 1.865837 2.950521 2.941804 2.100158 1.995130 1.471527 3.417679 0.616190 0.783262 3.600885 1.061215 1.911593 3.064711 2.194276 1.272316 1.332727 4.298776 1.412537 1.105737 2.837420 0.519214 2.285804 1.878962 3.561392 2.106422 1.804148 1.638978 0.714239 0.902291 0.829874 2.346215 2.167562 1.574878 2.938765 3.579434 1.906182 2.709694 1.010814 1.867641 1.857105 1.359216 2.321991 3.946747 2.879129 2.124991 0.540931
2400,764,1.1944773502639217,3.693072 2.026938 1.296160 4.008232 1.321630 1.270346 1.870807 0.409514 2.058134 2.316045 1.497449 3.952705 0.989879 2.811123 1.636340 0.997168 1.978760 0.907830 3.549478 1.454353 1.739224 3.520143 2.174852 1.905702 2.489652 1.337495 0.966068 1.225549 1.857930 3.227739 1.929547 1.386688 2.997759 2.010227 2.554916 2.522349 0.934012 1.955823 3.693124 2.046108 1.269043 3.688874 1.311875 2.389620 1.919738 1.402868 1.880343 2.912237 0.644455
2400,765,0.9349460060471665,0.992154 1.350338 0.551581 2.109393 1.740295 0.715667 1.086846 2.819894 3.493485 2.148774 3.011213 0.608553 2.311110 1.704207 0.885042 1.470744 2.608237 2.461293 0.462147 0.488765 1.074451 2.497422 2.591907 0.767648 1.950791 1.326815 1.735551 2.485264 2.591941 3.709612 1.178226 0.697012 2.314885 0.827169 0.989254 0.684851 1.677922 0.818125 1.890411 2.960225 1.049598 2.424337 1.855946 4.085571 1.251458 1.439977 1.984521 2.002424 3.604464
2400,766,2.6768005102717436,2.517412 2.676137 0.923529 1.345909 0.966915 2.305876 0.900548 2.623952 0.251856 0.860970 3.279971 1.569323 2.152879 2.041683 3.187814 1.062856 2.392375 1.358095 1.617804 0.762728 2.303987 3.326335 1.700688 0.970119 1.398795 0.910503 1.635897 2.051261 3.269253 1.119051 2.552410 1.439656 2.664810 1.979182 0.413532 2.437544 3.065502 0.885235 3.279077 4.839795 0.602666 1.649167 1.224645 1.267378 2.795062 1.384691 2.278024 1.321512 1.965728
2400,767,3.020901991618899,0.800013 3.120644 2.198647 1.027181 1.535850 0.688299 1.221095 0.994913 0.880021 2.878856 2.186152 0.851404 1.998007 1.525600 2.094525 0.951030 2.017941 1.694094 1.006470 1.388870 2.082296 1.507114 2.284985 2.003094 1.375256 2.024568 3.194431 2.132323 0.396762 3.907913 2.514817 1.805200 2.520981 0.905111 2.191817 1.800426 4.305410 2.673375 2.409007 2.569637 2.286121 1.302754 2.603444 2.820027 1.660203 1.097170 4.469350 0.600689 2.521776
2400,768,2.7992150765093102,2.151216 1.124717 1.297194 0.681932 2.677420 3.481783 2.400217 1.782239 1.159887 3.306993 1.718127 1.680430 3.145557 1.973344 0.559979 2.674722 2.729965 1.117412 3.707764 2.674494 1.207062 2.793702 1.152198 2.096654 1.261009 3.123741 0.657920 3.268780 1.757505 1.761761 2.568519 1.780994 2.388938 1.348982 1.185971 3.694795 1.036854 1.830655 1.022754 1.363641 1.680744 4.210585 1.068732 1.788965 2.633035 1.421149 2.520928 2.917455 1.805925
2400,769,1.613910482821552,1.815253 2.214338 3.220333 1.625166 1.609407 1.051518 1.559100 1.770988 1.293442 0.976420 2.100639 0.988583 3.787008 2.369293 4.254160 0.689175 2.038574 1.906872 1.828026 2.981274 1.086021 2.082936 2.057522 1.793350 0.428237 1.834122 3.166273 1.736440 1.145008 2.109103 1.168565 3.396262 3.665155 1.289898 3.075984 0.478953 2.649815 2.004759 0.995220 1.252257 2.602411 1.577850 0.723683 1.941219 0.958108 3.304396 1.652201 2.640748 0.963468
2400,770,2.4868233902397083,1.392586 3.121107 0.215202 2.509949 3.237332 0.777367 1.781343 1.052394 2.792186 1.435749 3.451905 2.185945 2.150608 1.683590 2.075507 2.617421 3.244125 1.104841 1.481731 1.623798 2.331721 0.702912 2.553864 1.571597 2.058541 2.947477 1.259034 3.680882 2.932589 1.666491 1.362838 0.765652 3.112093 3.231214 1.800577 3.253530 2.967471 1.716549 1.595775 1.875533 2.056619 0.322408 1.974154 3.618138 1.490110 2.431778 2.012240 1.442063 3.953392
2400,771,1.6064358983741494,2.636468 1.672575 1.537214 2.951352 1.455960 1.594968 1.146506 3.307194 1.299828 1.353299 2.724176 2.725596 2.022846 1.867567 3.258802 0.454102 3.323925 4.169446 0.206655 0.484219 0.571796 1.139807 2.307386 1.219171 0.961391 3.519712 1.695004 1.694574 1.021426 2.242334 2.220598 1.573200 1.108535 1.397831 1.877686 2.227338 0.550416 1.087041 1.438992 2.486414 1.764330 2.284444 1.001788 2.116201 3.742337 1.705406 2.003856 1.971843 2.828879
2400,772,3.1971254581012736,1.848740 1.980467 0.817664 0.907659 1.658456 3.130636 1.483403 3.552058 2.223406 2.319514 1.007189 1.071617 2.860182 0.526849 2.005246 1.509678 1.550009 1.739525 1.666114 2.527534 1.703460 3.247342 3.967206 3.418079 2.258734 2.005229 2.238074 2.479947 1.907687 1.210160 2.293568 1.181884 2.360733 2.383644 1.152335 1.604119 3.781109 1.323977 2.519446 2.055131 3.628938 3.152918 0.598462 2.692984 3.480299 2.802580 1.482214 0.629762 2.337675
2400,773,3.785490025827232,3.177358 2.520511 0.522455 2.815199 1.141421 0.872841 0.306234 1.094808 0.515995 1.342661 2.364349 2.683312 2.731124 1.946693 0.926903 2.501764 3.320632 2.039912 1.367653 1.744430 1.693614 1.980641 1.001615 1.652647 0.375874 0.707972 1.839376 1.801183 0.805754 3.363678 2.837441 1.383168 3.436927 2.828695 4.066669 3.356137 2.325400 2.129204 0.241782 2.525065 2.020268 2.810482 1.206887 2.869952 1.383498 0.643977 2.025727 1.151581 1.792939
2400,774,2.3509606603195876,2.041491 1.956292 1.366859 3.958652 0.789633 1.100320 1.689223 0.417641 2.507926 1.753147 2.669815 1.800762 1.960012 3.017642 2.725301 2.831593 1.617738 2.631424 1.189205 3.118959 0.684462 1.581547 1.246200 2.253382 2.052387 3.253941 2.401664 2.383937 3.638567 1.615581 2.074485 1.140549 1.026095 1.788595 1.983128 0.812965 2.589210 3.826622 2.634546 1.423252 3.846363 1.435975 2.623538 2.850793 2.221074 1.771367 2.154715 2.908153 1.644114
2400,775,2.835078657502041,2.972773 1.526206 3.547209 2.787216 0.453176 3.102948 1.810063 0.903749 1.688058 1.618511 3.243976 2.156551 1.184525 0.054157 1.904443 2.167762 1.921615 3.278614 2.119857 1.267464 2.082010 1.360175 2.700576 1.921421 1.731943 0.799152 1.740909 1.912907 2.071331 3.056792 3.424686 3.034314 1.401679 1.218886 0.654523 2.461303 1.273530 1.390127 1.387443 0.820950 2.717332 2.316991 0.417070 1.123446 1.363467 2.770731 2.272176 1.207844 2.172879
2400,776,1.753273979637645,3.154149 1.149555 2.696724 1.633685 2.412716 3.018311 1.866474 1.009958 3.681844 1.915294 0.287309 1.320966 1.595851 1.588033 1.796260 1.952907 1.845437 2.095500 2.142929 2.968962 3.089934 0.926694 1.063026 1.953079 2.201595 1.827216 5.170054 2.587419 1.531533 0.836544 3.013952 3.618247 1.822096 1.537560 2.012979 2.291339 2.616534 2.220079 2.510141 2.701250 3.763149 1.515325 1.997173 1.746500 1.692376 3.219988 3.135811 0.720804 1.063359
2400,777,2.243336372816969,2.567550 1.101340 2.919043 0.068894 1.549920 1.283818 2.061695 1.219636 0.947760 3.403646 1.759359 0.503082 1.123001 0.990742 1.602645 3.384595 3.454010 2.147520 1.818797 1.509945 2.613001 2.528124 3.632299 0.927332 1.634364 3.433009 2.000274 2.392584 2.009019 0.475846 1.167362 0.992884 4.004982 0.723417 2.499710 2.883446 2.259979 0.737316 3.321294 1.869956 1.199446 1.220817 1.473651 2.748118 2.024927 1.194908 2.361043 2.955424 1.039653
2400,778,1.0468853672891991,2.253854 2.483117 1.403887 2.621960 3.571649 1.183682 1.265209 1.562570 0.949492 2.497564 1.749173 0.378779 3.561537 1.189242 1.361181 1.594051 1.542402 3.594362 0.893204 1.555184 0.822736 1.479674 4.157881 2.403580 0.778756 2.194655 2.050760 3.213485 3.493709 1.588781 0.760023 2.457254 0.963451 2.498448 0.819170 2.173520 3.747952 1.559425 2.170744 1.301851 2.498428 2.648396 1.868654 0.667306 3.697967 1.338772 2.972057 2.452334 1.777685
2400,779,0.896757194812472,1.232330 2.957516 1.257938 1.456076 0.290809 1.077055 2.560134 3.320465 0.627146 1.312393 2.164817 0.873592 2.751030 0.535364 3.038617 0.589305 0.887188 1.109410 0.796263 1.078059 3.677655 2.416892 3.145099 2.484433 0.440460 1.658226 3.146666 1.493835 1.901946 1.576150 2.996846 0.539924 1.323222 3.859458 1.673513 2.116313 0.848557 2.138632 2.821918 0.722949 2.920240 1.068868 2.218989 2.355517 1.319895 1.980708 2.046417 0.397504 1.616668
2400,780,2.8191247002328703,3.363944 1.268411 1.453632 2.835479 3.377976 2.827299 2.429725 2.683086 2.060130 1.682770 3.377582 2.428606 1.717239 1.353181 1.812161 2.247140 1.594853 2.081373 1.764468 2.241318 1.732083 1.175658 1.979584 3.002062 1.267576 2.318554 1.567166 1.699007 2.987489 0.784058 2.248652 1.925612 3.554954 3.280206 1.127496 1.101410 2.380737 1.850086 2.122708 2.719412 1.591419 0.625070 1.496934 2.214379 2.214421 1.161274 3.414151 3.550968 1.758882
2400,781,0.8446088442515469,2.555172 2.041694 2.717795 1.972346 0.402611 1.448835 4.486293 2.764485 1.384548 2.564402 2.669919 2.621867 2.502539 2.318796 2.961004 3.397815 2.264779 3.924407 2.216101 0.644162 2.603979 1.785968 1.549888 1.921169 2.891850 3.935285 1.997537 1.769149 1.650622 1.743691 1.871254 0.911392 2.233602 2.173063 1.181999 3.486134 1.134566 2.356185 2.426547 2.807077 3.004517 2.676015 1.747700 1.733882 1.579250 2.769561 1.157655 1.469769 0.564498
2400,782,1.4951563420609535,2.121415 1.286463 0.593095 1.507384 3.272087 1.661227 1.977761 3.205337 2.800722 4.810479 1.269715 1.595923 1.213500 1.326823 1.701433 1.810349 2.038196 2.084255 2.331783 2.208376 1.205617 1.071289 0.874637 0.928086 2.947123 1.418327 2.197732 1.109314 1.134606 2.876055 2.549536 1.769811 3.557264 3.443324 1.413610 1.156142 1.439311 2.614512 1.393383 1.484266 1.948461 1.234519 0.613910 1.843725 2.287597 2.956088 4.778256 1.934294 3.411811
2400,783,2.347005452388276,1.843074 1.440542 1.852938 2.022346 1.908805 1.752316 2.190384 1.435080 1.461399 2.245119 3.372054 1.594870 2.688940 1.208064 1.968893 1.710724 0.898024 1.654456 2.188526 2.221770 0.543211 2.884898 1.537216 4.158022 1.335725 3.342982 1.866680 3.966154 2.391262 0.977978 1.646550 1.056341 1.880597 1.464176 0.917336 1.488607 1.577596 1.529861 0.995990 1.173757 3.174880 2.301955 3.849246 1.564907 2.134711 2.018129 1.274381 2.708140 1.850271
2400,784,2.7393892285703307,1.681211 2.372355 0.966488 1.257035 1.663532 1.804441 2.475134 1.466125 1.809874 1.373382 2.641616 1.481828 2.794336 2.014181 1.582996 1.580883 2.158956 1.234137 1.038422 0.873274 0.924509 1.437247 2.274469 2.270214 3.819067 1.472519 1.856240 2.407373 2.189437 1.677651 1.973426 1.214406 2.440617 0.663894 1.238015 3.352758 1.780349 1.464419 1.061238 0.898383 2.017944 1.679029 2.625390 4.301391 0.612992 4.753591 2.204281 3.350728 1.398807
2400,785,3.4111304071982476,1.519933 2.123744 1.943278 1.043170 1.864396 2.958398 1.820963 2.179551 1.066160 2.818814 0.621113 2.296382 2.000124 3.841452 3.348370 0.813846 2.151015 1.454300 1.675238 2.214209 3.584578 0.949821 0.826085 0.972549 1.022013 1.556002 1.223823 0.675593 2.956811 0.689286 1.224856 3.160622 0.228566 3.618102 1.072688 2.003839 1.559485 3.638135 0.919154 2.005341 2.367391 1.552516 1.513294 1.321105 1.228953 2.774382 1.670663 0.930135 0.112685
2400,786,2.005798133644018,1.371781 0.954554 1.794451 2.310469 1.633704 2.770353 1.941336 2.703603 1.860290 2.888838 3.292860 3.416017 2.123495 2.196715 2.768079 2.040341 2.944301 2.334348 2.667473 1.423082 2.468446 1.170755 2.165704 1.383731 1.002316 1.238324 2.625148 2.170064 1.012832 1.985763 0.965135 2.015407 1.476170 0.607792 2.946730 3.859397 1.200621 2.150588 1.167116 2.027819 1.333877 0.347519 0.496161 3.789749 3.125513 2.163880 2.356802 2.610061 1.254664
2400,787,2.1355903587390617,3.534586 0.319876 3.069281 1.374248 0.029201 0.918716 1.636633 2.092069 2.256584 2.380681 2.917357 2.560238 2.524819 3.282075 1.068358 2.423541 0.783981 1.332683 1.414175 2.080274 4.459472 2.200984 1.390276 0.980386 0.977234 2.016755 2.903434 1.544765 1.774500 2.648843 1.111941 0.739345 1.777463 1.618838 1.855197 2.035245 1.812967 1.098685 1.964077 1.640563 0.664226 3.284593 1.918339 1.209643 0.983386 0.741170 1.461303 1.693258 1.219541
2400,788,1.402922875293338,1.998231 1.074321 1.742455 2.224788 2.123123 2.886641 2.126516 0.771645 0.872013 4.343115 3.050922 1.080456 1.739172 2.337538 2.182319 1.179008 1.686443 1.063992 0.993214 3.035855 1.941070 2.773896 0.823937 2.610707 1.048905 1.575967 2.380661 1.529301 2.266631 2.739664 2.214560 2.744415 2.770402 0.718876 1.382466 2.090920 1.812687 1.446921 3.193948 1.664038 2.561376 2.879943 3.633967 2.085409 1.587809 1.798910 2.870745 2.969586 1.056643
2400,789,2.4770295836505176,2.539684 3.720148 2.298824 1.300630 2.124381 1.201666 2.705321 1.274054 1.706597 1.707401 3.598323 2.653893 4.101000 3.776277 -0.107292 1.976450 2.224974 1.793057 0.998377 1.652312 1.936564 2.194294 3.122001 1.989319 1.304729 2.067011 0.698627 1.479459 1.963437 2.621619 0.959623 3.209383 2.297750 2.421213 3.127930 1.657171 2.702126 1.671950 2.133541 2.702713 2.681291 0.791548 2.532370 3.093221 1.441107 1.403438 1.798406 2.429418 1.906725
2400,790,1.9091591556876017,2.142891 1.446928 0.429302 1.315603 1.563409 1.188669 2.304718 3.605080 1.345849 1.492638 1.588874 1.418898 1.595345 3.237455 1.972951 1.162925 1.683449 3.921083 3.441576 1.080409 1.228017 2.858638 1.809800 3.565122 3.222249 1.464721 1.733019 1.267703 3.003365 3.783219 2.085846 1.084913 1.276907 1.681078 2.356357 2.126127 2.303262 2.491892 1.245807 2.480951 0.878086 2.704977 3.205028 1.432929 1.490123 1.303164 1.737163 0.408251 0.981652
2400,791,1.705933012950158,0.860493 2.605257 3.263752 1.514533 1.944759 1.567384 3.131898 2.798560 2.710841 1.203002 2.118330 2.691828 1.360791 2.456031 4.280514 2.660185 2.385780 1.911272 3.326570 1.488407 1.863551 1.766126 3.778044 1.700842 3.118696 2.473831 1.524709 0.948158 2.587578 0.862224 1.210511 2.566610 0.693447 3.414096 1.101118 1.117734 0.896374 1.033173 3.952416 2.028008 0.672734 2.599084 3.426565 1.945098 1.500102 1.433113 1.182418 1.488658 1.293639
2400,792,1.7785319824547934,2.814404 1.649843 1.379311 1.017887 1.609942 2.402820 1.359227 1.408311 2.084239 4.332286 1.161206 2.049557 0.935073 1.131972 1.773030 2.022693 1.902972 1.038798 1.995055 1.997487 2.681408 0.565974 3.428074 2.559293 2.944397 3.210462 1.717120 3.315382 1.977789 1.884079 1.182649 1.977966 3.810573 1.709573 2.991300 1.806929 2.620097 2.460483 2.740164 4.876758 3.491979 2.363627 2.250059 3.473253 1.764679 2.086360 1.893505 1.126642 2.825889
2400,793,1.1175080527249464,1.150852 0.410883 1.658111 2.294957 2.560792 0.944070 0.594643 1.433873 3.738432 1.280481 0.400347 3.326211 1.775817 0.977688 1.614244 3.757492 2.034840 4.132963 1.655586 1.250189 1.595118 0.968407 2.822882 2.629992 2.325332 2.433458 1.311979 0.673983 0.028332 3.045383 0.868141 3.030103 2.544692 1.263305 1.989419 0.949103 2.814782 2.070546 4.129078 1.722350 0.697551 0.697097 2.617248 3.139295 3.282811 1.135608 2.608561 1.582056 0.832866
2400,794,1.2911169676315062,2.253860 0.940214 1.767659 0.705326 1.607341 1.126009 0.555642 2.822724 1.458867 0.953461 1.560419 2.497176 2.142748 1.102294 2.493795 3.163876 2.272322 1.313231 1.413474 1.953654 3.204051 3.723085 1.893927 3.158549 2.924632 2.245499 2.995507 2.101871 2.525178 0.713265 2.678703 1.903417 1.976972 1.708153 2.099198 1.364508 1.051309 1.991405 0.962713 3.201452 1.140883 1.430674 2.014721 2.403168 2.071506 3.677306 2.364280 1.262734 3.503973
2400,795,1.0598033708819858,2.430053 2.917219 1.930958 2.090552 0.673257 2.406356 2.487899 1.727285 1.193497 2.129266 1.341059 2.150346 0.272089 1.796691 1.422528 1.876447 1.715527 3.515368 3.278940 1.206661 3.778752 1.531492 1.566656 3.231585 0.778849 1.946635 1.241220 2.843679 2.216759 1.089242 2.277385 2.299842 1.797553 1.364312 2.168675 1.567394 2.257685 3.142132 3.330846 1.930125 1.661129 1.818362 1.713459 1.718238 1.904975 2.329222 1.283392 1.007898 3.441346
2400,796,1.5220571227981794,2.632080 1.158957 0.990294 1.904119 1.832411 1.779997 2.157936 1.717637 4.062219 1.645251 1.972674 0.580466 2.028868 1.358982 1.037444 2.100500 1.921533 2.463621 0.660755 0.791164 2.946866 1.839114 1.639239 1.596537 1.504650 4.702530 0.420888 1.949799 3.049440 1.909368 1.830338 2.139298 1.053403 0.670069 3.490320 2.614738 1.428915 2.428501 2.191130 1.189622 1.424696 2.241900 2.373191 1.240619 3.686155 1.115374 2.783959 1.655021 0.810694
2400,797,1.6750766436400752,1.474385 1.499251 2.792997 1.405328 1.979313 0.672859 1.629083 2.502683 2.653690 1.834973 0.867128 3.796237 2.783732 4.227503 1.084322 0.930801 3.039566 0.088462 2.308187 1.973006 3.220052 1.022047 3.626611 0.650467 1.746703 1.547909 2.660276 3.956080 2.093125 1.872998 2.607039 1.384666 1.368469 1.412169 2.498733 2.417851 0.638564 0.793347 1.094911 0.843192 0.111736 2.272225 1.864432 1.557814 1.971304 1.929075 2.601644 0.834718 -0.079431
2400,798,1.0908799175541268,3.143060 1.258007 3.317370 0.166489 2.542456 1.514231 1.184075 2.322570 2.760699 2.218511 1.803873 1.987082 3.522777 1.756997 2.551931 1.027265 1.067630 3.569555 2.181813 2.928621 1.530553 1.854523 4.307290 3.122666 1.345946 2.485655 1.965675 3.552256 2.765287 1.571270 1.278625 1.885001 0.648611 1.034778 1.997852 1.950935 1.582670 0.910544 3.161626 1.907291 1.280639 1.322326 3.378508 2.826499 1.098798 1.509876 1.330477 1.847607 1.862522
2400,799,2.135291648603,2.909072 1.508765 3.324253 3.220610 1.199152 3.809031 0.745273 2.820510 1.942001 1.284266 2.918074 0.699460 1.777877 2.457055 0.522752 1.517770 3.069341 2.010055 0.329207 2.041393 2.134380 1.174567 0.893022 3.159984 0.627395 3.264053 1.207045 1.670009 0.950745 3.106347 0.919687 3.372490 2.272315 1.320232 3.184809 2.214273 0.518814 1.457259 2.852751 1.503716 2.271996 1.549299 1.980310 2.981489 1.718310 0.622471 0.591612 1.362406 1.336520
