n,draw,oracle,T_raw,nI_whole,argmax_frac
600,0,0,19.425331314464984,5.225101446629488,0.1
600,1,0,11.735288262995295,3.219028800264745,0.11
600,2,0,8.640616824780407,4.563841685667214,0.175
600,3,0,12.675706246222768,3.953554569121742,0.1
600,4,0,8.95272643334825,1.1587509062447765,0.1
600,5,0,14.619422432349023,2.77439604359504,0.12
600,6,0,12.501512644219222,6.511109630021217,0.775
600,7,0,12.567622396400415,2.1584917842162987,0.155
600,8,0,8.154414951719568,1.7429233907145125,0.1
600,9,0,11.965308647577865,2.5463488585310223,0.1
600,10,0,8.745471960281167,4.479308164246554,0.125
600,11,0,11.751337789634785,4.227164414059281,0.105
600,12,0,9.326160142654508,3.617228246296378,0.885
600,13,0,8.662779449339705,2.3050006902367137,0.1
600,14,0,12.698861466942239,3.0794170225027173,0.1
600,15,0,15.389710768460635,9.151536856056008,0.11
600,16,0,10.572317206305081,5.0538284184004745,0.89
600,17,0,7.76638365004609,3.231255968334512,0.1
600,18,0,11.381348308104657,4.854278791212341,0.9
600,19,0,10.023968106883594,2.3765107706781308,0.14
600,20,0,11.878690738708807,2.3396134889708264,0.115
600,21,0,7.846079723375758,3.007741103877315,0.185
600,22,0,14.87283597043966,3.955601182109625,0.9
600,23,0,13.943256577458467,6.58980117839949,0.81
600,24,0,13.59793353929543,1.5016864381093953,0.105
600,25,0,7.2409810651880635,2.3914854481875913,0.81
600,26,0,11.752709473977099,2.2772301587489885,0.9
600,27,0,8.851130152355477,2.198732207649723,0.875
600,28,0,10.725326832066795,2.894465231120602,0.115
600,29,0,6.934237909838332,3.628656620436743,0.9
600,30,0,16.628074254571274,3.530373580202717,0.1
600,31,0,8.807332488972817,2.4075246863676014,0.9
600,32,0,13.383630616805801,2.777711438451824,0.9
600,33,0,11.519056805007942,2.5503024140542507,0.105
600,34,0,13.889143684230245,2.941870268510005,0.89
600,35,0,7.36145421147855,2.6144926750117925,0.895
600,36,0,15.078566611807673,4.503579960061632,0.86
600,37,0,11.830307896203076,2.2260445922556826,0.13
600,38,0,11.349257542401173,2.270459491296961,0.9
600,39,0,11.833097162337959,2.208596916132066,0.88
600,40,0,13.677797026312438,3.6520305192398794,0.865
600,41,0,8.916539093509817,2.9787259376329978,0.145
600,42,0,13.14506114854927,5.587308379353484,0.115
600,43,0,12.211510752225934,4.055880426493896,0.9
600,44,0,7.566086437832316,2.321628671712439,0.16
600,45,0,14.127022112343221,3.7381400361533146,0.1
600,46,0,14.278075068594637,1.5553338940688555,0.1
600,47,0,10.949374880503946,4.367073067596472,0.9
600,48,0,10.816145870747675,3.6153922822542484,0.9
600,49,0,12.038608216778108,2.6901399288306926,0.75
600,50,0,11.107797286468386,4.18491802757659,0.9
600,51,0,9.051503073886904,5.924982588220029,0.85
600,52,0,7.469983000162481,5.030844462385531,0.185
600,53,0,8.489666690203501,5.509154454258169,0.9
600,54,0,10.000623413694631,2.348477638792179,0.1
600,55,0,16.137732543741876,2.79072338547115,0.88
600,56,0,9.261435091466252,1.3537437514123951,0.135
600,57,0,7.342421676630257,3.1722379982336513,0.11
600,58,0,15.142429592894722,3.0030705457320117,0.885
600,59,0,12.905530109582605,6.013358226939136,0.1
600,60,0,7.868876705327041,2.614748091501351,0.9
600,61,0,8.158109383448984,3.1164270858300647,0.12
600,62,0,10.926833062697341,4.515148587405182,0.9
600,63,0,9.368962300003822,2.8460572443266052,0.9
600,64,0,16.92641520762017,2.434164818686657,0.835
600,65,0,10.362841920402962,3.4807895244499676,0.845
600,66,0,7.11401418849662,2.1833545652313546,0.9
600,67,0,8.80111444109759,2.5438554305392103,0.135
600,68,0,13.138538406112875,3.122588224676104,0.845
600,69,0,10.105336388454107,3.1231117716013834,0.13
600,70,0,15.403971114332291,2.3390021197750244,0.105
600,71,0,10.177511426744271,2.6406031008308517,0.165
600,72,0,15.241105485895945,2.3988162836742433,0.9
600,73,0,16.349431456418703,2.2619216558655175,0.88
600,74,0,17.238259191023484,4.759203215892782,0.165
600,75,0,8.561803369647176,2.812114042167213,0.9
600,76,0,8.559020026246031,3.304300348578071,0.8
600,77,0,7.532507009357674,3.727036591025179,0.105
600,78,0,18.43526799383655,3.2019273870234954,0.1
600,79,0,12.4452896782689,5.455580959921402,0.89
600,80,0,20.040227101640728,3.6470111654827164,0.1
600,81,0,9.007784914706496,2.2520359637254295,0.87
600,82,0,8.017162396841647,3.245193448575634,0.845
600,83,0,15.528449975010261,3.9176219519024613,0.9
600,84,0,7.082994123205861,3.995479468582097,0.895
600,85,0,11.401148388921646,1.9344200960476954,0.875
600,86,0,6.731623083462557,3.657339556048189,0.9
600,87,0,9.630834179986785,1.8288955958833064,0.9
600,88,0,10.059151433866838,2.742145559152842,0.9
600,89,0,7.679194339292126,4.440181523468034,0.9
600,90,0,13.838234446997483,3.351819223477026,0.105
600,91,0,8.826166854769196,2.112286083569881,0.895
600,92,0,13.74036097908263,2.078483515659535,0.9
600,93,0,11.04022160814173,3.4151796039816773,0.87
600,94,0,9.97609021673365,2.713904766082642,0.9
600,95,0,12.957276964359247,3.409021294819059,0.12
600,96,0,8.652569672591163,4.050999165564573,0.13
600,97,0,9.922314613407341,4.847624502238634,0.1
600,98,0,12.28725317650992,2.2800180377257284,0.1
600,99,0,8.19220369119832,3.9676326985690125,0.72
600,100,0,15.341689560849403,3.101675796061709,0.9
600,101,0,12.402684294173358,4.037609789675489,0.9
600,102,0,10.935348764941182,3.3114000861577786,0.9
600,103,0,8.975461796006837,4.410726721740765,0.9
600,104,0,11.606544033389312,3.6564255769352627,0.9
600,105,0,13.461672363504487,1.9741548309050394,0.885
600,106,0,13.60281910613152,3.4083439048528064,0.895
600,107,0,5.2856585054898275,5.92453797004282,0.9
600,108,0,13.790374888757109,2.44736436270232,0.895
600,109,0,14.043530671118955,2.4483938947539308,0.11
600,110,0,8.91853938643369,3.0997369650611617,0.895
600,111,0,12.583257024548066,3.8091638424258,0.1
600,112,0,12.097803230823919,4.77637631567287,0.105
600,113,0,17.524862642157917,4.349928753556576,0.865
600,114,0,14.158968968102013,3.10183591974722,0.11
600,115,0,12.742929521051446,3.7633404911638024,0.89
600,116,0,17.173426115668306,3.6289449223265713,0.89
600,117,0,13.71637152777503,2.028589819830273,0.14
600,118,0,12.354621179339958,1.738554379352486,0.115
600,119,0,8.760905430830308,1.3296340325209322,0.1
600,120,0,9.119260336608992,3.4531648257267733,0.11
600,121,0,8.940751573938032,3.3144055672210015,0.895
600,122,0,7.653333582209233,3.9044924235723144,0.1
600,123,0,10.221317385162187,5.129792206448069,0.105
600,124,0,5.8117226300918565,3.2510627377748236,0.105
600,125,0,12.177056594054962,3.0851934380907053,0.89
600,126,0,9.674276870729894,3.131978812018499,0.105
600,127,0,11.762826957358605,2.125231628817925,0.88
600,128,0,11.26371586900664,3.302741469148529,0.1
600,129,0,11.724275848207148,3.1736685143341603,0.1
600,130,0,10.457558134636908,2.1860213778143844,0.9
600,131,0,14.991135134188163,5.921240785860604,0.885
600,132,0,9.236077828147316,3.673580339183591,0.895
600,133,0,8.554728642345086,3.3789741839748366,0.105
600,134,0,10.993061434116331,1.7348112308525288,0.115
600,135,0,17.052859354076258,4.977613858666263,0.9
600,136,0,7.9416851536617905,4.016242745748233,0.9
600,137,0,10.856338332338124,4.062027804936985,0.1
600,138,0,9.169889876799886,3.1861645080248913,0.1
600,139,0,9.206448676346417,5.055419886025625,0.11
600,140,0,12.11773037040904,3.603534348512394,0.1
600,141,0,6.228701347797073,2.151108945111968,0.1
600,142,0,13.146706976602092,1.5200347479398246,0.1
600,143,0,12.553757756819355,4.153948423465259,0.9
600,144,0,14.396071481575046,2.734760556247373,0.1
600,145,0,15.004887166354424,3.6721966942431017,0.115
600,146,0,10.407905304945803,3.973555062785117,0.1
600,147,0,9.141773568137559,4.570097438110476,0.9
600,148,0,12.497887340294568,4.122841170613523,0.895
600,149,0,5.560694089189092,3.0354086622296883,0.175
600,150,0,11.067758215162115,4.115920628501879,0.88
600,151,0,7.84919075560713,1.9284464753101638,0.875
600,152,0,12.333656438003999,4.02221036934538,0.855
600,153,0,18.666925535499903,4.05953127292813,0.1
600,154,0,8.476688679022722,2.657366566684427,0.815
600,155,0,9.664260515681669,3.582679555822832,0.9
600,156,0,13.298444345707592,2.583341793980587,0.11
600,157,0,10.798741309676922,3.179397380999749,0.1
600,158,0,10.933388049930473,3.075630826184117,0.875
600,159,0,11.773155716764604,3.4538860633057666,0.105
600,160,0,13.021088035264043,2.720046892708883,0.11
600,161,0,13.282021312831484,4.692720512486304,0.865
600,162,0,11.641275065522981,2.6813419992559595,0.11
600,163,0,10.82474983805198,2.3137793356124092,0.895
600,164,0,11.87999333292316,1.7406232263456722,0.1
600,165,0,9.257942361052148,3.0096377074613656,0.125
600,166,0,11.897265321964243,3.1697557335212068,0.1
600,167,0,11.232095534581216,4.189560994172048,0.105
600,168,0,16.655877606987314,2.3425245212463253,0.89
600,169,0,11.753294959120893,2.7862457020359166,0.88
600,170,0,11.56880965692975,3.5602941457636206,0.1
600,171,0,8.756436284499614,3.7317673802005125,0.9
600,172,0,8.034990591847386,5.969518111405581,0.795
600,173,0,9.300491537139965,2.037072187924327,0.9
600,174,0,11.9425528409212,4.475909287586699,0.11
600,175,0,6.9538198001424485,2.967544422356383,0.165
600,176,0,10.36620928469376,3.551618841773241,0.145
600,177,0,13.225572767839546,3.5275344364010586,0.9
600,178,0,16.664836312651694,3.291446962825262,0.125
600,179,0,7.942637295160316,2.9105263196053777,0.1
600,180,0,8.835844684184226,3.7547663074290583,0.87
600,181,0,10.707337315178043,1.2880079436994762,0.895
600,182,0,9.183254209927094,3.176941906033459,0.86
600,183,0,14.540463603007813,4.584074329015131,0.11
600,184,0,11.378354528089083,1.5408518659817183,0.9
600,185,0,15.906112937999405,2.110004170493518,0.1
600,186,0,9.53256404385546,3.422794562312248,0.725
600,187,0,10.735532386792555,1.942138143450478,0.1
600,188,0,10.670550944480887,2.1330558938689848,0.89
600,189,0,9.770063875601299,3.5166349812658204,0.12
600,190,0,9.202077186794547,2.9606075089718686,0.895
600,191,0,14.038601760205278,1.8870471303867653,0.195
600,192,0,20.297710417548114,3.1778268557285827,0.125
600,193,0,8.598763984332596,3.364163655713437,0.89
600,194,0,8.614408004370366,2.5824092610241323,0.9
600,195,0,10.497809213064702,3.2814874695397123,0.89
600,196,0,8.10750148805761,2.588585978060909,0.885
600,197,0,12.687011569264568,5.029514673678914,0.1
600,198,0,10.055466677323029,2.1734898687673976,0.9
600,199,0,15.128792641840947,3.791269834313482,0.105
600,200,0,8.098418813954677,5.238979068525396,0.11
600,201,0,11.293102194287142,4.472779181422837,0.835
600,202,0,11.178410488663562,1.61109807217521,0.88
600,203,0,11.714209842909854,2.9974909737859434,0.1
600,204,0,10.84814434660076,2.626970793637362,0.1
600,205,0,10.776898184729205,3.5169250664968565,0.885
600,206,0,11.715760682180811,1.3522789599240248,0.88
600,207,0,12.054576823820243,1.6655996956348673,0.83
600,208,0,15.076431911210056,2.6197481791314203,0.835
600,209,0,8.587816969370763,2.3987111481584833,0.835
600,210,0,7.735326773022315,3.1155645728205172,0.9
600,211,0,6.933657889955649,2.5153833952372473,0.9
600,212,0,7.287727695491769,5.604485816332705,0.12
600,213,0,10.566611991005766,1.566637582472552,0.15
600,214,0,9.53750380344411,2.495735891712325,0.12
600,215,0,9.051138188237228,4.373807515990347,0.16
600,216,0,11.832237454048798,4.002536782830557,0.9
600,217,0,6.2110399300473516,1.7801550831161528,0.1
600,218,0,8.211388058402616,2.936913761604565,0.11
600,219,0,8.0457105174888,2.468911974621335,0.11
600,220,0,10.067209803773526,2.1253769140010093,0.89
600,221,0,9.63210585858425,1.6408664813704732,0.9
600,222,0,7.836146367435869,2.50177927116626,0.89
600,223,0,20.919453569222707,3.6834001030157992,0.105
600,224,0,6.929450972309566,2.545521104547799,0.1
600,225,0,11.35816814971487,3.1714679266143797,0.89
600,226,0,14.381661210065776,1.5783441835304224,0.11
600,227,0,10.395040856185906,1.6540365796669398,0.105
600,228,0,11.458130321547532,3.4052864417858153,0.145
600,229,0,10.983583515944893,3.040274014256017,0.875
600,230,0,15.068953409582393,3.8477017738864916,0.895
600,231,0,11.931069869634475,2.3682783671483243,0.125
600,232,0,7.721631255657409,3.270683957506204,0.1
600,233,0,11.65852408434608,5.0937721890843335,0.105
600,234,0,10.733238248569164,3.589330817405134,0.1
600,235,0,10.899290882727962,1.9996182420326747,0.125
600,236,0,8.048343387412393,3.7709111852439747,0.1
600,237,0,6.531450756273368,1.6912613411455446,0.1
600,238,0,13.779140236399007,4.672253554388117,0.88
600,239,0,9.407504824112188,3.6241185383684815,0.9
600,240,0,13.793110687303116,3.5813648587609492,0.9
600,241,0,7.56035630842549,2.711348964684124,0.13
600,242,0,8.104026689160266,2.6024167720419378,0.185
600,243,0,13.795019209164924,2.590614218016629,0.895
600,244,0,7.539073383746536,5.318535875839103,0.205
600,245,0,10.121542206154507,2.1239195811951106,0.885
600,246,0,8.75276458315876,3.324966738251778,0.82
600,247,0,14.884423214718197,3.8513432711502205,0.895
600,248,0,9.096344081594602,3.4215050429875937,0.11
600,249,0,13.848713863053819,3.2401370036765798,0.875
600,250,0,12.516336595921933,2.9002767559843434,0.89
600,251,0,12.47708253024311,2.141183117155343,0.115
600,252,0,8.52988740584081,3.5659806541390004,0.9
600,253,0,12.579652430419516,3.5849633399955394,0.105
600,254,0,9.945118975078671,2.8175695009322155,0.9
600,255,0,15.116576539212758,2.4179465106426434,0.9
600,256,0,11.180506370563261,3.309318742954659,0.9
600,257,0,7.749704025183897,2.318686419067717,0.88
600,258,0,13.99718152980848,2.0013757188546144,0.1
600,259,0,7.254488571416253,2.68925303179941,0.87
600,260,0,7.749768127926302,2.204687799552296,0.84
600,261,0,10.51876809649817,5.404847584467376,0.11
600,262,0,5.396553157498937,2.9280148944605955,0.835
600,263,0,9.419797843923465,3.4531448619814498,0.895
600,264,0,8.593606793291391,2.3983082946460677,0.9
600,265,0,8.394635409610085,1.941409388923887,0.125
600,266,0,7.936037088690625,2.137814047913622,0.895
600,267,0,8.655349974959277,3.7611685091306413,0.9
600,268,0,22.24562446958704,3.0329656114554737,0.115
600,269,0,11.858300169674301,4.177693325129361,0.9
600,270,0,8.980822710523467,3.177801259522628,0.885
600,271,0,8.618217914398391,2.804066350292178,0.1
600,272,0,9.804018068679108,5.546262409624525,0.875
600,273,0,9.094889376829007,2.853189028925218,0.1
600,274,0,9.707699848617452,6.20848756860326,0.895
600,275,0,7.750490467112928,3.812751145747395,0.895
600,276,0,9.804181523233174,3.246243460658249,0.89
600,277,0,15.209393112788472,3.0257132536188003,0.105
600,278,0,9.008273451425435,4.391087925004733,0.155
600,279,0,8.238851592652697,3.0250280167294363,0.185
600,280,0,12.736829696597045,2.4264981432327026,0.885
600,281,0,20.52556581313236,6.422635949380595,0.105
600,282,0,7.770102546777344,3.3625778782145233,0.125
600,283,0,6.97312872559909,6.3864511426560355,0.89
600,284,0,18.72174795317358,2.6692220286083312,0.895
600,285,0,13.188119022831534,6.079841397722152,0.87
600,286,0,10.655674130630217,2.4029762132694366,0.9
600,287,0,14.602591065609237,3.6749148108527585,0.895
600,288,0,15.010677240795161,5.035652993719708,0.105
600,289,0,14.298852924284226,3.6659206693038904,0.1
600,290,0,9.048999440259557,4.017062089640699,0.1
600,291,0,14.777029080803134,3.9157396969161873,0.1
600,292,0,10.68159339469453,3.0071574303907056,0.9
600,293,0,10.725705644339921,3.3277033646857745,0.89
600,294,0,11.990832893183756,2.2827187399222737,0.9
600,295,0,11.520184601538297,3.0467013795597353,0.115
600,296,0,12.181047282479875,2.9631403740050466,0.1
600,297,0,9.791821787188406,2.486335051153521,0.89
600,298,0,5.647070787803517,2.7109663970350972,0.86
600,299,0,12.714780294221072,3.0639307198779164,0.105
600,300,0,16.619321542711603,1.9480209890832434,0.84
600,301,0,8.815401119132035,4.642104551435278,0.16
600,302,0,8.782494966074948,2.512904378482972,0.11
600,303,0,12.154200596616931,4.401953960971738,0.11
600,304,0,12.305497737411084,3.1591326440728373,0.9
600,305,0,8.813768173196477,3.1526010238500213,0.895
600,306,0,10.716526139539155,3.9377547231749688,0.9
600,307,0,6.280233451691815,3.7558870259227994,0.88
600,308,0,7.022384515741208,4.2984047745012965,0.1
600,309,0,8.383989878714392,4.456430676153289,0.87
600,310,0,11.655024892533492,3.272151265480794,0.1
600,311,0,14.58001636214867,1.585310336989032,0.1
600,312,0,9.567255668740504,2.645802737945324,0.1
600,313,0,9.365561816215271,5.036723701166146,0.9
600,314,0,23.66895195838252,9.365626083621414,0.81
600,315,0,13.729083462088935,2.386170812196031,0.9
600,316,0,10.370479997938716,2.015840570988825,0.875
600,317,0,12.87547558758293,2.432366787558937,0.9
600,318,0,12.40921061893893,4.802798419550758,0.1
600,319,0,8.026298282318267,2.466637026880747,0.9
600,320,0,8.439592915655425,1.450805029073976,0.1
600,321,0,11.170188087071233,2.212163584338178,0.9
600,322,0,14.257854039823139,3.3418814768058525,0.1
600,323,0,9.404399414560602,3.2240346022446076,0.9
600,324,0,10.355365684607309,4.624468497736789,0.89
600,325,0,13.150449944204581,4.301449506200861,0.895
600,326,0,10.580608310755103,2.4144572215273996,0.895
600,327,0,7.357609971619131,2.6563598469019567,0.1
600,328,0,8.233868085538397,2.131542811033693,0.89
600,329,0,15.21308177710699,2.3157480191163593,0.1
600,330,0,18.8199029369968,5.9802010190363575,0.895
600,331,0,10.532420512840803,1.5040817319825095,0.1
600,332,0,8.506664112400589,3.0052624207777434,0.23
600,333,0,12.315354112858953,3.7811415115844405,0.89
600,334,0,13.880543167514212,2.803185923391993,0.115
600,335,0,11.547987259128476,1.028670850254887,0.9
600,336,0,12.664244074529142,3.5914199929078627,0.1
600,337,0,18.550503284070057,2.342432432960262,0.885
600,338,0,5.6747007790973125,6.731267815697617,0.11
600,339,0,11.573667777091023,2.5188777612708435,0.1
600,340,0,11.134793749503753,1.7114072102613953,0.875
600,341,0,9.978069321614791,2.499266908083886,0.89
600,342,0,10.230669284693516,4.914877509003546,0.11
600,343,0,10.561196770287731,3.2835142984827925,0.895
600,344,0,12.628650464093235,2.9812239708236987,0.105
600,345,0,8.783980993401242,2.166696658819234,0.115
600,346,0,10.707525539372545,4.250039552348994,0.11
600,347,0,14.822084523201456,2.3674739080039586,0.895
600,348,0,12.481227853842341,4.274019239342941,0.88
600,349,0,6.527362105150746,3.6941131745672706,0.155
600,350,0,12.566677889944435,2.3825159141097174,0.105
600,351,0,11.834688841787916,3.117248935677175,0.895
600,352,0,15.097372921698984,2.3803549173937455,0.9
600,353,0,11.192468157989872,4.367719894585509,0.11
600,354,0,11.740355391100804,3.5870731069574724,0.1
600,355,0,8.440793043230752,3.6780531358198587,0.16
600,356,0,12.632202588898997,4.419982884033935,0.135
600,357,0,12.465072629375202,4.108564240497525,0.1
600,358,0,9.074876645014848,1.7712113433297816,0.87
600,359,0,7.8658147904947695,3.09286297389475,0.845
600,360,0,11.008334252105765,2.871863483879622,0.9
600,361,0,11.536592607608856,4.179888059268322,0.105
600,362,0,9.54685489096225,6.65491599927206,0.105
600,363,0,10.372438232864322,2.3192494928054863,0.1
600,364,0,10.79113669936726,3.160167440622619,0.89
600,365,0,11.254253545932118,3.5304351605387474,0.1
600,366,0,8.456948973862852,2.2815967653873948,0.9
600,367,0,11.072003720361195,1.7805579272440752,0.87
600,368,0,6.6645371580048085,4.447677753779722,0.9
600,369,0,18.195723158521197,2.543051025559251,0.12
600,370,0,10.464959302212518,3.6448753652143395,0.105
600,371,0,7.897176021679249,2.2056635784337253,0.9
600,372,0,6.896396825396796,2.2716719380788675,0.1
600,373,0,11.474494059877602,1.7619254037719578,0.1
600,374,0,10.21315308783689,2.7952584546454773,0.1
600,375,0,11.377782964453225,2.5753397047274973,0.895
600,376,0,13.177575865592248,1.5363933655880402,0.1
600,377,0,14.658694482402169,2.80635186341307,0.105
600,378,0,10.571860946238012,6.543215667968916,0.12
600,379,0,11.843643066546939,2.791157794425825,0.9
600,380,0,12.159424318804932,2.979480533285095,0.1
600,381,0,9.705561914712025,3.0495616657987945,0.135
600,382,0,7.966690878342925,3.138593554253788,0.105
600,383,0,16.11601954584868,1.6386817473517112,0.885
600,384,0,11.490962358803671,1.7656959020586172,0.87
600,385,0,7.935760386854002,3.585239258789752,0.865
600,386,0,12.6295339790454,2.324656196141728,0.895
600,387,0,13.551548634853676,2.9654225894816477,0.1
600,388,0,14.034545597299115,3.8894234685282747,0.1
600,389,0,8.630435575291997,2.383423778153926,0.89
600,390,0,11.149502182109186,2.56357819830777,0.105
600,391,0,15.399042777106425,1.5086345118508149,0.11
600,392,0,16.403631934215596,4.349873724870967,0.11
600,393,0,12.765695923348321,2.7451294654261105,0.9
600,394,0,8.361211601938951,1.6822024866155694,0.105
600,395,0,14.637939117705248,3.320716512212396,0.9
600,396,0,8.8953378115534,2.5034157731388618,0.115
600,397,0,12.456535235933398,3.9807034335556324,0.135
600,398,0,10.021382945878289,6.242772572175426,0.105
600,399,0,15.03612690343084,3.764987608753856,0.88
600,400,0,14.061569741273916,3.221986703859603,0.895
600,401,0,12.912773914389913,2.7842569470466927,0.865
600,402,0,12.530333908439301,2.204358011108809,0.895
600,403,0,15.559392211072433,3.2203537239320568,0.9
600,404,0,16.132214384022223,2.662498870600416,0.1
600,405,0,17.246776544221916,4.000429519625026,0.9
600,406,0,15.425598777199319,6.163166688531252,0.81
600,407,0,9.190881318558919,2.511467948247148,0.89
600,408,0,13.391306340219163,6.2458808079039585,0.845
600,409,0,9.232895024725993,6.303305713121077,0.15
600,410,0,14.46822433338649,2.756573669816653,0.1
600,411,0,7.445421332784681,3.368647539972791,0.115
600,412,0,9.343059929967987,1.9404193066794306,0.105
600,413,0,12.134526992619737,2.0079852528837705,0.9
600,414,0,7.324110836904714,2.3201099047922114,0.9
600,415,0,13.617772647321324,3.2197168834330547,0.1
600,416,0,11.823596207774846,1.962231322222241,0.11
600,417,0,8.401701276328009,2.139100412439987,0.9
600,418,0,14.159248631252908,3.2839525183482543,0.895
600,419,0,12.175205062384018,1.6179553754979814,0.9
600,420,0,14.973077434442128,5.388904124382687,0.89
600,421,0,9.974335937938314,3.5507078949368776,0.11
600,422,0,9.892292443876068,3.274406470262914,0.105
600,423,0,10.3244279432833,2.311780714558953,0.1
600,424,0,12.013868848543796,3.1464355465357308,0.1
600,425,0,12.920801520182295,2.702660351615638,0.9
600,426,0,11.134358206009932,2.732433856772687,0.9
600,427,0,8.475241114497694,3.5487758817367876,0.1
600,428,0,9.35698289782598,3.648734852920832,0.895
600,429,0,10.350686961312224,3.6352118420865054,0.115
600,430,0,14.304558594532333,5.137498052222345,0.9
600,431,0,9.376960296971976,3.3664919408956884,0.1
600,432,0,15.409192767688246,3.7681000092759653,0.775
600,433,0,17.38390200024599,3.432931475759826,0.1
600,434,0,14.077670148269657,2.698282760251569,0.89
600,435,0,12.87630232637603,2.9447248522684433,0.88
600,436,0,11.53764755519308,2.1978493118620435,0.89
600,437,0,10.602255622781012,2.5223752977627356,0.9
600,438,0,6.635899427586312,1.708711679299224,0.1
600,439,0,10.991163207503417,1.1606835498214174,0.1
600,440,0,7.902393549991365,2.3762473874066714,0.1
600,441,0,10.002214643821015,4.2433677105078615,0.9
600,442,0,16.97181599944678,4.120535005801074,0.145
600,443,0,10.860452260927593,2.424165495748465,0.1
600,444,0,10.167055809061152,2.1241225769555783,0.1
600,445,0,11.094258117113702,4.5523819386905195,0.9
600,446,0,10.712532495783407,2.5110469470766894,0.88
600,447,0,10.121704552443145,2.2097126305907544,0.9
600,448,0,14.181192421665695,3.743680597683152,0.125
600,449,0,10.062937499984974,3.910231520904617,0.1
600,450,0,9.395227124935865,3.7689137061149403,0.855
600,451,0,7.9496814287665725,2.165024168025109,0.895
600,452,0,7.817464220587143,5.103546854445451,0.1
600,453,0,10.013716000244935,3.6829317318438193,0.895
600,454,0,15.60074305156282,6.06717910704937,0.885
600,455,0,9.25335791204615,4.034188339478728,0.85
600,456,0,8.793065929783584,3.514591269627232,0.145
600,457,0,13.354516293359543,2.5523022882239843,0.1
600,458,0,13.10409036382822,2.9729445722156633,0.11
600,459,0,8.60446300129124,4.102237718984458,0.1
600,460,0,11.716328164713339,1.524789531992976,0.9
600,461,0,7.238532487877005,3.67481497985942,0.105
600,462,0,7.51253208345472,3.6594086856230668,0.125
600,463,0,8.464016115466436,3.3095328234069576,0.11
600,464,0,8.2846521486201,2.9960187192511256,0.895
600,465,0,10.142127406519746,3.568504233750147,0.145
600,466,0,7.778716150953006,2.5156090367056905,0.875
600,467,0,11.198486584532764,3.6667737754203067,0.855
600,468,0,12.259341921640177,3.369383204454124,0.1
600,469,0,13.99302192764808,3.196752513467427,0.9
600,470,0,12.110592352814917,3.148688982530068,0.1
600,471,0,10.600044866586398,2.527398373655032,0.13
600,472,0,8.552336525951176,2.8559109379191483,0.9
600,473,0,14.810944342372519,5.3661128532096924,0.9
600,474,0,8.423666123387722,4.180047978413448,0.845
600,475,0,9.068587623233364,2.292602395124277,0.9
600,476,0,9.455148949893058,2.4395184261072345,0.895
600,477,0,15.15284971050866,5.576450916869202,0.1
600,478,0,8.353782593216845,1.962164954761647,0.895
600,479,0,14.185893188726464,3.176150204742534,0.9
600,480,0,9.344752740861544,3.0771166572492348,0.9
600,481,0,12.813877199347887,2.39406244681728,0.9
600,482,0,22.56487901328402,2.731996210342391,0.9
600,483,0,12.9702797167891,2.793659532497994,0.105
600,484,0,10.238067345454912,4.746302563858151,0.105
600,485,0,12.142438917167398,3.61727461212622,0.11
600,486,0,10.367496705630042,3.3420805285260258,0.895
600,487,0,14.150809828472656,4.124401341677331,0.17
600,488,0,8.568667852463511,2.65084240080089,0.82
600,489,0,10.351351206810394,5.228700949125287,0.11
600,490,0,12.311836894762926,4.796493403746371,0.9
600,491,0,13.124969873015903,2.908265734980553,0.105
600,492,0,9.406492531629482,3.250561141023489,0.835
600,493,0,8.14791657899549,3.1636949145203985,0.895
600,494,0,8.609042220843335,4.465797292311979,0.79
600,495,0,9.346376442931385,3.3414584226277633,0.145
600,496,0,11.35991980626407,3.1087134159296426,0.835
600,497,0,10.88234272090796,2.812012564440458,0.9
600,498,0,12.916119547238072,3.293310685773765,0.9
600,499,0,10.360263658607414,4.099925931402559,0.12
600,500,0,8.985977718606028,2.7181239559851633,0.1
600,501,0,7.578426425726974,2.8720681103756363,0.9
600,502,0,13.01908850085784,4.6403109606583115,0.9
600,503,0,15.78677152173104,4.676127394955909,0.9
600,504,0,14.336149135171848,3.2362691532315857,0.84
600,505,0,10.124385020213959,2.1609460084265564,0.155
600,506,0,9.313219834285734,2.946083383170084,0.12
600,507,0,12.164354088613543,2.3362487506058294,0.9
600,508,0,9.890104480480261,4.8960260861320215,0.895
600,509,0,7.591553203026962,3.806667714429768,0.87
600,510,0,10.62357663022754,3.2691535544080885,0.1
600,511,0,12.792818077847247,2.7147818160787374,0.105
600,512,0,11.264156042471274,3.9696288307006,0.9
600,513,0,14.169811345279376,1.7334731384210045,0.105
600,514,0,11.360792257225972,2.0764481194428974,0.85
600,515,0,9.995370125455096,1.7699765802918321,0.845
600,516,0,7.557400824034925,3.414659955289334,0.11
600,517,0,14.821377275404444,2.4561021489899026,0.13
600,518,0,7.31666816580801,1.4062826561346498,0.1
600,519,0,12.80660419272837,2.063064940265491,0.9
600,520,0,15.862995630621946,2.328001110599409,0.9
600,521,0,12.999068905405567,4.044159265117475,0.9
600,522,0,10.423021309449345,2.9233244286277937,0.1
600,523,0,8.891729990943318,4.874039202111646,0.885
600,524,0,8.621919108861526,2.7339356824226613,0.105
600,525,0,13.090426175958214,2.1127731933834326,0.895
600,526,0,11.60983448837201,2.12569134932572,0.12
600,527,0,12.172013969874902,3.0586100537478345,0.1
600,528,0,16.96003207391687,7.052138795426721,0.865
600,529,0,11.882618740496346,4.716280463689593,0.1
600,530,0,14.701435526428192,6.169161020474601,0.205
600,531,0,9.519559556482601,3.86897756182778,0.1
600,532,0,11.710150265640868,4.4543673854214205,0.1
600,533,0,13.637389213061914,1.931868085479227,0.1
600,534,0,10.909428091469483,2.646162668483232,0.895
600,535,0,9.888001243831399,2.0132499911288626,0.895
600,536,0,9.928217691272259,1.896747926159037,0.9
600,537,0,12.224414296347454,3.68763254325728,0.13
600,538,0,8.736037906712355,2.1862351144787517,0.11
600,539,0,11.127443652647495,1.7497475590902312,0.1
600,540,0,8.183403938343465,2.3747165498206435,0.9
600,541,0,16.82898145024201,4.4820194143709635,0.11
600,542,0,7.293298695856025,1.2223812494616126,0.9
600,543,0,11.132992556953615,3.399667139196705,0.1
600,544,0,10.349277006378646,2.457121695853637,0.9
600,545,0,8.813722804563664,4.103353478960603,0.9
600,546,0,9.243555763679597,3.7170687811026504,0.9
600,547,0,9.121395902738444,4.579476033975727,0.89
600,548,0,9.379948709467444,4.594457569261934,0.84
600,549,0,6.622192858056831,3.112798210738177,0.88
600,550,0,5.873344412698041,2.614099953304372,0.895
600,551,0,8.446925626476414,2.62267720245557,0.155
600,552,0,9.213785396860755,4.125835519411236,0.84
600,553,0,12.4962436552061,2.4246420787942924,0.9
600,554,0,9.979961585569061,3.1537196682617896,0.135
600,555,0,8.489805891444597,1.8657080963000894,0.1
600,556,0,10.04765396079886,2.2707214517433627,0.115
600,557,0,8.620882220053128,4.3740246796003746,0.9
600,558,0,10.861036962406,3.123105074438026,0.11
600,559,0,11.49514406839976,3.403712814210369,0.895
600,560,0,14.452439282543578,1.4932938965277032,0.1
600,561,0,10.836543630118632,2.2878514207434364,0.115
600,562,0,11.250126763724277,3.512815883397735,0.88
600,563,0,9.355445423529957,5.778486684247586,0.1
600,564,0,29.890855457253082,3.33852783072901,0.85
600,565,0,12.960657677188971,2.4392457644283994,0.89
600,566,0,17.744905398986283,3.468979136934802,0.1
600,567,0,7.843685181279286,2.854179303702864,0.87
600,568,0,13.382399744113147,1.8530725149852323,0.9
600,569,0,10.181419074587259,4.024070044030825,0.885
600,570,0,10.34344252899878,1.4144950805679457,0.1
600,571,0,15.147502998137977,3.6613745426871347,0.84
600,572,0,9.953259591050072,2.506057444318799,0.1
600,573,0,12.12653399120844,3.4470126554327685,0.835
600,574,0,6.9991449806669594,3.727344593581705,0.84
600,575,0,11.676018466276341,3.3325217065947044,0.9
600,576,0,10.218041442039487,2.334583677457136,0.895
600,577,0,11.01211243882429,2.0719770913953717,0.9
600,578,0,17.210566084829527,5.091677787266491,0.9
600,579,0,13.81368652998849,2.7976663603717533,0.885
600,580,0,15.433956706877547,3.8712638071618954,0.1
600,581,0,10.385511185034398,4.641351277153394,0.115
600,582,0,9.678241300705192,3.8615716349690743,0.1
600,583,0,12.468400782053772,3.5589420411614725,0.1
600,584,0,10.442244433250902,4.406894292114849,0.9
600,585,0,11.526565181601676,2.649316583973871,0.885
600,586,0,13.296788190954878,4.070678701526198,0.9
600,587,0,10.920171472864064,2.072121938006344,0.9
600,588,0,9.861985777759115,2.9041297237574426,0.9
600,589,0,11.95543095783684,3.5101045164870115,0.1
600,590,0,7.247164753186609,2.7410697123089633,0.1
600,591,0,10.188462615791195,3.702402515089531,0.895
600,592,0,7.515199871196946,5.653170782069683,0.1
600,593,0,13.029315155185296,2.264347343908213,0.1
600,594,0,12.897876495932014,3.141856192804582,0.14
600,595,0,13.048351035971601,4.094945808479977,0.1
600,596,0,6.750200298589091,2.7264772306864415,0.9
600,597,0,9.464353957128235,1.9113099156783164,0.11
600,598,0,12.217636839704523,2.1256368686692007,0.89
600,599,0,7.235094963432793,1.6877526577369295,0.9
600,600,0,8.403944804985304,3.854257366380409,0.14
600,601,0,11.062804025878465,2.811910896521841,0.81
600,602,0,12.050559028416963,1.8872107101191915,0.9
600,603,0,7.293133777687625,3.236783719623215,0.1
600,604,0,10.890097595832167,3.999848630997427,0.26
600,605,0,9.641091084389174,3.707991883154982,0.105
600,606,0,8.197272658841488,2.2561950616752036,0.9
600,607,0,13.917653490187757,3.3460365340486575,0.105
600,608,0,13.60158961853407,3.233731955449848,0.105
600,609,0,14.262525684906874,2.476077441276292,0.1
600,610,0,12.325817907304053,2.440141488101766,0.125
600,611,0,15.201102614798247,3.599537252228302,0.1
600,612,0,11.114600742201603,2.487870732849462,0.105
600,613,0,11.680134974448425,2.6480940764551875,0.11
600,614,0,9.498346848849916,3.2122633662578615,0.1
600,615,0,9.102057730552772,3.6887898936381447,0.105
600,616,0,9.201699131470413,6.416306612964018,0.855
600,617,0,14.90894676993,4.28089814165844,0.82
600,618,0,15.353003300000726,5.358934679382088,0.88
600,619,0,10.105382796486216,2.094277880164608,0.14
600,620,0,12.511765020278272,3.2630106699760297,0.9
600,621,0,12.968276990987546,2.683913133791105,0.145
600,622,0,11.695907556825164,1.6438994189845957,0.855
600,623,0,9.371293377252812,2.5583855185173476,0.1
600,624,0,11.710717023278535,1.2132678835450328,0.885
600,625,0,14.140145392238486,2.831968205115576,0.87
600,626,0,23.03525925080969,2.9352263241062992,0.1
600,627,0,9.995898095029895,3.900001553758159,0.11
600,628,0,9.544396536208279,4.377980557037464,0.77
600,629,0,9.185337094709261,4.00448471304502,0.835
600,630,0,13.184723807577141,3.4403784235923496,0.88
600,631,0,10.108178408493051,3.533778055669856,0.9
600,632,0,10.77827750092418,2.9444208311383058,0.895
600,633,0,7.2797506351345165,3.6245116528331955,0.895
600,634,0,9.433173490018257,1.8317086248869074,0.105
600,635,0,7.306068697233608,1.6323027522166633,0.88
600,636,0,11.025850082890827,3.0104345726541304,0.125
600,637,0,10.703524772042316,3.490756581609311,0.1
600,638,0,13.803148121980158,1.578308675888529,0.11
600,639,0,20.855269926513635,8.300200914419786,0.9
600,640,0,7.08535606890793,2.385258340299057,0.845
600,641,0,9.294494272436927,2.733829469402149,0.885
600,642,0,16.21676205667456,3.4994334294117024,0.9
600,643,0,11.399823957693851,3.0830963757773056,0.9
600,644,0,16.71356731172734,3.1110044248282342,0.88
600,645,0,10.185704984547533,1.720610790997057,0.11
600,646,0,10.202329210683924,2.6587524965417053,0.1
600,647,0,16.06677770616688,2.6470940451227776,0.9
600,648,0,8.032711950840978,3.267155530851351,0.12
600,649,0,15.936170921521498,2.28985127813619,0.9
600,650,0,11.773225871718758,3.241118105112406,0.9
600,651,0,11.078010007552379,5.424478135957322,0.9
600,652,0,12.499679128592831,3.5733438365782355,0.9
600,653,0,5.839670714386394,3.9126144732552604,0.1
600,654,0,8.986413768948196,2.5390314700209693,0.125
600,655,0,10.745768178476236,4.441128931368965,0.9
600,656,0,13.694547352130611,5.738344180479071,0.86
600,657,0,8.770326883465598,2.854150110959175,0.89
600,658,0,10.292333864632475,3.800328181782664,0.895
600,659,0,14.025431865233516,4.149174485702289,0.11
600,660,0,14.843361153826313,2.5629981619744058,0.885
600,661,0,12.899568365165488,3.270679523232989,0.11
600,662,0,13.636785397997675,4.435214401016818,0.165
600,663,0,8.672240897229344,2.3011676589283603,0.1
600,664,0,13.318540813552863,4.464859402167498,0.1
600,665,0,8.148958869947748,2.4984973108376884,0.865
600,666,0,11.265647295058534,4.461706542537325,0.1
600,667,0,8.458286709699598,3.234003704083044,0.1
600,668,0,12.206499150084817,3.377947694879513,0.1
600,669,0,12.485953340005999,1.6951087353727523,0.1
600,670,0,14.194982409984151,4.000145800321775,0.84
600,671,0,6.337612666767345,3.446592005937532,0.86
600,672,0,8.958189652228212,2.153283629121372,0.85
600,673,0,15.75601009600134,4.1997447738665095,0.1
600,674,0,11.332150357874509,1.8906157170326843,0.12
600,675,0,9.049754377856871,2.08113250645372,0.9
600,676,0,13.5907510151483,2.13713314364945,0.895
600,677,0,10.113048956724569,3.4584964269654073,0.105
600,678,0,8.33117498099173,2.6169850799262484,0.885
600,679,0,7.696521514377818,2.617927910486806,0.855
600,680,0,11.198937918061999,4.008131386078961,0.1
600,681,0,8.463972114782239,3.214659457956248,0.9
600,682,0,15.35377518965633,3.1018477647636544,0.1
600,683,0,12.246239540015958,3.6506444323564757,0.895
600,684,0,6.873221680098861,2.3171426489986047,0.1
600,685,0,11.36154306822705,4.509219555717703,0.895
600,686,0,13.99555849128591,5.120572863988215,0.89
600,687,0,13.850797238517487,5.048845994436135,0.14
600,688,0,7.777923063723321,2.363397455155347,0.885
600,689,0,9.750670712364373,3.5660664730722935,0.1
600,690,0,12.153099682126893,3.170525072199304,0.88
600,691,0,7.363484731332229,3.1442167127305076,0.1
600,692,0,5.652339711251146,2.60927844864991,0.9
600,693,0,11.071904259226674,3.0793885387846665,0.11
600,694,0,12.347657976829574,6.5701256845557054,0.135
600,695,0,14.147873889597003,4.572587675617612,0.135
600,696,0,12.787445658043245,2.9740177680715796,0.81
600,697,0,10.002001373423562,2.655121988271958,0.85
600,698,0,8.063440085755824,2.6339167168742073,0.1
600,699,0,14.00421536351212,5.035378270345525,0.1
600,700,0,10.889969640288061,2.8815522996722187,0.82
600,701,0,12.01687183292785,2.1129582689156656,0.115
600,702,0,9.516995810359239,2.418858897517495,0.89
600,703,0,12.51847539572289,3.511328598055119,0.19
600,704,0,11.366270727204135,4.354003782227078,0.9
600,705,0,9.546503095893371,2.000352436844821,0.9
600,706,0,10.651543315706697,3.4702819458995116,0.165
600,707,0,10.681218315665296,2.276230384585265,0.105
600,708,0,13.677645688761894,2.770917258448158,0.1
600,709,0,7.129231491907185,2.804669537120663,0.1
600,710,0,11.420776678882447,3.553077636160662,0.12
600,711,0,27.06179565645854,1.4687937426217879,0.105
600,712,0,10.381336020850785,3.504171302117065,0.11
600,713,0,12.992277461748193,2.8373768106182418,0.895
600,714,0,10.468723355589422,4.572063836299822,0.1
600,715,0,7.586923904297069,2.9051053118594794,0.105
600,716,0,8.20359987458314,2.668225276174141,0.14
600,717,0,11.289204865101437,2.974319877344378,0.865
600,718,0,8.23958665507109,4.613561608956651,0.83
600,719,0,14.561181136583043,2.9261925843207415,0.1
600,720,0,8.809095596485555,2.3482531324152234,0.89
600,721,0,12.639541826808289,6.094182770772072,0.1
600,722,0,10.758598224256264,2.6587013717362495,0.9
600,723,0,13.467921820946028,2.7618466110733486,0.12
600,724,0,8.455670033116625,2.3271540585666273,0.15
600,725,0,12.181534657528514,2.91855776280201,0.1
600,726,0,7.147097182882051,5.546682680128523,0.155
600,727,0,8.07454919785703,3.0708716544719294,0.875
600,728,0,11.363539575734416,2.342293959973585,0.105
600,729,0,12.644922284440987,2.2569144557717635,0.895
600,730,0,8.552288318262057,3.4826398607549436,0.1
600,731,0,11.509185903383699,3.061240300337964,0.125
600,732,0,7.480714930938257,1.6789417580428179,0.89
600,733,0,13.577391632229066,6.712437303619456,0.885
600,734,0,7.734731397869066,2.650917678018949,0.105
600,735,0,15.720226721341511,3.2168591171529037,0.14
600,736,0,13.478119967477138,3.7648518624508576,0.845
600,737,0,10.113623981729596,3.0681440831593854,0.895
600,738,0,15.726262337548794,2.3626160229705206,0.1
600,739,0,8.430547105275954,3.264246349639155,0.9
600,740,0,10.047043118066911,2.5921103394300538,0.1
600,741,0,11.662504162060879,3.2260998534152208,0.9
600,742,0,8.209924915375629,4.885226095474238,0.875
600,743,0,12.339482179854144,4.246777936031965,0.9
600,744,0,15.441659557032514,8.820097307094343,0.875
600,745,0,6.947968899564778,3.6205269604230317,0.175
600,746,0,13.089593982951783,4.88742150877659,0.845
600,747,0,9.76820541001896,4.352519987896208,0.11
600,748,0,15.072199724320809,3.749240402826093,0.885
600,749,0,8.754716850429373,3.526069275744259,0.1
600,750,0,13.76776958122053,3.1429470468876453,0.9
600,751,0,13.193767962070355,5.303815571780479,0.9
600,752,0,15.107868199118167,4.016591419707538,0.86
600,753,0,10.061002996123154,2.4527187534051365,0.9
600,754,0,11.126225141127874,2.754047786057967,0.165
600,755,0,10.506637817549244,1.7525721532027028,0.105
600,756,0,10.635366515388881,3.733235092047238,0.885
600,757,0,6.973323557559661,4.447055190172389,0.155
600,758,0,16.84222571124101,2.840889638642974,0.895
600,759,0,8.987870137210322,2.5884415659727544,0.105
600,760,0,8.740827111476854,1.3959435715816149,0.1
600,761,0,10.71206354762138,2.4363411278113034,0.895
600,762,0,8.698970957482187,1.7535993079343726,0.86
600,763,0,14.794873549095335,1.8436266007133995,0.9
600,764,0,12.728363361528395,5.116407034708548,0.9
600,765,0,6.002693713475234,3.8351924569098195,0.895
600,766,0,7.128893396918562,2.975321955974053,0.86
600,767,0,8.305374776463355,2.5935171361744835,0.9
600,768,0,15.050499622644574,6.434624068139616,0.125
600,769,0,7.493371959593693,3.84710702258122,0.9
600,770,0,10.93567600837335,3.834197197790168,0.865
600,771,0,11.564723024369474,2.238586400144449,0.1
600,772,0,12.479771234149082,3.2184458293302853,0.9
600,773,0,11.798840704893296,1.7594787345423413,0.1
600,774,0,8.637305972548988,3.2734339550265723,0.11
600,775,0,12.123582786785214,5.461400938283845,0.11
600,776,0,12.894470625175769,2.1836097498623808,0.9
600,777,0,13.907995056397661,3.586096256825755,0.1
600,778,0,10.160175699024185,3.7226752414975195,0.9
600,779,0,12.575199634519002,4.915177024220707,0.885
600,780,0,8.392110840982214,2.98021695015791,0.9
600,781,0,8.73368982843811,3.496710074168252,0.9
600,782,0,9.811784919289172,3.9648543707521355,0.125
600,783,0,12.953943273297398,2.423258229371239,0.895
600,784,0,9.748915417723634,2.0105940192288507,0.115
600,785,0,15.745292201591036,3.476771641997356,0.1
600,786,0,9.586323641964878,4.483016673434292,0.9
600,787,0,21.973512579132304,2.69317827960327,0.89
600,788,0,11.473926936142407,2.8626630410829357,0.855
600,789,0,10.005634474122997,3.1415456023371036,0.1
600,790,0,11.200870701842042,4.766704290624002,0.865
600,791,0,12.204460960518576,3.8249374580490603,0.89
600,792,0,13.934237499658499,1.7809425054714723,0.1
600,793,0,12.901722610629452,2.9996199130425616,0.15
600,794,0,7.525928213873022,4.127546049794706,0.1
600,795,0,11.320812688132513,2.9656243230573587,0.875
600,796,0,9.819747319296823,1.739612310392058,0.9
600,797,0,8.688591602144026,2.71117254042359,0.29
600,798,0,11.443878487655802,4.521357300813911,0.13
600,799,0,14.743759539646554,1.9804617728366836,0.865
600,800,0,13.940769157486532,3.0962702144804233,0.105
600,801,0,15.520270183279989,2.612629601870431,0.1
600,802,0,12.682272180635817,3.5588996140218043,0.9
600,803,0,14.210925869546516,1.5933715572669982,0.9
600,804,0,11.682768066095159,2.31453760178173,0.1
600,805,0,8.663594643055964,2.454808396667829,0.14
600,806,0,10.642855805727566,3.736272462412593,0.105
600,807,0,11.570194983398087,2.6130380180846124,0.9
600,808,0,5.97287437787486,3.5749484119505404,0.1
600,809,0,14.483675616468325,3.704260678279514,0.89
600,810,0,12.665594893518362,3.5944561029744193,0.105
600,811,0,12.335503052192445,3.3771559743210666,0.115
600,812,0,9.033150166690977,3.1552850127595455,0.88
600,813,0,9.205249726336522,4.769945780894869,0.9
600,814,0,10.514649863693776,3.808899415565925,0.17
600,815,0,10.71400940804431,2.978565205098249,0.125
600,816,0,12.361004965407918,3.4312486596277836,0.895
600,817,0,12.238829589580313,5.069549898459336,0.105
600,818,0,9.504044207673498,2.0158334536405143,0.89
600,819,0,11.463648615973877,2.4811354883105707,0.885
600,820,0,13.54264750363342,4.333626331853857,0.1
600,821,0,9.044258676663162,2.514240822476843,0.895
600,822,0,6.410684966769331,2.758434516112107,0.9
600,823,0,12.319013839341059,1.8348861471724653,0.88
600,824,0,8.963654733751095,2.7878585971325975,0.855
600,825,0,18.77005719865252,4.82311893450893,0.145
600,826,0,9.67189125104625,2.4182613412407683,0.13
600,827,0,6.401833915856731,2.8226508576774556,0.16
600,828,0,10.462940320005124,3.877398558211187,0.875
600,829,0,9.579877402482339,7.123667949834811,0.895
600,830,0,10.379650945244476,4.242425146427209,0.9
600,831,0,8.418830756952522,5.623224957748363,0.89
600,832,0,11.491019723208886,2.1493738982756305,0.9
600,833,0,10.795481703403222,1.8535758525595192,0.9
600,834,0,7.2414642493075645,3.7442230486766093,0.89
600,835,0,7.759787381093615,3.0918534509156714,0.225
600,836,0,9.08854145186245,3.487739401444667,0.1
600,837,0,12.431403948477707,1.912736985100949,0.875
600,838,0,10.88459326993798,1.9668867750233687,0.1
600,839,0,11.580409164961196,2.6219789993796816,0.9
600,840,0,9.734419233948033,2.970392454848092,0.115
600,841,0,12.2055857338349,3.565955012887212,0.1
600,842,0,7.700870921957101,2.9358927089141673,0.115
600,843,0,15.871721020703358,4.855903253015281,0.9
600,844,0,6.6099196911300355,6.6313512996540425,0.165
600,845,0,11.78742115066874,2.4007085732342226,0.9
600,846,0,12.38425399902308,2.024633235323048,0.895
600,847,0,8.792736111870862,2.9632635156344733,0.9
600,848,0,13.617662137276522,3.0132463701993295,0.105
600,849,0,6.333771806251392,3.852462632170628,0.1
600,850,0,7.088667423888224,2.366008406246678,0.28
600,851,0,16.93828687709768,3.764911361943124,0.885
600,852,0,12.924136335027287,2.808711192785207,0.1
600,853,0,14.275064193536293,3.658546819572539,0.105
600,854,0,7.93973541613812,1.8206898930197113,0.11
600,855,0,9.977406548302088,4.046121468835917,0.105
600,856,0,12.739860696405886,2.8297603511263425,0.885
600,857,0,11.8633174646464,3.0707411256596373,0.895
600,858,0,11.565829101270701,2.3025299274069155,0.83
600,859,0,12.982410058181886,2.8996180983620334,0.9
600,860,0,10.627956903549888,1.788849312319929,0.895
600,861,0,6.732124485167992,4.313551143271166,0.9
600,862,0,14.150584837202024,2.881972774452546,0.155
600,863,0,9.878976988093692,2.2404919498947073,0.895
600,864,0,12.485330904822025,2.4902886575256744,0.885
600,865,0,13.046351484508795,2.3714882302916074,0.87
600,866,0,11.341853610654198,3.408548506352016,0.9
600,867,0,9.259994808701585,4.057946759746933,0.105
600,868,0,14.591288341373327,3.0655736352896312,0.1
600,869,0,10.52229558396115,5.817494341747409,0.115
600,870,0,12.265679672792247,3.0898734642170744,0.115
600,871,0,14.204986553948705,3.116803342642438,0.105
600,872,0,11.482984394820859,3.58167360498447,0.1
600,873,0,11.95377710947636,4.16183242542747,0.88
600,874,0,13.550389724226335,2.4693699699528615,0.11
600,875,0,12.16597538043068,3.40789728587394,0.105
600,876,0,9.690287470723627,2.1889986687340546,0.895
600,877,0,15.387671782540801,3.216717106886957,0.1
600,878,0,6.867581143649405,2.7297709453719676,0.14
600,879,0,10.184002773569471,2.948538493238395,0.89
600,880,0,12.462348508157127,5.453516954534532,0.865
600,881,0,15.553848274602869,6.8676645596143615,0.87
600,882,0,9.605156580037592,4.168647085435762,0.9
600,883,0,10.088780345488846,3.2377293624914927,0.9
600,884,0,10.370338074696319,3.448495333546653,0.105
600,885,0,14.238017295552181,3.917894126785626,0.9
600,886,0,10.917483299947328,2.7268315089414408,0.885
600,887,0,8.452492839284815,3.4575204628867873,0.12
600,888,0,11.92002497914669,2.2843689510740006,0.85
600,889,0,13.36693196800123,2.9634536117698396,0.87
600,890,0,7.417428437478912,3.0295944625109428,0.105
600,891,0,7.744518082092249,2.3891144102757167,0.13
600,892,0,15.55734598346308,4.2104451447292135,0.1
600,893,0,7.798681911477452,1.5092771723804077,0.9
600,894,0,7.854502498923774,2.7286328647707414,0.125
600,895,0,20.75228024628566,2.9608355396472774,0.87
600,896,0,9.951216083227768,5.638272083163098,0.885
600,897,0,10.766467453615281,3.8301106074693614,0.9
600,898,0,13.12078154090026,4.3022521992430285,0.1
600,899,0,15.702558729376838,3.8366926244133737,0.1
600,900,0,12.774290175915228,4.740146486565688,0.895
600,901,0,7.2063266042239515,2.3995680008027875,0.9
600,902,0,8.878237228019279,3.4784384603609553,0.1
600,903,0,10.794273978241346,3.543613647331245,0.1
600,904,0,9.300148816860629,2.568710183652989,0.89
600,905,0,9.070286270634139,4.0064444485498285,0.175
600,906,0,10.044222656973991,3.114947566695392,0.1
600,907,0,12.71547050407932,3.63253869104998,0.885
600,908,0,8.264773327429156,4.359272451898288,0.9
600,909,0,10.17625132660376,2.5233714958377007,0.105
600,910,0,14.452850179396357,1.9814338302981405,0.9
600,911,0,10.378394353796459,2.5675858827049147,0.88
600,912,0,9.52125877599002,3.386235494402978,0.9
600,913,0,8.627629014207523,3.20886596170471,0.9
600,914,0,15.625547964449224,4.807882908476646,0.1
600,915,0,12.019532652712343,4.699980971976991,0.1
600,916,0,7.49917483230029,2.669058958316395,0.16
600,917,0,13.202878069272428,2.163406110255739,0.855
600,918,0,9.52242634303458,3.810710978244458,0.865
600,919,0,7.663610180567548,3.877898727114548,0.18
600,920,0,12.184272169553019,2.8243338579294175,0.9
600,921,0,6.398472499235557,7.038578304923693,0.795
600,922,0,13.218092855400299,4.01371174984817,0.82
600,923,0,11.766899974227792,4.172883337934419,0.105
600,924,0,11.554447800227372,2.3710971035955097,0.9
600,925,0,9.004590514366464,4.696910416885203,0.115
600,926,0,9.002863711730278,2.2638893130384474,0.9
600,927,0,9.436013021944111,4.072112305038633,0.1
600,928,0,12.389287767964703,4.216645571851085,0.895
600,929,0,9.963905247612566,2.732228662426106,0.2
600,930,0,13.740186013531183,2.0198779884393225,0.89
600,931,0,9.739982293833648,2.6342503412045026,0.85
600,932,0,11.025886264179906,1.604158619868823,0.105
600,933,0,11.928835968172251,2.2008443542449463,0.9
600,934,0,9.833148783682322,2.7522712851864917,0.9
600,935,0,17.77605435837121,3.2980785203649,0.105
600,936,0,6.461092011855617,2.329523875071793,0.1
600,937,0,15.84847271864556,4.609381411534841,0.12
600,938,0,11.38481337015139,2.5686911672613277,0.9
600,939,0,20.371667401696147,1.9851017008025273,0.105
600,940,0,8.849702933867455,2.9915437804143075,0.115
600,941,0,6.970048764782631,3.6332636317118805,0.1
600,942,0,15.982975584606269,2.621035064344479,0.11
600,943,0,15.561220262205586,3.208693182867872,0.88
600,944,0,8.396521490602558,3.4659668525534038,0.815
600,945,0,8.155681775571788,1.8818143560417333,0.1
600,946,0,17.09673758281907,3.2574829389377946,0.9
600,947,0,10.161941342423013,3.2058080886851137,0.105
600,948,0,9.293180785124326,1.5893756483381871,0.125
600,949,0,10.956828493070033,3.5164510538999494,0.125
600,950,0,15.181275292822873,4.034239963591979,0.9
600,951,0,12.724517321217851,2.0313751869672103,0.1
600,952,0,8.425954469652844,5.275273643076517,0.87
600,953,0,15.131658095959894,4.8475865192664,0.1
600,954,0,9.750135003121681,2.0908616651883705,0.105
600,955,0,11.975726388100986,2.3524209137502083,0.1
600,956,0,9.559675687368415,3.754151588216459,0.115
600,957,0,8.245333451432348,4.567264551764172,0.895
600,958,0,8.684141873954594,1.9236416814353952,0.105
600,959,0,9.776598589884395,1.4548267757533928,0.9
600,960,0,14.850725019489177,3.47064970933042,0.105
600,961,0,9.757781673635872,1.7873603644807723,0.1
600,962,0,13.921228783211888,2.8948681657094966,0.9
600,963,0,9.206590808953319,4.872945362053649,0.9
600,964,0,9.950859290204384,2.7832706778329275,0.875
600,965,0,8.739729651494743,1.9080165593075016,0.145
600,966,0,10.303106522310866,2.193895403227941,0.885
600,967,0,11.877619159897385,2.582770415761182,0.895
600,968,0,9.093396940533102,3.691947630647352,0.1
600,969,0,8.330249855379071,2.6224716587036845,0.185
600,970,0,9.547709180406818,3.3434801869940856,0.215
600,971,0,12.628638648114894,2.495304691895406,0.115
600,972,0,7.952704165697169,5.277467788551959,0.9
600,973,0,10.269676618666415,2.090584562897657,0.875
600,974,0,14.609442746553043,1.6963258180838992,0.9
600,975,0,9.204871856834801,2.0534319021886738,0.89
600,976,0,11.618657525141378,2.61373300789165,0.125
600,977,0,11.639021087263643,2.546403910480688,0.885
600,978,0,9.553122748828814,1.7415104998033115,0.11
600,979,0,11.77187990429764,3.36091034536965,0.1
600,980,0,14.712764849632968,2.283880114907255,0.1
600,981,0,8.768459399990897,2.6886541874085346,0.1
600,982,0,10.555729773627773,3.575445306773961,0.1
600,983,0,12.0063676428858,2.7262811221644867,0.895
600,984,0,9.850967116114814,2.7098349531466503,0.9
600,985,0,14.906495141276377,4.282039649047054,0.23
600,986,0,11.839873404725447,5.285176948417103,0.1
600,987,0,9.644931912386351,2.2372799313960634,0.105
600,988,0,10.985144220101988,3.269154229929594,0.14
600,989,0,15.673604933468079,4.609900917935672,0.1
600,990,0,11.107310409841652,2.9645616888322124,0.885
600,991,0,18.75135413306429,3.0627144636483195,0.88
600,992,0,8.300995876968758,4.035823983882647,0.82
600,993,0,12.49353515099495,3.614012511538167,0.1
600,994,0,9.255362297463332,3.1277672216884156,0.845
600,995,0,6.5756856273705315,4.7423991677494115,0.865
600,996,0,15.139726187316018,3.2369671888246465,0.9
600,997,0,11.928463220343486,1.9137582366863803,0.125
600,998,0,10.972186537669595,1.9253830309509112,0.89
600,999,0,9.139198351769386,3.051576272861034,0.125
600,1000,0,12.6151872037102,3.2768604269724833,0.12
600,1001,0,11.065604706961649,2.8862691465977974,0.875
600,1002,0,10.087763217137313,2.249202479979928,0.87
600,1003,0,10.12125663347403,2.9590588092772485,0.9
600,1004,0,14.334487894316348,2.4365625300707627,0.875
600,1005,0,11.90703685113752,2.91265826365974,0.115
600,1006,0,21.58365121204951,2.090253895237737,0.105
600,1007,0,9.240327936000616,2.7333216846649577,0.9
600,1008,0,8.170025667266598,1.9012886832546982,0.9
600,1009,0,13.405992364592183,1.7588775842352078,0.89
600,1010,0,10.001990879741381,3.15785354791398,0.88
600,1011,0,8.491665789107179,3.0096180306742326,0.115
600,1012,0,10.581026725223406,2.1074166087092117,0.9
600,1013,0,7.517100719827774,3.2031869417751935,0.775
600,1014,0,9.22686768865262,6.235298918766752,0.15
600,1015,0,9.613105246081393,5.279354644279355,0.895
600,1016,0,15.13360179286476,4.940533192343466,0.89
600,1017,0,15.433083504173199,2.1742628503226946,0.87
600,1018,0,10.967424149895422,5.268311322650465,0.885
600,1019,0,11.371948858960778,1.8874749752127329,0.885
600,1020,0,9.583642504777812,3.140500582015626,0.9
600,1021,0,14.520547027986439,2.5268107503093162,0.805
600,1022,0,8.290504662112932,3.589502099125408,0.845
600,1023,0,9.320406585928787,1.8220625029976567,0.165
600,1024,0,11.805279750700642,3.0355611198319643,0.125
600,1025,0,13.41343879782692,4.0915060518575075,0.895
600,1026,0,8.836081362080025,1.9798719562712286,0.825
600,1027,0,8.986147427150126,3.0358465647436716,0.1
600,1028,0,11.323604728767837,2.5366852385872996,0.895
600,1029,0,10.512491514480207,3.349224754297264,0.175
600,1030,0,10.850050766283916,2.7472591713441297,0.1
600,1031,0,13.471962065104279,4.262159749221794,0.105
600,1032,0,13.913574626968119,2.94331868762292,0.885
600,1033,0,11.43793151762882,2.8688778023107098,0.1
600,1034,0,12.967682403764837,2.5451229278385945,0.11
600,1035,0,12.865487387776007,2.267780963359378,0.89
600,1036,0,6.796736392162678,5.870362681796415,0.115
600,1037,0,11.279928307870044,3.5171033444575173,0.9
600,1038,0,13.349504363255962,2.0097647909284255,0.9
600,1039,0,10.986063456146923,4.255089067695383,0.885
600,1040,0,13.354436576125341,3.1519678284515074,0.11
600,1041,0,7.959824879250289,3.194628806022859,0.1
600,1042,0,13.054684998598901,2.9988604865963,0.895
600,1043,0,10.744596696952218,2.57531634073489,0.105
600,1044,0,9.659022279287933,3.525969581429056,0.105
600,1045,0,16.23794023586874,2.9220594666137245,0.9
600,1046,0,16.886943777883918,2.8322037682701584,0.9
600,1047,0,12.507776617602472,3.0896629605042136,0.105
600,1048,0,13.798442984192352,2.944845365882731,0.9
600,1049,0,8.492601434263896,4.121566432114232,0.105
600,1050,0,7.8106294131258736,2.4339495835982383,0.25
600,1051,0,8.911223055985786,3.334437328283979,0.9
600,1052,0,9.874864273414252,4.495399148294155,0.875
600,1053,0,9.511266843468642,4.85203749071621,0.1
600,1054,0,15.206178294188629,3.438529808119384,0.9
600,1055,0,14.586898406513127,3.159034832825469,0.13
600,1056,0,16.929281204846916,3.281306758669178,0.105
600,1057,0,13.281036908591897,4.4769562724209955,0.9
600,1058,0,11.464558856036849,3.678705275001981,0.9
600,1059,0,11.47184245383373,2.34670368343064,0.895
600,1060,0,12.700047668123494,4.027364794820354,0.88
600,1061,0,11.42452545660022,2.950719047853134,0.11
600,1062,0,6.4936929813984605,3.8144491049782125,0.84
600,1063,0,9.043390971712277,3.591576901273097,0.12
600,1064,0,16.1951317591642,1.6746880245773532,0.895
600,1065,0,16.109198541212564,3.181758989329442,0.12
600,1066,0,14.46778100336531,4.752023221692525,0.9
600,1067,0,8.030285965858283,4.71930771507596,0.1
600,1068,0,13.92937179829468,4.821252400835974,0.1
600,1069,0,8.929636511092857,3.1982361028808803,0.1
600,1070,0,10.548652907339251,3.686036759884903,0.14
600,1071,0,8.671216695876176,3.623725909097786,0.1
600,1072,0,4.725357624354843,1.4424441453568804,0.795
600,1073,0,15.954618498879126,4.747677565254094,0.135
600,1074,0,7.825288116977278,3.5757417337001662,0.15
600,1075,0,10.786151656757472,2.884213764790644,0.1
600,1076,0,9.338182428169155,4.016391858242319,0.9
600,1077,0,15.30971491864138,2.156660357314699,0.9
600,1078,0,9.303135744755469,2.3734561394981313,0.9
600,1079,0,8.038009479016623,3.4857143861548145,0.115
600,1080,0,9.445974976444221,6.103955904121339,0.88
600,1081,0,13.515687670952467,4.960571751576204,0.885
600,1082,0,9.656681736161723,3.651545073789908,0.105
600,1083,0,12.823975573807285,2.6429634637215926,0.88
600,1084,0,9.483025685245748,3.7341921421482738,0.87
600,1085,0,9.83479852187231,6.680373810801576,0.885
600,1086,0,10.00890193311597,2.3040950657852832,0.1
600,1087,0,13.069113137416329,2.226973794773013,0.895
600,1088,0,9.15645053236022,3.470986349019345,0.135
600,1089,0,8.712870395575214,1.4363449504925185,0.9
600,1090,0,11.86624191647449,3.8108900438329485,0.9
600,1091,0,10.972947518941249,4.902907896579922,0.1
600,1092,0,11.979279047301086,3.1495701559309808,0.13
600,1093,0,10.364868036247376,2.8017081497591967,0.11
600,1094,0,10.24985082001215,3.7241389277697046,0.105
600,1095,0,10.655246594946323,4.8562524352256276,0.885
600,1096,0,8.944973959327749,3.2757302700828106,0.1
600,1097,0,16.28885652550012,4.399870343141998,0.9
600,1098,0,8.613136519360582,3.5890134142693597,0.76
600,1099,0,9.327448418927903,2.6399094569498516,0.105
600,1100,0,10.095122065065373,3.5957757953458014,0.845
600,1101,0,8.846572040113518,3.169802219109652,0.1
600,1102,0,9.86475229859415,3.3686810518753774,0.875
600,1103,0,10.8301882030635,3.8812488253331168,0.9
600,1104,0,10.036579922250517,2.9800881510686494,0.87
600,1105,0,11.651326548950095,4.7363437869225145,0.885
600,1106,0,6.6960884464978845,2.05303790300313,0.865
600,1107,0,10.049457695357372,3.3181506442939934,0.875
600,1108,0,7.071252931212043,1.78505833772169,0.89
600,1109,0,12.268676105914558,3.2836674390584797,0.88
600,1110,0,5.269459759604923,6.458865351142951,0.62
600,1111,0,17.44637247985798,1.8382199268533128,0.9
600,1112,0,9.271202203403845,1.3470041565856405,0.1
600,1113,0,5.749789984127007,2.5295484633618415,0.9
600,1114,0,10.623023343281996,2.4115891758440533,0.1
600,1115,0,7.871377819296655,2.8042740472491445,0.1
600,1116,0,13.478793783023034,6.766924430413113,0.18
600,1117,0,10.570467490530982,2.3804964788421756,0.115
600,1118,0,15.975738636361132,2.1116088444053993,0.875
600,1119,0,11.02314913545282,2.281676177279124,0.895
600,1120,0,10.668542134315706,2.101791942325626,0.9
600,1121,0,14.062147527690978,5.268234560767748,0.9
600,1122,0,9.515439478894168,2.880248075671954,0.115
600,1123,0,8.567545020373563,3.051181123293567,0.1
600,1124,0,10.517087562609879,2.444473330857999,0.1
600,1125,0,13.54354019399567,4.659269647079611,0.895
600,1126,0,9.814960212819113,2.940103011587336,0.17
600,1127,0,10.637996210952515,4.821162387376354,0.1
600,1128,0,13.35452098575585,2.168892124616395,0.9
600,1129,0,20.556638035140377,5.310008909602004,0.105
600,1130,0,7.568236702823121,3.692013010496087,0.9
600,1131,0,8.210931034527627,1.7548854926064728,0.805
600,1132,0,8.089622160991361,3.916902713176551,0.9
600,1133,0,9.480324685798722,2.296651819021278,0.9
600,1134,0,16.643201294748785,3.045501398909689,0.875
600,1135,0,15.077440333178945,3.0415034638962446,0.12
600,1136,0,12.452038740115475,2.072918265406898,0.89
600,1137,0,11.577130552154324,4.6286078246945195,0.12
600,1138,0,11.03283510426335,1.9931447764152566,0.9
600,1139,0,8.27212051923175,2.0323465556444376,0.105
600,1140,0,13.756380305833247,3.1382830279605756,0.87
600,1141,0,5.92275328820696,2.4269878037451065,0.1
600,1142,0,12.557069262483763,3.618234487947447,0.13
600,1143,0,8.866146600254066,3.3854968080173187,0.1
600,1144,0,15.738843873649715,5.217551874415705,0.875
600,1145,0,7.528931519040941,3.213970204855787,0.1
600,1146,0,6.683798387093294,2.2289640690615897,0.9
600,1147,0,13.510057305305718,3.5626753689499857,0.9
600,1148,0,7.425347558806678,3.5530091135698605,0.11
600,1149,0,6.870669236854133,3.4998440733446934,0.89
600,1150,0,7.0283676890822315,2.9875675963960013,0.105
600,1151,0,7.91633801335073,2.454120828206463,0.9
600,1152,0,10.547413603508977,3.372180450941098,0.115
600,1153,0,17.04522083493018,3.473266841255196,0.1
600,1154,0,11.976269336964267,4.17485485007596,0.875
600,1155,0,8.773141174671645,3.5938574562819348,0.815
600,1156,0,8.578769853318217,4.721509445302097,0.1
600,1157,0,13.128361275052107,4.124708596818394,0.9
600,1158,0,12.059789258244948,3.811661571725722,0.1
600,1159,0,19.8310428599867,1.88756984531544,0.895
600,1160,0,9.769003038559696,3.5269374598006387,0.1
600,1161,0,8.043788711873425,3.540696045334446,0.8
600,1162,0,14.335994778813628,3.9436848622872667,0.9
600,1163,0,8.25152342247418,3.245785593057615,0.9
600,1164,0,9.300188032200943,3.0065436342820995,0.9
600,1165,0,8.792840102033585,3.4872646636686433,0.1
600,1166,0,12.018500954630943,1.8370641309092939,0.11
600,1167,0,7.758437864507366,3.308642356198721,0.895
600,1168,0,10.675170946815173,2.612819265374533,0.85
600,1169,0,7.514492198305505,2.012434342400038,0.13
600,1170,0,13.165365344526789,3.0914365095579655,0.1
600,1171,0,12.484648074870352,3.5904941546673896,0.82
600,1172,0,12.76812910733643,2.636258394829749,0.105
600,1173,0,13.120855378034344,4.429037443488415,0.9
600,1174,0,6.729533761501217,2.4450180468226,0.205
600,1175,0,12.549895254163307,2.6935523826302266,0.105
600,1176,0,9.634812961737241,3.2787351609626647,0.105
600,1177,0,15.58450637689891,3.506684745679678,0.1
600,1178,0,10.619764272012361,1.929305939112691,0.89
600,1179,0,11.998492757025474,2.695658130211065,0.89
600,1180,0,12.169451852285603,5.231435603502099,0.115
600,1181,0,8.615459286596096,1.9229689853581533,0.87
600,1182,0,17.59302101665293,3.1978626550159817,0.11
600,1183,0,11.251117862185906,1.8987357977506392,0.87
600,1184,0,7.829349812439307,2.320268863413144,0.1
600,1185,0,8.469160398710642,2.8486809511157674,0.1
600,1186,0,17.889664152439703,3.0501591526395977,0.89
600,1187,0,10.146514030646713,2.907032014971467,0.85
600,1188,0,8.672031938109871,3.240908574918411,0.845
600,1189,0,11.456728163976507,3.7543683477947454,0.15
600,1190,0,11.000871246303278,1.5332616876694516,0.87
600,1191,0,18.590366365751382,5.156859412350556,0.9
600,1192,0,8.719634613143654,2.2343221355939136,0.105
600,1193,0,10.26415334398605,2.4376147611354426,0.11
600,1194,0,9.914141515655476,2.150330469705164,0.1
600,1195,0,11.913287036611838,4.543360282741826,0.105
600,1196,0,7.64182314547891,3.5369870476577248,0.115
600,1197,0,10.86812236355293,1.9053686874755726,0.89
600,1198,0,12.230887506985566,2.529635369033034,0.13
600,1199,0,13.647093692739283,3.699842701973388,0.9
600,1200,0,9.391907780537673,3.907692588481382,0.1
600,1201,0,12.313320319987833,3.775782286929985,0.865
600,1202,0,11.42429134961254,2.765717630434139,0.875
600,1203,0,9.390691677071757,1.6082506172281796,0.895
600,1204,0,17.976672452845328,3.360934392397752,0.105
600,1205,0,7.68005294652446,3.5919165484450843,0.89
600,1206,0,13.200515487998032,3.9934388987969527,0.9
600,1207,0,8.248155746824716,3.7896790706159145,0.1
600,1208,0,19.14539656159641,4.1859691060973425,0.115
600,1209,0,7.216147189357109,1.5094222476247587,0.89
600,1210,0,14.682343139349916,4.873603961897643,0.9
600,1211,0,11.15516004026202,4.05253008325932,0.9
600,1212,0,8.762129785469659,4.6292947574222865,0.9
600,1213,0,5.923734373970549,2.9955904477392714,0.1
600,1214,0,13.124220296588696,3.2806939609014485,0.9
600,1215,0,13.791660094636812,2.994456832270309,0.1
600,1216,0,8.289246302345667,3.5881097951873997,0.1
600,1217,0,10.055769499625066,2.645362476726909,0.1
600,1218,0,8.501978512414269,3.577923334743449,0.11
600,1219,0,10.516339080798383,1.4533608099180029,0.105
600,1220,0,13.694083387731142,1.9025625255751244,0.9
600,1221,0,10.274241072283031,2.025392349659505,0.875
600,1222,0,10.939891948687032,4.270226739710203,0.1
600,1223,0,11.140250940463767,2.2047415065047815,0.9
600,1224,0,12.375794028714875,3.7969990580156043,0.9
600,1225,0,11.546261827095655,5.082750760557175,0.115
600,1226,0,10.743815847005111,3.3907123731032662,0.105
600,1227,0,16.429988965143657,4.114534295982697,0.1
600,1228,0,14.539881263890065,2.7495503028643675,0.135
600,1229,0,9.35778192662942,3.158853364830172,0.89
600,1230,0,10.993161053347233,3.734475481997457,0.11
600,1231,0,11.178399167319052,3.8087638215373865,0.89
600,1232,0,9.607112171701795,2.5136734199630695,0.9
600,1233,0,7.597506747284967,4.06925651174932,0.195
600,1234,0,9.591857642924214,2.607084370941326,0.895
600,1235,0,11.114825093468497,2.962254292880573,0.9
600,1236,0,8.877363480324105,4.47095411050924,0.22
600,1237,0,10.880316124231461,5.157804410239031,0.135
600,1238,0,9.52168795868771,3.240571679141535,0.865
600,1239,0,10.530816603686162,5.740842851867001,0.725
600,1240,0,9.775969351893645,2.7918686465896236,0.1
600,1241,0,10.22432518809703,3.535696566418789,0.165
600,1242,0,8.432075689287423,2.9088807331883793,0.895
600,1243,0,10.368779980581857,3.7433790072212147,0.89
600,1244,0,9.545733678425481,3.3808317735404714,0.175
600,1245,0,8.97650551216564,2.0899789286000114,0.895
600,1246,0,7.987656033570188,2.120363829709593,0.115
600,1247,0,14.266583476787302,4.649480632117786,0.1
600,1248,0,13.051582239914712,2.742882921748091,0.105
600,1249,0,14.021279245723514,3.114663661625805,0.1
600,1250,0,7.057416325031729,3.329129796291408,0.105
600,1251,0,7.810364629683174,2.4785545570439993,0.1
600,1252,0,11.549107537020205,2.7707701548868258,0.895
600,1253,0,10.786569088748804,4.546171875237448,0.115
600,1254,0,14.87642490717282,2.994670643792663,0.9
600,1255,0,10.304525574982591,2.1827920754025065,0.105
600,1256,0,9.746368639973852,2.594166608706505,0.88
600,1257,0,11.733619283792054,2.4077079635663523,0.9
600,1258,0,20.42089760511721,4.018109298205097,0.11
600,1259,0,12.000247793788338,4.114833978787935,0.105
600,1260,0,11.56440296799505,2.9331012801513623,0.895
600,1261,0,13.94078902252807,4.582114760951583,0.9
600,1262,0,9.590389581326555,2.17557922527547,0.1
600,1263,0,9.192460422543483,2.6494232987599453,0.105
600,1264,0,14.225024462088374,2.884544742174011,0.12
600,1265,0,10.516456823068394,3.634672508946224,0.855
600,1266,0,12.596218655571814,3.729920934502573,0.895
600,1267,0,17.28823879435276,2.6151364659579457,0.1
600,1268,0,11.395728927327799,2.9765443733237973,0.895
600,1269,0,11.06680563123164,2.979098380378975,0.1
600,1270,0,10.635540457418973,2.5015192642625195,0.125
600,1271,0,9.591923016004404,2.5935390755146948,0.105
600,1272,0,7.814370972983404,2.5669971455280383,0.9
600,1273,0,10.482822785544101,5.984650711358963,0.9
600,1274,0,12.225872490232707,1.5894189544792603,0.835
600,1275,0,7.933338014804532,2.5880811283236937,0.105
600,1276,0,12.097183988376031,3.31216971855266,0.105
600,1277,0,11.565740779874387,4.365999787540176,0.1
600,1278,0,20.583735489963967,2.442683610886043,0.1
600,1279,0,8.73028778536297,3.1041225840469977,0.15
600,1280,0,12.099517713354016,5.864979769388068,0.11
600,1281,0,14.33964295528977,3.4304217105404433,0.105
600,1282,0,12.979944831630508,2.097986475517555,0.9
600,1283,0,13.772008726952766,5.571896648355157,0.14
600,1284,0,11.67865565552732,4.109050553698168,0.1
600,1285,0,7.3694139253545465,3.487730760411445,0.9
600,1286,0,17.03758023502722,3.5130656505985236,0.2
600,1287,0,5.983265488756491,1.9964444794695169,0.895
600,1288,0,12.567512270032912,5.319344743980636,0.84
600,1289,0,9.39727707500418,2.936153269413211,0.155
600,1290,0,6.834028939988936,2.8818397574061017,0.58
600,1291,0,9.593956148545898,3.2526000930920063,0.12
600,1292,0,9.145311169248167,3.266188950969351,0.9
600,1293,0,10.35642668327264,3.099661030019707,0.885
600,1294,0,8.15279188353875,1.6784198158589447,0.89
600,1295,0,13.259543020220251,3.831197913863349,0.105
600,1296,0,17.091460993441398,3.268373403367786,0.9
600,1297,0,11.404737931576493,2.986529006158989,0.88
600,1298,0,7.785712057066512,2.6652010663502423,0.9
600,1299,0,8.340983574960854,2.7245074698333482,0.105
600,1300,0,17.344350353686785,5.731540327657125,0.115
600,1301,0,7.435924836719573,3.667760967999989,0.885
600,1302,0,12.083987930213146,2.896918432303597,0.12
600,1303,0,7.6804610641603785,3.058258574859174,0.89
600,1304,0,8.96232360441739,2.858779004216405,0.885
600,1305,0,18.6613874935606,2.967123063805399,0.115
600,1306,0,20.348715130583436,2.4917558949516305,0.895
600,1307,0,10.750463161776853,2.8543523238514723,0.1
600,1308,0,10.852205121243175,2.230491695886627,0.105
600,1309,0,8.49094104180087,2.802470765827092,0.1
600,1310,0,8.254443130318716,3.2581829292280595,0.9
600,1311,0,12.658109982640706,4.913503507853356,0.9
600,1312,0,14.788811883896512,3.129860560876274,0.1
600,1313,0,10.358438006732637,2.419657045808421,0.89
600,1314,0,8.122357835195528,2.4511971658006892,0.1
600,1315,0,10.840280960107924,2.140846458612966,0.105
600,1316,0,11.368794951185576,3.473869029106247,0.1
600,1317,0,13.926808239909983,4.1693540619903935,0.115
600,1318,0,8.64187345957191,1.9049210678214301,0.86
600,1319,0,13.429245570810854,2.823022256997021,0.1
600,1320,0,10.637960385252265,2.1828625820766057,0.9
600,1321,0,9.019093730293298,2.591044681011745,0.9
600,1322,0,8.54087153633442,2.1707884349789985,0.115
600,1323,0,7.953009016222089,2.2658751711931657,0.125
600,1324,0,11.523100946144597,2.8387318097138348,0.1
600,1325,0,7.910874285571777,4.448789134488251,0.845
600,1326,0,6.559314531579229,4.084473445758174,0.895
600,1327,0,12.303701341510878,4.167800227224205,0.11
600,1328,0,9.631059130339311,2.1702659312349937,0.12
600,1329,0,15.55094237026552,2.7036144430436337,0.145
600,1330,0,11.280436998721973,5.164732178670484,0.875
600,1331,0,9.89445798587897,2.8060057643348735,0.1
600,1332,0,12.441955015199293,3.1253929771098754,0.1
600,1333,0,11.292404731640875,2.4829052849278277,0.9
600,1334,0,15.460462355311543,1.8727186156262121,0.895
600,1335,0,6.4276539216058035,3.1317208286107956,0.1
600,1336,0,12.724903178021,2.3263596288390254,0.1
600,1337,0,11.667673371107243,4.001965532266105,0.89
600,1338,0,9.603459715212699,3.19288202405712,0.875
600,1339,0,10.960008344528367,2.082874781362065,0.12
600,1340,0,12.05433617877161,2.4421692911677617,0.9
600,1341,0,11.284913494651905,2.6300470180291136,0.9
600,1342,0,12.067285703905162,3.4373355400243,0.835
600,1343,0,9.74394070819266,3.620139989695037,0.9
600,1344,0,7.944802018950579,2.146468590694184,0.16
600,1345,0,8.956695706977788,3.7574503673039494,0.11
600,1346,0,9.482696195933633,4.02610349852921,0.12
600,1347,0,8.936450545913006,3.1498203421032933,0.9
600,1348,0,10.67282421310294,1.6959006333937765,0.1
600,1349,0,16.468149461642675,3.9906383670086143,0.125
600,1350,0,10.046957650970231,2.239280765951168,0.1
600,1351,0,14.894002134663621,3.89192046283533,0.1
600,1352,0,12.570499311771623,2.4815670682205138,0.9
600,1353,0,10.537189902989377,2.2676124862492486,0.9
600,1354,0,9.562532305774285,2.998898878582157,0.185
600,1355,0,15.928402597855714,5.362834494935775,0.89
600,1356,0,11.036914106065224,3.4611819399366084,0.11
600,1357,0,10.619760816951656,3.49661219534827,0.11
600,1358,0,9.812744442113246,4.153252697870791,0.9
600,1359,0,12.069743430074311,2.634763899566206,0.9
600,1360,0,11.707597802325655,3.056255178695544,0.17
600,1361,0,14.404497019415263,2.6407757598358117,0.9
600,1362,0,9.550335864260141,2.573066731655338,0.895
600,1363,0,14.019014952836033,2.94767615574818,0.895
600,1364,0,9.230692485580114,3.6142892755786526,0.9
600,1365,0,9.443232419787266,2.074771596430214,0.87
600,1366,0,11.485915413251401,5.740111554545102,0.875
600,1367,0,14.90531223569573,4.6790497554423105,0.89
600,1368,0,8.268809255018647,3.0292173557198154,0.1
600,1369,0,10.298717967752715,5.447153334561161,0.895
600,1370,0,8.812673127860014,3.6360856983996825,0.895
600,1371,0,10.774297040127214,5.175789683023702,0.9
600,1372,0,9.411615990454269,3.4702100267075764,0.1
600,1373,0,11.195668826689591,2.093478617605271,0.9
600,1374,0,8.182863632997641,5.014392307188409,0.9
600,1375,0,16.89978662177233,3.7596107955839564,0.105
600,1376,0,7.4368467681293,3.3270922845664685,0.105
600,1377,0,12.001433721202218,3.5441866904572628,0.885
600,1378,0,10.673543392479228,2.1093945542472348,0.9
600,1379,0,12.394961877597392,1.5688473503284506,0.9
600,1380,0,11.485863091062162,2.2325252375416937,0.1
600,1381,0,9.575556730893798,2.333452550701942,0.895
600,1382,0,11.094316538574729,4.0551504184865195,0.1
600,1383,0,15.230223437161348,2.7705231827483523,0.9
600,1384,0,13.35977664431357,3.4621734677900307,0.1
600,1385,0,13.352499119102035,3.236506537638384,0.11
600,1386,0,14.99371240027148,3.022091022903961,0.895
600,1387,0,14.339473079209226,3.5626439171882573,0.855
600,1388,0,11.745026573497999,2.042708391794079,0.865
600,1389,0,7.652608756804097,4.821006597734101,0.1
600,1390,0,9.098233947537313,2.438019473026909,0.9
600,1391,0,7.191195153762537,3.4033471130269,0.9
600,1392,0,8.337307474196946,2.185313790180299,0.135
600,1393,0,9.485995881698575,2.0188418028014965,0.9
600,1394,0,10.13439372043302,2.6457343643390807,0.9
600,1395,0,9.60799019454207,4.069947902062054,0.1
600,1396,0,7.245177082895334,2.391445255471236,0.87
600,1397,0,18.426163845067762,1.8865714785533783,0.9
600,1398,0,6.888165709892713,4.193392839503485,0.13
600,1399,0,7.485599268686789,4.171363754732216,0.9
600,1400,0,10.84989050247481,2.3707428476048342,0.9
600,1401,0,10.466126817292446,2.9446239821628417,0.105
600,1402,0,11.369186346978081,2.9859365702575857,0.88
600,1403,0,11.285327340592145,2.1551471667237365,0.1
600,1404,0,8.602464216926025,2.6659570074969885,0.885
600,1405,0,10.58280790619848,4.017233208092907,0.13
600,1406,0,13.534753673995708,4.2053459354133516,0.9
600,1407,0,14.065072706764408,5.011537919069475,0.11
600,1408,0,11.45495028295071,2.407402771699907,0.1
600,1409,0,11.479067368534492,4.4858172965341225,0.1
600,1410,0,10.435016676952902,3.3359943610608234,0.13
600,1411,0,6.920406590986399,3.4976360934375172,0.865
600,1412,0,13.885948527789482,3.772267974731136,0.105
600,1413,0,10.167298066857693,1.8728548263720945,0.145
600,1414,0,11.6973597351745,1.885099600374307,0.9
600,1415,0,13.994981547117352,3.049181265519252,0.89
600,1416,0,6.503308507411056,1.5299717076932673,0.145
600,1417,0,10.540205856549722,3.873661383821503,0.89
600,1418,0,13.474949435454757,2.7199385721683456,0.1
600,1419,0,12.7088086125018,2.082860450851154,0.1
600,1420,0,11.136930953747104,3.5500765879496576,0.9
600,1421,0,9.876583386607283,2.674544379462507,0.105
600,1422,0,9.6675028291983,3.7968667394802758,0.9
600,1423,0,11.64054726709852,3.5752505535270984,0.895
600,1424,0,10.207239303842899,1.9405712000900799,0.895
600,1425,0,10.765554427045176,5.35843743150668,0.1
600,1426,0,10.016297517523805,1.9946954993319999,0.9
600,1427,0,7.223071784448783,2.735364154115061,0.12
600,1428,0,13.196451576730263,2.6117098598420263,0.11
600,1429,0,8.74512027834266,4.333687474580472,0.895
600,1430,0,11.369213697682733,4.6000373193734845,0.1
600,1431,0,9.236732173693829,5.3427465541119545,0.9
600,1432,0,7.562792568728228,3.7095291093269367,0.1
600,1433,0,12.43803205046978,2.355176478094645,0.875
600,1434,0,9.704525396632386,3.030018321228667,0.1
600,1435,0,12.386938335591815,4.4380073624416205,0.88
600,1436,0,8.9163966671333,3.5651585533542196,0.895
600,1437,0,9.492924407096375,3.1939584401930787,0.89
600,1438,0,8.357338923725878,2.5685006642245156,0.1
600,1439,0,15.715894871284668,2.4119621483268183,0.9
600,1440,0,14.98084182188194,3.323499566559107,0.1
600,1441,0,8.074040273221199,3.246010151681844,0.875
600,1442,0,9.644415449231802,3.9378864380017475,0.81
600,1443,0,13.623941730278766,3.938396585830528,0.87
600,1444,0,13.249560579292094,3.147311754451554,0.1
600,1445,0,9.253153591153408,2.399727549203945,0.895
600,1446,0,7.909486539637962,4.648403135310009,0.135
600,1447,0,9.048803651625128,3.5101603762814015,0.895
600,1448,0,10.394265842761712,3.9826994006261884,0.9
600,1449,0,8.419904078154053,2.3251069477380426,0.125
600,1450,0,7.853594724316791,3.4898223744584733,0.13
600,1451,0,14.713571081849784,3.40625954435847,0.89
600,1452,0,10.392931363722717,4.172542764627796,0.14
600,1453,0,8.666289093385522,2.745267740900914,0.87
600,1454,0,11.16841136610971,5.305978516693788,0.12
600,1455,0,9.847484124048373,3.345407241809273,0.83
600,1456,0,11.76514145903693,4.899553555735103,0.155
600,1457,0,11.451279950438762,3.940903346528213,0.14
600,1458,0,10.679465096381925,3.248009610978908,0.885
600,1459,0,9.144894964964651,2.0288569138334545,0.1
600,1460,0,12.885735082668283,3.0050142376719435,0.89
600,1461,0,10.034942856945433,2.033420867892932,0.89
600,1462,0,9.758747256389766,1.5125690309562678,0.76
600,1463,0,12.409846782548993,3.13031780210995,0.865
600,1464,0,18.457234883871287,3.5784188042003784,0.1
600,1465,0,18.778684826127805,3.9331996067890174,0.9
600,1466,0,10.96483401036485,3.54721405600964,0.895
600,1467,0,13.744899183020587,3.7911001224220087,0.895
600,1468,0,11.242670035458268,1.632370537256378,0.1
600,1469,0,10.587493622100466,3.596088046364443,0.895
600,1470,0,17.19670062086799,1.9008792766402216,0.1
600,1471,0,10.729007972941291,3.274047704729899,0.1
600,1472,0,13.14234562727475,3.0516661424996983,0.87
600,1473,0,11.556182588198846,3.034564996496414,0.86
600,1474,0,9.935648389983644,1.7554117469780195,0.1
600,1475,0,14.659675407581682,2.3927115932224297,0.85
600,1476,0,10.737834004864057,2.7795721987046385,0.885
600,1477,0,17.505978727089502,4.015788891129546,0.9
600,1478,0,8.641925630650892,5.224736732320867,0.89
600,1479,0,12.56466808012488,3.479415638791661,0.1
600,1480,0,8.082699166476065,2.7775829409748987,0.875
600,1481,0,12.829197955501465,3.7365903719507543,0.1
600,1482,0,10.792850477990099,2.3058528560319758,0.105
600,1483,0,11.876376993188398,2.022926890483223,0.88
600,1484,0,7.9259696800497155,2.543474803264445,0.87
600,1485,0,19.27116473620894,3.6711537838298725,0.9
600,1486,0,8.9289564415437,1.7522269247147726,0.9
600,1487,0,12.441772818820558,2.8427240651523356,0.895
600,1488,0,12.925265716164464,3.739726282270972,0.88
600,1489,0,12.196615118279976,3.376325196942176,0.105
600,1490,0,13.357373658476593,2.3426271535564425,0.89
600,1491,0,5.396316355386946,3.2423615234476344,0.1
600,1492,0,8.868742177898563,2.423542488309227,0.1
600,1493,0,7.455783314010054,2.9243645490346637,0.9
600,1494,0,14.3068118874816,2.4614676667645163,0.9
600,1495,0,12.681392065002688,3.152653951842943,0.105
600,1496,0,9.547040237642216,3.559521446361824,0.105
600,1497,0,12.269816592504538,5.01689973559305,0.1
600,1498,0,11.362041422248188,3.2380725473128535,0.115
600,1499,0,8.083037997867848,3.6153832732337854,0.9
600,1500,0,7.62502398014978,2.096315588144293,0.1
600,1501,0,14.55338693790366,3.388557086991817,0.13
600,1502,0,11.635528845251116,5.230577796927793,0.125
600,1503,0,10.654651976367147,2.8609432355489517,0.1
600,1504,0,15.641732592655249,2.47366564205036,0.9
600,1505,0,12.892625588089777,2.770628837038469,0.9
600,1506,0,10.358698601067864,3.9571679854684128,0.18
600,1507,0,14.183815319829185,2.386622276531547,0.15
600,1508,0,8.613666209847961,4.17920182637701,0.88
600,1509,0,7.627984407199123,3.359836451199527,0.1
600,1510,0,9.160521725063688,3.1594257474887755,0.9
600,1511,0,12.414130296644723,1.8967589510384464,0.105
600,1512,0,7.137379409694452,5.459549879566605,0.18
600,1513,0,13.155057961886166,2.341563528036783,0.105
600,1514,0,17.064799204588216,2.410119985852255,0.89
600,1515,0,10.947589209282096,3.354328458514111,0.9
600,1516,0,13.312008024768163,3.617009976429131,0.87
600,1517,0,8.850466869179186,3.7151644766429293,0.85
600,1518,0,11.608741491070175,2.7476038032263617,0.1
600,1519,0,11.279670462477327,2.9641312556076826,0.9
600,1520,0,8.898025015836437,2.7779330987475426,0.12
600,1521,0,9.457716969406349,1.625508551650512,0.155
600,1522,0,10.364492065613542,3.3849196164478457,0.12
600,1523,0,13.63932414121528,2.0300135914692596,0.895
600,1524,0,10.343490259660522,4.108982058420718,0.9
600,1525,0,8.7775326502214,2.3874862741348757,0.105
600,1526,0,13.72650875539021,4.07937238307472,0.9
600,1527,0,5.371204435133797,3.7236208981267893,0.1
600,1528,0,11.353296773857423,1.997223486485744,0.845
600,1529,0,8.769870589439714,1.4292382849098395,0.1
600,1530,0,12.626207831841189,5.5382301254574,0.885
600,1531,0,11.077654213799942,1.5980173812613074,0.115
600,1532,0,12.043679803374292,2.956194820483393,0.115
600,1533,0,16.70279961347918,3.9678110538880595,0.1
600,1534,0,12.671629084713002,3.2428397951120402,0.1
600,1535,0,9.548323214549486,5.077206822187996,0.9
600,1536,0,14.555117534334173,3.7574491734783777,0.9
600,1537,0,11.2438648180687,2.2263796718845263,0.895
600,1538,0,14.11413672589859,3.7081249297719054,0.135
600,1539,0,7.531078666724032,3.0102900293269563,0.1
600,1540,0,9.2685010902972,3.297915643227789,0.885
600,1541,0,7.9419602701572245,2.545451028561452,0.895
600,1542,0,12.469100896216732,5.224541662153914,0.9
600,1543,0,7.446662131884844,1.8904268625819398,0.805
600,1544,0,9.081382027586065,2.5624552033480796,0.9
600,1545,0,17.488420912609946,4.2404235510044685,0.895
600,1546,0,8.890086061110553,1.6372140120517464,0.115
600,1547,0,10.271249243679597,3.1214237376866016,0.1
600,1548,0,16.36431281385608,2.559650127207913,0.165
600,1549,0,9.361184918889895,4.758180162722336,0.87
600,1550,0,15.852476135519483,2.3583787069689777,0.12
600,1551,0,15.070802219339964,1.8076592766167465,0.105
600,1552,0,13.356919609443418,1.7792951615688501,0.895
600,1553,0,7.846678045859973,2.4707778766022592,0.815
600,1554,0,6.143327373285118,4.1499087389884615,0.125
600,1555,0,9.136960397707258,2.7658578264955658,0.105
600,1556,0,12.126547254617783,3.718308982212992,0.765
600,1557,0,17.22726050711703,1.5919206380033302,0.86
600,1558,0,10.786323796967556,2.19412868931812,0.1
600,1559,0,12.739467425054025,2.3209455124632683,0.9
600,1560,0,12.562798881365605,2.209471463716284,0.895
600,1561,0,9.242540869976937,7.993885079661567,0.165
600,1562,0,5.46335402916724,4.018445147521987,0.9
600,1563,0,7.311220108533654,3.2911733930482967,0.9
600,1564,0,10.20373531540182,2.4899148256644743,0.11
600,1565,0,9.779401167577351,2.1158133960663683,0.9
600,1566,0,10.232867876741803,3.0828624771373825,0.195
600,1567,0,10.940133850725527,2.9218906909914466,0.885
600,1568,0,11.899365775214545,3.0811884884291985,0.29
600,1569,0,8.135423635588745,4.27971009666166,0.895
600,1570,0,7.867505207544592,5.799110592247914,0.165
600,1571,0,8.182748901355831,3.038927666790503,0.755
600,1572,0,10.040222448356106,2.4271574262781925,0.89
600,1573,0,8.62113202060602,1.8372351138141951,0.105
600,1574,0,11.214770771282716,3.849408989683223,0.15
600,1575,0,6.257319308853368,3.6783809960827973,0.8
600,1576,0,9.382194545840187,2.399538196929818,0.11
600,1577,0,9.377005059270513,4.968669920469271,0.125
600,1578,0,14.79949955500573,2.056967885611538,0.155
600,1579,0,8.783202896109708,3.1226269473864754,0.105
600,1580,0,11.33462079993828,3.1453039378537717,0.895
600,1581,0,8.07563912485875,2.3694242407461985,0.88
600,1582,0,11.857156579818335,2.2256524584318704,0.895
600,1583,0,9.008348546700162,2.48892405552974,0.9
600,1584,0,17.223986973535474,1.4302294536771676,0.105
600,1585,0,5.8886260327615,3.5126101446239844,0.87
600,1586,0,10.075740328441242,4.8004062671937575,0.82
600,1587,0,11.032984163376584,4.300911678381514,0.105
600,1588,0,9.789013363021585,3.0181378609792198,0.715
600,1589,0,7.6272145871321495,2.714983215739686,0.9
600,1590,0,18.785971930105333,2.21865503409564,0.13
600,1591,0,18.230810626139675,5.3290945528358336,0.11
600,1592,0,9.423918822917926,2.8001348293622996,0.875
600,1593,0,12.355460563981374,3.211483045857033,0.105
600,1594,0,11.070722000918671,5.039478983356016,0.9
600,1595,0,10.992560663862948,2.925954252796359,0.89
600,1596,0,11.706544929912834,3.9357817796309646,0.11
600,1597,0,15.450743393492942,2.2835438696622745,0.1
600,1598,0,7.742053587377535,1.9349302708735472,0.9
600,1599,0,10.325169389596427,2.5807550063506213,0.895
600,1600,0,10.903924080412615,2.150926536394504,0.895
600,1601,0,13.009689306331888,2.3499398762478307,0.885
600,1602,0,7.581237622116522,1.3897160134433761,0.13
600,1603,0,10.776646770292215,2.6909498075169402,0.1
600,1604,0,7.869112139731809,3.947157544801616,0.89
600,1605,0,12.225461024004062,2.5543564573585087,0.105
600,1606,0,7.097319857547141,2.4100792424092354,0.1
600,1607,0,9.600445603672638,3.199755619197653,0.165
600,1608,0,8.257139876915549,2.4114950159806803,0.1
600,1609,0,8.431843338699986,4.378798686280216,0.88
600,1610,0,16.222555463684355,4.543888468469248,0.135
600,1611,0,7.374022466603638,2.3823465861287474,0.16
600,1612,0,8.98394373088082,3.9732217403154912,0.1
600,1613,0,11.717878200922648,2.240214660356177,0.1
600,1614,0,9.802374879823313,2.851397761645913,0.155
600,1615,0,9.189131369529537,2.0827046346802547,0.165
600,1616,0,13.256675179631573,3.0194436110323686,0.89
600,1617,0,8.217425338550415,4.1715974359617825,0.9
600,1618,0,9.54179671475439,2.760594320991583,0.105
600,1619,0,9.847521386369449,3.411547388296121,0.11
600,1620,0,7.586959217126607,2.954216471762283,0.895
600,1621,0,8.207215867569868,2.086435669044917,0.9
600,1622,0,7.836821370543654,2.9197015563983797,0.895
600,1623,0,10.127864673547622,3.05843356273936,0.855
600,1624,0,11.363649666501441,3.7619490656567223,0.89
600,1625,0,8.957929193991566,4.700964376026118,0.13
600,1626,0,14.00110624992202,3.2512380392889284,0.1
600,1627,0,10.855426193977495,2.0344272926990925,0.135
600,1628,0,14.199127921073952,2.8516942887647723,0.1
600,1629,0,9.20329929555237,2.5072867192531767,0.88
600,1630,0,10.213808936537463,2.4129350438517605,0.875
600,1631,0,10.458008138354398,1.9608511270019946,0.89
600,1632,0,10.815445386632645,2.1244291510704727,0.9
600,1633,0,4.4234628922916865,3.8128014564747126,0.11
600,1634,0,7.784371021929419,1.5578792389290719,0.885
600,1635,0,10.09656218451763,3.34232659339051,0.11
600,1636,0,8.49286822867767,2.4476766402911743,0.9
600,1637,0,9.318250208784919,2.125566211886909,0.895
600,1638,0,12.45669969664028,2.8400060038983987,0.105
600,1639,0,9.40423309297357,3.225221979107573,0.89
600,1640,0,17.27684858625126,4.956673483203566,0.1
600,1641,0,10.726732277726622,5.060710245015443,0.1
600,1642,0,11.42706751472909,2.4554050822402473,0.11
600,1643,0,7.796108007539008,2.183305042162509,0.11
600,1644,0,9.483844947291656,3.445366343645606,0.115
600,1645,0,10.64114869409246,1.9617469528109943,0.895
600,1646,0,11.32137119514315,4.477406126298611,0.825
600,1647,0,7.605073087793581,5.663099732735866,0.17
600,1648,0,10.994715559682504,4.236196505253975,0.88
600,1649,0,11.508236109919947,3.206873245105779,0.1
600,1650,0,11.062097489396017,1.8324221205923585,0.87
600,1651,0,13.11698835598281,3.1233137622927565,0.1
600,1652,0,11.336301960401409,4.435303074848562,0.1
600,1653,0,9.014133169880122,3.4664632382368943,0.105
600,1654,0,12.39635636121567,5.506433500496666,0.105
600,1655,0,13.186589627317266,3.4699790263996277,0.9
600,1656,0,10.56468156686132,2.2148715409152864,0.105
600,1657,0,15.384771969352515,4.635011545751677,0.115
600,1658,0,5.418765984028127,2.9970493028341316,0.89
600,1659,0,10.984340723346172,5.092733034683938,0.12
600,1660,0,10.542195831694489,2.2918765008569153,0.14
600,1661,0,11.167152180846976,3.5589527432553503,0.255
600,1662,0,15.53488887630217,2.226719983074954,0.9
600,1663,0,8.034234639175324,2.8908669536672704,0.9
600,1664,0,12.544672770444132,4.88748032757389,0.115
600,1665,0,10.129061982700744,2.814513555418241,0.14
600,1666,0,13.224923245855008,1.8329821803400037,0.895
600,1667,0,21.75942857597163,3.7159169852690077,0.865
600,1668,0,12.807031131293032,2.233083905526634,0.9
600,1669,0,12.746847113741362,2.7206438161638147,0.9
600,1670,0,12.249093393460276,2.8698730399539407,0.11
600,1671,0,9.345591231232108,2.635207573261855,0.11
600,1672,0,15.496633217708748,3.5559188946757914,0.1
600,1673,0,15.36819338720568,2.737280825387156,0.105
600,1674,0,8.346412850033612,2.5180287924150946,0.12
600,1675,0,13.65323711267429,3.075213440807456,0.9
600,1676,0,14.514989661471692,5.110846679799241,0.9
600,1677,0,14.504495771833403,2.412981698809258,0.1
600,1678,0,8.987850606909017,2.3746891673129156,0.115
600,1679,0,14.713935635867022,3.231236622310263,0.895
600,1680,0,10.972217095190148,3.6014845627731162,0.28
600,1681,0,12.194810473995226,2.0729274375368867,0.9
600,1682,0,11.035358111755082,2.265549360567487,0.1
600,1683,0,6.628848362495091,3.391511549247195,0.19
600,1684,0,10.920489598054814,3.532864159364024,0.9
600,1685,0,12.358264896815966,2.8545536446365816,0.895
600,1686,0,12.970323121624851,2.5895542641871216,0.895
600,1687,0,9.862598631294475,2.549774253589554,0.9
600,1688,0,16.25213837873135,2.221865000865897,0.9
600,1689,0,12.59193387556102,2.6507430637577656,0.885
600,1690,0,11.319800258508872,4.317837826324222,0.9
600,1691,0,5.11447020732137,4.070063946026892,0.11
600,1692,0,17.158256498595904,3.0095341691682265,0.1
600,1693,0,7.804058051980119,2.3750293767569985,0.11
600,1694,0,16.59250064415334,3.418503931642558,0.845
600,1695,0,16.636922297745972,2.6661102585712193,0.1
600,1696,0,11.285777933086564,1.8499240443495601,0.14
600,1697,0,12.010621499492931,2.8915554412222377,0.9
600,1698,0,16.244079964389456,4.012040464566002,0.1
600,1699,0,8.811192043279114,4.2846650494483995,0.11
600,1700,0,14.706218053738521,4.635457439705704,0.885
600,1701,0,16.91370601752725,3.3502060477967888,0.9
600,1702,0,13.043834207826755,1.809611647147058,0.83
600,1703,0,7.760430163110569,2.982283189477819,0.105
600,1704,0,12.237958278722765,3.0194383518193035,0.9
600,1705,0,8.113094005810792,2.419829861208278,0.105
600,1706,0,6.9834773197040265,2.72788034069702,0.1
600,1707,0,6.542146762312955,3.0932164782290883,0.9
600,1708,0,6.840624559319625,2.449522641196644,0.82
600,1709,0,18.805879991440932,3.3583154610664856,0.1
600,1710,0,9.098826132633482,2.7292979051050104,0.88
600,1711,0,10.323856839937228,2.198719904222912,0.105
600,1712,0,12.76497646703188,3.2575989259545857,0.1
600,1713,0,8.183335057411547,2.320762850308533,0.9
600,1714,0,11.702833040432568,4.674437578422008,0.105
600,1715,0,13.294847994653397,2.3212229140878726,0.895
600,1716,0,7.881274482729896,2.964827485852073,0.9
600,1717,0,13.051756424749312,4.082932366409775,0.125
600,1718,0,11.81766685856803,1.8192541131252682,0.89
600,1719,0,6.256206404433955,1.7143460633380236,0.89
600,1720,0,12.557749070002197,5.567419753071068,0.1
600,1721,0,12.336703498216915,2.2139168581800206,0.175
600,1722,0,13.048247836052033,1.8409208079328998,0.1
600,1723,0,11.674125770320511,5.48045111618114,0.895
600,1724,0,10.531711412902673,2.5660548536621697,0.9
600,1725,0,8.23623299316244,2.1621086086034857,0.13
600,1726,0,13.0402585321547,2.508435562677569,0.11
600,1727,0,8.912075737419597,3.372416917013421,0.14
600,1728,0,8.740069378281303,3.2750171765047575,0.1
600,1729,0,12.180457629795853,4.7190625873967385,0.125
600,1730,0,8.740365579670959,4.126706302114247,0.9
600,1731,0,17.466688206878416,1.9448824909837015,0.89
600,1732,0,14.517524738831858,1.6747088039145375,0.895
600,1733,0,11.926369003348846,3.1428799926294992,0.105
600,1734,0,15.088098333312228,4.4397195381766785,0.87
600,1735,0,7.629879680347066,2.601980518645064,0.1
600,1736,0,13.260637652029397,3.1717511824792766,0.9
600,1737,0,10.19476635790474,3.4582239961943984,0.885
600,1738,0,9.800448571772668,3.1486963375994215,0.14
600,1739,0,9.518464398449458,2.874755194593437,0.9
600,1740,0,13.935821679486937,3.9145766931804715,0.1
600,1741,0,15.2308462567415,2.6370979134915373,0.89
600,1742,0,17.29804614298013,3.3975095239044073,0.1
600,1743,0,8.929386144530092,1.670648996902635,0.85
600,1744,0,9.725165483864648,3.8541985730046413,0.76
600,1745,0,9.459816597750528,2.152418839891812,0.87
600,1746,0,10.535518740226923,3.5899069819548046,0.125
600,1747,0,10.165874323985449,1.6183594277251245,0.105
600,1748,0,8.480502742369572,3.340091383721955,0.9
600,1749,0,12.36219393024979,2.6089115579070565,0.9
600,1750,0,11.276930305132167,1.7019071451649381,0.11
600,1751,0,13.609669048430924,2.9817516488964024,0.9
600,1752,0,8.605193724337415,3.41910452243539,0.105
600,1753,0,10.851710669214977,3.1103062189127506,0.875
600,1754,0,4.697236050945587,3.733291509433201,0.13
600,1755,0,10.555882276905297,4.047654760240693,0.9
600,1756,0,14.273266848668982,2.470233870932681,0.9
600,1757,0,22.57677731101323,5.077510139842456,0.105
600,1758,0,8.332553780124158,2.747043006796268,0.84
600,1759,0,13.93987549207469,2.0568439824632634,0.895
600,1760,0,10.764416607268936,2.7778073513558432,0.9
600,1761,0,16.089898868610074,3.2023899924100263,0.1
600,1762,0,10.249491763204713,1.1437215203073947,0.9
600,1763,0,8.730716663055876,1.9130238429157842,0.11
600,1764,0,11.071302224378233,4.455047808936818,0.15
600,1765,0,8.260947682770338,3.398596311328994,0.135
600,1766,0,10.579062434536743,3.661994308080807,0.1
600,1767,0,9.944344462053348,4.456301760077874,0.105
600,1768,0,17.03693808360393,2.823691081660673,0.89
600,1769,0,10.079961110833175,3.519333247012124,0.895
600,1770,0,11.888049022547884,4.826626346299268,0.9
600,1771,0,9.551276417770525,1.341175214110546,0.875
600,1772,0,9.656448439943665,2.2632497361288806,0.125
600,1773,0,10.076065795111926,3.298029754699261,0.845
600,1774,0,18.818825811709516,3.970296045641497,0.1
600,1775,0,15.480575648586212,2.1655496143355712,0.9
600,1776,0,8.487657902784962,2.752108468865,0.87
600,1777,0,21.357862022334743,1.3851943751979512,0.1
600,1778,0,17.51523847929682,2.8378680204990125,0.89
600,1779,0,10.781774121123183,3.6280809741186637,0.12
600,1780,0,12.471128718937702,2.2638584693231323,0.125
600,1781,0,6.349538307811613,3.6964810489907407,0.11
600,1782,0,10.987884512856153,2.3605953309693284,0.87
600,1783,0,10.962172508050916,3.607343885759118,0.9
600,1784,0,11.312484831232368,1.6258582013375822,0.9
600,1785,0,10.085612073027821,3.096585390097495,0.9
600,1786,0,11.58955501026629,1.3704546539120344,0.1
600,1787,0,10.231639837444188,2.5806243919070937,0.1
600,1788,0,8.11731566861404,1.6715189014747445,0.83
600,1789,0,10.416747457628642,2.8821635570201565,0.9
600,1790,0,9.577193968570876,2.5365668505196837,0.9
600,1791,0,14.626525654274094,1.6838227042612175,0.895
600,1792,0,5.651075799288617,4.48313787972916,0.1
600,1793,0,11.87273218314399,3.2510140710630964,0.105
600,1794,0,11.224780006852058,2.6137039704146936,0.9
600,1795,0,17.4585617406105,3.250144995029025,0.885
600,1796,0,8.264091845504014,3.1201477258781196,0.145
600,1797,0,7.1973098291838955,3.513519070390636,0.9
600,1798,0,12.626250323336759,2.9982936883602207,0.9
600,1799,0,8.891428626401643,1.8429597595862823,0.105
600,1800,0,10.542601460306846,6.508036375895099,0.115
600,1801,0,19.863899625177307,3.1702270830536783,0.1
600,1802,0,14.955609189589198,3.5813465450922344,0.14
600,1803,0,17.36511075547137,2.549729032310033,0.1
600,1804,0,8.89262820495012,2.320151768317391,0.1
600,1805,0,9.395673266772972,2.8245184950153046,0.1
600,1806,0,6.321541040710052,3.1438124178968962,0.125
600,1807,0,10.807102111583484,3.151112369915232,0.1
600,1808,0,10.30561454557827,2.975681385432516,0.89
600,1809,0,10.337586020344096,4.3255709112707486,0.105
600,1810,0,7.2270997791127565,3.9914945541423386,0.1
600,1811,0,11.299208850683952,3.0531711069855305,0.1
600,1812,0,11.501079890934635,2.4029394597382847,0.1
600,1813,0,9.453449306839426,3.1772910111630637,0.115
600,1814,0,10.663938598570777,4.057237596475893,0.9
600,1815,0,10.903961745570827,4.985137572376708,0.9
600,1816,0,12.498590896390374,3.285788809288892,0.145
600,1817,0,9.87356978113892,2.6651838817077333,0.895
600,1818,0,11.4088110803026,3.985907510197517,0.895
600,1819,0,8.56281586012309,4.079951143817784,0.25
600,1820,0,13.325217107353337,1.6453999614055803,0.895
600,1821,0,11.594576650360652,2.7644193127514427,0.125
600,1822,0,13.665398808214606,1.6166488858167405,0.9
600,1823,0,9.835091323935297,2.5903407529039413,0.9
600,1824,0,12.07615093437174,2.163981688772587,0.13
600,1825,0,11.33179139770686,2.566095429062276,0.1
600,1826,0,13.549857259744643,4.614684043218986,0.895
600,1827,0,12.522682216837236,2.280115262864335,0.885
600,1828,0,10.567386452668151,2.8145652447619796,0.87
600,1829,0,13.30686449695547,2.494530866621414,0.895
600,1830,0,8.075865496817661,2.4894028454278683,0.89
600,1831,0,14.776151577678878,2.3616201084927013,0.88
600,1832,0,14.73931781396674,2.2529650099112786,0.9
600,1833,0,8.18676817845874,3.1652127985641876,0.895
600,1834,0,13.451675752832204,3.7229744136165976,0.1
600,1835,0,14.053721074268504,3.129360149915872,0.16
600,1836,0,11.747339874292416,3.622164984289711,0.88
600,1837,0,11.365849669789602,3.874551216331845,0.9
600,1838,0,9.564689432078312,3.6124507825541663,0.85
600,1839,0,11.993249432245362,2.705573960697105,0.13
600,1840,0,13.69910039764746,2.028398762956485,0.115
600,1841,0,9.642000270375133,2.035754841605897,0.89
600,1842,0,12.06731286574712,5.074163685881583,0.815
600,1843,0,11.432395555478763,1.8381731923493128,0.9
600,1844,0,12.915899960225259,4.075570552515018,0.1
600,1845,0,9.519482283965734,3.9746968325044207,0.9
600,1846,0,11.607432201205118,2.1393171811600276,0.895
600,1847,0,11.379034637378698,1.9032391938445414,0.135
600,1848,0,16.997231295078848,3.9538230051420875,0.105
600,1849,0,13.547118984939443,4.860382388522577,0.105
600,1850,0,14.988835656118093,3.1083617779866124,0.1
600,1851,0,15.49916215444277,3.604379151334225,0.105
600,1852,0,7.8322748420709765,1.7185261373265703,0.11
600,1853,0,13.150522731647316,1.6442181197269257,0.125
600,1854,0,13.45085900721679,4.354830712633362,0.15
600,1855,0,7.656032906070385,1.6956985358156373,0.9
600,1856,0,25.55010615071733,2.9137995348391676,0.9
600,1857,0,9.149026349856708,2.422285827343007,0.105
600,1858,0,12.301637763073778,3.281539949267742,0.895
600,1859,0,10.995018736181414,2.710650789249325,0.9
600,1860,0,7.600204759250559,6.390620876712205,0.88
600,1861,0,12.446343149279153,6.276522508931137,0.9
600,1862,0,11.687027205793505,2.7705868992201843,0.105
600,1863,0,8.161977795607813,3.5936728241851235,0.105
600,1864,0,6.406182525972897,2.3579022446471143,0.9
600,1865,0,6.836361985070022,1.597340961753435,0.205
600,1866,0,10.606282810450365,3.1547776575028053,0.105
600,1867,0,11.674568217627245,3.023218912785719,0.135
600,1868,0,5.660816805312177,2.239041296955069,0.9
600,1869,0,8.132601238358676,3.0668807911142792,0.185
600,1870,0,8.84521922941262,4.142839585440594,0.895
600,1871,0,10.998757146098002,2.4837296067194536,0.105
600,1872,0,13.360660163557576,6.271231646648978,0.1
600,1873,0,11.336982165536384,2.3235290440364764,0.115
600,1874,0,9.145250846304243,1.5775419946100655,0.11
600,1875,0,7.957893277024889,4.01852164257841,0.87
600,1876,0,11.39772121270793,1.6745303982259152,0.115
600,1877,0,10.938734384357874,2.149798152959548,0.875
600,1878,0,12.6070576959356,2.0836798649466637,0.89
600,1879,0,13.605635083266694,5.379839399262298,0.9
600,1880,0,13.391292600096627,1.5112280898122776,0.875
600,1881,0,9.583886558730464,2.9872794982514606,0.895
600,1882,0,6.6289963293727805,4.475261905099881,0.9
600,1883,0,15.413027629965768,4.8034007149651,0.9
600,1884,0,13.018595690849997,3.9562492105842395,0.89
600,1885,0,5.643845511007622,4.3218143764787165,0.345
600,1886,0,9.706721807894136,4.802892630926259,0.85
600,1887,0,14.76682314639344,4.989454306119434,0.875
600,1888,0,15.395133982108904,2.586344681040398,0.9
600,1889,0,7.2452814120423605,1.5628009186336556,0.885
600,1890,0,12.361162928001187,2.4193672610812733,0.13
600,1891,0,11.059139290922202,2.4141045828496743,0.875
600,1892,0,12.785092516674464,2.701911545574198,0.9
600,1893,0,15.377846917997113,4.034382648332269,0.1
600,1894,0,7.564738308710561,2.619818263130025,0.9
600,1895,0,12.027708028664243,1.7466965645380306,0.12
600,1896,0,10.171124070481534,4.184106743391691,0.9
600,1897,0,11.218711896422485,3.9158074982479363,0.1
600,1898,0,11.970021373727413,2.0609007807738777,0.895
600,1899,0,7.991138131170786,4.155972147029718,0.125
600,1900,0,13.80978180390575,4.504486964030896,0.115
600,1901,0,13.569039775433264,2.402438277572383,0.105
600,1902,0,12.222762720346283,5.238369320407532,0.895
600,1903,0,10.437316095260744,2.2478222401465686,0.865
600,1904,0,9.102361769279652,4.096530208478644,0.1
600,1905,0,12.115245874914821,4.046592617244471,0.1
600,1906,0,11.572470636088534,2.17973045119475,0.1
600,1907,0,11.789610831829187,2.610227811654653,0.11
600,1908,0,7.009599913324825,2.6025772766582023,0.755
600,1909,0,13.43905324397671,2.49303307902613,0.895
600,1910,0,8.15525576732539,4.005391543417414,0.76
600,1911,0,16.85689726862072,2.809269679323556,0.1
600,1912,0,11.012692748334644,3.24768346523463,0.86
600,1913,0,9.095634545391546,4.260543228271629,0.79
600,1914,0,10.226103834437136,2.254273558012887,0.1
600,1915,0,11.659783288212541,3.249789243713419,0.895
600,1916,0,12.965772830892432,2.675531561720579,0.15
600,1917,0,7.512285982831228,1.3654790991078691,0.9
600,1918,0,13.081161202709895,3.3101930678964386,0.13
600,1919,0,10.536636717908758,3.5211477829730775,0.1
600,1920,0,14.137046882424356,1.8481285208695297,0.105
600,1921,0,14.700435119752461,2.954681083475652,0.11
600,1922,0,10.262795096397731,1.8281084866809572,0.895
600,1923,0,13.72332260076024,2.714618013915704,0.9
600,1924,0,6.7266582561746935,3.6297695205426805,0.89
600,1925,0,11.863190283337715,1.96083486343257,0.86
600,1926,0,11.853660215532688,3.0875136987146057,0.89
600,1927,0,12.496026318998673,2.2000921291619235,0.1
600,1928,0,11.576550813430444,3.395662478002315,0.9
600,1929,0,8.62463747169132,4.058310269208398,0.88
600,1930,0,13.44885407000365,4.048294494031968,0.125
600,1931,0,13.055333800366702,1.970930483029143,0.1
600,1932,0,9.876282640786007,2.190160476194958,0.1
600,1933,0,13.884549274720845,4.17411790571629,0.89
600,1934,0,10.25664862029096,3.2993173783933294,0.9
600,1935,0,8.194278916151982,2.8786096071457656,0.13
600,1936,0,10.938158534014432,3.4924772488571953,0.1
600,1937,0,8.224730756981009,1.8261155379018845,0.1
600,1938,0,5.692715686957977,3.616482291413714,0.1
600,1939,0,10.671242201843736,3.3229436821661906,0.86
600,1940,0,12.428195067128785,2.758295969268243,0.105
600,1941,0,9.946211573607718,3.213550876834148,0.11
600,1942,0,13.808780935753797,6.266615577271306,0.1
600,1943,0,7.558882398773284,3.656310898194093,0.1
600,1944,0,10.091622846580773,1.9436815148702102,0.815
600,1945,0,10.137312312950872,3.921630832766798,0.83
600,1946,0,21.968573495753557,4.0194502799254295,0.9
600,1947,0,11.142445661923919,4.84532832733322,0.145
600,1948,0,10.134553931711906,4.383958181576286,0.1
600,1949,0,11.947929078775523,2.1138779117711337,0.9
600,1950,0,10.9038089151386,4.026939603540036,0.1
600,1951,0,10.678590431037485,2.614255671086241,0.105
600,1952,0,16.193966849884507,2.8912079225827725,0.88
600,1953,0,12.449506025830093,2.0093013809175275,0.895
600,1954,0,10.230267682646643,2.401126506904294,0.1
600,1955,0,11.617426237474044,2.5930018459650483,0.1
600,1956,0,12.04738179896359,2.3021260674068067,0.1
600,1957,0,10.095584411309066,5.09749345533308,0.125
600,1958,0,12.930580527573447,2.7167962964889547,0.89
600,1959,0,10.371528197988463,2.0455932013378586,0.9
600,1960,0,20.519259025314454,1.6932999528724402,0.1
600,1961,0,15.609544579807586,2.806779826513228,0.9
600,1962,0,9.26262901432775,2.4840956210052667,0.9
600,1963,0,7.8940920696444286,4.005174147599,0.105
600,1964,0,9.478268461484035,5.313220013006248,0.115
600,1965,0,9.453509124195463,2.0583934221560796,0.895
600,1966,0,12.228390587615499,4.020366196309766,0.11
600,1967,0,7.3418984139284404,4.320202416755148,0.125
600,1968,0,6.677777880883645,2.4515808936445893,0.1
600,1969,0,12.099159560374632,2.6580900156219833,0.87
600,1970,0,12.57090879496146,1.840999885768646,0.1
600,1971,0,18.380064422797922,2.560604786566678,0.9
600,1972,0,12.420641065352314,2.6310347462078276,0.9
600,1973,0,19.18161998676617,2.159671190940049,0.1
600,1974,0,9.464828362503358,2.4815746254089888,0.895
600,1975,0,10.84383432668555,2.230859453334322,0.89
600,1976,0,8.609713712075466,6.080923627110391,0.11
600,1977,0,12.404432081486394,2.611228122447251,0.9
600,1978,0,7.642790549695859,3.872559613896609,0.13
600,1979,0,13.931876086923294,3.7276560651145374,0.115
600,1980,0,9.731957697246047,2.3650662649830068,0.85
600,1981,0,10.343233813595692,6.9533876086828705,0.885
600,1982,0,11.37381888785801,2.269506269874899,0.9
600,1983,0,8.028315240867087,2.0223093567254935,0.1
600,1984,0,12.85679055398992,3.6022609237592818,0.9
600,1985,0,7.742855738835513,1.3751741446148102,0.1
600,1986,0,9.06918026158424,3.6020213162483827,0.9
600,1987,0,9.74849336579741,3.4752144202665924,0.1
600,1988,0,11.081865839253501,3.5073673247830506,0.135
600,1989,0,13.28807500060527,2.2938603656941225,0.83
600,1990,0,7.611824830908733,4.124115968633468,0.78
600,1991,0,10.411876329708997,1.5290069443278043,0.82
600,1992,0,11.741253317750541,2.7087299810552246,0.13
600,1993,0,9.643781610705064,2.2008401250807275,0.105
600,1994,0,6.882972972255006,2.3754528478405312,0.9
600,1995,0,14.506406853875406,2.291052351381584,0.115
600,1996,0,9.910456495536762,3.415637474698485,0.87
600,1997,0,9.018379449325407,3.2830139298136274,0.1
600,1998,0,11.606534559314431,3.1885549797899593,0.1
600,1999,0,9.328975874554246,2.8842619775473644,0.885
2400,0,0,11.912947575460732,6.858801489395816,0.11
2400,1,0,6.127432617873419,1.2891448241628467,0.895
2400,2,0,10.436884944903957,3.1457206767417034,0.11
2400,3,0,12.761821030404278,1.5837903343090431,0.11
2400,4,0,12.66803800433944,4.140353696886123,0.125
2400,5,0,7.712996515577396,1.5534991992698366,0.86
2400,6,0,9.145898196012263,3.7128909662605736,0.145
2400,7,0,9.902815062838279,2.7984621867187087,0.845
2400,8,0,15.42087969356148,4.224945154001958,0.105
2400,9,0,13.74098708763786,2.0532364568239814,0.895
2400,10,0,18.6609319648847,3.3619543176662603,0.89
2400,11,0,7.501227168995789,1.5673693881211648,0.87
2400,12,0,11.114022822343763,3.2520512479855768,0.9
2400,13,0,6.571531832592534,2.6015699943116033,0.885
2400,14,0,12.345372594570776,2.2807388725215816,0.9
2400,15,0,13.064092047927705,1.9764586077940294,0.105
2400,16,0,9.94999805865959,3.022480001215655,0.1
2400,17,0,6.772178788266033,3.078073720104868,0.1
2400,18,0,19.51115545236075,2.273569070504422,0.1
2400,19,0,11.113562873326197,1.967903180341679,0.165
2400,20,0,8.799050616723466,1.7103446638795816,0.89
2400,21,0,13.937546598746025,2.2144665389763674,0.13
2400,22,0,8.2504146750372,2.8482283013516962,0.1
2400,23,0,10.514183180698648,3.3842783171387225,0.815
2400,24,0,9.631915626615,3.4523674656362857,0.13
2400,25,0,10.88013951067955,3.270836270458588,0.88
2400,26,0,16.83074938058764,4.51107108625699,0.89
2400,27,0,11.339116092542804,6.689356332413965,0.1
2400,28,0,11.606826643975246,2.302572333939068,0.895
2400,29,0,9.565990699994108,3.4273784428098253,0.885
2400,30,0,12.11592215522741,1.94828791179944,0.17
2400,31,0,11.811659743819462,4.738635689470527,0.875
2400,32,0,9.148681738556833,2.9265067260986655,0.11
2400,33,0,12.206663024931744,3.398460250144808,0.89
2400,34,0,8.322606920464608,1.663553032248899,0.9
2400,35,0,9.17775624811302,1.7586215848204745,0.9
2400,36,0,9.893326107842421,2.8542017157271005,0.11
2400,37,0,9.548590025659358,5.036106517781747,0.79
2400,38,0,6.99746473707172,3.314622800010625,0.115
2400,39,0,12.606963547927897,3.390528384396063,0.895
2400,40,0,14.177925106855206,3.51054314904502,0.895
2400,41,0,5.534506211167668,2.319496802271459,0.1
2400,42,0,10.29287353346642,2.412716395830472,0.13
2400,43,0,13.491274495152583,6.205829784991934,0.1
2400,44,0,8.07021892372582,3.6553757746496274,0.1
2400,45,0,6.371717052553306,2.2966620757468803,0.89
2400,46,0,11.648867618272797,1.5710298392836108,0.1
2400,47,0,14.289448743935115,3.6151409323256445,0.885
2400,48,0,10.910652764467132,2.8834736148290574,0.1
2400,49,0,9.074293766391607,2.333337302591687,0.89
2400,50,0,8.693127573028256,3.3925190057949806,0.9
2400,51,0,7.0325155462976,3.080446317663288,0.795
2400,52,0,8.1010401821297,1.5778370244809992,0.12
2400,53,0,12.26643309467415,2.920905724349865,0.205
2400,54,0,15.732098896182924,4.08616309487293,0.885
2400,55,0,9.077198109791524,2.0422390140137026,0.9
2400,56,0,5.656180202688716,3.3543976075563364,0.895
2400,57,0,10.653321340887345,4.029095854670217,0.9
2400,58,0,10.28303788028545,3.083548944914938,0.1
2400,59,0,10.187202155972404,6.232418835276121,0.105
2400,60,0,6.978212715522394,3.8993685873034423,0.205
2400,61,0,6.322990348277677,3.9887358838466724,0.13
2400,62,0,7.40999246106071,3.8389902666445153,0.9
2400,63,0,14.052273286638892,2.9398836341524515,0.89
2400,64,0,10.866444462261615,4.200410459043624,0.21
2400,65,0,9.307388239436104,5.146754351832072,0.88
2400,66,0,9.430193799937287,2.304175464671232,0.1
2400,67,0,11.32797172844128,2.411530821808583,0.895
2400,68,0,9.414097996013668,3.0154047615319257,0.1
2400,69,0,6.445201223539208,2.217682299800927,0.1
2400,70,0,14.199689229199766,2.346311583251648,0.895
2400,71,0,12.406501601968609,2.719848873845976,0.11
2400,72,0,10.93433154114159,2.803862552237746,0.1
2400,73,0,8.62322787175754,3.773977626741498,0.27
2400,74,0,9.768418949590806,2.439728806317021,0.105
2400,75,0,8.358678693737831,3.620071002521996,0.105
2400,76,0,12.617827882043953,3.426753246879599,0.125
2400,77,0,13.693712408534502,3.9744098563421204,0.9
2400,78,0,9.51522030909468,4.494389562114165,0.885
2400,79,0,12.41265652337944,2.9306535674543,0.9
2400,80,0,9.504614413490252,2.893912070782534,0.105
2400,81,0,6.555685877704832,2.8688535932015924,0.14
2400,82,0,13.488223297402216,4.404307314779032,0.105
2400,83,0,8.93259075380259,3.3876149356434127,0.835
2400,84,0,15.584526671291314,2.698391347786,0.9
2400,85,0,11.685775868564386,1.8021483822902695,0.89
2400,86,0,13.932352183922353,5.236917277686004,0.11
2400,87,0,8.044373417321586,1.8245861263029184,0.895
2400,88,0,14.778550023393322,3.507345594695721,0.9
2400,89,0,11.236189279909896,1.6456351090482713,0.1
2400,90,0,8.705399892758784,2.298594678667243,0.885
2400,91,0,17.746067034616928,4.01531711111609,0.9
2400,92,0,10.791513827636399,1.5533035585736599,0.875
2400,93,0,11.398462032074827,3.229147318510428,0.885
2400,94,0,10.473212354656846,5.279838520298341,0.1
2400,95,0,6.702153755364222,2.6518863746144206,0.9
2400,96,0,15.09589183403719,2.0229157341852044,0.9
2400,97,0,12.608187306166325,2.1638598130017783,0.895
2400,98,0,7.459748666283233,2.8439183580694305,0.1
2400,99,0,14.201234639615759,2.7874199966316127,0.205
2400,100,0,7.61080259851866,3.3865764445444313,0.9
2400,101,0,13.680856294691996,1.998528257203347,0.885
2400,102,0,11.360419919438344,4.386630432719585,0.1
2400,103,0,8.188135459965725,4.138602547174486,0.12
2400,104,0,7.797334724583571,2.151282456793524,0.125
2400,105,0,11.05672007897202,3.777591393124169,0.13
2400,106,0,10.788732013079246,2.397896768189156,0.14
2400,107,0,11.624423959552914,2.114258089486043,0.14
2400,108,0,7.639261964993262,3.1853881278010476,0.84
2400,109,0,11.611649226084479,2.32918849644399,0.105
2400,110,0,13.79857954158471,2.4097005263509885,0.1
2400,111,0,8.810442613618482,2.7482325938304797,0.105
2400,112,0,7.3338353135015675,2.488892474157822,0.1
2400,113,0,10.972160570231813,1.694520728021942,0.895
2400,114,0,16.221760911791208,2.610254073880114,0.9
2400,115,0,12.180063610130686,3.1535918856818057,0.16
2400,116,0,12.589091673686836,2.09775285743774,0.895
2400,117,0,10.94191668852858,1.9392578599497057,0.1
2400,118,0,12.364870738684475,3.108204876076215,0.895
2400,119,0,22.42338672202134,4.264292313396112,0.9
2400,120,0,8.719032062763722,2.051766055561899,0.895
2400,121,0,10.048108911449717,1.8747323287222173,0.895
2400,122,0,13.552947184006001,2.6987288574318313,0.9
2400,123,0,11.738758130769684,2.49649630606541,0.1
2400,124,0,6.336847940353926,3.0610643100132506,0.125
2400,125,0,8.937613681394046,2.8096798542442514,0.875
2400,126,0,10.157457426275672,3.41540177255375,0.88
2400,127,0,10.453669713732765,4.316609202685129,0.9
2400,128,0,8.04261114680685,2.6045675020704095,0.1
2400,129,0,11.746257179260342,0.9819216752823934,0.1
2400,130,0,8.577798253112343,2.055014108752573,0.84
2400,131,0,8.719693488473014,2.815163656373443,0.1
2400,132,0,11.531783878627655,2.5218548596285473,0.105
2400,133,0,8.840905836003067,5.856521895957911,0.165
2400,134,0,13.680649449105099,2.2395242898010537,0.13
2400,135,0,11.468633918464912,2.723573729941009,0.1
2400,136,0,10.17512343482869,2.3872237037494415,0.165
2400,137,0,17.299010592419002,3.6294160875851134,0.9
2400,138,0,6.586115034887747,1.9387111134243185,0.105
2400,139,0,8.294035565306359,3.4856865211786214,0.9
2400,140,0,18.78117370016835,5.166783536078157,0.1
2400,141,0,10.90006227655162,2.49192346286371,0.11
2400,142,0,9.593916306526785,3.61173871620295,0.13
2400,143,0,10.91081410712805,3.198875278041413,0.105
2400,144,0,4.515267070833509,6.266214758710831,0.375
2400,145,0,9.477381535375404,1.8415486446613727,0.81
2400,146,0,10.902083860609295,2.3825227334803856,0.9
2400,147,0,14.494004525338973,2.0519357714757547,0.9
2400,148,0,8.791949518846709,4.133052035850326,0.1
2400,149,0,12.20307493883283,4.527074082302107,0.1
2400,150,0,7.033634747345747,3.619286095119989,0.87
2400,151,0,11.413607066264847,3.87140658716838,0.85
2400,152,0,7.505406701794328,3.19114768162585,0.9
2400,153,0,7.527814247537126,1.8997286750696674,0.845
2400,154,0,11.363730675441774,2.2646843280181628,0.1
2400,155,0,15.248727159622131,4.253793474209289,0.105
2400,156,0,10.02393058701934,2.053670340275815,0.895
2400,157,0,6.911079426399809,2.2643396534316906,0.9
2400,158,0,12.432852207867727,2.673209450038172,0.12
2400,159,0,10.047329235904925,3.279206380767974,0.17
2400,160,0,10.53161743084086,3.0820597451562293,0.9
2400,161,0,7.035637914012298,5.027211059223191,0.9
2400,162,0,6.028049922591763,3.568943291321247,0.88
2400,163,0,8.628083691718125,3.0716235707377137,0.9
2400,164,0,7.656557809624104,4.653375891414768,0.88
2400,165,0,9.786045725300667,3.0503563385117616,0.9
2400,166,0,11.51172111928182,3.050188459829073,0.865
2400,167,0,17.362197422789833,3.9981324687445863,0.145
2400,168,0,8.334688729976188,4.11002500774309,0.175
2400,169,0,13.95344331387464,5.797981478093206,0.115
2400,170,0,13.021688778005045,2.655897699749943,0.1
2400,171,0,10.39822182551999,2.3407738834372083,0.78
2400,172,0,6.71470127455397,3.008552910393192,0.895
2400,173,0,11.673757653797916,2.932241432900895,0.1
2400,174,0,9.705351211553712,2.106081511759683,0.125
2400,175,0,11.337139296503498,3.805401884388715,0.145
2400,176,0,12.609845803253705,2.6170127456111913,0.9
2400,177,0,10.200568944588591,1.8408189870235958,0.885
2400,178,0,13.358267541489505,2.289643451807777,0.1
2400,179,0,11.315272290719204,3.4108414032758105,0.13
2400,180,0,20.07685766570615,3.8485616261265676,0.105
2400,181,0,7.258150345391564,2.294721122125054,0.1
2400,182,0,9.433268690304027,1.7454295378232842,0.105
2400,183,0,13.084089220356251,1.248271667627776,0.105
2400,184,0,11.580786866790163,1.3745747863403324,0.855
2400,185,0,10.801802667456105,2.400006793959264,0.885
2400,186,0,15.138950190727767,1.5623849217178076,0.88
2400,187,0,8.609855392428521,1.255229039982808,0.885
2400,188,0,12.029157789286215,6.781284902652729,0.885
2400,189,0,10.83809578565906,2.286793298971901,0.15
2400,190,0,11.091693587110784,2.5916073119109484,0.1
2400,191,0,15.295411078764976,7.032884502088876,0.14
2400,192,0,15.63819214606736,2.5252963853862553,0.115
2400,193,0,10.61562293015189,2.9682249922629467,0.135
2400,194,0,18.501984381563084,2.0807700994357248,0.9
2400,195,0,10.07944935835205,2.3516980111025987,0.9
2400,196,0,10.072380807254635,7.959064303170038,0.105
2400,197,0,9.497815819657367,6.867842340815855,0.15
2400,198,0,11.681387097967917,3.5625153147393007,0.87
2400,199,0,5.192706282415565,3.008626169891926,0.89
2400,200,0,8.949456467455065,3.0342438651349113,0.89
2400,201,0,17.09110312259988,2.06993193030236,0.1
2400,202,0,10.509291195774608,3.086424034389168,0.105
2400,203,0,8.911297599295871,4.419796789802177,0.9
2400,204,0,8.99892672275246,5.128095515991404,0.135
2400,205,0,8.73916586097572,2.9441881119463886,0.11
2400,206,0,6.523395407906705,4.485350861082793,0.9
2400,207,0,7.845391057832157,3.317506918546087,0.105
2400,208,0,12.287882873499269,2.35426355925199,0.11
2400,209,0,8.654501472891633,2.74686729879825,0.1
2400,210,0,14.727894011207256,2.524615399068253,0.115
2400,211,0,10.30461966940983,5.058208938867637,0.845
2400,212,0,10.726984873535494,1.89276874369817,0.875
2400,213,0,14.681468549387944,3.184354765868491,0.9
2400,214,0,12.697887887274712,3.7396255849138527,0.1
2400,215,0,5.178135776563566,2.4135461631924926,0.84
2400,216,0,11.338017190866543,4.651370605635208,0.165
2400,217,0,5.840761653853477,2.7452994007767018,0.9
2400,218,0,14.872743355007856,3.8530101577272546,0.9
2400,219,0,11.75143011444167,2.6830427628837583,0.1
2400,220,0,10.413719464665713,4.327029331474819,0.125
2400,221,0,9.39186467627863,2.8173219052533227,0.9
2400,222,0,10.806085629810731,1.7536212894299297,0.9
2400,223,0,13.234156427534167,3.8282923689802573,0.11
2400,224,0,9.223371075492114,2.8906672328588456,0.89
2400,225,0,7.81668161551643,6.686346021298917,0.17
2400,226,0,10.672069696829958,2.416734664283382,0.9
2400,227,0,7.765859381627571,2.4004013534430158,0.9
2400,228,0,8.80175697958134,3.3188937559792464,0.87
2400,229,0,16.34302110598444,3.2330257766272297,0.105
2400,230,0,18.316485931145014,3.201131042627736,0.1
2400,231,0,11.202643114893453,2.857831376094566,0.12
2400,232,0,7.161657801228186,2.40001735148212,0.115
2400,233,0,11.542994368765749,2.1192524821817216,0.105
2400,234,0,11.75216695818777,3.9275490966332427,0.88
2400,235,0,7.855985327221581,3.5635645233259794,0.845
2400,236,0,10.029546106292901,2.4119956973898127,0.105
2400,237,0,12.775626115319369,2.0001354558218054,0.105
2400,238,0,9.08040316600867,3.3638417841235224,0.885
2400,239,0,11.842085515531977,2.3068113738432316,0.9
2400,240,0,10.430017052113387,2.042441983517307,0.1
2400,241,0,12.17956845844752,2.1990075914729346,0.105
2400,242,0,8.785132280697873,1.9798386277805946,0.105
2400,243,0,6.343471660264513,5.155458400964719,0.1
2400,244,0,15.070120581602389,2.5390770758107806,0.9
2400,245,0,17.871235438500506,3.4987789185688456,0.9
2400,246,0,10.399837645938455,2.802472098736075,0.865
2400,247,0,17.490444733321667,3.241142272401376,0.11
2400,248,0,8.527142617078454,2.8548023192662697,0.9
2400,249,0,8.789460639402087,2.0241362370136073,0.9
2400,250,0,14.519780957762691,4.6040155891436285,0.9
2400,251,0,4.835162125802804,1.6682497958200315,0.1
2400,252,0,10.496648457087408,2.0077814546286987,0.895
2400,253,0,15.606782576766351,4.091703328288432,0.1
2400,254,0,14.439350057513401,1.8595581499042169,0.88
2400,255,0,8.948722155453945,2.5523356860333024,0.1
2400,256,0,7.970469219794961,3.9713582552785454,0.125
2400,257,0,12.526620786360628,4.435647556353217,0.12
2400,258,0,10.983831010599625,5.259009320912256,0.1
2400,259,0,10.561609542395768,2.3802126948293534,0.885
2400,260,0,7.541933666272914,2.4899245749701038,0.13
2400,261,0,9.907897269331212,0.9387711003473242,0.89
2400,262,0,14.344599370792645,4.392011953778763,0.1
2400,263,0,8.316171476950522,2.5591912707060516,0.9
2400,264,0,10.94585581873272,2.8222018980546437,0.895
2400,265,0,12.133971392039292,5.298561104419264,0.895
2400,266,0,7.142414846973324,3.5875205710730995,0.895
2400,267,0,12.023351458423832,1.4987310851971358,0.9
2400,268,0,12.211140918999492,5.32764973835711,0.1
2400,269,0,14.863962314104015,4.6654927311927,0.88
2400,270,0,12.293809790584868,2.4697888972752935,0.1
2400,271,0,11.169215439718814,4.352768734113965,0.12
2400,272,0,7.525634074843184,2.6275638090208275,0.88
2400,273,0,11.303378960116355,3.522436971275056,0.9
2400,274,0,6.357948788432158,2.354589169406296,0.14
2400,275,0,13.517142389090056,4.395768112982168,0.89
2400,276,0,8.373899467955962,2.1704753137484545,0.125
2400,277,0,12.130418707987515,4.744818191760913,0.89
2400,278,0,9.802581834718218,1.6931984255005972,0.11
2400,279,0,11.825126129121841,4.129994687524885,0.88
2400,280,0,11.699352428298274,3.006006874543843,0.13
2400,281,0,11.661842438950087,4.171970758587662,0.115
2400,282,0,9.233655674284783,6.078295786141297,0.115
2400,283,0,13.04355163214268,1.7475876711955607,0.9
2400,284,0,11.386285729975521,2.6300817471273774,0.13
2400,285,0,11.170561789028461,2.8705023452090472,0.105
2400,286,0,14.07685065450435,6.55324603317986,0.11
2400,287,0,8.249501259289099,1.1580856997223776,0.895
2400,288,0,21.269431458741227,2.7081735238642324,0.1
2400,289,0,14.415383502511045,3.944080510320802,0.135
2400,290,0,11.430384963324032,2.183787352868549,0.885
2400,291,0,5.058060352831092,3.814230860946566,0.19
2400,292,0,8.366399151992775,3.331977367801997,0.79
2400,293,0,9.790113607590882,1.7298655760825454,0.9
2400,294,0,10.006493486355303,2.95763094831365,0.9
2400,295,0,14.561536709331406,3.8287143610141072,0.9
2400,296,0,8.157233384584261,3.4117979516608443,0.1
2400,297,0,8.961626455874807,2.9830665972095716,0.9
2400,298,0,10.68153002001662,3.334932615468844,0.105
2400,299,0,11.648767967492855,2.5487997155355657,0.895
2400,300,0,10.75302445739323,4.1303117014557245,0.84
2400,301,0,8.841695665164789,2.7029868314702554,0.87
2400,302,0,10.798789977072476,4.742196987083602,0.1
2400,303,0,8.187672000351045,2.693591478157842,0.1
2400,304,0,11.592797679008129,2.783874511861839,0.9
2400,305,0,10.272360084853284,2.260751084074286,0.1
2400,306,0,12.909135714319143,3.171082476294984,0.125
2400,307,0,12.029946979718467,3.342201587862448,0.875
2400,308,0,9.681841243138543,3.1593018827873465,0.9
2400,309,0,10.868208382166216,5.584678582367175,0.875
2400,310,0,9.514961723219601,2.153257237227635,0.1
2400,311,0,10.797257976083955,2.3414333611555094,0.895
2400,312,0,15.026168903172847,3.0286579083103504,0.1
2400,313,0,7.612345943705307,4.339908237250256,0.84
2400,314,0,12.264246630278235,2.7070360835228513,0.875
2400,315,0,14.893225680212405,3.057412869745235,0.1
2400,316,0,7.99279192605713,4.266881608890927,0.9
2400,317,0,8.370130341762911,1.8340358200642726,0.11
2400,318,0,7.9636725386082,3.087627889711797,0.885
2400,319,0,7.565265122347356,2.304523796862057,0.1
2400,320,0,8.14432126492685,2.4258893320677544,0.865
2400,321,0,10.559660751924257,2.5485749534663427,0.885
2400,322,0,6.838071288467728,2.3532328400246882,0.11
2400,323,0,15.647144977258233,2.733657387196331,0.89
2400,324,0,5.255357487065288,4.190653138991962,0.805
2400,325,0,6.626750844563542,2.1749948046686285,0.875
2400,326,0,10.833759837989321,1.9592186222418206,0.165
2400,327,0,10.670634704352153,2.36391563843803,0.9
2400,328,0,6.590055726750458,3.7037924627483676,0.13
2400,329,0,7.6750818244688634,2.8817241351724476,0.13
2400,330,0,12.460377665597488,2.5856466984222948,0.855
2400,331,0,10.321851422025288,3.440286754723587,0.115
2400,332,0,9.73633814912527,2.7760794469877226,0.875
2400,333,0,6.264884636986523,4.720121676954392,0.865
2400,334,0,15.08125492256184,3.1945472230219707,0.155
2400,335,0,10.059040907786711,2.376066114513975,0.1
2400,336,0,9.177174032030956,4.000999515696435,0.1
2400,337,0,11.4536520685257,2.1576593623017004,0.88
2400,338,0,11.04647251592745,2.11174624285988,0.1
2400,339,0,9.359964038920298,3.5504574757474927,0.895
2400,340,0,9.899207787643114,4.516324972719943,0.89
2400,341,0,10.464240153787543,4.81838548786655,0.9
2400,342,0,10.584551789727582,2.906279920587096,0.145
2400,343,0,12.23405283731958,3.913712774394895,0.875
2400,344,0,8.164392457006501,5.65352108741628,0.1
2400,345,0,14.486879281504983,2.4132249999343713,0.9
2400,346,0,11.568131978558327,2.728022479674408,0.9
2400,347,0,9.707080738446372,2.0123163726601945,0.9
2400,348,0,7.357352819439423,4.36782596762626,0.11
2400,349,0,17.620564910117732,3.021519993110644,0.1
2400,350,0,14.739019791205667,4.9178925261632145,0.12
2400,351,0,9.751031308620066,3.178871546376172,0.855
2400,352,0,9.711807955377234,2.35983269764084,0.1
2400,353,0,11.516445870410339,3.294391628671889,0.1
2400,354,0,10.787594671085687,4.053978003703662,0.175
2400,355,0,14.551205786040438,2.467803197465912,0.125
2400,356,0,10.820355458088613,5.273896651961252,0.14
2400,357,0,16.0402935541001,1.5045882055719773,0.105
2400,358,0,12.907238033621198,4.3738894192486555,0.145
2400,359,0,5.56867848780288,2.5526390173336466,0.24
2400,360,0,8.471145269662063,4.416858947843139,0.12
2400,361,0,8.899539870236522,2.800797553725687,0.89
2400,362,0,17.47251397948201,3.689226892947417,0.9
2400,363,0,11.712585992398274,2.561623585136985,0.9
2400,364,0,12.942746441567799,2.9315002595371453,0.135
2400,365,0,11.060542454815808,4.467951051198682,0.86
2400,366,0,10.637851457861878,4.016282952981243,0.9
2400,367,0,4.528291639936939,2.564870233933192,0.86
2400,368,0,20.672099496362375,3.3204234041154024,0.89
2400,369,0,8.785714381459954,2.6638650406777487,0.11
2400,370,0,7.481071036674819,3.849231515090068,0.825
2400,371,0,14.08704393908945,2.0342447572328837,0.1
2400,372,0,12.219164500006933,4.30865761099497,0.84
2400,373,0,10.326956597380851,5.327415250124545,0.1
2400,374,0,14.804233454846598,4.03116338571472,0.1
2400,375,0,13.621673199569317,1.460995037240309,0.1
2400,376,0,5.370192875473596,2.6541127426249034,0.155
2400,377,0,10.901732295115233,4.479904877797125,0.12
2400,378,0,13.543291444072631,3.428809424064383,0.1
2400,379,0,14.027226962890545,6.186425016574759,0.86
2400,380,0,8.000619146916396,3.669076779878111,0.895
2400,381,0,6.792935382271851,2.4305242757222345,0.1
2400,382,0,8.775823638468163,2.8547310190653263,0.1
2400,383,0,6.1363342046463085,3.3961697052859563,0.125
2400,384,0,13.382572269145891,2.4422809234426524,0.1
2400,385,0,6.7936778327309675,2.4752067505176,0.885
2400,386,0,15.28480565085168,4.1049521361440355,0.9
2400,387,0,11.588533881905423,2.471653530782092,0.11
2400,388,0,7.456146381617177,2.108708947313076,0.87
2400,389,0,11.158407110470943,1.5872078357183739,0.115
2400,390,0,13.476944092264802,2.786785868520525,0.89
2400,391,0,9.49669264523559,2.2040703548771745,0.89
2400,392,0,8.689703832113416,4.567053121373377,0.165
2400,393,0,6.641581847336494,2.255560920401578,0.87
2400,394,0,14.447186986512436,4.045451750987539,0.1
2400,395,0,9.813301852777577,3.4197676436786395,0.885
2400,396,0,6.367673939873093,2.857709184394608,0.9
2400,397,0,13.10137095693584,3.7098016680651824,0.11
2400,398,0,7.022680030085124,2.715969617444003,0.13
2400,399,0,8.061850257320657,4.529192048227415,0.72
2400,400,0,8.640407146133457,2.454865000537154,0.1
2400,401,0,13.315787234430623,5.098206006078954,0.9
2400,402,0,16.133127231410782,4.677043959166838,0.9
2400,403,0,9.731986735889503,2.4792903748789286,0.125
2400,404,0,10.941491216293585,2.878617009167428,0.88
2400,405,0,8.476372034917006,4.6764538862952065,0.9
2400,406,0,8.346219558519886,3.2708661226529046,0.175
2400,407,0,9.408696152780465,1.6008012989161102,0.9
2400,408,0,11.049170437810467,3.8717956775144557,0.9
2400,409,0,13.130013835961142,2.016033559759123,0.125
2400,410,0,10.28802359998334,2.499267628106594,0.9
2400,411,0,14.1528358970837,2.279150576879374,0.1
2400,412,0,10.231696108803128,2.0383090459453967,0.89
2400,413,0,7.71323026041583,2.86275904986546,0.145
2400,414,0,9.786012037777176,2.5796503690649786,0.9
2400,415,0,11.00664922833247,2.2647129890000173,0.855
2400,416,0,11.468418403821275,1.9803933434214827,0.125
2400,417,0,7.040942710682394,4.047078296057904,0.9
2400,418,0,12.962777629288908,3.7305262831388575,0.87
2400,419,0,14.909911092317119,2.3527078847635607,0.89
2400,420,0,18.198234807284305,4.992545701725604,0.105
2400,421,0,16.51904798735288,2.8844241907638235,0.1
2400,422,0,13.904160394977259,2.584050034102603,0.14
2400,423,0,15.75099321112127,4.957239728716445,0.12
2400,424,0,8.744823402718179,4.073811551203477,0.87
2400,425,0,11.875284272738687,2.502938973914226,0.125
2400,426,0,10.95053544893747,2.8215015539593935,0.88
2400,427,0,10.2117380276027,3.7533385240010375,0.9
2400,428,0,10.341445012970672,3.0264070459445236,0.795
2400,429,0,9.676906661479817,2.3374111592996627,0.11
2400,430,0,10.720360724739244,4.180110777593171,0.9
2400,431,0,15.661838331139872,2.1096745152650698,0.88
2400,432,0,10.333150369400734,3.339326373564333,0.885
2400,433,0,9.32602773657276,3.3534556778807456,0.86
2400,434,0,5.914470402563339,2.728557914262808,0.87
2400,435,0,14.006025245713074,2.6940121085790025,0.105
2400,436,0,7.8327254423042785,4.406100608729702,0.175
2400,437,0,14.283633408253785,5.648374639895337,0.86
2400,438,0,11.329859577352934,3.1625407161051555,0.9
2400,439,0,7.52996074818853,2.486173567128702,0.1
2400,440,0,16.63583905264579,3.8382042716857967,0.13
2400,441,0,9.207772893615633,2.341369638479307,0.9
2400,442,0,10.403545750848258,3.5017507014195814,0.885
2400,443,0,9.699844625913235,2.220772645181057,0.12
2400,444,0,12.452246807295271,1.5200818047958364,0.875
2400,445,0,9.131101397417796,3.0213926333559016,0.885
2400,446,0,8.62903897441875,3.637619685248694,0.14
2400,447,0,8.173129790630249,5.42111878356053,0.16
2400,448,0,9.964517377792498,4.058082087154347,0.1
2400,449,0,8.672860707217682,3.3600454054496964,0.895
2400,450,0,9.316242218445261,2.675273763029651,0.9
2400,451,0,13.5661932771416,3.805474870788572,0.82
2400,452,0,14.049382394992124,7.973126137864028,0.16
2400,453,0,12.029607611030038,6.173853000178298,0.9
2400,454,0,8.417616776863248,2.720801952044738,0.9
2400,455,0,17.803034169523972,4.223595941255098,0.895
2400,456,0,13.446006275726193,2.1901144602217926,0.105
2400,457,0,12.766419404140102,2.213076059020125,0.89
2400,458,0,5.335796083407186,6.576597064195866,0.66
2400,459,0,10.343540504043498,4.047696777648113,0.1
2400,460,0,13.17041078650708,1.4992015051614516,0.105
2400,461,0,9.45051822088864,2.664451311655114,0.9
2400,462,0,6.996167937646839,1.6812003611878623,0.105
2400,463,0,12.092153707927586,3.9354405055451736,0.9
2400,464,0,10.089055569298788,2.954994831433666,0.125
2400,465,0,8.801593532260899,3.4772225769994947,0.12
2400,466,0,7.967131459052119,2.182201527650207,0.9
2400,467,0,12.686046422369996,1.5477183517752735,0.855
2400,468,0,9.185508066143399,3.4580272551949065,0.855
2400,469,0,8.55631577503347,4.504049394619258,0.165
2400,470,0,18.87282547733977,4.058079136522608,0.12
2400,471,0,9.545348163635623,3.305929822625231,0.9
2400,472,0,11.349830377456804,2.739301182836229,0.9
2400,473,0,7.709662922359151,3.316365147411915,0.9
2400,474,0,9.290856376533869,3.0113884823784076,0.865
2400,475,0,8.491316281070832,1.9367480314095076,0.825
2400,476,0,21.973642933961738,3.459733150406663,0.1
2400,477,0,10.552171949034594,4.369590805818646,0.9
2400,478,0,7.9112730991386115,3.50106878782519,0.9
2400,479,0,11.971072710427045,3.06560685291295,0.11
2400,480,0,6.162173986666645,5.767839716808965,0.875
2400,481,0,8.379074971054981,3.4339878349261,0.11
2400,482,0,8.087837966359006,3.8352233155467985,0.1
2400,483,0,9.835801907285461,3.3618229998520377,0.115
2400,484,0,13.028921548836259,4.294768999593757,0.9
2400,485,0,11.227939666596782,2.9974237384784885,0.9
2400,486,0,7.309893558079296,2.047737052591714,0.105
2400,487,0,13.551818367137225,3.2597754441940907,0.1
2400,488,0,14.958948727637562,3.641497149592965,0.2
2400,489,0,8.560815897585943,2.0640089580862053,0.23
2400,490,0,11.162004028617186,2.5277948489364377,0.135
2400,491,0,7.71836284984544,2.8461510237633547,0.115
2400,492,0,11.089647732519213,3.7924298244472965,0.12
2400,493,0,11.067548380523975,2.960998421146499,0.89
2400,494,0,15.371879404847244,4.081871714086205,0.1
2400,495,0,10.2047381552225,4.660138233382227,0.89
2400,496,0,7.487759589353668,4.9624551089124225,0.895
2400,497,0,9.543935656152165,2.559700971001888,0.135
2400,498,0,20.53113852778282,3.7674349513320493,0.1
2400,499,0,12.942562291645334,1.7574770778566062,0.135
2400,500,0,9.009763732138119,2.851334445510645,0.9
2400,501,0,9.582633284621007,2.0880305438254254,0.105
2400,502,0,10.0870365852823,1.9283059195124963,0.1
2400,503,0,14.66644186943771,2.364224458032993,0.13
2400,504,0,9.58481196763918,3.609763492270801,0.84
2400,505,0,10.471315811050525,1.6980546880894565,0.1
2400,506,0,10.608766116827109,2.516640536218162,0.895
2400,507,0,14.373595094742841,2.6561829072960563,0.1
2400,508,0,15.241012775730212,2.9434170542625537,0.175
2400,509,0,11.778413310775306,2.6939031396395308,0.9
2400,510,0,8.371787871935616,2.6562231582921925,0.9
2400,511,0,6.971910305566556,2.3223341251473073,0.125
2400,512,0,10.775816964461526,1.8902164277939448,0.9
2400,513,0,8.593210237847897,3.224534385677913,0.865
2400,514,0,10.208274811015912,5.617645425795104,0.9
2400,515,0,10.034707559940172,2.1252337690725653,0.11
2400,516,0,7.758080290094719,2.3272038840453035,0.1
2400,517,0,13.784950098191276,3.15037102118616,0.895
2400,518,0,25.016101082444123,5.66080141847749,0.17
2400,519,0,13.07855867306112,3.5472962920177764,0.105
2400,520,0,7.16545766137309,3.402954565510541,0.11
2400,521,0,9.84968091906382,4.859626507412074,0.865
2400,522,0,12.926776696209537,2.6855291708848483,0.9
2400,523,0,10.142640327728857,3.7779162118560805,0.1
2400,524,0,13.112058513794825,1.588621708214788,0.105
2400,525,0,10.598596373683051,3.465349740417878,0.105
2400,526,0,8.41273630145229,2.1610490475840294,0.865
2400,527,0,7.916966318191399,3.3577453767350107,0.885
2400,528,0,7.8300168122716345,3.6383360006354337,0.795
2400,529,0,12.964143693693531,2.4007603361127394,0.105
2400,530,0,12.805996237682786,3.6497395619360162,0.1
2400,531,0,10.880341429651033,1.7000163892813447,0.105
2400,532,0,12.192629003442548,1.952568025593493,0.9
2400,533,0,13.224715245922516,1.898429370924859,0.105
2400,534,0,16.603524956312476,2.805569868909785,0.9
2400,535,0,12.687788368804213,2.997142677375564,0.105
2400,536,0,11.37163707804144,4.330500896581668,0.105
2400,537,0,10.160907201192202,2.894224044812077,0.895
2400,538,0,11.713579411785604,4.892589832892469,0.895
2400,539,0,7.398916981505396,2.950308438204985,0.195
2400,540,0,13.408857823986803,2.951642288097389,0.865
2400,541,0,11.927983674325287,3.8528297454693217,0.89
2400,542,0,7.939106351062891,2.7761436298334274,0.895
2400,543,0,7.1935688240719236,2.5470792096676576,0.865
2400,544,0,11.867568759340987,2.1130086184932395,0.85
2400,545,0,9.120043378034975,2.045139606412505,0.135
2400,546,0,9.82747999159706,6.540215269453142,0.1
2400,547,0,7.084889328904869,4.458848934751458,0.105
2400,548,0,11.048835374844261,3.377957669515297,0.135
2400,549,0,11.210027854489015,3.779005418633119,0.1
2400,550,0,10.29164891466182,6.580197956117573,0.13
2400,551,0,8.731104710250902,3.149578441869849,0.86
2400,552,0,15.757632313871216,3.67354960545363,0.835
2400,553,0,8.226765477792348,2.6815256984225044,0.865
2400,554,0,9.644578282880236,2.8397517877550627,0.895
2400,555,0,9.360684925794452,1.3419691315743165,0.885
2400,556,0,12.452719309774665,3.6833567570372594,0.9
2400,557,0,15.379468379957972,2.5658909143555064,0.1
2400,558,0,14.871279314402308,2.848192868519561,0.9
2400,559,0,11.922950912044834,3.091768055159605,0.105
2400,560,0,13.462266513363996,2.791648141497305,0.14
2400,561,0,12.47566134198795,2.9996177503296195,0.88
2400,562,0,6.982056432497258,1.1158942919372805,0.12
2400,563,0,11.242971285205924,3.137435559058588,0.115
2400,564,0,7.390190649848719,4.664183170848801,0.86
2400,565,0,8.222880372468675,5.255522911511079,0.1
2400,566,0,10.413666567721268,3.1343851296689706,0.15
2400,567,0,10.44522179777549,2.5996112552792994,0.115
2400,568,0,10.7947172976625,2.1789392216984282,0.895
2400,569,0,8.903984494173029,3.9506043734984786,0.205
2400,570,0,15.546461637951777,3.654637751438017,0.105
2400,571,0,13.133189987692726,3.9463427399606843,0.1
2400,572,0,7.021818772537203,3.1195339485499574,0.885
2400,573,0,8.371338506080699,3.301893173844661,0.89
2400,574,0,9.05368918483024,1.89378016287165,0.9
2400,575,0,14.834269005990441,2.9045008169152453,0.13
2400,576,0,10.565180209214342,4.030195856355689,0.1
2400,577,0,15.737508289461141,2.2325603328102517,0.1
2400,578,0,9.127831413362559,3.5293288992676253,0.1
2400,579,0,7.657589953439853,3.168547766884089,0.89
2400,580,0,10.450578825023308,2.03922365209408,0.1
2400,581,0,8.34100097194339,2.401913719564419,0.73
2400,582,0,8.844736236233006,2.9421584617555396,0.1
2400,583,0,11.349728995790224,2.904289793099224,0.1
2400,584,0,6.709782821621354,2.331225835910189,0.1
2400,585,0,10.212431859155249,3.4600962438457117,0.81
2400,586,0,10.649318005556053,3.7456615743415966,0.105
2400,587,0,8.8288441396047,3.132060807174497,0.865
2400,588,0,10.58468217889349,5.274688169209796,0.1
2400,589,0,11.11571599907704,2.176716279084445,0.105
2400,590,0,17.729168684544284,1.722342278990041,0.105
2400,591,0,10.327135914787725,2.9745177004276258,0.88
2400,592,0,8.406033920859956,3.5599452478280114,0.895
2400,593,0,9.599483789550337,2.97826963293204,0.84
2400,594,0,7.964440387345846,2.5746853918750645,0.9
2400,595,0,8.230602808231811,3.813915335862106,0.895
2400,596,0,15.027232624692674,5.623579502374554,0.1
2400,597,0,5.7470744874629185,2.1056425435986625,0.1
2400,598,0,10.505583726277683,3.620899202039496,0.885
2400,599,0,9.414879993941138,2.2493847197626593,0.14
2400,600,0,13.468967793603674,2.801912533127293,0.89
2400,601,0,8.829191521435227,3.0222729382003877,0.175
2400,602,0,10.570104725786337,1.8648483509920766,0.115
2400,603,0,10.877217008954682,2.8512866995274777,0.1
2400,604,0,8.5155459541389,2.558578237882614,0.105
2400,605,0,12.14594569386261,3.1605835243567526,0.1
2400,606,0,15.268673177400807,3.4242825916013686,0.9
2400,607,0,15.734981398784003,1.3711802251812344,0.115
2400,608,0,11.843868999338376,3.2730344308824044,0.9
2400,609,0,10.924320556624899,4.061487999102553,0.185
2400,610,0,9.867499742226935,2.4061484105985187,0.1
2400,611,0,9.022120131397667,3.349828345681871,0.11
2400,612,0,11.352711694330537,2.4980445109939353,0.9
2400,613,0,10.892776729074074,1.6892526650121198,0.1
2400,614,0,10.311192147628534,2.771179937352386,0.1
2400,615,0,8.48689734357359,3.0808924833756635,0.155
2400,616,0,16.030525183803185,3.0022132069280616,0.13
2400,617,0,12.755706640567212,2.2122060380411313,0.875
2400,618,0,7.328776014716213,4.101283323726435,0.1
2400,619,0,7.0644573379438995,3.318580957794026,0.855
2400,620,0,10.89006628250498,3.294238098794011,0.195
2400,621,0,9.584038527525609,3.7903983587540324,0.1
2400,622,0,11.936503451309939,3.2021175784514355,0.9
2400,623,0,5.110845194632777,3.4737259215788185,0.895
2400,624,0,11.486875687863385,3.669686854844656,0.89
2400,625,0,7.083883810595708,3.2240340470263362,0.9
2400,626,0,7.779444307933688,4.014376877890413,0.1
2400,627,0,14.94517428666221,3.9749253679072893,0.1
2400,628,0,6.463423037848764,4.018962569549345,0.885
2400,629,0,12.258266792387591,3.2993207924285173,0.895
2400,630,0,12.806162413702289,2.9015802934281965,0.9
2400,631,0,7.197543531722097,1.9541626733204254,0.9
2400,632,0,8.300394573336263,2.9566415576109506,0.12
2400,633,0,8.919717062028953,3.0693240165255986,0.1
2400,634,0,10.178614603530777,2.0159248005441555,0.11
2400,635,0,8.14606701202944,1.63398256646623,0.145
2400,636,0,16.267610828784676,4.116328854459184,0.89
2400,637,0,7.865193989684229,2.1878989278381056,0.2
2400,638,0,11.958794192134619,1.5670267053515374,0.9
2400,639,0,8.602744540161144,2.528840922130371,0.195
2400,640,0,8.750362572504477,2.4718193231059615,0.895
2400,641,0,9.895519886775226,2.736377866713724,0.9
2400,642,0,10.8307852803324,1.4802478989963674,0.105
2400,643,0,12.01535170632044,2.703512411205722,0.105
2400,644,0,9.819901246143134,2.4078312953900394,0.1
2400,645,0,9.853230677660878,3.6118836779117203,0.885
2400,646,0,6.474869654974635,1.5759788195406799,0.105
2400,647,0,14.591845849377805,2.79933098019427,0.135
2400,648,0,8.56212038044447,3.2615603473090005,0.1
2400,649,0,12.399864546701261,3.630428961193033,0.195
2400,650,0,7.5772891309492,4.796223549472245,0.81
2400,651,0,13.147247787096958,2.854451670721403,0.9
2400,652,0,8.066072200543354,1.902428581565374,0.135
2400,653,0,10.949624694027742,2.182655250295795,0.895
2400,654,0,7.48938569174905,2.3140671117065637,0.135
2400,655,0,9.932809427620898,2.9500195647464977,0.11
2400,656,0,11.911987171288807,2.1494079925904686,0.9
2400,657,0,4.886438262516394,5.619914875866172,0.1
2400,658,0,17.977579618245123,4.065442452351675,0.88
2400,659,0,10.144485828471478,1.9216032748843759,0.83
2400,660,0,13.462768854186054,2.321913157578237,0.105
2400,661,0,8.85560368625454,3.532659979387631,0.105
2400,662,0,11.430238859381033,4.456090936722035,0.135
2400,663,0,10.853561526193879,1.8400065434583723,0.12
2400,664,0,11.233090757781584,4.058773563484408,0.125
2400,665,0,13.778121290222304,3.617482848085629,0.895
2400,666,0,9.476761293691176,2.0392383246463197,0.9
2400,667,0,8.905480101374721,1.9071054235180185,0.9
2400,668,0,7.026338420151518,3.2563737207407684,0.105
2400,669,0,14.097137466276733,2.935452560712548,0.87
2400,670,0,9.753452522341878,3.6671496427988615,0.895
2400,671,0,9.330031888948097,3.9420576132773277,0.895
2400,672,0,8.61492269177407,3.0133310474077746,0.13
2400,673,0,6.227909272453759,3.282698214766455,0.1
2400,674,0,19.38132903529423,2.402603213334231,0.15
2400,675,0,8.686480913481827,2.2289304684566247,0.88
2400,676,0,9.08018433367058,1.8419624478461571,0.9
2400,677,0,10.366670506050966,2.421096422486002,0.9
2400,678,0,9.524840316179564,2.373888802380719,0.9
2400,679,0,12.377017082402801,5.184900851365626,0.2
2400,680,0,9.087190615682026,2.121244669353217,0.895
2400,681,0,9.60951452477083,2.544969716640466,0.9
2400,682,0,15.272252764045477,2.6217301814227767,0.125
2400,683,0,9.81129707964545,3.390604576668821,0.1
2400,684,0,11.009175493020946,3.904708206222196,0.12
2400,685,0,9.336535193154207,4.351939657142623,0.1
2400,686,0,9.33036711994291,3.0058917790107387,0.89
2400,687,0,11.350464566954523,4.439266199786118,0.1
2400,688,0,8.80839879308182,2.874154434254095,0.885
2400,689,0,12.79039965424504,2.6253130952774484,0.87
2400,690,0,11.429697348216907,3.3765972364040664,0.1
2400,691,0,7.077612055754917,2.7912372040276523,0.14
2400,692,0,13.375804975059884,3.159457423304346,0.89
2400,693,0,7.570464090758656,2.1415920408635714,0.1
2400,694,0,10.172140610966522,4.194878710529437,0.9
2400,695,0,11.162721849504353,4.016672149547418,0.12
2400,696,0,10.735518111171283,2.730897801168908,0.11
2400,697,0,14.557031472979105,2.264553975442496,0.9
2400,698,0,12.60852889873675,2.154566811231007,0.9
2400,699,0,15.071251914188668,2.6499478090972417,0.895
2400,700,0,13.102805545353286,2.83759158254675,0.1
2400,701,0,9.382555012136962,2.6483443666656115,0.9
2400,702,0,10.535583112701149,3.1260469286827686,0.105
2400,703,0,13.274410322366371,3.111066979827015,0.885
2400,704,0,8.999136631236127,5.068281563266197,0.9
2400,705,0,8.414338013082844,3.8250506067136314,0.105
2400,706,0,9.618064139150789,4.135034441337027,0.845
2400,707,0,11.45036456131476,3.8854126208526907,0.895
2400,708,0,16.7441381301304,3.978308052610302,0.1
2400,709,0,9.258430539005149,2.217111850981013,0.1
2400,710,0,9.987356647810763,1.7277120030986026,0.9
2400,711,0,13.598418282522895,2.663277933787711,0.1
2400,712,0,16.670135959738527,3.6853579882137666,0.1
2400,713,0,9.50679042160026,5.0632708882467625,0.1
2400,714,0,16.243554459051474,4.401065830966999,0.875
2400,715,0,6.288867053852663,2.0907796553100155,0.1
2400,716,0,11.032881350551753,3.339094847758872,0.155
2400,717,0,12.321096502683668,2.4406959914959003,0.1
2400,718,0,8.339318154030424,3.1429456316050874,0.885
2400,719,0,6.139292871215065,3.7017190173937564,0.11
2400,720,0,7.92030288182339,3.590577413508811,0.1
2400,721,0,8.407778427214822,1.7891652549618442,0.105
2400,722,0,14.141292694015396,2.151211724361346,0.89
2400,723,0,10.240512418495724,2.159657712877916,0.86
2400,724,0,13.394192442300154,2.808513868814444,0.1
2400,725,0,9.294778980376078,2.8464535936738145,0.89
2400,726,0,10.271849475215511,4.8561779515925,0.9
2400,727,0,6.53935959936319,4.155174091147273,0.14
2400,728,0,6.417087903312861,5.018225242949725,0.9
2400,729,0,21.601408735410207,5.386356950291571,0.875
2400,730,0,13.323335293884888,3.496891440027383,0.9
2400,731,0,5.525462028289212,5.4528925159075925,0.9
2400,732,0,10.163887591618284,2.9858163217493683,0.885
2400,733,0,12.358866936502332,2.547177747794649,0.1
2400,734,0,6.778836197371397,3.117332151571617,0.125
2400,735,0,11.864507848298103,4.152457809446375,0.885
2400,736,0,9.639835056704017,4.027467456445422,0.895
2400,737,0,15.409916048974425,2.2489961917369072,0.1
2400,738,0,13.305090225891401,2.6081887837065665,0.11
2400,739,0,6.860622192898035,2.236351899601985,0.855
2400,740,0,9.293008212705647,3.4994773937558676,0.12
2400,741,0,12.357700824433103,2.671022805359513,0.88
2400,742,0,8.85094842310128,3.8947786504643034,0.9
2400,743,0,12.528655508816861,2.2965049426872497,0.895
2400,744,0,12.339825549649142,5.295940425170187,0.9
2400,745,0,9.177004997899623,3.0619084286900744,0.9
2400,746,0,10.555902110302519,3.251733499038423,0.125
2400,747,0,7.449587072074927,4.926688639153198,0.25
2400,748,0,9.144867313308326,3.7956369928235034,0.1
2400,749,0,9.25704535541797,3.788651781842134,0.11
2400,750,0,13.137876804028075,1.8360730397063207,0.9
2400,751,0,8.515603321156723,4.3701363718291475,0.105
2400,752,0,11.718148755994678,4.9144435099588435,0.885
2400,753,0,18.125310540065268,2.8479293138971684,0.875
2400,754,0,10.322832544380992,2.810812765529036,0.105
2400,755,0,9.326360039937196,1.9207167337164321,0.88
2400,756,0,9.659024117812756,2.616250819234267,0.9
2400,757,0,8.291345086514328,6.252566983407348,0.88
2400,758,0,13.53003717673361,4.898338495310028,0.895
2400,759,0,16.497141200550374,2.74949627297687,0.9
2400,760,0,9.084753408949027,3.420185455238922,0.9
2400,761,0,9.424966640166073,3.02627507796025,0.875
2400,762,0,11.590170047890728,2.616677236018816,0.895
2400,763,0,13.151784365772228,3.77919779600262,0.145
2400,764,0,10.676628535541479,2.5615632936435873,0.895
2400,765,0,15.133444808012047,2.882009101859495,0.885
2400,766,0,11.441767560277366,2.732022803554557,0.14
2400,767,0,6.518765466280776,2.6391480728282346,0.9
2400,768,0,8.661816460001807,2.2618032849479164,0.27
2400,769,0,9.472273340838946,2.5525871816959977,0.9
2400,770,0,11.572232701144147,2.9818736614167562,0.1
2400,771,0,10.997460287945817,2.857090180665267,0.865
2400,772,0,15.178247397026697,2.6358338781260926,0.865
2400,773,0,10.359858412673582,3.297974380837232,0.9
2400,774,0,8.22734165053756,2.6455866320478805,0.9
2400,775,0,6.718676018691578,1.986865924200032,0.11
2400,776,0,19.564389264486476,1.344438900977707,0.895
2400,777,0,22.482912034299527,3.079231106605107,0.115
2400,778,0,16.528663633643927,3.53403697981598,0.1
2400,779,0,14.107127789802322,5.033371389518138,0.875
2400,780,0,8.92809434996841,4.837611882548742,0.89
2400,781,0,10.851278259474206,2.928465128554336,0.9
2400,782,0,9.097969803660499,2.359385517594248,0.105
2400,783,0,13.597216956350959,3.1635070138563037,0.165
2400,784,0,7.72206525500323,1.5542708045177989,0.9
2400,785,0,16.07471339255608,2.929984644482886,0.89
2400,786,0,14.128780970211043,2.9572439428406483,0.12
2400,787,0,6.5524982410798565,3.7160945435637416,0.105
2400,788,0,12.894227853856652,2.3854510795718653,0.105
2400,789,0,9.209565623131116,3.577596432732122,0.895
2400,790,0,6.5700168415448355,2.355389635499705,0.1
2400,791,0,8.674807566369566,4.121440315019598,0.895
2400,792,0,7.418693688725733,2.5662731983413067,0.89
2400,793,0,15.516371000587021,2.1200808874866084,0.9
2400,794,0,14.629583830908574,2.563006085942021,0.1
2400,795,0,16.17210526027857,3.254494805760899,0.105
2400,796,0,9.207477405228998,4.7301344432057135,0.895
2400,797,0,8.068861603550541,3.2387836794612213,0.125
2400,798,0,9.634257054280228,2.322936413316512,0.1
2400,799,0,10.133686672892873,2.7247397391970907,0.89
2400,800,0,19.50158656583589,2.650973082065633,0.895
2400,801,0,9.798777913846648,1.9032694447268739,0.88
2400,802,0,10.248045255705774,3.696041971569386,0.14
2400,803,0,11.611127916849,2.152862010344947,0.9
2400,804,0,8.958365961950726,2.6286031191222747,0.105
2400,805,0,8.321111753643535,2.9015287422286207,0.9
2400,806,0,11.053754928570287,3.5462526007819406,0.1
2400,807,0,9.176467404179444,2.800469158032115,0.105
2400,808,0,9.070865947971496,3.4471532182397624,0.11
2400,809,0,8.826054922611206,3.2619160241846856,0.9
2400,810,0,10.622607728740535,4.3685807738683025,0.125
2400,811,0,14.620750527928324,2.9570232219068515,0.84
2400,812,0,20.97073302459787,3.164708669080696,0.9
2400,813,0,8.209954576296425,2.1474898426081523,0.89
2400,814,0,13.711811086759246,4.2493899191708095,0.105
2400,815,0,11.976229063581664,1.6475073117440786,0.1
2400,816,0,8.27999665032942,3.1989983363185814,0.89
2400,817,0,15.024347963342244,5.5037761758629955,0.9
2400,818,0,14.76592772467317,3.1315952475601705,0.1
2400,819,0,5.527272519262401,2.5691932725557365,0.845
2400,820,0,11.465368884427264,3.7311792756629103,0.89
2400,821,0,10.846453036676886,2.4390504752691555,0.1
2400,822,0,8.131798092291405,2.1719192429529244,0.9
2400,823,0,12.47271232607999,4.35438779491939,0.895
2400,824,0,10.315392957153477,3.4665971402716877,0.105
2400,825,0,10.968874079944655,2.121945805528469,0.9
2400,826,0,13.891248830711966,4.275397901455946,0.88
2400,827,0,16.513600567353954,2.7321254525286776,0.9
2400,828,0,11.67541972705518,4.054038511937819,0.1
2400,829,0,9.774326092715238,3.5067646811960174,0.16
2400,830,0,9.600822840928418,2.649416733944321,0.1
2400,831,0,13.159378817732412,4.075886326452149,0.885
2400,832,0,11.736757198766876,2.7914368747683937,0.1
2400,833,0,14.181632849344867,2.2601126792860526,0.1
2400,834,0,13.521865970218771,4.058382427042773,0.125
2400,835,0,10.232882246983298,2.1038984034458252,0.88
2400,836,0,9.113000198357641,2.0304589151802332,0.1
2400,837,0,11.441436436147564,1.9932919805686566,0.155
2400,838,0,12.092627286509696,1.6368777323055639,0.9
2400,839,0,12.777837348693916,2.790903837480485,0.1
2400,840,0,13.499207914294686,2.493421296324172,0.9
2400,841,0,9.456607973313016,2.9013459194754176,0.89
2400,842,0,9.786119465308722,3.697615944902921,0.89
2400,843,0,9.05182742333156,2.414868942304338,0.105
2400,844,0,9.862916038911925,2.2421918841544652,0.105
2400,845,0,14.070111293452316,2.5216975280471843,0.125
2400,846,0,17.53351019306734,3.0720763529899386,0.105
2400,847,0,14.006196810624248,3.930362658613973,0.895
2400,848,0,8.309923172820747,3.028629908982694,0.1
2400,849,0,15.3743652800156,2.6241720293242565,0.855
2400,850,0,8.00545655501148,2.290422305457085,0.82
2400,851,0,10.293071508612998,2.8546702995932094,0.1
2400,852,0,7.704738729562983,2.171270651120949,0.885
2400,853,0,12.12712800726689,2.748289639926327,0.105
2400,854,0,13.082647102970348,2.308918770374646,0.895
2400,855,0,14.434531990764437,2.684281017834067,0.105
2400,856,0,14.201339371550086,1.9035910946442414,0.88
2400,857,0,8.501515604507548,1.5428741323816553,0.1
2400,858,0,8.143449879092165,2.0167484941076452,0.105
2400,859,0,13.575598384974336,3.5460445048638434,0.1
2400,860,0,13.503608360684963,3.5842997832403967,0.105
2400,861,0,8.22668194981083,2.691866912682883,0.7
2400,862,0,8.528155588142344,6.062629383696105,0.145
2400,863,0,6.322742407218236,2.158598876093265,0.16
2400,864,0,9.289418114499423,3.886316665418832,0.16
2400,865,0,7.375198149507477,2.706768890380573,0.1
2400,866,0,13.841194752084009,4.198849609705846,0.1
2400,867,0,9.785187331825009,4.070097355064561,0.1
2400,868,0,14.83623521705375,3.4697109493137646,0.895
2400,869,0,7.071398176143617,5.019951173817816,0.9
2400,870,0,7.842856662792512,3.046571777874618,0.125
2400,871,0,10.43305207845659,2.674826713586853,0.9
2400,872,0,8.533470889780803,3.452225760158001,0.11
2400,873,0,9.651973201961896,2.7777490597365784,0.1
2400,874,0,11.172643625596743,5.378909472156579,0.105
2400,875,0,9.598853793340398,4.45230133393153,0.1
2400,876,0,8.284301783877481,1.8604456080133502,0.9
2400,877,0,12.28540771301369,4.782712469589612,0.11
2400,878,0,13.600060648769414,2.6260676331720134,0.9
2400,879,0,7.895518226281092,2.074150996553925,0.1
2400,880,0,8.365114825549254,3.909770343655694,0.11
2400,881,0,8.494478834227365,1.7163002096641122,0.86
2400,882,0,10.132311659957873,2.9925038227556655,0.1
2400,883,0,10.987629381492319,3.445466136039954,0.9
2400,884,0,12.434842537361538,2.0581902519250406,0.895
2400,885,0,8.57721491468305,1.9201980620145775,0.895
2400,886,0,17.939251315604277,4.1174499088988625,0.885
2400,887,0,10.54238148264787,4.4684300085481965,0.1
2400,888,0,9.610261790372547,3.2095539814211094,0.9
2400,889,0,7.71756047919111,2.2159343541076737,0.12
2400,890,0,13.388591258363967,2.1327628711087954,0.9
2400,891,0,13.017652357234178,3.4741025879622356,0.105
2400,892,0,9.240371008871087,2.70775365743674,0.9
2400,893,0,9.820934388754914,3.1641053000065256,0.9
2400,894,0,9.951364944025123,3.1123740740838457,0.9
2400,895,0,12.760098351036337,2.862274207681992,0.89
2400,896,0,9.554576643361495,1.9893294561406094,0.875
2400,897,0,12.598086950701873,3.985812759777474,0.88
2400,898,0,7.570491045527312,1.7259911517022886,0.9
2400,899,0,14.914252448894771,2.8751133137333795,0.9
2400,900,0,8.27048217282208,3.165155972675393,0.875
2400,901,0,8.059591139187075,2.505638848566605,0.895
2400,902,0,11.614269494621645,2.746926468280364,0.9
2400,903,0,10.363887944570715,3.085608390340866,0.11
2400,904,0,8.190436193238428,3.2367392181409826,0.1
2400,905,0,16.305051538863587,3.8468007427184148,0.895
2400,906,0,11.208571977465276,2.1159978714333505,0.9
2400,907,0,8.477513660669347,2.6209562056060065,0.895
2400,908,0,11.430023508547514,0.9873367975838931,0.895
2400,909,0,12.668468260893047,3.7930182750102404,0.115
2400,910,0,7.042016709202051,1.5475424248659664,0.875
2400,911,0,7.229983326914583,3.026012047993376,0.815
2400,912,0,11.18657359759908,3.080099879545628,0.1
2400,913,0,16.320181996131442,3.3843696697228864,0.105
2400,914,0,7.737680197333745,2.9837676108204647,0.9
2400,915,0,11.599211252497595,2.110464429825498,0.105
2400,916,0,11.439426644163309,3.868269309038297,0.16
2400,917,0,13.192672238927017,2.257482153223478,0.9
2400,918,0,11.027360471971996,3.247095708931269,0.11
2400,919,0,8.1675767905617,2.640449831788061,0.105
2400,920,0,13.855752510123963,2.2298518455304617,0.115
2400,921,0,12.031992570279785,3.162476353877608,0.205
2400,922,0,10.663473739397851,2.915353003584542,0.105
2400,923,0,8.23099103051994,2.264208312438143,0.135
2400,924,0,10.522983745757529,2.674650792588551,0.895
2400,925,0,11.272440891799631,2.878833909742795,0.105
2400,926,0,16.10356453913486,4.927738031964779,0.1
2400,927,0,12.899069736708421,4.858254617510127,0.1
2400,928,0,18.673156986780885,3.9826201460435584,0.88
2400,929,0,4.586799842405257,3.3787561944372158,0.1
2400,930,0,12.269036773629303,1.847434379970636,0.9
2400,931,0,11.189960335870568,3.1025468374711096,0.85
2400,932,0,13.698522668499573,2.0557903126793065,0.1
2400,933,0,12.427167477831395,1.909414105397289,0.86
2400,934,0,11.00636258383912,4.732462957876393,0.85
2400,935,0,7.934307210421529,4.806220699236263,0.28
2400,936,0,12.772926220132023,3.306051470820748,0.115
2400,937,0,10.02529086163581,2.501569030130213,0.165
2400,938,0,7.036115396016246,1.9190930525844863,0.12
2400,939,0,14.441658610735752,2.829871679378826,0.1
2400,940,0,7.808782828922372,3.702699755217509,0.165
2400,941,0,14.024804449447767,2.618170614765347,0.115
2400,942,0,11.301512693500229,2.7412852619750794,0.9
2400,943,0,11.822624090110061,3.7454208261298305,0.9
2400,944,0,8.580568437874946,2.690191474135517,0.1
2400,945,0,10.275869079471676,3.274428289432052,0.9
2400,946,0,16.77983378917461,2.183090066567317,0.11
2400,947,0,11.548648270391483,3.470085718010907,0.1
2400,948,0,10.238835308510113,4.355695845739049,0.11
2400,949,0,7.600118831305026,3.594784123264816,0.1
2400,950,0,7.514824699252708,3.027255239794613,0.105
2400,951,0,16.149682304666158,4.788979736358101,0.115
2400,952,0,9.270441612455862,1.8174259641480006,0.76
2400,953,0,11.806818452883192,3.426657189068294,0.9
2400,954,0,13.406223323025985,3.3044798868559155,0.125
2400,955,0,14.56854090050545,1.681378384847676,0.895
2400,956,0,14.787515047679777,2.415629379432005,0.1
2400,957,0,14.426749617575716,3.3195309374633553,0.9
2400,958,0,9.287137246191964,3.045572994447454,0.12
2400,959,0,9.010358514562201,2.362373211714086,0.845
2400,960,0,11.324742262702747,5.116286264101433,0.125
2400,961,0,11.385383877745918,2.6454943095430394,0.1
2400,962,0,8.152436825541827,2.786556506556437,0.9
2400,963,0,12.321439779723041,2.4473833798658973,0.135
2400,964,0,14.60068477543448,3.3766920818123936,0.9
2400,965,0,16.69227836066124,3.548007215243132,0.9
2400,966,0,10.597575314467386,3.9276364217435855,0.1
2400,967,0,10.683280417036196,2.268453836801143,0.1
2400,968,0,11.57514360382784,4.845309419508581,0.9
2400,969,0,11.352377560152291,2.3662792018747325,0.9
2400,970,0,7.819425565698986,1.1185499190549564,0.1
2400,971,0,10.207230942246888,2.333631947796988,0.9
2400,972,0,12.615362598492581,6.066234311666108,0.9
2400,973,0,9.267793032022809,3.9715358795724853,0.9
2400,974,0,15.694861816333217,3.354677266395356,0.88
2400,975,0,7.662499021434303,2.6023771222973835,0.115
2400,976,0,10.609813772798944,5.379308947406258,0.9
2400,977,0,9.476595098687818,3.628731228576143,0.1
2400,978,0,7.275798795466093,3.6299875976084195,0.89
2400,979,0,15.461596139945257,2.8308890513777385,0.9
2400,980,0,11.56202428579878,3.6154459268672667,0.1
2400,981,0,9.920454798284553,2.293188532679835,0.9
2400,982,0,10.611859168409282,1.8143068955893682,0.115
2400,983,0,16.27015218568001,5.723067841839935,0.9
2400,984,0,11.788599126782273,1.9670728325426268,0.9
2400,985,0,7.432250650409636,3.884466996868241,0.1
2400,986,0,6.361977840047873,4.700782040575646,0.82
2400,987,0,7.158409937496488,3.3199125223443815,0.12
2400,988,0,13.755199025313376,4.539132236463672,0.1
2400,989,0,9.061330996704699,2.723825813378866,0.11
2400,990,0,10.736203087936085,7.157443322540402,0.85
2400,991,0,8.439625823760252,1.8875150465355262,0.855
2400,992,0,13.554219455041085,4.085271448062144,0.9
2400,993,0,11.155772561248513,3.7182588756330404,0.1
2400,994,0,10.818773751567786,1.862727087473104,0.885
2400,995,0,10.86548882171858,2.305530447137727,0.1
2400,996,0,17.131253419832586,2.650143603466759,0.115
2400,997,0,13.407634779699508,4.15995901666335,0.1
2400,998,0,11.858622796006275,2.721666512013954,0.1
2400,999,0,12.725762933883257,1.9098896208205929,0.105
2400,1000,0,14.434508619610186,2.839439658485432,0.1
2400,1001,0,8.025810105263167,1.574903978495712,0.845
2400,1002,0,18.374897054947397,2.824861088751618,0.89
2400,1003,0,9.637147113953192,2.3313796823924093,0.89
2400,1004,0,6.87272803506777,1.7440081188631495,0.89
2400,1005,0,15.103934837660676,2.85524279950522,0.115
2400,1006,0,6.572739790488482,4.724057223007705,0.11
2400,1007,0,8.990685300951885,4.110535868432308,0.125
2400,1008,0,10.826438793406512,3.5562421477912665,0.1
2400,1009,0,15.561480328156085,2.9009720067943334,0.105
2400,1010,0,6.54854583160374,3.6590028025010213,0.825
2400,1011,0,9.757381589406684,3.876200302056887,0.9
2400,1012,0,10.37128867796337,2.6670479791462753,0.9
2400,1013,0,11.123014238400266,1.803717260678539,0.9
2400,1014,0,11.955739078812494,3.916406043879661,0.105
2400,1015,0,17.116563544694202,2.0497334636857545,0.105
2400,1016,0,12.975549248733897,5.193439107834408,0.12
2400,1017,0,9.570315219946012,2.0744873281554277,0.1
2400,1018,0,9.331444702701363,4.899509213118591,0.1
2400,1019,0,9.102710432729602,2.847015689367538,0.9
2400,1020,0,12.54544235326176,3.2722508196808775,0.895
2400,1021,0,12.053175794371603,2.052622875675425,0.885
2400,1022,0,10.979495498582603,2.0811031400079116,0.135
2400,1023,0,14.262726663693307,2.0817314725864122,0.89
2400,1024,0,13.218892193601022,4.762357706751175,0.9
2400,1025,0,10.762880634664393,3.336494221063546,0.1
2400,1026,0,9.169786657028359,2.739755296785873,0.115
2400,1027,0,8.639800650620185,2.021387780987638,0.895
2400,1028,0,6.764115690149809,3.2571182603387427,0.1
2400,1029,0,13.586336740458822,2.090103153934564,0.135
2400,1030,0,10.004270884360693,2.556419786207087,0.9
2400,1031,0,14.617867364373565,3.894151618914421,0.875
2400,1032,0,8.31029650544508,2.596788126463778,0.9
2400,1033,0,8.301782063432475,3.0476793749318887,0.11
2400,1034,0,11.082632971926751,3.0570387398693555,0.115
2400,1035,0,12.439684149729224,1.6825137391041523,0.9
2400,1036,0,9.750728288048835,3.151520414235165,0.1
2400,1037,0,8.565513834787303,3.5557404685331306,0.13
2400,1038,0,10.093019534241598,3.677575388793386,0.9
2400,1039,0,8.71506339422549,1.6621252067078984,0.1
2400,1040,0,16.182222036449403,3.716571850101502,0.9
2400,1041,0,10.077638538412833,3.3144606123329368,0.115
2400,1042,0,17.363936813956652,2.281699200960219,0.1
2400,1043,0,12.317233498660444,3.5684185084353004,0.1
2400,1044,0,11.31304247955253,4.788292205386213,0.1
2400,1045,0,9.414117223540117,5.85348700867776,0.9
2400,1046,0,9.015298018764854,4.996987793513341,0.84
2400,1047,0,8.535704889808478,2.1412833339560677,0.895
2400,1048,0,14.826457477868155,2.192928310142861,0.1
2400,1049,0,8.570602603318754,3.3560020476198105,0.135
2400,1050,0,12.271913507320594,3.0821044884927318,0.105
2400,1051,0,11.527666584853053,2.725327179306447,0.1
2400,1052,0,11.940623562714343,2.961809235306845,0.89
2400,1053,0,12.872890589696517,2.6400243384216537,0.895
2400,1054,0,10.86510446746355,3.0556865827374935,0.115
2400,1055,0,8.799516667268536,3.624986431207944,0.89
2400,1056,0,11.14722638194308,2.8484969022436246,0.83
2400,1057,0,14.461187331879733,3.5699713783959197,0.885
2400,1058,0,10.513284202567366,2.425566069569385,0.105
2400,1059,0,12.724127596765884,2.0949383024571944,0.89
2400,1060,0,11.037480560869739,4.591074432669728,0.88
2400,1061,0,9.60060783652706,2.4888113374647247,0.115
2400,1062,0,8.300707323670743,2.087737278330337,0.18
2400,1063,0,10.190097920267045,3.771415086706398,0.115
2400,1064,0,8.33387687612935,3.992873206574288,0.12
2400,1065,0,10.321826573884211,3.431083286442771,0.895
2400,1066,0,9.587923274841117,1.7427946717091913,0.9
2400,1067,0,20.605025134326596,5.12707565507462,0.9
2400,1068,0,7.672639113797589,2.99110613059419,0.795
2400,1069,0,10.14280458289239,2.4104571232097527,0.89
2400,1070,0,8.841618030014331,3.0965849813167523,0.9
2400,1071,0,20.26993102337809,2.2054919682151564,0.1
2400,1072,0,7.217576064388364,3.6222479291790677,0.105
2400,1073,0,10.965577605860343,5.248273126319702,0.805
2400,1074,0,14.920245842820098,2.9890192895976497,0.105
2400,1075,0,11.364591160593704,2.188010320456968,0.9
2400,1076,0,14.90675142944184,3.935069563925353,0.9
2400,1077,0,10.26079719384842,4.354424418617597,0.89
2400,1078,0,23.720340188556367,3.996977649842748,0.1
2400,1079,0,11.088520660308207,4.299002461132417,0.1
2400,1080,0,8.34100003796408,3.152861043027144,0.9
2400,1081,0,7.49978106482547,3.559466003406797,0.11
2400,1082,0,9.366551568199354,1.904271642781552,0.89
2400,1083,0,10.158427524323663,2.8219936323033323,0.9
2400,1084,0,13.980964839430156,4.156674985739883,0.115
2400,1085,0,15.812254194015589,1.76419139780144,0.1
2400,1086,0,8.687656661990706,3.3257311722582727,0.115
2400,1087,0,14.683888393832794,3.7510479674139674,0.11
2400,1088,0,15.808834783716998,2.0622274487759995,0.1
2400,1089,0,10.816874407794048,3.2466252229877313,0.1
2400,1090,0,8.351057504891061,2.0933711793166054,0.825
2400,1091,0,9.911165208724242,2.153185138697822,0.9
2400,1092,0,12.29140202395246,3.4072525844635493,0.115
2400,1093,0,12.100545775957999,1.438445672993538,0.895
2400,1094,0,14.586429712928938,2.6582440224999004,0.885
2400,1095,0,11.055778985267471,3.407800449068432,0.82
2400,1096,0,9.432468486878115,2.3225115980956446,0.895
2400,1097,0,7.043255076002738,1.996642702315654,0.1
2400,1098,0,16.106204572600458,3.6150343524042228,0.87
2400,1099,0,11.872132374022259,2.539065646887906,0.135
2400,1100,0,12.410864210383455,2.4480625298224368,0.11
2400,1101,0,10.87269206930437,3.404472066727493,0.895
2400,1102,0,5.648071250835223,1.9788122552448328,0.9
2400,1103,0,8.2447539843335,2.3306648169658217,0.9
2400,1104,0,10.5238846031088,3.5389727996349762,0.1
2400,1105,0,12.11656980149183,2.5553865836009493,0.1
2400,1106,0,12.728788345374133,4.915907100872374,0.105
2400,1107,0,7.9887872675237706,5.560893386587296,0.835
2400,1108,0,11.807015438307891,3.7776229689136187,0.105
2400,1109,0,7.439855879317661,5.107637524461239,0.14
2400,1110,0,8.25510779863555,3.175119171446994,0.16
2400,1111,0,7.281271107991195,1.4865233863016414,0.765
2400,1112,0,8.607611065595949,2.4347831402302234,0.895
2400,1113,0,9.76441461292609,4.220504776432321,0.1
2400,1114,0,9.070881638567853,4.455274205836446,0.15
2400,1115,0,8.494208434130973,3.2463046151871566,0.125
2400,1116,0,13.385105505398977,2.933320365502823,0.1
2400,1117,0,14.063945766014108,3.4199144341410914,0.9
2400,1118,0,11.411101756856471,2.9205855849767204,0.19
2400,1119,0,9.802691628106254,2.022934223231232,0.1
2400,1120,0,5.538666802353968,5.11299424337075,0.85
2400,1121,0,11.59121493611573,5.922847633876316,0.115
2400,1122,0,8.870146481181182,2.2098092167993855,0.1
2400,1123,0,9.01235940695317,3.4358636518859953,0.88
2400,1124,0,9.130655497691508,2.408777451264754,0.1
2400,1125,0,13.02672672126697,2.362265098736316,0.1
2400,1126,0,13.61847324819887,3.0430165462945524,0.885
2400,1127,0,14.003245189114072,2.840151649898459,0.105
2400,1128,0,8.227698032040943,4.214024320957677,0.17
2400,1129,0,6.024320267272678,2.0580778506143815,0.9
2400,1130,0,17.16071553412238,2.3971768805814975,0.9
2400,1131,0,9.69151811244281,2.9169025705233054,0.1
2400,1132,0,16.246699569383022,3.9466229652042273,0.1
2400,1133,0,18.891356394151092,3.447834915581538,0.1
2400,1134,0,9.591306033793112,3.3867143209544537,0.1
2400,1135,0,9.531754676127521,2.346254563161665,0.1
2400,1136,0,12.060213259168757,2.963862106348003,0.1
2400,1137,0,14.420546647473033,3.42498226220016,0.1
2400,1138,0,7.091678958839248,2.8185697074924576,0.12
2400,1139,0,7.888210659791569,2.251536801875176,0.1
2400,1140,0,6.451402193654627,2.0990951720790463,0.895
2400,1141,0,13.592447808825876,3.039630467631227,0.88
2400,1142,0,13.191926221426263,3.603960286258001,0.88
2400,1143,0,9.016595225764116,3.3277891314405394,0.885
2400,1144,0,9.592284433148563,2.4353307532177126,0.9
2400,1145,0,8.839610002543893,3.7604886792379943,0.12
2400,1146,0,12.417533599091026,3.60556373593397,0.88
2400,1147,0,9.155303037448153,3.8430656031106736,0.105
2400,1148,0,9.418162118015337,1.8168856875032446,0.12
2400,1149,0,7.986705781733769,2.8185027261226736,0.12
2400,1150,0,9.350185556686206,3.9599773622249756,0.89
2400,1151,0,12.756950842145475,5.015497049600626,0.895
2400,1152,0,10.383611811354216,2.7997024789886638,0.1
2400,1153,0,7.871423830432357,2.716619565846301,0.1
2400,1154,0,14.392377398755407,3.4960804783402466,0.9
2400,1155,0,14.46075677831626,2.9328609992660404,0.9
2400,1156,0,6.646137283244827,4.408596892622896,0.1
2400,1157,0,12.137952025147174,2.2980918197127664,0.1
2400,1158,0,11.907264482903168,2.522149836013199,0.1
2400,1159,0,10.011310149396841,3.2101134275276166,0.9
2400,1160,0,10.08694288003426,3.2062269160054058,0.1
2400,1161,0,14.681333283672197,4.909393086532177,0.1
2400,1162,0,14.64259190020483,3.360029133225595,0.89
2400,1163,0,9.29724261199464,5.208355218222849,0.895
2400,1164,0,16.63636061399481,2.858618819223935,0.135
2400,1165,0,6.673466940059051,2.128177819581012,0.105
2400,1166,0,7.571325908619036,4.26105471865128,0.87
2400,1167,0,15.13157712181858,2.436420800702521,0.9
2400,1168,0,12.917046602945952,4.182707204892466,0.9
2400,1169,0,10.199848575456892,3.1646114926751068,0.115
2400,1170,0,15.477643686582102,4.634745749851987,0.835
2400,1171,0,13.769673644088979,4.690591098751895,0.105
2400,1172,0,13.437264712106279,5.1897980936328025,0.105
2400,1173,0,20.333986959580418,1.8298417006274548,0.1
2400,1174,0,8.553571649553932,2.7157456262568047,0.1
2400,1175,0,7.662561470006071,2.0150677589374055,0.105
2400,1176,0,12.47794562973091,2.7872222104633693,0.88
2400,1177,0,10.588641810892412,3.4728660848351467,0.9
2400,1178,0,7.749905550719012,2.5811593087112783,0.115
2400,1179,0,9.423976804028806,3.1120025698538,0.1
2400,1180,0,13.86169278952394,4.0342474351209745,0.135
2400,1181,0,13.791539788572138,2.845381381947476,0.11
2400,1182,0,10.840838636968753,5.453003471420104,0.11
2400,1183,0,8.815771038052562,3.4664893628676197,0.1
2400,1184,0,11.004667127344556,2.575456605326565,0.1
2400,1185,0,10.653405106999186,1.995984513472493,0.14
2400,1186,0,10.101460404203525,4.584694528929489,0.125
2400,1187,0,9.604024162138023,2.662702192667865,0.105
2400,1188,0,15.611868900425815,4.5391086872307085,0.81
2400,1189,0,14.105654745480152,3.1331630103277774,0.9
2400,1190,0,10.072456555930257,2.9685379203048257,0.11
2400,1191,0,7.697691513481546,2.1482684715817157,0.13
2400,1192,0,8.898361039074592,3.8698221554337664,0.11
2400,1193,0,13.618135113247492,3.162326597371745,0.87
2400,1194,0,8.828756747012708,2.4997478021308694,0.895
2400,1195,0,10.583566339932382,4.133431109006125,0.11
2400,1196,0,6.585980521025465,3.361336208519461,0.11
2400,1197,0,8.738411774848293,3.7683884173869586,0.885
2400,1198,0,18.037656347219396,3.6253568223550303,0.115
2400,1199,0,5.850378698626174,6.826155049557414,0.1
2400,1200,0,5.789152391089976,2.757879693138676,0.82
2400,1201,0,8.59978080150421,4.600332409984631,0.115
2400,1202,0,8.513713503236216,3.551125584785453,0.11
2400,1203,0,12.251855969303522,3.163592448152741,0.1
2400,1204,0,14.202654469166182,1.932748224403369,0.12
2400,1205,0,8.161905341094482,3.9948113670821073,0.11
2400,1206,0,9.699229514657793,2.3462268662139962,0.105
2400,1207,0,15.057241439513259,3.4574423508065166,0.105
2400,1208,0,10.037415100793227,2.8006627698658804,0.1
2400,1209,0,12.300978972523533,2.742138825934859,0.1
2400,1210,0,9.477626166106143,1.9125977211736256,0.1
2400,1211,0,15.720061359701669,3.777572607888402,0.1
2400,1212,0,7.771917147049636,5.106520393988845,0.11
2400,1213,0,6.234562579900226,2.7336405353494797,0.895
2400,1214,0,12.391334818588897,3.685022436971508,0.1
2400,1215,0,15.538981624676218,3.5087786202051774,0.9
2400,1216,0,8.210225425563346,2.9193118381972027,0.12
2400,1217,0,7.287467032553927,5.166465034330514,0.9
2400,1218,0,9.953439519998303,2.4116331336944796,0.14
2400,1219,0,9.154396546700378,3.9136884827350116,0.86
2400,1220,0,8.306222177676847,3.086096606365274,0.895
2400,1221,0,10.005544137285789,3.5798258259482907,0.115
2400,1222,0,12.707651890877791,7.644393779087721,0.9
2400,1223,0,8.214022985901117,1.596743389287525,0.9
2400,1224,0,10.563896785658109,2.579288388897538,0.9
2400,1225,0,6.744262515983729,2.6414666680096843,0.1
2400,1226,0,14.884459631435902,4.476389326850239,0.87
2400,1227,0,11.585628213884151,3.350407549928036,0.1
2400,1228,0,8.073142300634395,1.5502301148533348,0.845
2400,1229,0,9.583907657309185,4.0507424715190865,0.1
2400,1230,0,11.193959935518588,1.7894791647762531,0.88
2400,1231,0,6.908529810507638,3.392222034528203,0.9
2400,1232,0,7.585227787104533,1.9095932848109953,0.12
2400,1233,0,19.834781829423722,4.944688537773345,0.89
2400,1234,0,13.159273391636647,3.3029561230581095,0.1
2400,1235,0,11.080541194794584,3.99532066879118,0.9
2400,1236,0,8.11782742435492,2.9807230080564295,0.82
2400,1237,0,11.978169823456174,2.186639723331041,0.895
2400,1238,0,10.183768376510224,5.365268183888006,0.1
2400,1239,0,9.64526857469095,3.2642729451055175,0.105
2400,1240,0,8.17178344697266,3.1956157066233004,0.88
2400,1241,0,11.350976225873493,2.650369273228037,0.89
2400,1242,0,7.064137988924174,1.847687376347551,0.89
2400,1243,0,12.572053130655728,3.1191226775497682,0.105
2400,1244,0,13.587099403030189,2.835235025651528,0.13
2400,1245,0,12.610310211410116,2.4472781467316906,0.9
2400,1246,0,10.823137928416063,2.5495824703138936,0.865
2400,1247,0,10.879526047389056,2.377129329850547,0.9
2400,1248,0,10.755212983253973,2.9862371775625007,0.895
2400,1249,0,12.741656917448724,5.164751248793564,0.105
2400,1250,0,7.470810427356682,2.0586647281273684,0.11
2400,1251,0,5.665799365918597,3.356830665892474,0.82
2400,1252,0,11.819015564473682,2.2335805822066845,0.1
2400,1253,0,11.547894306957035,4.910496442725787,0.855
2400,1254,0,8.347045362805439,1.8205421925156173,0.9
2400,1255,0,10.660639806668579,3.6695282953612463,0.1
2400,1256,0,11.489412408018978,4.144287027109783,0.895
2400,1257,0,15.833567845121053,3.9317297723428624,0.9
2400,1258,0,10.695929173666983,2.215550638200625,0.89
2400,1259,0,9.735119459527342,1.6013047139324499,0.895
2400,1260,0,13.181186325021914,4.254390620179294,0.1
2400,1261,0,11.571770317673794,3.6847630349580385,0.11
2400,1262,0,13.534946383411572,5.461796838713084,0.9
2400,1263,0,9.290190408403834,2.6086389440742153,0.89
2400,1264,0,9.613943341684676,1.5716516221317534,0.1
2400,1265,0,8.986321911382548,4.071313052302372,0.1
2400,1266,0,11.114658957545878,3.716333974179875,0.9
2400,1267,0,10.563679136858863,3.8937060924954636,0.88
2400,1268,0,15.380049381225868,2.541731566105554,0.1
2400,1269,0,12.256858745517611,4.440183425519351,0.9
2400,1270,0,9.696125675936509,3.3798388276554903,0.885
2400,1271,0,14.377560442922658,4.364788583045609,0.12
2400,1272,0,12.966084913463513,4.051676145185468,0.1
2400,1273,0,12.43054155198923,4.328415199066171,0.9
2400,1274,0,8.816426642706617,5.265343683897328,0.225
2400,1275,0,13.735285445727742,3.6593219931397414,0.885
2400,1276,0,6.048614235583703,3.9166554224284056,0.135
2400,1277,0,17.773603024744986,2.7159920888777833,0.9
2400,1278,0,9.308621313616975,1.7970837886135627,0.885
2400,1279,0,7.934979877168984,3.312265298356465,0.11
2400,1280,0,12.9445772909655,2.2229849350161146,0.1
2400,1281,0,11.197325424346833,3.037465401988726,0.11
2400,1282,0,11.259075866461451,3.6984737569749626,0.895
2400,1283,0,13.658065927432824,4.501418908182586,0.895
2400,1284,0,15.867747317332098,2.746918592626102,0.885
2400,1285,0,6.108330804224106,2.993870708743529,0.13
2400,1286,0,10.47446391918439,1.2241507165544618,0.155
2400,1287,0,10.695326261288342,4.08562999393034,0.845
2400,1288,0,5.9496880589643535,1.6216907251731527,0.105
2400,1289,0,7.294089867831559,3.4095672565612745,0.9
2400,1290,0,12.102152255033369,2.7976360176847237,0.1
2400,1291,0,11.518240708495215,3.8067640570854877,0.1
2400,1292,0,10.072054042420577,2.4021440752179046,0.1
2400,1293,0,8.61788100256084,2.347326280111517,0.865
2400,1294,0,14.684894385487228,4.556258696969451,0.1
2400,1295,0,7.689008900727928,2.677195171966673,0.1
2400,1296,0,14.43036775664216,2.802506820641426,0.13
2400,1297,0,10.052627985776327,3.2256107695538105,0.1
2400,1298,0,9.23255516006325,1.88452170491189,0.9
2400,1299,0,12.399490640802618,2.623151807273416,0.105
2400,1300,0,18.078823537264196,5.701055669559807,0.11
2400,1301,0,10.390834395719654,2.1792007530219593,0.11
2400,1302,0,18.65128485593575,2.577415269410821,0.895
2400,1303,0,12.362375982021934,3.44599367505829,0.11
2400,1304,0,12.682205508932183,3.761397280713652,0.145
2400,1305,0,12.561826730368068,3.183673637906992,0.115
2400,1306,0,16.0056358783441,5.116062341580374,0.11
2400,1307,0,16.689065679784505,2.740370710781903,0.895
2400,1308,0,8.3683640804923,3.5513371153662376,0.1
2400,1309,0,11.520645759965372,3.561313688517842,0.105
2400,1310,0,10.919136520096018,2.7054184597854913,0.9
2400,1311,0,7.481970472931504,3.039564396240735,0.11
2400,1312,0,10.80143400098385,3.3094885074824276,0.88
2400,1313,0,10.606677910683642,2.914018483596692,0.105
2400,1314,0,10.33240511008037,3.120878427268181,0.84
2400,1315,0,9.88737261876043,3.3166247585104003,0.9
2400,1316,0,10.184348544883088,2.424873653433224,0.1
2400,1317,0,16.976967364376986,4.831488623780444,0.105
2400,1318,0,11.322959205915488,2.989648152371771,0.9
2400,1319,0,10.584130489524592,2.754904198563679,0.125
2400,1320,0,13.452629415118304,1.9446661456324676,0.1
2400,1321,0,14.31146248084545,4.440350623206513,0.9
2400,1322,0,7.525715386135587,3.5693315145529425,0.9
2400,1323,0,6.75038000915422,2.0067710269970007,0.89
2400,1324,0,15.968769657998829,3.942326063490853,0.1
2400,1325,0,8.129752733695954,3.0921604619685183,0.1
2400,1326,0,8.709485427516507,4.181866378118926,0.125
2400,1327,0,9.144363948363036,3.002724000401713,0.865
2400,1328,0,7.486897977698882,2.064563684306364,0.1
2400,1329,0,15.063483205687067,3.048676656326421,0.125
2400,1330,0,9.401295464586036,3.323491126718281,0.1
2400,1331,0,16.244276388185284,2.7287749157313357,0.11
2400,1332,0,12.669132267911607,2.2320754014842237,0.9
2400,1333,0,12.621230229027953,1.650961977639298,0.1
2400,1334,0,5.440905524294207,4.191390879799073,0.115
2400,1335,0,11.977562975941467,2.3349836418187664,0.135
2400,1336,0,9.25452320475663,3.392557274668917,0.89
2400,1337,0,14.064413634649702,2.93141275503217,0.89
2400,1338,0,9.302806647212158,2.9006188201655903,0.89
2400,1339,0,6.171536350475115,2.8821249963140616,0.895
2400,1340,0,13.244212521758083,2.561032525057172,0.12
2400,1341,0,12.954475130140644,2.546919786284363,0.9
2400,1342,0,7.462865869395363,2.792422735379674,0.18
2400,1343,0,12.176357505511094,2.710633792841577,0.895
2400,1344,0,12.869508848293501,2.7739024874129825,0.105
2400,1345,0,15.086862884593854,2.317930897205045,0.885
2400,1346,0,12.721124578255997,1.5424045413649168,0.1
2400,1347,0,11.685062942696549,3.145359715738749,0.1
2400,1348,0,15.58468272155107,3.287262606356478,0.1
2400,1349,0,11.389002347129308,3.2603467311052015,0.895
2400,1350,0,9.411266635870527,1.226343798679963,0.1
2400,1351,0,8.904006447344878,4.503596774928198,0.1
2400,1352,0,10.785238005923182,4.305424933574287,0.105
2400,1353,0,8.212526577521828,1.7294065391322277,0.9
2400,1354,0,10.711641000291152,2.9139235464292312,0.9
2400,1355,0,9.915476039012978,2.2102763619294308,0.12
2400,1356,0,9.648893800546285,2.4364066471751045,0.89
2400,1357,0,10.250287876633415,2.275112717582317,0.9
2400,1358,0,14.452451145628057,3.5337350361597686,0.87
2400,1359,0,12.640643855924091,3.400998082142692,0.1
2400,1360,0,10.110941345260189,2.714294961691266,0.1
2400,1361,0,12.018865655675377,2.1570635186957787,0.9
2400,1362,0,10.366021709653559,2.1758049506765076,0.9
2400,1363,0,6.483145705544615,2.7615840628179456,0.9
2400,1364,0,7.175493436749605,2.6240033701416365,0.105
2400,1365,0,10.37905563773662,3.8545986171541813,0.86
2400,1366,0,10.890550991900222,2.350650192871484,0.145
2400,1367,0,9.441582508282861,2.674692705146242,0.14
2400,1368,0,13.765004456707892,3.2749826776932167,0.9
2400,1369,0,10.468868275645189,2.380310007662345,0.12
2400,1370,0,12.991152071117755,2.7168117282656112,0.1
2400,1371,0,6.66553376368519,4.504647323490474,0.9
2400,1372,0,6.384118706014235,2.1775337914036186,0.9
2400,1373,0,7.827498575389811,2.273554628727581,0.9
2400,1374,0,9.703968365678037,2.068654286089,0.855
2400,1375,0,9.150962091609637,3.310728425864795,0.735
2400,1376,0,16.914836604487206,2.2960464567180594,0.89
2400,1377,0,9.423572217332563,2.8307737503642016,0.115
2400,1378,0,8.499644087229116,3.670525745791764,0.1
2400,1379,0,9.494949111592367,3.0246043439152714,0.135
2400,1380,0,6.407794791771444,3.26631145786358,0.9
2400,1381,0,15.761044884157887,5.690172528515447,0.115
2400,1382,0,7.849479814690694,2.6029874256359165,0.16
2400,1383,0,10.708854367651954,2.4704407850904886,0.1
2400,1384,0,9.162028464165816,3.610514351291627,0.1
2400,1385,0,7.466307766541925,2.5696517659504536,0.86
2400,1386,0,9.036277949028637,4.351072649680532,0.9
2400,1387,0,11.72155941397783,2.50829120475089,0.1
2400,1388,0,9.883200208358824,2.8851016609824143,0.13
2400,1389,0,13.049827416792239,2.4302844811487034,0.875
2400,1390,0,10.050371785706119,5.665350535439018,0.88
2400,1391,0,9.452971718181013,3.6368820360824117,0.1
2400,1392,0,23.458308845283987,3.28106747604906,0.885
2400,1393,0,13.783603504565326,4.108653898564896,0.14
2400,1394,0,10.41712104481487,3.2130114928907716,0.9
2400,1395,0,8.92477218007188,2.182113931840135,0.895
2400,1396,0,8.745964265130814,1.9972311194397463,0.155
2400,1397,0,8.610962394520417,4.198764531848553,0.125
2400,1398,0,14.060387046251392,3.9678883218744687,0.9
2400,1399,0,8.83632382326166,2.8687745326312353,0.1
2400,1400,0,13.86170157171712,2.7121292360838822,0.9
2400,1401,0,14.416092513325758,2.535422399395415,0.9
2400,1402,0,8.57225563737754,2.0176386968191906,0.295
2400,1403,0,13.719707753213264,3.6333421339744376,0.9
2400,1404,0,9.715777086582454,2.4348250292760554,0.12
2400,1405,0,11.329375046754572,4.572571663902991,0.1
2400,1406,0,12.394576472574967,5.125897056033324,0.125
2400,1407,0,12.541169667823365,1.8840877320084104,0.12
2400,1408,0,18.491177541121044,2.698386324176738,0.1
2400,1409,0,13.57673897066962,2.1949888533242756,0.11
2400,1410,0,16.78385296350869,8.156951308574989,0.89
2400,1411,0,8.478598568341198,2.227772418357077,0.9
2400,1412,0,10.657550647058224,3.851557534196459,0.1
2400,1413,0,9.920812050674744,1.8576720992008688,0.115
2400,1414,0,6.207889032508227,2.931234682255379,0.9
2400,1415,0,5.860926903528134,2.349568107972999,0.105
2400,1416,0,16.714013946372113,2.503488553223221,0.895
2400,1417,0,14.343011698673408,3.7158725200473697,0.13
2400,1418,0,9.128534166797204,1.850895439829614,0.1
2400,1419,0,10.47922892084859,2.0997884239754683,0.825
2400,1420,0,18.78291298244047,3.0511604432945205,0.9
2400,1421,0,6.030529277814984,1.675938187314685,0.895
2400,1422,0,11.329022693283001,3.6153939391656564,0.895
2400,1423,0,13.989101894899544,4.301786979724653,0.855
2400,1424,0,10.687569652110191,2.8863905058340578,0.9
2400,1425,0,8.368121111167273,3.037955887558752,0.895
2400,1426,0,10.421721349484551,4.03452382767675,0.1
2400,1427,0,11.353278041356134,2.6147664464538423,0.9
2400,1428,0,11.212953299422352,2.536070592983819,0.9
2400,1429,0,11.10720105130516,4.14794836607193,0.105
2400,1430,0,7.492012369396687,2.162820400055665,0.115
2400,1431,0,7.464511915332822,3.105108791102751,0.1
2400,1432,0,9.601990100075357,2.174770219648181,0.1
2400,1433,0,10.377506143748152,4.955621627596685,0.1
2400,1434,0,9.425322412008304,4.307109247536189,0.855
2400,1435,0,14.605421236068924,3.9086133512892474,0.895
2400,1436,0,8.354310454224782,2.9378570001590276,0.1
2400,1437,0,11.063423406811147,2.9544587377372977,0.895
2400,1438,0,9.425687562925072,3.7777608539322216,0.89
2400,1439,0,8.19179228819094,2.3871001157594662,0.11
2400,1440,0,10.69433234693385,1.7632637290478925,0.1
2400,1441,0,9.196191034668264,3.9408006631727943,0.895
2400,1442,0,9.177065930188757,5.278593026190492,0.115
2400,1443,0,9.845458707284784,2.3393102657845333,0.9
2400,1444,0,7.979064242523597,3.095966707896025,0.865
2400,1445,0,13.907603205907366,2.2714378184836903,0.1
2400,1446,0,13.270581739527074,3.1575373704505694,0.9
2400,1447,0,14.271966151062918,2.8138199550600262,0.11
2400,1448,0,10.088472869825758,5.091666479503232,0.9
2400,1449,0,12.898868436535796,3.158610483795954,0.125
2400,1450,0,10.602123065518747,3.5571025471803353,0.105
2400,1451,0,8.776945153814353,3.221299531913857,0.9
2400,1452,0,13.774497543083928,2.714211798929256,0.11
2400,1453,0,8.276030284559363,4.9149126396304865,0.1
2400,1454,0,9.953283949198951,1.611869891749862,0.895
2400,1455,0,11.51111615603298,2.414701231111138,0.86
2400,1456,0,11.964064841135384,1.6817230366086733,0.1
2400,1457,0,10.463032876615983,3.185635022914468,0.145
2400,1458,0,9.807409079648144,1.9552605005181078,0.135
2400,1459,0,8.33051432556779,1.9916592413522949,0.9
2400,1460,0,11.902061313870352,3.7019464398937885,0.13
2400,1461,0,9.40518936594779,3.1765913741065077,0.895
2400,1462,0,9.313660893890834,1.8543848454239509,0.9
2400,1463,0,7.405929534427702,2.741088131912406,0.85
2400,1464,0,6.6421288154399765,4.34164794703662,0.13
2400,1465,0,9.431288191898098,5.283196871691587,0.88
2400,1466,0,18.212994189797545,3.565210633933802,0.11
2400,1467,0,6.122414967497475,3.0155438273105517,0.105
2400,1468,0,6.087759756409476,2.774461542019324,0.825
2400,1469,0,10.020695835146467,3.385475088692047,0.895
2400,1470,0,8.192406834616186,2.855526479595838,0.9
2400,1471,0,8.009607888242188,2.4286986126764276,0.895
2400,1472,0,8.064369006207537,2.87266828098538,0.16
2400,1473,0,11.033684585707102,2.3330828237558165,0.1
2400,1474,0,11.505124246450494,2.9605596903540032,0.105
2400,1475,0,12.865634176137954,2.587948520316985,0.1
2400,1476,0,10.14570772613667,1.4335046300065102,0.89
2400,1477,0,8.511403464916182,1.6722061497983276,0.895
2400,1478,0,13.751950772656444,2.943106793248873,0.1
2400,1479,0,11.100800228938931,3.481815366174601,0.1
2400,1480,0,9.293520043936846,2.608042559956658,0.84
2400,1481,0,11.595772307063365,4.222019026764912,0.1
2400,1482,0,10.119494714383661,3.7826762189069996,0.895
2400,1483,0,14.47546029475202,1.9636647155699904,0.1
2400,1484,0,12.964905688990882,1.7850347174039882,0.9
2400,1485,0,7.961300977781215,2.211316069874769,0.1
2400,1486,0,9.973787347911697,2.758570077058309,0.1
2400,1487,0,7.480278782779025,2.442528716035497,0.1
2400,1488,0,13.520215493724308,1.9374736627256084,0.9
2400,1489,0,9.93455037013508,2.8134525014682055,0.1
2400,1490,0,14.339204828723917,3.77887560316168,0.1
2400,1491,0,12.792917518819495,4.190181105875368,0.895
2400,1492,0,7.661551273229683,4.046592451132014,0.895
2400,1493,0,9.068488764164856,2.5518337542592917,0.88
2400,1494,0,20.841057107889544,2.5737552112119033,0.11
2400,1495,0,18.10362842622823,3.6885899356541074,0.1
2400,1496,0,5.902521966262718,4.680132239619539,0.16
2400,1497,0,11.08650658867379,1.5889915655222353,0.12
2400,1498,0,9.89176407301219,3.9417422475928277,0.9
2400,1499,0,11.111215262859252,3.4150440427463735,0.12
2400,1500,0,6.890151901932846,2.920148996051708,0.9
2400,1501,0,15.072007220307677,4.983150386509649,0.12
2400,1502,0,12.307514092552317,3.2101116823923803,0.205
2400,1503,0,21.78372081909498,2.1403011140240125,0.89
2400,1504,0,13.417922090168723,3.856093522493964,0.18
2400,1505,0,9.913169617973063,4.3138215002066715,0.1
2400,1506,0,7.962855687065895,4.091802930238586,0.865
2400,1507,0,11.278508557531437,2.311990286355936,0.115
2400,1508,0,10.819420331069947,1.383805340752886,0.875
2400,1509,0,7.735503464610396,2.2124736966926406,0.9
2400,1510,0,11.117471667004823,2.887578885215092,0.1
2400,1511,0,11.406864347840768,4.183784988995498,0.11
2400,1512,0,5.753289145379467,4.743510159520525,0.885
2400,1513,0,11.300095156824348,3.3073907023794646,0.9
2400,1514,0,12.730751607130559,3.909010156256798,0.1
2400,1515,0,12.653621507610655,3.121185058369491,0.105
2400,1516,0,7.223093737882264,1.8709506609848603,0.11
2400,1517,0,7.671194313368274,4.92579900284511,0.785
2400,1518,0,12.91840004997848,4.612321203879333,0.9
2400,1519,0,12.2771029292719,3.3279438810680517,0.11
2400,1520,0,6.1156706155885665,2.239920347534863,0.875
2400,1521,0,6.470828432642587,2.863399622469487,0.895
2400,1522,0,6.91362278293016,2.3831004562342883,0.115
2400,1523,0,9.801154067435949,3.505144623429146,0.11
2400,1524,0,10.539130492158602,5.620828289747237,0.12
2400,1525,0,5.9861897349321325,2.8330685880217032,0.9
2400,1526,0,11.747396608754418,3.37552705807731,0.89
2400,1527,0,7.5841965859351745,4.32484864916276,0.9
2400,1528,0,8.135144763367286,2.7199810802294166,0.895
2400,1529,0,7.148064231034398,1.713627045291588,0.1
2400,1530,0,12.32140279014466,5.11695450716978,0.9
2400,1531,0,12.760083127778202,2.8200375859640303,0.105
2400,1532,0,10.505566566933794,3.9866753568752245,0.885
2400,1533,0,8.34781737283577,3.6633233429480327,0.89
2400,1534,0,5.321449390185893,4.167980370708335,0.115
2400,1535,0,13.378794932366525,2.922625040226734,0.9
2400,1536,0,15.41004363925005,3.0301768798413065,0.1
2400,1537,0,14.860584971719913,3.1270192667051333,0.105
2400,1538,0,8.72445535247661,3.488368865764002,0.82
2400,1539,0,8.605078119009201,4.2235488026069135,0.1
2400,1540,0,14.044990142802646,1.8069568640022737,0.88
2400,1541,0,11.488852644155086,1.3716554815669468,0.125
2400,1542,0,11.693368217328075,3.640457277950304,0.105
2400,1543,0,11.84478103702535,5.3098584101075375,0.9
2400,1544,0,10.643091431308855,2.7382355938613046,0.12
2400,1545,0,11.38087125428701,3.072447656260735,0.1
2400,1546,0,15.867254515750028,2.9242459947205646,0.1
2400,1547,0,9.561152782177755,10.017403185162266,0.12
2400,1548,0,12.468340361866517,1.8325754334291844,0.9
2400,1549,0,20.434049752742144,1.5061562169780274,0.1
2400,1550,0,13.8016345319047,2.932017850532276,0.815
2400,1551,0,11.603482836706222,2.541018603169931,0.89
2400,1552,0,7.34542297316627,3.1430483542003174,0.105
2400,1553,0,15.893706316172711,3.0433949391827753,0.9
2400,1554,0,8.832137206328207,2.671061367590255,0.1
2400,1555,0,5.889289562912659,4.175637248974695,0.1
2400,1556,0,11.284346337017796,5.020913609315514,0.135
2400,1557,0,9.203842843974769,2.908048119968143,0.15
2400,1558,0,10.006805288884507,3.822365574031039,0.83
2400,1559,0,12.228233811084268,2.928234167099575,0.1
2400,1560,0,11.244778416113983,4.949488587903517,0.89
2400,1561,0,11.104626225847115,3.573955744729318,0.88
2400,1562,0,15.628061588117946,2.026048876523845,0.895
2400,1563,0,10.30135053678809,4.270365060843417,0.11
2400,1564,0,10.00989141935012,3.2256383428638458,0.1
2400,1565,0,10.33758234296517,3.6360912950897273,0.885
2400,1566,0,7.67929665977821,3.8372352109853125,0.9
2400,1567,0,10.797777525888465,4.128244112570556,0.1
2400,1568,0,15.918295211516238,2.8585332591134716,0.9
2400,1569,0,13.044165973489713,2.866096765405146,0.125
2400,1570,0,8.48689610368608,1.4517505368559114,0.885
2400,1571,0,15.119077188845404,2.606398837997048,0.1
2400,1572,0,10.955528206311557,5.760516333022636,0.1
2400,1573,0,11.505745819934605,3.7364287440258437,0.1
2400,1574,0,13.751461015766106,3.8318879034200393,0.855
2400,1575,0,9.553615820403639,2.890511618915781,0.11
2400,1576,0,12.294040039073943,1.8556446222486755,0.1
2400,1577,0,11.555319440374772,2.794057460807764,0.865
2400,1578,0,14.465218463358802,1.5679436254380619,0.9
2400,1579,0,9.05903929126236,3.223791340901272,0.1
2400,1580,0,9.593299538453214,3.690884942737682,0.865
2400,1581,0,16.136575816715535,2.1479870982261673,0.105
2400,1582,0,7.746024749354519,4.606154230809523,0.875
2400,1583,0,9.021041984268729,2.223715688225525,0.1
2400,1584,0,10.0784301184908,2.487805063160309,0.115
2400,1585,0,7.200182300420197,2.028194129188421,0.13
2400,1586,0,12.556946717030613,1.7058237554799405,0.9
2400,1587,0,6.700228120818215,4.0025718372195485,0.105
2400,1588,0,11.151390805993794,2.8799099386546345,0.105
2400,1589,0,14.11163816798002,2.613337434129903,0.1
2400,1590,0,13.519111407531916,2.3930527087177467,0.9
2400,1591,0,12.022188884509575,3.475215170002599,0.9
2400,1592,0,9.32851160065308,3.2934017347002964,0.9
2400,1593,0,10.774138390715287,3.0472169553434014,0.9
2400,1594,0,8.873038654006253,3.0196584165377516,0.1
2400,1595,0,9.079390917245778,3.45514556364499,0.815
2400,1596,0,7.626318927748128,4.148822782947903,0.12
2400,1597,0,6.503874017244016,2.0105130020734663,0.9
2400,1598,0,10.870492691072092,2.359234857692627,0.885
2400,1599,0,11.524980937979269,1.9096670290196016,0.83
2400,1600,0,17.070354751020872,3.6156193124430303,0.11
2400,1601,0,19.365293860689228,7.993612607315015,0.9
2400,1602,0,9.22604839584782,3.7287629554501933,0.1
2400,1603,0,9.600570326688178,6.152837167461556,0.9
2400,1604,0,15.546875366589463,2.7455738538588292,0.1
2400,1605,0,12.839614768480702,3.8282021017177925,0.1
2400,1606,0,10.741111327904061,6.277436620509036,0.11
2400,1607,0,11.495301270701304,2.9636753622835244,0.125
2400,1608,0,11.489430648025499,3.1715380916878644,0.895
2400,1609,0,21.45819235523879,3.7871985504573047,0.89
2400,1610,0,8.372081282202332,4.112047290749743,0.14
2400,1611,0,8.623137966813571,2.713603630079575,0.15
2400,1612,0,8.773357038581258,1.5676761017441976,0.87
2400,1613,0,9.171792090885733,1.8714651708222618,0.1
2400,1614,0,13.25455111801256,2.104378089421033,0.88
2400,1615,0,10.82313609817323,3.1725055370031896,0.865
2400,1616,0,11.209526634047542,4.014986323061009,0.9
2400,1617,0,7.3821535624466526,2.553329507178148,0.86
2400,1618,0,6.820425323503428,2.608239924134992,0.875
2400,1619,0,9.281892400408942,3.71381727147444,0.21
2400,1620,0,13.233433687495479,3.3496574234977317,0.1
2400,1621,0,10.373108648604124,3.642786361703898,0.9
2400,1622,0,10.57319104219178,2.7696681732720663,0.875
2400,1623,0,8.314698869097898,2.3532199709130452,0.105
2400,1624,0,11.532973717867279,2.168384764714304,0.14
2400,1625,0,10.325837209561177,2.420982349556766,0.885
2400,1626,0,9.686053713320446,4.111536733361376,0.265
2400,1627,0,11.666281146317173,3.7391911720401794,0.11
2400,1628,0,4.267005798572489,4.830876729326405,0.11
2400,1629,0,6.512218006367574,4.623623464491544,0.115
2400,1630,0,10.706730817319896,1.9320035428176396,0.1
2400,1631,0,7.5805846403451,4.017312341352053,0.87
2400,1632,0,12.178161126841475,2.19672067261385,0.1
2400,1633,0,14.746798340962892,3.099849910853081,0.89
2400,1634,0,14.640986792065412,2.521732251015152,0.12
2400,1635,0,11.526517855728834,2.9777714922449405,0.885
2400,1636,0,14.49595042493179,2.964431039746529,0.105
2400,1637,0,6.347418942030785,1.9666990322921407,0.895
2400,1638,0,12.188570026888963,3.171992638170451,0.1
2400,1639,0,8.877314089834435,2.993839725179015,0.88
2400,1640,0,12.259844079023896,1.6478780744009214,0.115
2400,1641,0,11.74530800685311,2.1847906648609694,0.1
2400,1642,0,15.867204873553755,3.0382759555863004,0.1
2400,1643,0,10.2826182772177,4.57057215199228,0.88
2400,1644,0,11.395103992603559,3.647056484810207,0.9
2400,1645,0,12.110920643557183,2.8993571072010837,0.105
2400,1646,0,11.17511765212825,2.8078747444993724,0.87
2400,1647,0,13.533783392151157,2.6606944291934553,0.9
2400,1648,0,8.76830776290142,3.3827263344171854,0.13
2400,1649,0,7.934341749136848,3.9885854020127454,0.9
2400,1650,0,10.870153958424288,4.284784195210989,0.105
2400,1651,0,11.770095100933737,3.2750190196125573,0.9
2400,1652,0,8.020306203607955,3.0458245818373086,0.18
2400,1653,0,7.775105806571383,2.2169831367321535,0.155
2400,1654,0,11.646823027645892,2.8792333110441604,0.88
2400,1655,0,9.278680297996075,2.8393486786441713,0.105
2400,1656,0,13.568083628509271,3.336010563391767,0.12
2400,1657,0,10.133396718434861,3.266472499959505,0.1
2400,1658,0,6.0158276002215345,2.943616871714738,0.855
2400,1659,0,12.647431793092283,2.1232349125043015,0.1
2400,1660,0,5.223964736666638,3.3953016277273207,0.1
2400,1661,0,10.670414073313628,3.2397059598604727,0.85
2400,1662,0,8.728554210521358,2.6398561868170134,0.12
2400,1663,0,12.313310630110024,3.483234498580856,0.155
2400,1664,0,9.42210200689641,5.566820395520011,0.14
2400,1665,0,12.853827913065551,3.735037619949111,0.89
2400,1666,0,10.227302232884059,3.9388730054934484,0.105
2400,1667,0,12.780481079732482,2.3567444031726836,0.9
2400,1668,0,12.079433784488565,2.337733149871468,0.9
2400,1669,0,8.320897337705068,4.644921812851166,0.895
2400,1670,0,8.26158358917283,2.7975538419646284,0.9
2400,1671,0,6.564535169343237,5.532114210858907,0.9
2400,1672,0,9.80974701477507,2.726444284531837,0.9
2400,1673,0,6.20272487996414,2.561686582772893,0.87
2400,1674,0,12.354090081541466,3.7994835138505323,0.1
2400,1675,0,9.963154206782153,2.7791570442932567,0.115
2400,1676,0,14.439596717645461,2.0860751332879346,0.125
2400,1677,0,12.853483334033918,3.695212288002736,0.895
2400,1678,0,14.844023913793603,3.6387822009260162,0.88
2400,1679,0,19.041210037501855,2.920077569777746,0.89
2400,1680,0,9.133579253669339,1.7009581890576442,0.125
2400,1681,0,10.194922310930465,1.9988949094191355,0.9
2400,1682,0,5.714535651207835,4.086075167220571,0.18
2400,1683,0,9.564071809032628,4.949846056280549,0.1
2400,1684,0,8.85305994103292,1.8352316382415523,0.115
2400,1685,0,10.266644428138687,4.745542693866156,0.75
2400,1686,0,11.776497688981227,3.3334085248263534,0.11
2400,1687,0,7.532136513436651,3.548985373164726,0.12
2400,1688,0,11.298547148533336,2.3061866009101095,0.14
2400,1689,0,16.20319861602663,2.9409475606108515,0.105
2400,1690,0,10.845796535879673,3.8475574639011967,0.105
2400,1691,0,12.485725869041211,2.1512884455454184,0.9
2400,1692,0,18.757354868894563,1.9097561623112824,0.88
2400,1693,0,13.66233068988829,3.2052330298352416,0.14
2400,1694,0,9.676764871886386,5.658426714681752,0.175
2400,1695,0,11.707059730679639,2.304986131682085,0.9
2400,1696,0,12.72078061706079,1.826098157673428,0.9
2400,1697,0,9.963316591971738,2.1851356956915424,0.11
2400,1698,0,14.223881409626363,2.861332139609374,0.895
2400,1699,0,10.68633278004935,3.1479136970681054,0.105
2400,1700,0,8.804417248376772,4.293543953844647,0.9
2400,1701,0,12.29198637975878,2.431749714606468,0.14
2400,1702,0,13.314198660699745,3.1258688484879116,0.895
2400,1703,0,9.697612240516063,1.9954187497081222,0.835
2400,1704,0,7.729767180083311,2.7282720499524515,0.89
2400,1705,0,11.122142712249499,3.5636539347663643,0.9
2400,1706,0,12.057931313243012,3.1912828722898468,0.88
2400,1707,0,11.836363465765704,2.9007664218777762,0.895
2400,1708,0,12.710815680987047,3.4903944699411937,0.9
2400,1709,0,13.366526522909545,3.1135065439553244,0.9
2400,1710,0,10.085619953706624,2.5709545253249644,0.175
2400,1711,0,10.597597356064412,3.235772946312565,0.9
2400,1712,0,10.125951782217909,2.8851464048187836,0.11
2400,1713,0,10.089382179500676,2.5798758060908256,0.1
2400,1714,0,20.95269932165156,4.59352444827239,0.1
2400,1715,0,6.7526470296910555,3.9517836070775303,0.1
2400,1716,0,8.071264925225613,1.9449358897805524,0.895
2400,1717,0,11.259148027738279,4.406410661990634,0.85
2400,1718,0,14.689013150014498,1.874954942422491,0.86
2400,1719,0,17.015898442613654,2.6050594054769505,0.88
2400,1720,0,8.115103571895931,2.8338684571078687,0.865
2400,1721,0,8.973586546663716,2.978292113042613,0.895
2400,1722,0,11.941419500209026,3.5339876453658547,0.89
2400,1723,0,7.585519225377945,2.7588860478790167,0.165
2400,1724,0,13.298665781017801,4.340617860511742,0.88
2400,1725,0,11.700834698035784,3.802710927130093,0.895
2400,1726,0,12.393112615619764,3.032343575801022,0.9
2400,1727,0,9.059120167247308,4.373266004344956,0.9
2400,1728,0,12.09427187685744,1.8942056916667838,0.9
2400,1729,0,10.981054495627163,1.894909916812182,0.11
2400,1730,0,8.908281821647464,3.140751172420053,0.9
2400,1731,0,12.166954930593056,4.489262655786419,0.11
2400,1732,0,6.679089639237871,2.817326393046926,0.78
2400,1733,0,18.58896811092066,3.329703193963951,0.9
2400,1734,0,20.3929214602546,3.1513221424543048,0.9
2400,1735,0,8.44851151233172,2.2733923579057347,0.9
2400,1736,0,9.740196599164403,1.015322644864014,0.88
2400,1737,0,8.25988571669188,3.7625975634327347,0.82
2400,1738,0,6.878075463645557,3.069962283163008,0.11
2400,1739,0,9.183634513036802,2.962782124578922,0.1
2400,1740,0,8.359764522663262,1.2568750587750088,0.9
2400,1741,0,7.2448705855006645,3.7828483081820963,0.895
2400,1742,0,9.225531006942342,5.20106033041543,0.1
2400,1743,0,11.178513631679438,2.7924718648353775,0.1
2400,1744,0,15.233490087705412,3.5035674777063264,0.9
2400,1745,0,10.057291905571356,3.2079152205469086,0.885
2400,1746,0,9.971321820488935,2.6384232426440946,0.84
2400,1747,0,14.838254090021188,3.0990224964963176,0.9
2400,1748,0,12.699745596554507,3.0271271603499628,0.11
2400,1749,0,9.145593682524773,2.9856540351193672,0.845
2400,1750,0,8.426884145151378,2.2544546205562455,0.1
2400,1751,0,12.194575402092854,3.9387026644060796,0.12
2400,1752,0,9.987579261030142,2.763486858641784,0.9
2400,1753,0,12.599728801305794,1.2272142506454031,0.135
2400,1754,0,10.830070846244988,3.6519840113740543,0.13
2400,1755,0,14.91781275610478,4.495263668946947,0.9
2400,1756,0,11.278937562830315,4.354801006096665,0.115
2400,1757,0,9.347372107738325,2.6562036634011577,0.89
2400,1758,0,13.36568837374829,3.504709777645232,0.875
2400,1759,0,8.371800406101004,1.4268284429196143,0.1
2400,1760,0,11.968996460828707,2.663274954650774,0.11
2400,1761,0,10.790935890442244,3.3509866396311594,0.835
2400,1762,0,15.837256571149421,2.0699078334093457,0.13
2400,1763,0,9.60694101273088,7.063653936911862,0.1
2400,1764,0,10.369067905652367,4.822792654448094,0.1
2400,1765,0,12.512360241661469,3.0533298544060727,0.82
2400,1766,0,15.842260686488745,2.7950864735483805,0.1
2400,1767,0,10.50226711658698,1.5295475557490334,0.895
2400,1768,0,8.955176990800796,1.9986646666364294,0.89
2400,1769,0,10.996701343366972,2.2075477120505838,0.835
2400,1770,0,7.9425286944614015,1.8662874633275095,0.9
2400,1771,0,13.473536195520827,2.9081377471271708,0.125
2400,1772,0,13.971957062237943,2.349556589067703,0.1
2400,1773,0,15.681335951318669,3.455220504688228,0.84
2400,1774,0,11.45490033970803,3.1910997929706753,0.835
2400,1775,0,7.161976712383672,3.142817942548959,0.87
2400,1776,0,8.681063502859057,1.9320023657218854,0.895
2400,1777,0,10.979577716770123,2.6629150377779354,0.895
2400,1778,0,12.179953972250056,3.1986052985530478,0.11
2400,1779,0,12.968183813575036,4.81203898144642,0.885
2400,1780,0,14.73562959821103,2.7327725550208015,0.105
2400,1781,0,8.961447943048444,4.039410758322504,0.89
2400,1782,0,9.841723843810886,2.398988919379974,0.11
2400,1783,0,9.92812044751126,2.442420151334801,0.265
2400,1784,0,12.44577677392257,2.3208695549040925,0.105
2400,1785,0,14.953469931385044,3.6469113811520515,0.9
2400,1786,0,9.643181559627935,3.628781915633894,0.115
2400,1787,0,14.337746478027391,3.4607436098433197,0.9
2400,1788,0,8.120586454688771,2.235735620511292,0.1
2400,1789,0,8.088822385767335,3.316418582815217,0.855
2400,1790,0,15.206184990712472,5.465265793843699,0.2
2400,1791,0,11.664869843801338,3.9421941823533757,0.895
2400,1792,0,11.83652571095525,2.237328006360073,0.9
2400,1793,0,7.654787165699127,2.2839033149331556,0.1
2400,1794,0,9.208356937900042,4.372710663876944,0.89
2400,1795,0,6.957704228841735,2.6692034565844125,0.9
2400,1796,0,10.311363406323343,2.2382021947095154,0.885
2400,1797,0,12.773326835634379,2.34047280617915,0.125
2400,1798,0,11.562588852355342,4.169259608496034,0.105
2400,1799,0,13.261377256617903,1.730719023058569,0.875
2400,1800,0,13.461523897751563,4.207638032056238,0.125
2400,1801,0,9.61036035939266,3.152566741882623,0.87
2400,1802,0,7.794209013591998,3.023899618212411,0.11
2400,1803,0,10.453936043396656,2.5635189217073417,0.115
2400,1804,0,11.825180923423394,2.830497274181454,0.86
2400,1805,0,11.131006078652316,2.6017580479120284,0.11
2400,1806,0,9.78171701174339,2.38909697738805,0.855
2400,1807,0,6.826682162663142,1.358981616063204,0.89
2400,1808,0,7.894232318432728,1.9393242679498712,0.9
2400,1809,0,8.08853791305209,2.822344693995049,0.895
2400,1810,0,9.32444206843198,1.5717250673805694,0.88
2400,1811,0,12.857230665617488,3.957369327384086,0.885
2400,1812,0,10.236953892206852,2.7272990581074907,0.115
2400,1813,0,6.851921095618323,4.644495816883065,0.125
2400,1814,0,11.136754266344797,1.7774792166818543,0.1
2400,1815,0,7.744757307512325,4.00559822629063,0.14
2400,1816,0,11.325922649753844,2.9947792516079375,0.125
2400,1817,0,8.445817706910304,4.6921354935005155,0.875
2400,1818,0,10.239679934393354,2.5845702059154263,0.83
2400,1819,0,10.777360723603636,1.7584717421787133,0.11
2400,1820,0,13.454492100151654,2.834597747234824,0.115
2400,1821,0,9.67426198276852,4.313726379980309,0.115
2400,1822,0,9.43344265276725,1.6199638170068198,0.1
2400,1823,0,12.317054051981422,4.788984113440264,0.885
2400,1824,0,11.3847216348585,2.330682405930773,0.885
2400,1825,0,15.92201295406941,3.6515165722860843,0.1
2400,1826,0,10.67046529178498,3.4636338201980976,0.1
2400,1827,0,12.23016898103963,3.366734796036752,0.895
2400,1828,0,11.044974975962134,4.098123789544417,0.9
2400,1829,0,16.14787570533897,3.365417084760125,0.89
2400,1830,0,7.624455354884364,1.8730105730028868,0.835
2400,1831,0,9.014521128529509,3.013380116457398,0.9
2400,1832,0,8.555560359827785,2.666736136141523,0.13
2400,1833,0,7.7612197793127535,4.174697331771426,0.9
2400,1834,0,10.358422422172433,6.408005716711784,0.895
2400,1835,0,10.597923756184583,2.5020198700140384,0.895
2400,1836,0,8.274288609868353,4.7024400206243655,0.815
2400,1837,0,20.123207965861063,4.226105155836279,0.125
2400,1838,0,9.873927607595581,3.690084895284329,0.86
2400,1839,0,15.408541724499402,2.6313984448243843,0.1
2400,1840,0,10.343309190133072,2.722690408513273,0.1
2400,1841,0,11.629644115040662,3.9997001936011856,0.135
2400,1842,0,14.877910956785442,3.695560284813837,0.115
2400,1843,0,9.822167662636934,3.1943935988611116,0.86
2400,1844,0,7.055105379126178,2.799172274339412,0.82
2400,1845,0,11.98531854850767,1.5054307912457432,0.9
2400,1846,0,15.907978371203924,3.423025083026232,0.89
2400,1847,0,10.480458602306763,4.420798281886107,0.1
2400,1848,0,8.37973579527109,3.1228135026289294,0.1
2400,1849,0,9.429637117045619,3.1517035761485346,0.12
2400,1850,0,8.412833377039492,3.565910572748976,0.1
2400,1851,0,16.20959269588264,2.7495793885222497,0.11
2400,1852,0,15.706581765077278,4.315232475611452,0.835
2400,1853,0,11.424814367589704,3.6137505566667727,0.885
2400,1854,0,17.613336687442928,1.1352039917955636,0.1
2400,1855,0,12.919977667370954,3.068522868886703,0.115
2400,1856,0,8.867037043595014,2.2158977145267045,0.895
2400,1857,0,10.661820074259706,1.9080336878740667,0.88
2400,1858,0,13.20804216535663,2.971315152058196,0.895
2400,1859,0,10.482030761040065,2.700354210934819,0.89
2400,1860,0,14.316175977883569,3.904810158125116,0.1
2400,1861,0,10.933774030928813,1.963487322081292,0.115
2400,1862,0,13.33350118660049,2.5241905093075445,0.105
2400,1863,0,5.4103349255740785,3.0883020956391505,0.885
2400,1864,0,12.235848343525648,4.175496248047494,0.1
2400,1865,0,9.866771248809478,2.664025605269771,0.895
2400,1866,0,16.20267436663332,3.4194485321819457,0.895
2400,1867,0,14.067235935081916,3.4039289258778638,0.115
2400,1868,0,8.28295915922507,3.8056471328012265,0.83
2400,1869,0,11.023236257961507,3.8927928209112395,0.105
2400,1870,0,8.83638062621632,4.144632369439449,0.1
2400,1871,0,8.915957090370009,3.1727109321760594,0.89
2400,1872,0,8.31710076329376,2.0921862300664174,0.1
2400,1873,0,11.501502507943542,1.868661937044891,0.9
2400,1874,0,8.82659914754001,6.006401351926272,0.1
2400,1875,0,6.538153362793971,2.9163649768928934,0.1
2400,1876,0,12.81609018905801,2.923853995069692,0.9
2400,1877,0,10.021467780703418,3.9819806181633055,0.88
2400,1878,0,12.065376787135556,2.854241455021622,0.9
2400,1879,0,8.814494178357753,2.33215990915987,0.105
2400,1880,0,13.543407241134489,2.7084569664381775,0.9
2400,1881,0,9.061010852489595,2.0630187407647327,0.9
2400,1882,0,16.85801672628081,2.4793183635335225,0.9
2400,1883,0,8.821634444276633,3.3017007167256196,0.885
2400,1884,0,9.255524737144896,2.9191473509840193,0.9
2400,1885,0,11.508590906816211,4.228429116962218,0.1
2400,1886,0,9.181314079093212,3.5034845772859313,0.12
2400,1887,0,10.686883914029599,0.9210029063741132,0.115
2400,1888,0,9.098716286182956,6.274774009158435,0.84
2400,1889,0,12.051702912190864,2.556998311971981,0.84
2400,1890,0,14.045805874065566,2.234041808413778,0.1
2400,1891,0,10.220213420639558,2.0984980116033114,0.105
2400,1892,0,9.087282165839309,1.4162940166176696,0.135
2400,1893,0,9.095382272903146,3.179767917338694,0.895
2400,1894,0,16.879079117033037,2.8656982529692954,0.12
2400,1895,0,9.849246354986187,2.95168215736048,0.1
2400,1896,0,12.455669166167088,2.526975877399451,0.895
2400,1897,0,13.39068734565906,3.2259108402612924,0.9
2400,1898,0,11.371930174282499,2.2181995862961656,0.84
2400,1899,0,11.615397636973663,1.7192345542639487,0.1
2400,1900,0,16.39513419264969,2.9297904934526997,0.1
2400,1901,0,10.01469132872541,2.578298882976071,0.125
2400,1902,0,10.13251028632594,4.345821636562874,0.875
2400,1903,0,15.79073735561721,2.2237993946987444,0.9
2400,1904,0,10.66050979096433,4.60721230990373,0.885
2400,1905,0,12.339934267345313,3.6490555940520863,0.12
2400,1906,0,11.742077233384835,2.9671080015454265,0.1
2400,1907,0,11.286900807094224,2.386054220553291,0.83
2400,1908,0,10.612776199588497,3.4971432230399557,0.11
2400,1909,0,8.177881339584127,4.512303029923004,0.1
2400,1910,0,9.543485101241345,3.044761386210837,0.9
2400,1911,0,12.598416400811951,3.936222868857442,0.1
2400,1912,0,11.073405564052301,2.5527604128491532,0.9
2400,1913,0,6.6686773181185375,3.3806396504747482,0.89
2400,1914,0,8.058230036848489,3.8495209285507315,0.105
2400,1915,0,8.419103956831782,2.1695395501549086,0.105
2400,1916,0,7.905786132415284,2.643065567787062,0.865
2400,1917,0,8.034808885277442,3.8082696059252186,0.18
2400,1918,0,10.917026667302395,1.8630622766433902,0.11
2400,1919,0,15.727146323990839,4.188245614906805,0.1
2400,1920,0,14.017394690903734,3.447098405721505,0.87
2400,1921,0,6.489255170356168,5.5661243067643085,0.845
2400,1922,0,16.132952296215493,3.444885911614648,0.9
2400,1923,0,11.457729275018892,3.480996698593941,0.895
2400,1924,0,13.90248069223923,2.1608480256617213,0.11
2400,1925,0,11.437628176350962,2.8223939640987794,0.9
2400,1926,0,8.8238019799455,3.2947043490025862,0.9
2400,1927,0,10.53326583062681,3.36035852569303,0.9
2400,1928,0,12.662057780586053,4.222194496734133,0.9
2400,1929,0,9.191098359690415,2.5730269532054706,0.215
2400,1930,0,9.03505096757396,6.3057800523058205,0.1
2400,1931,0,7.460401957485916,5.581166575516505,0.105
2400,1932,0,10.879727390189586,1.9346352048344784,0.865
2400,1933,0,8.885265605818553,1.9774641783573799,0.9
2400,1934,0,13.651122193707616,2.273149949012776,0.1
2400,1935,0,13.355900286946714,4.532697401024777,0.9
2400,1936,0,6.731146243864409,1.492009813262385,0.105
2400,1937,0,8.870163542972854,3.1059038657073046,0.875
2400,1938,0,16.813719238300298,2.983631705485479,0.895
2400,1939,0,9.950322216501156,2.168735008969236,0.115
2400,1940,0,11.540295723406226,1.75455672650493,0.1
2400,1941,0,19.2787837083873,4.53590976603131,0.88
2400,1942,0,14.347212408050893,3.93084299387354,0.9
2400,1943,0,12.952382665347784,2.3973936167880794,0.13
2400,1944,0,11.245023448237474,1.0740349463091547,0.105
2400,1945,0,8.710900066990295,3.4280116336365296,0.885
2400,1946,0,10.937833084857377,1.6070687239025716,0.145
2400,1947,0,11.243280956585968,1.6040190974482726,0.115
2400,1948,0,6.547867235595196,2.393114010429187,0.11
2400,1949,0,8.823816155269764,1.6164272284306946,0.89
2400,1950,0,15.416391353349683,4.754528560988547,0.1
2400,1951,0,9.558706491505404,2.7508776510522637,0.9
2400,1952,0,10.99273469806981,2.426848850859642,0.9
2400,1953,0,9.288400287594405,2.800803595226853,0.895
2400,1954,0,11.706875531094122,2.4218846171176978,0.86
2400,1955,0,8.138239744239108,2.6334114999166047,0.105
2400,1956,0,15.895729179342663,3.472495727159952,0.895
2400,1957,0,10.04063612079246,2.2543525044540047,0.125
2400,1958,0,9.713152628344641,2.8867270246340837,0.105
2400,1959,0,9.01648197472464,3.3562022593198293,0.115
2400,1960,0,8.865001281137996,3.7996545850290886,0.115
2400,1961,0,13.23186206137742,4.243732538843403,0.895
2400,1962,0,8.652195238671078,3.666168818021731,0.1
2400,1963,0,16.77636220713268,2.2061156899379597,0.1
2400,1964,0,8.618688501141884,2.47222128997322,0.1
2400,1965,0,9.017408140519665,4.334693965909153,0.145
2400,1966,0,11.895375693990186,2.7914167784672372,0.885
2400,1967,0,24.468301178603834,3.0943165395537875,0.88
2400,1968,0,7.586145975115155,2.985937478790035,0.115
2400,1969,0,14.322870866939825,5.331219870634385,0.1
2400,1970,0,9.243609758670317,2.57547396087503,0.9
2400,1971,0,11.581130260676815,1.7485496871781692,0.9
2400,1972,0,8.040440119319145,2.628182292930248,0.1
2400,1973,0,13.758485788484252,1.4702916629314444,0.865
2400,1974,0,7.459332861355827,2.3044421321976927,0.115
2400,1975,0,8.387972870935318,4.024291041960382,0.88
2400,1976,0,10.819962802671165,5.401819582098,0.1
2400,1977,0,10.12693045623749,2.465577704336397,0.1
2400,1978,0,9.167898437934952,4.552674071640084,0.9
2400,1979,0,11.630651720682152,1.764293462302291,0.9
2400,1980,0,17.892788324656177,3.5028939503945367,0.13
2400,1981,0,10.72074488331971,3.0180993202648665,0.9
2400,1982,0,16.213061807743326,4.718838875493603,0.86
2400,1983,0,15.479875218997563,3.25331049247346,0.9
2400,1984,0,15.325074136617381,3.4672026191557848,0.89
2400,1985,0,7.42802132329258,4.210021392606222,0.11
2400,1986,0,11.665952775358493,1.878133436735041,0.11
2400,1987,0,12.356745878538506,3.099511666998822,0.1
2400,1988,0,10.412528721556875,3.54765576959295,0.205
2400,1989,0,6.302668431402645,5.158341621697815,0.345
2400,1990,0,7.744805023162374,4.4908963470774665,0.81
2400,1991,0,14.205597423136792,1.647879645165773,0.88
2400,1992,0,11.00222238321925,2.6437036326871777,0.875
2400,1993,0,10.243698877236332,2.0628179783287237,0.88
2400,1994,0,13.380572804579815,2.9213044753340967,0.1
2400,1995,0,10.079927146864804,4.9070496040148015,0.9
2400,1996,0,12.527167597014639,2.172838827942414,0.9
2400,1997,0,10.9511453386506,3.7518147396042423,0.105
2400,1998,0,10.331266821117495,2.798193850207298,0.9
2400,1999,0,9.230467887083195,4.617184204078129,0.1
9600,0,0,10.463205107924127,2.1117523411135153,0.1
9600,1,0,7.538323611907174,4.193741693788411,0.9
9600,2,0,15.75987842730342,4.546853655402572,0.9
9600,3,0,14.3170274569265,2.6238018112877626,0.895
9600,4,0,12.92316282592907,3.0796841770481365,0.1
9600,5,0,7.909674975628545,2.955693270558868,0.165
9600,6,0,8.362351933622346,4.100834123903496,0.835
9600,7,0,14.090845671054526,2.3272140457237356,0.1
9600,8,0,8.087200097613023,3.069403300857232,0.1
9600,9,0,8.495918434721972,3.695553901214055,0.9
9600,10,0,7.507165182933588,2.395024087695674,0.885
9600,11,0,8.155723932622582,4.865430740404975,0.885
9600,12,0,6.394742161934855,2.1498322700622907,0.885
9600,13,0,16.9255744272931,4.31320769102399,0.9
9600,14,0,7.6784268496723485,1.6167255383663814,0.9
9600,15,0,4.168586541619561,1.941851241861059,0.2
9600,16,0,8.163970951994607,2.4045990425832997,0.105
9600,17,0,10.358030668993338,3.2029751627291603,0.1
9600,18,0,13.730067014545853,3.9368459909468356,0.9
9600,19,0,8.763576299175417,2.169148394433762,0.105
9600,20,0,14.326738969118175,3.9459787111397304,0.12
9600,21,0,16.385227677555037,4.439106184148045,0.9
9600,22,0,11.768478315531132,4.032943904645947,0.88
9600,23,0,12.686913620600334,3.3640005169658593,0.175
9600,24,0,9.364842277406495,3.267868265515972,0.9
9600,25,0,13.520195103758713,3.1137210050133035,0.89
9600,26,0,15.104372732179032,3.4659095003490847,0.1
9600,27,0,11.420672915914027,2.8957814408684612,0.1
9600,28,0,12.794102366920583,3.319120451145352,0.9
9600,29,0,11.708534044388623,2.713610991834514,0.135
9600,30,0,13.51875534704746,2.1439426475680534,0.9
9600,31,0,12.678640787900266,3.1171183850844386,0.1
9600,32,0,14.491325886478629,2.71842387722927,0.86
9600,33,0,14.352683239989782,2.553585636077571,0.895
9600,34,0,11.439483577096327,5.033769050974968,0.87
9600,35,0,8.277024640312618,1.499906658975192,0.9
9600,36,0,11.915303480091097,1.1288297531919511,0.9
9600,37,0,13.066280463827852,2.512446923212508,0.125
9600,38,0,8.574856420908983,2.4205067961830196,0.87
9600,39,0,12.758428541336146,5.324111890298866,0.1
9600,40,0,14.572116157107962,2.8160574790106807,0.885
9600,41,0,8.965138357484966,2.3162573464148295,0.895
9600,42,0,6.025340946796631,1.9355228014802606,0.81
9600,43,0,12.485502914451725,2.9526927020356197,0.115
9600,44,0,12.863827797783218,2.4644158106767122,0.1
9600,45,0,15.008930182841313,2.924654138453775,0.1
9600,46,0,13.900727698647195,4.044294674851301,0.165
9600,47,0,23.621151948838808,2.2856690137032842,0.13
9600,48,0,9.029232214970639,2.392320340658216,0.885
9600,49,0,9.683279412925035,3.196357630790203,0.89
9600,50,0,5.765048236447527,3.0425301853398423,0.875
9600,51,0,26.874106309221652,3.8568625067270546,0.895
9600,52,0,13.264542252573648,2.207841649216391,0.9
9600,53,0,11.55178832807735,2.7996595010890246,0.9
9600,54,0,11.054120376173984,2.96683536595026,0.9
9600,55,0,8.258811098089572,3.6085781780869297,0.89
9600,56,0,8.691887646611038,5.190875127334493,0.1
9600,57,0,14.100287280224537,3.6877051619256918,0.1
9600,58,0,9.94546429594354,3.200883620924344,0.89
9600,59,0,12.120178568368518,4.095112550864144,0.1
9600,60,0,5.411988829619504,3.790238975084037,0.1
9600,61,0,11.579707142117911,2.5740726017289717,0.865
9600,62,0,8.572854615879466,2.9009901310558917,0.895
9600,63,0,5.507808717049319,2.1698970693435626,0.125
9600,64,0,11.181926658529632,3.2273756912090334,0.175
9600,65,0,15.349957209677997,2.491240592296151,0.1
9600,66,0,7.583223398038826,3.9324831795099158,0.1
9600,67,0,8.226822094383548,6.182971298927953,0.11
9600,68,0,7.515147075140249,2.7461710315208165,0.89
9600,69,0,13.68754657410112,3.5007519643158957,0.89
9600,70,0,9.185306050258077,2.6260142321774538,0.9
9600,71,0,11.73171791190369,3.0691362985692194,0.105
9600,72,0,6.230616246945528,2.319906736448729,0.225
9600,73,0,12.101687894417807,2.0391468288551096,0.9
9600,74,0,19.971923625671398,2.542147748043533,0.865
9600,75,0,12.164838395567429,2.163436638655014,0.87
9600,76,0,10.64082007273612,4.199474089129751,0.1
9600,77,0,5.924669070181779,5.045090161402754,0.1
9600,78,0,10.10571403196437,4.0751761197981295,0.1
9600,79,0,11.506788981526912,2.3730316217609015,0.1
9600,80,0,7.461565069034683,3.5427868350254244,0.775
9600,81,0,15.989059139023933,5.3002523547249325,0.885
9600,82,0,20.217609175053074,4.213066831506751,0.11
9600,83,0,10.434947120176616,2.2087576391072616,0.9
9600,84,0,8.826010348635975,3.1721598575501275,0.9
9600,85,0,8.649224093563534,3.1276889168793787,0.1
9600,86,0,13.32167981375567,2.4962928156057274,0.135
9600,87,0,10.255616608885992,3.5459459983243846,0.89
9600,88,0,9.784069727135348,3.769585391425778,0.865
9600,89,0,15.220490829705923,1.5132600652961514,0.895
9600,90,0,8.992015170845777,3.0227526038089536,0.1
9600,91,0,9.367053130107049,3.0291690259289794,0.89
9600,92,0,12.3865524229885,3.5429495613016115,0.11
9600,93,0,10.821438850661877,3.476650631213829,0.9
9600,94,0,10.226248799328346,3.32055933784261,0.9
9600,95,0,11.62840691886165,2.5330247719708154,0.105
9600,96,0,9.687944734708935,3.624137880515832,0.9
9600,97,0,8.615171266007266,2.725764744079129,0.895
9600,98,0,10.800493191732732,1.3653478709017008,0.835
9600,99,0,9.849207480371822,2.370464549727558,0.105
9600,100,0,17.72983321320723,3.41382557005403,0.9
9600,101,0,14.87058997880101,3.5498935969030754,0.88
9600,102,0,15.702902494705599,3.785740798242898,0.1
9600,103,0,11.960809570048212,5.61430480463514,0.775
9600,104,0,11.87957925891368,1.9988006482250853,0.9
9600,105,0,9.453958152334254,2.527466160313452,0.1
9600,106,0,11.94552184720465,4.636197866574321,0.105
9600,107,0,9.298559338381002,2.897021335041927,0.105
9600,108,0,10.219705393519689,3.657177831510694,0.8
9600,109,0,10.695413755632757,4.315088767553732,0.9
9600,110,0,14.065601799010631,2.8414075073015965,0.13
9600,111,0,12.48400327041395,4.587571621779318,0.9
9600,112,0,8.460201054267744,2.886837609213444,0.1
9600,113,0,8.196224795314182,3.124377035771886,0.1
9600,114,0,14.83243642133453,2.2782376522016534,0.875
9600,115,0,12.074741925147126,3.7624808501291795,0.135
9600,116,0,8.213157367213993,2.898297344910361,0.88
9600,117,0,17.383151080593407,4.233067095296406,0.885
9600,118,0,7.80064035792151,3.6785180908367465,0.1
9600,119,0,10.59882232049676,2.5033726725411043,0.88
9600,120,0,12.933363341995925,3.591825618751443,0.895
9600,121,0,11.112034435474431,4.532930117602518,0.785
9600,122,0,9.751785045562968,2.871511683110839,0.9
9600,123,0,7.506257357850855,3.2822159415232477,0.105
9600,124,0,18.059062649767895,5.020344683586586,0.89
9600,125,0,8.25886093387515,3.294561055369627,0.875
9600,126,0,9.259197129196792,5.63650571168921,0.9
9600,127,0,15.981345722467353,3.0964944817824858,0.9
9600,128,0,13.40386924211914,3.940005728655649,0.885
9600,129,0,14.293597949395151,4.20926209659882,0.1
9600,130,0,8.350253319053975,1.5683762903478282,0.87
9600,131,0,9.657093804203095,4.634900135167186,0.14
9600,132,0,7.497544059344251,3.4113787225166448,0.1
9600,133,0,10.201785615629655,5.025419363032313,0.86
9600,134,0,13.47913853139545,4.018416287964044,0.9
9600,135,0,10.659610733754176,1.5478152035754533,0.105
9600,136,0,11.259171394204706,2.9367371412888588,0.895
9600,137,0,8.746486015432282,3.4223397989279647,0.9
9600,138,0,6.897370824712397,2.4495722968367772,0.9
9600,139,0,10.15660402761995,2.4904726926919807,0.1
9600,140,0,9.91499322195199,2.0249820625735993,0.11
9600,141,0,12.144313874650507,2.802473704628028,0.105
9600,142,0,13.106521314441864,1.5292868723562947,0.9
9600,143,0,11.316132432702023,3.1660543375309658,0.87
9600,144,0,18.390444004418594,3.0956227412531234,0.12
9600,145,0,11.791839668654035,2.7202557614970146,0.89
9600,146,0,11.924115634829493,2.580750543828003,0.1
9600,147,0,9.267578026745866,2.6106606523811138,0.9
9600,148,0,8.408571779447556,3.330354018518733,0.9
9600,149,0,7.417891900506966,1.7623248180711926,0.88
9600,150,0,9.214438522802242,1.8884562458438836,0.11
9600,151,0,8.58499856662391,4.497995686340062,0.9
9600,152,0,9.457479926072807,2.753587531191215,0.9
9600,153,0,12.22102644392294,2.6443770608153727,0.1
9600,154,0,6.334568280004902,2.1355979906815037,0.9
9600,155,0,9.822256431140259,3.3642258003482084,0.13
9600,156,0,8.503231743275242,2.1553556566530574,0.845
9600,157,0,13.523187704171988,3.4086254941854577,0.9
9600,158,0,11.211168049146126,2.7656442882346255,0.81
9600,159,0,11.386333031228448,1.423393632187242,0.1
9600,160,0,14.067837372357845,2.4392408015870615,0.1
9600,161,0,8.513798599878719,2.632967479307524,0.835
9600,162,0,11.039838567547795,2.507397146086987,0.89
9600,163,0,10.904359184818022,2.584703585830539,0.1
9600,164,0,19.825377676137368,3.709874487982745,0.105
9600,165,0,12.14223657716332,2.425751214104821,0.105
9600,166,0,9.859344882584509,2.897622346088724,0.13
9600,167,0,6.788006560151659,3.829856594886394,0.875
9600,168,0,10.721175699694925,4.238598791519621,0.9
9600,169,0,9.828807686116114,2.855557393820618,0.89
9600,170,0,11.5050616884011,3.403975665239045,0.9
9600,171,0,7.447887661703447,1.617483071150616,0.9
9600,172,0,10.120340344459219,3.4355973338549006,0.185
9600,173,0,10.660561807589302,3.841641678054941,0.895
9600,174,0,5.8654216874578315,2.1702450771613258,0.84
9600,175,0,12.864719548210195,2.8695729336064346,0.105
9600,176,0,15.26587609702289,3.4072085811772013,0.895
9600,177,0,9.216534976183938,3.3061163404738636,0.1
9600,178,0,10.177976639115291,1.6019458576593593,0.165
9600,179,0,6.036587147875706,2.151368609484905,0.8
9600,180,0,9.239930783211172,2.7874437471979263,0.115
9600,181,0,12.085537358806846,4.692061047970242,0.9
9600,182,0,8.544592192515523,4.742775645317465,0.9
9600,183,0,11.230090168983388,3.178604550282671,0.105
9600,184,0,10.834301732519123,1.3951366468361925,0.9
9600,185,0,7.150832051893846,2.0790843341472964,0.18
9600,186,0,13.1505865833456,2.4603130450103095,0.105
9600,187,0,10.371342736303575,2.0016495805961654,0.9
9600,188,0,9.339102684528402,2.369175281732794,0.105
9600,189,0,15.887638722184706,3.2842787182332245,0.105
9600,190,0,12.572057907249643,2.953221845864107,0.115
9600,191,0,6.34750097788583,4.190148620727996,0.1
9600,192,0,10.132993274034254,2.954006185152025,0.105
9600,193,0,12.667968430450005,3.724493969932041,0.1
9600,194,0,9.378807535336291,3.0456857057245657,0.875
9600,195,0,12.591917273834083,4.503017627210681,0.195
9600,196,0,10.52963183094459,4.397378146350661,0.885
9600,197,0,9.561262450437747,1.5285374520544792,0.895
9600,198,0,10.927383165863665,4.848609935581294,0.11
9600,199,0,8.169745590982105,3.1732910531076186,0.895
9600,200,0,9.466906385622337,3.0758284940731073,0.135
9600,201,0,14.153747956825603,3.024116298455226,0.885
9600,202,0,9.196255547159241,5.013163990780356,0.105
9600,203,0,5.766456865861187,2.3325883506970513,0.9
9600,204,0,8.151490821126467,2.009793110440228,0.875
9600,205,0,5.554159523555897,2.3703249329102505,0.135
9600,206,0,10.511476688631804,2.6715692043836725,0.1
9600,207,0,11.432279397265717,3.0944306103023678,0.9
9600,208,0,8.441347994550943,3.82643124337676,0.885
9600,209,0,10.753200391595044,3.6529811457597816,0.11
9600,210,0,9.668543407006434,3.3495727913276596,0.115
9600,211,0,11.8469085738559,2.1469243707926466,0.1
9600,212,0,7.064122977419203,2.3869373856740594,0.9
9600,213,0,11.296682657755623,3.4562497576388296,0.855
9600,214,0,12.171185947176895,4.025325679695868,0.9
9600,215,0,19.25531821834568,2.516662783675372,0.9
9600,216,0,12.178115115036547,3.362971599351283,0.9
9600,217,0,10.322681427140136,2.2747964883976124,0.105
9600,218,0,8.033996306896475,2.148681080757342,0.125
9600,219,0,7.789168836489036,3.5992196285207,0.125
9600,220,0,10.839786386170687,1.6125185820129673,0.9
9600,221,0,9.938033145623757,2.982309969534924,0.895
9600,222,0,10.846900399855087,2.813266538019832,0.885
9600,223,0,14.693911247669575,2.9778363658692797,0.9
9600,224,0,13.251087057302005,5.563837230954505,0.15
9600,225,0,9.938420854189618,2.8254387911772483,0.1
9600,226,0,17.99134106486472,3.6596520356056317,0.89
9600,227,0,7.208681281188802,5.042002864375661,0.9
9600,228,0,9.150501003263605,3.5796143874463837,0.19
9600,229,0,6.859743295950413,3.1424222744234953,0.125
9600,230,0,10.428135087007277,1.9649185742466102,0.87
9600,231,0,9.365856133308414,1.6153543148647032,0.115
9600,232,0,12.362853881504895,2.4101224764152107,0.135
9600,233,0,13.62957904063336,5.498153330945854,0.9
9600,234,0,14.58435540910434,2.8910344713395375,0.105
9600,235,0,10.866493952776324,3.0609344298937913,0.9
9600,236,0,13.622660215723243,4.477210422977862,0.9
9600,237,0,9.141070072918042,3.0785746902651567,0.1
9600,238,0,10.570756296255725,2.7745890122957917,0.1
9600,239,0,11.96858513093797,3.1416525667211204,0.11
9600,240,0,18.814647338536297,2.2403807116475605,0.86
9600,241,0,14.835927931430321,2.5200931015760375,0.1
9600,242,0,8.665832464530043,2.442629550789377,0.1
9600,243,0,9.663499388578249,2.889962729292961,0.16
9600,244,0,13.323434648269767,3.104344215437038,0.9
9600,245,0,8.539472373654935,3.976679648586412,0.875
9600,246,0,13.85979755768294,1.9556950995692546,0.875
9600,247,0,10.835233064306493,2.1894909938978913,0.9
9600,248,0,10.153493355793588,3.246936839946102,0.1
9600,249,0,13.328548303048201,3.4377917115264722,0.895
9600,250,0,12.76166825893728,2.834704712826408,0.14
9600,251,0,18.5672611139098,2.889592380029171,0.145
9600,252,0,12.617381524502635,3.134931981945499,0.1
9600,253,0,11.801264883565496,4.156173796694418,0.1
9600,254,0,4.520765781452814,2.2558121992574343,0.855
9600,255,0,9.29252097492304,3.048558467503426,0.11
9600,256,0,12.443745633737425,2.990888943921277,0.105
9600,257,0,8.901114937560767,2.3793815393958084,0.89
9600,258,0,14.961962009533485,3.149372343717971,0.86
9600,259,0,11.4594490384944,3.25772072743149,0.1
9600,260,0,7.935848656275933,5.591393364935016,0.105
9600,261,0,6.954604026248108,4.381500919606651,0.83
9600,262,0,12.946791249713348,5.761873509210602,0.135
9600,263,0,7.28871449634795,6.123561825849322,0.9
9600,264,0,11.976807781309164,2.2477971625164628,0.1
9600,265,0,10.520318370038666,6.118268543616523,0.9
9600,266,0,7.467963387097854,3.845068514303307,0.1
9600,267,0,10.035189750042834,4.358829136214126,0.1
9600,268,0,12.74011588153263,2.3002772426551132,0.895
9600,269,0,10.914365044349177,2.7885143855257866,0.895
9600,270,0,7.3352057888124085,4.376174371934383,0.78
9600,271,0,10.68024719720569,2.826531896576512,0.1
9600,272,0,12.084763146045105,2.9510383713088117,0.9
9600,273,0,10.254389432979341,2.7018544062968886,0.88
9600,274,0,17.290145756126805,4.499452831306883,0.885
9600,275,0,10.031782296900786,3.1259498447695933,0.9
9600,276,0,18.548177691089055,4.443333555910556,0.1
9600,277,0,9.185626265132216,1.8706946582938144,0.1
9600,278,0,15.358113252900171,4.00327114882657,0.105
9600,279,0,8.360170843090481,4.6369635844783375,0.11
9600,280,0,11.2335476816277,2.6878730146492558,0.1
9600,281,0,8.684858426840947,4.1906289313374145,0.9
9600,282,0,11.89954493173919,2.0695609375863455,0.865
9600,283,0,8.574756324463538,2.1213300251844203,0.11
9600,284,0,9.212829691587672,2.9800074057718007,0.9
9600,285,0,9.855374857474715,2.5490445795995242,0.9
9600,286,0,9.21773653170206,2.379992051092472,0.1
9600,287,0,13.695917866370175,3.8783426188032877,0.85
9600,288,0,14.629908891211727,3.358259061450042,0.9
9600,289,0,16.978182295310372,2.715492248380258,0.13
9600,290,0,12.683829358249314,4.210131181511656,0.1
9600,291,0,10.116389398576711,4.224731765451395,0.86
9600,292,0,17.226808594356417,4.487529203657914,0.1
9600,293,0,7.283211282166634,3.7177084308254393,0.1
9600,294,0,14.168203538183654,1.9242463932869214,0.895
9600,295,0,6.904146225421358,2.38951253743096,0.1
9600,296,0,10.732586686097468,3.0723954150488453,0.13
9600,297,0,16.47500212474256,2.430258702742094,0.9
9600,298,0,5.025459057492515,2.967467928074541,0.805
9600,299,0,12.757658688505938,6.481615393495588,0.105
9600,300,0,9.0717223577322,3.41391239086164,0.875
9600,301,0,6.841042357557115,2.790723740243095,0.1
9600,302,0,13.620008810533063,5.7644394727546455,0.11
9600,303,0,9.348632944535353,1.6577378001557008,0.9
9600,304,0,9.359246880686053,4.1026223359310166,0.11
9600,305,0,7.137027242118283,2.7023918477567577,0.11
9600,306,0,11.451152488310898,3.7388260536886264,0.1
9600,307,0,6.765954944043139,2.5908903214769907,0.145
9600,308,0,14.371983436857933,3.776757198953362,0.1
9600,309,0,12.104555263335726,3.489996189058786,0.145
9600,310,0,11.306044985487855,4.998526928500269,0.895
9600,311,0,11.543145029570354,2.3958790395468554,0.9
9600,312,0,12.44449523118277,2.41701268198824,0.9
9600,313,0,7.176874883043781,2.49083293180945,0.1
9600,314,0,14.35038049160465,3.095808026546365,0.885
9600,315,0,11.779717697574199,3.08427225831025,0.9
9600,316,0,10.80962077908345,2.9541986108796436,0.11
9600,317,0,18.451257846653753,5.566245747736787,0.885
9600,318,0,19.48871916225611,2.818585305701049,0.115
9600,319,0,7.123430116145078,2.756488063971574,0.89
9600,320,0,7.398947925942786,3.5478463457621956,0.84
9600,321,0,11.793892902014848,5.148946523087261,0.1
9600,322,0,7.874148662591473,3.740916366839997,0.89
9600,323,0,10.518068498656987,1.8709181260021523,0.9
9600,324,0,8.810875021022122,1.469439935819139,0.88
9600,325,0,11.155564391295224,1.915575189427443,0.89
9600,326,0,15.472342550499969,3.9504141538174053,0.87
9600,327,0,12.582631448691723,1.4044152963307965,0.13
9600,328,0,5.825597262213479,3.0086547816225107,0.1
9600,329,0,12.639754784217276,3.25783235574022,0.1
9600,330,0,7.354788717288553,4.381842802732194,0.84
9600,331,0,7.768152246322401,3.015722603913673,0.11
9600,332,0,11.086171430967228,4.699932517023342,0.1
9600,333,0,10.587537643483282,2.144473522479018,0.845
9600,334,0,15.13676422050324,2.5909351777983147,0.1
9600,335,0,8.228090910634181,3.004614872760669,0.105
9600,336,0,8.215495593667727,4.5185570512558115,0.1
9600,337,0,5.932819671389375,2.9440804497610884,0.775
9600,338,0,9.050224494215513,2.126531371256135,0.9
9600,339,0,10.205977312772784,2.607799566783342,0.11
9600,340,0,15.86184971718716,3.6636940401692186,0.115
9600,341,0,13.149771777806194,3.7116522102422778,0.895
9600,342,0,7.302417930426941,1.8383386901788867,0.9
9600,343,0,11.360653375823185,1.630406904929771,0.895
9600,344,0,10.901417815547633,1.9550742127819376,0.1
9600,345,0,14.282961058111706,2.9462355157320985,0.895
9600,346,0,10.095271005249629,4.80254013899355,0.9
9600,347,0,11.536334134519848,3.3278239670480048,0.9
9600,348,0,4.211539107184561,3.215958595157531,0.82
9600,349,0,7.64733654559461,2.4277911616053416,0.115
9600,350,0,14.488486748466444,2.4320849320005777,0.1
9600,351,0,8.891249597536174,2.313260848602283,0.89
9600,352,0,7.571486566804152,2.545565365826974,0.115
9600,353,0,7.307663092010729,2.7877394849426196,0.1
9600,354,0,14.595506729833966,2.8592033477849554,0.15
9600,355,0,8.74073312005365,4.080026489367583,0.1
9600,356,0,13.929219242476222,4.856664243099829,0.11
9600,357,0,10.133228514802308,3.507638619350928,0.15
9600,358,0,7.584256780098429,4.286607499057027,0.1
9600,359,0,6.182890890541871,3.3952216089431886,0.1
9600,360,0,14.719049052545332,3.837765130170112,0.1
9600,361,0,7.867228622190334,4.214839018456473,0.675
9600,362,0,10.417033361904656,1.8699909610887744,0.895
9600,363,0,15.646673266337103,4.387243575970956,0.9
9600,364,0,13.670539498081464,6.544969486432706,0.11
9600,365,0,7.619009927832125,4.423686805874638,0.245
9600,366,0,12.365868210112156,3.6960026280596026,0.1
9600,367,0,10.957209589263783,1.4811124543527399,0.9
9600,368,0,6.371706124274824,3.090792869535619,0.1
9600,369,0,9.431258430727937,2.703523278049147,0.785
9600,370,0,5.924605275087849,2.6285296146781434,0.19
9600,371,0,8.675612359778883,4.448133312440916,0.1
9600,372,0,9.92826855307871,2.36457226167488,0.89
9600,373,0,12.03626704763587,2.0806306618723625,0.885
9600,374,0,5.136569806877341,2.8526007133862663,0.835
9600,375,0,13.611928641405628,2.134150746356056,0.895
9600,376,0,10.05637020871106,1.569909780708656,0.1
9600,377,0,10.071736487292993,1.840152398189332,0.84
9600,378,0,7.800995513795531,3.6842968976799284,0.125
9600,379,0,8.423423055047579,1.7473371416997452,0.9
9600,380,0,10.97564042531218,3.1678674631720583,0.1
9600,381,0,11.12480432896358,2.923740056924373,0.135
9600,382,0,12.9110479653512,2.2716619089450774,0.105
9600,383,0,5.652173329379927,1.6821210067263337,0.11
9600,384,0,13.346048814031851,2.949313307765067,0.86
9600,385,0,11.961623852238292,2.741813122005965,0.1
9600,386,0,17.053845922909556,2.920968382105116,0.105
9600,387,0,5.38240028231949,3.079506527788567,0.88
9600,388,0,11.615682425287828,5.004716369928985,0.75
9600,389,0,10.917352072527805,3.257579818293266,0.89
9600,390,0,10.611009070357719,4.036528587886323,0.895
9600,391,0,8.097851753083942,2.5671962852868546,0.115
9600,392,0,13.53439718730698,1.9834347896534155,0.1
9600,393,0,14.748956232122294,3.2466354816264698,0.875
9600,394,0,6.2180494614804935,2.027195725149511,0.88
9600,395,0,7.340479468140717,2.015740300304003,0.105
9600,396,0,13.129175494645297,2.4564509030227555,0.1
9600,397,0,10.023859109849957,1.9748296966611179,0.11
9600,398,0,17.116231121632435,3.686045533974891,0.115
9600,399,0,7.523579203752812,1.4085641777398905,0.13
9600,400,0,17.75644985616017,3.298953316806319,0.895
9600,401,0,12.592774803872262,2.5480314835263584,0.1
9600,402,0,6.180719768311432,2.842124720146444,0.105
9600,403,0,8.189370032661003,2.656321212573687,0.9
9600,404,0,11.106286800910398,1.738513153286192,0.1
9600,405,0,10.6966965268544,1.9509629269634843,0.865
9600,406,0,9.201544896481582,2.4833437370006095,0.115
9600,407,0,6.891313223925805,2.7601659662039424,0.105
9600,408,0,10.935640972807278,2.821241473044722,0.81
9600,409,0,6.224822930522361,2.159628478680986,0.875
9600,410,0,9.502704447789064,2.1192865648373527,0.83
9600,411,0,9.303592190191114,3.138964337033201,0.89
9600,412,0,12.006986468780408,3.668590390267923,0.84
9600,413,0,9.979596333670228,2.600077665555034,0.12
9600,414,0,11.793808082488086,3.2792008194107325,0.1
9600,415,0,9.065558472170528,2.3813933813059407,0.11
9600,416,0,13.684772256577844,3.659856345944945,0.9
9600,417,0,8.420134144646825,4.1700881132328504,0.12
9600,418,0,11.504795549504374,3.4276047788807773,0.89
9600,419,0,14.674320849065767,3.017159037814565,0.1
9600,420,0,10.949923875876973,2.3269229027803817,0.89
9600,421,0,13.49133697004597,2.7481908586764803,0.115
9600,422,0,14.33772198764615,2.7694025606948003,0.1
9600,423,0,15.878425487086787,2.578274811739334,0.9
9600,424,0,9.205332525449618,2.6119942916025707,0.895
9600,425,0,10.327543475283312,2.339921219690666,0.865
9600,426,0,10.976600358188255,5.810237013170649,0.11
9600,427,0,5.049702667664918,1.990738719675278,0.1
9600,428,0,12.681058910002179,2.037307823559331,0.9
9600,429,0,11.210498050971008,3.8274635370129317,0.885
9600,430,0,13.519620346855561,3.61358811008472,0.9
9600,431,0,13.0651910812707,5.122649750072128,0.88
9600,432,0,13.041064962071546,2.9852250813476644,0.1
9600,433,0,6.088222611599151,1.736443986841607,0.1
9600,434,0,8.916402599891237,3.194168463048186,0.845
9600,435,0,11.862655093618711,3.124937763070079,0.84
9600,436,0,12.612428057929963,3.937673254755225,0.855
9600,437,0,10.851884030815455,2.6344582590780874,0.9
9600,438,0,10.25946374928891,2.0221036144548066,0.105
9600,439,0,11.306504909177868,2.381900379444346,0.105
9600,440,0,12.955005866204063,3.1581448404097046,0.1
9600,441,0,16.175210723521385,4.2697657845849335,0.865
9600,442,0,11.969847768531814,3.0679887541054995,0.875
9600,443,0,8.212283375640936,3.3081061769763664,0.18
9600,444,0,11.755422803942368,4.541534850017115,0.845
9600,445,0,12.073068756553027,2.282850788301971,0.105
9600,446,0,12.328012421630644,1.9332992809466987,0.895
9600,447,0,12.083929522028411,2.5649770837134156,0.115
9600,448,0,10.127372098545756,2.4997462083604205,0.15
9600,449,0,9.591506113518573,1.7752643272558544,0.11
9600,450,0,7.095461882748832,2.8776220501328,0.87
9600,451,0,12.808711385524061,4.317931674012243,0.11
9600,452,0,6.6337456231544865,5.211821320888532,0.115
9600,453,0,12.39233006945569,3.3066138484457497,0.895
9600,454,0,14.221927045613116,1.8222346105602583,0.1
9600,455,0,9.627724175471895,1.6862871990198869,0.88
9600,456,0,10.667588741030585,1.9555150275778033,0.9
9600,457,0,5.324275542977262,2.444714580917662,0.1
9600,458,0,8.06635773928548,2.5948222891585715,0.1
9600,459,0,8.86648787997359,5.511653966081553,0.9
9600,460,0,6.5819667275474965,1.931561446818364,0.845
9600,461,0,11.148522697485639,2.845645561501442,0.87
9600,462,0,9.85682714487691,3.28295472217377,0.885
9600,463,0,11.803268451086666,3.343392440265802,0.9
9600,464,0,11.444672823214805,3.2016129340121324,0.11
9600,465,0,10.561702541719011,3.3974511108255,0.115
9600,466,0,8.3458940629356,1.8549863562384417,0.9
9600,467,0,7.446767854925259,1.6756598339625839,0.89
9600,468,0,12.046133701140269,2.5922552783541164,0.105
9600,469,0,9.429731961389974,3.058857238802659,0.105
9600,470,0,6.563307613526105,2.304920111754427,0.875
9600,471,0,14.559249483833609,1.8837750324024682,0.885
9600,472,0,11.045198572038244,2.896339104437118,0.83
9600,473,0,11.914959376053616,3.1035666106532744,0.89
9600,474,0,6.088164018082241,2.9631411135923713,0.88
9600,475,0,7.577123295782542,1.934392629551951,0.9
9600,476,0,14.27660599158699,3.4578412501659272,0.9
9600,477,0,10.236138921653545,3.5900083617804057,0.815
9600,478,0,12.952911976739045,1.675633024790102,0.9
9600,479,0,10.594018661988725,2.8928944655760347,0.105
9600,480,0,16.430953124245903,2.6750306947334934,0.11
9600,481,0,8.036705262569512,1.5209277152564482,0.9
9600,482,0,9.770425870095767,3.8046749107436995,0.11
9600,483,0,6.765184460580685,2.258159599526266,0.1
9600,484,0,6.081165754782489,2.6686416994934348,0.9
9600,485,0,14.946000993442356,1.990656153819259,0.895
9600,486,0,13.563971883637294,3.078701191830646,0.9
9600,487,0,9.573143615828316,3.2738827330831555,0.1
9600,488,0,12.544420744566764,2.230644556098582,0.11
9600,489,0,9.003126599033124,4.017489267677377,0.105
9600,490,0,9.37775072860532,3.6152049288702415,0.9
9600,491,0,8.301023714535967,2.8388263533955183,0.125
9600,492,0,12.056060104096105,2.691979685654644,0.9
9600,493,0,14.695806540710805,1.687664127675248,0.9
9600,494,0,8.293487142597177,1.7982909133252178,0.19
9600,495,0,15.055961520675508,2.8810645820712466,0.12
9600,496,0,18.279755748577887,3.339226300295195,0.1
9600,497,0,12.994781674114147,4.011100336185791,0.115
9600,498,0,10.503858023028684,2.9697417104443957,0.89
9600,499,0,7.037804099726942,1.7221536023200201,0.1
9600,500,0,11.461208329975756,3.1440380677210555,0.88
9600,501,0,6.981804378360011,3.4148373622997497,0.1
9600,502,0,11.221020841126863,1.9822575500910489,0.12
9600,503,0,8.988416630732843,2.1642084734452283,0.9
9600,504,0,10.048203471936064,1.5537105120898786,0.895
9600,505,0,12.901189822038328,2.847350739980925,0.89
9600,506,0,12.16143427500697,2.6960400384936634,0.1
9600,507,0,11.134449828322632,3.3847854933938493,0.1
9600,508,0,11.106621395692997,3.9919341903527084,0.9
9600,509,0,12.916055796527019,3.653866073202039,0.115
9600,510,0,14.343473258207382,2.8454160000052298,0.9
9600,511,0,10.54057402730537,2.161828636083385,0.895
9600,512,0,6.979985332516776,4.221662819074368,0.9
9600,513,0,15.851215059669464,3.003751721307424,0.105
9600,514,0,9.093400639399311,1.7396413958778112,0.895
9600,515,0,8.468110590772527,3.5773339085153566,0.875
9600,516,0,6.168091949444592,4.390063026806956,0.81
9600,517,0,8.644668678842544,3.36944859494821,0.155
9600,518,0,8.464114386885747,5.0831596607764595,0.105
9600,519,0,15.963217080159069,5.5956943096106215,0.9
9600,520,0,9.639874038660937,2.828414869986773,0.145
9600,521,0,15.521614528967271,2.7168574243930266,0.105
9600,522,0,13.954819068784445,3.141683742649093,0.9
9600,523,0,9.771515925863817,5.715410700587142,0.11
9600,524,0,11.333965728071576,3.23099298860825,0.9
9600,525,0,12.756552199170146,4.144405266893614,0.115
9600,526,0,10.921292379485266,2.8270680194069087,0.9
9600,527,0,13.916314415112183,3.5324677035262653,0.845
9600,528,0,16.32888237831907,3.014665166153918,0.1
9600,529,0,9.185894734887409,1.2615601164426948,0.105
9600,530,0,9.242503458798128,3.179202013468796,0.1
9600,531,0,11.582789443102826,3.436637675457632,0.9
9600,532,0,7.7268411447234095,1.5249386964313771,0.1
9600,533,0,7.102046903309676,3.2863788888988665,0.69
9600,534,0,10.843867814088247,4.586562484676904,0.285
9600,535,0,9.796484817365213,3.253355198287977,0.895
9600,536,0,17.027694441991198,3.761837190326389,0.895
9600,537,0,8.54641072165997,4.208024670965926,0.68
9600,538,0,11.620385915470168,1.9244950095909985,0.1
9600,539,0,12.74268236535399,4.3208596149909795,0.105
9600,540,0,8.865746362810398,2.0942088822209826,0.9
9600,541,0,11.420590682453177,2.933151426421432,0.895
9600,542,0,6.0601063728312345,8.732451603255242,0.105
9600,543,0,12.005311366164763,5.336070257067149,0.1
9600,544,0,20.584885297366217,4.501749459265625,0.1
9600,545,0,7.977778101535905,3.0703215098412784,0.1
9600,546,0,9.927437678792614,2.0633402067588236,0.9
9600,547,0,8.838460311432357,2.079749542409104,0.9
9600,548,0,7.568988495553271,4.7674965812248615,0.1
9600,549,0,9.744777106106712,1.6919248918497942,0.1
9600,550,0,9.808050490452445,1.9536734459109084,0.9
9600,551,0,7.2316618000419615,3.8429676059664075,0.105
9600,552,0,14.535021618895296,3.012331373888344,0.89
9600,553,0,9.320473020375175,2.5063895534472636,0.9
9600,554,0,14.097252689838202,4.425626701146257,0.1
9600,555,0,10.551426120519274,3.9815079893259053,0.16
9600,556,0,11.041051743142383,5.729077494875412,0.87
9600,557,0,11.889478597955781,2.158176958927527,0.895
9600,558,0,13.614131835044665,3.096989118459703,0.885
9600,559,0,12.126629066278873,2.3120556550679794,0.895
9600,560,0,11.93045327110187,1.4985938319696857,0.87
9600,561,0,9.65602598690894,2.386732112448442,0.105
9600,562,0,14.627928251975925,3.685198611809426,0.12
9600,563,0,11.420157841349235,4.693990924695868,0.125
9600,564,0,14.004583702768658,4.676512989598791,0.1
9600,565,0,7.654242198163743,1.3831789300354558,0.125
9600,566,0,8.137912015553335,2.5090428233880857,0.11
9600,567,0,7.9587079247816925,4.735534952079945,0.1
9600,568,0,9.86172443956666,3.0283367273341355,0.105
9600,569,0,8.140874481398585,1.4464760774927754,0.1
9600,570,0,7.900958155305774,3.070873670696983,0.1
9600,571,0,12.399160463180444,2.6965597661828156,0.11
9600,572,0,19.474077206406236,5.737336893808731,0.135
9600,573,0,15.178957901734359,3.1643245381658858,0.89
9600,574,0,11.12707744154888,5.836838414930412,0.195
9600,575,0,6.309070375534607,3.012862580642661,0.105
9600,576,0,6.668240852591509,1.9798959119952997,0.9
9600,577,0,13.328021013426225,2.2118834513094043,0.1
9600,578,0,13.846590980303896,4.050319495327415,0.885
9600,579,0,17.103395036190275,4.286375298541145,0.11
9600,580,0,10.602741025866402,2.4551507114992432,0.11
9600,581,0,7.983392837793276,4.780082595235058,0.1
9600,582,0,12.800962959304059,3.827593617415914,0.9
9600,583,0,10.865639940498458,3.638157415254284,0.165
9600,584,0,11.733752750759257,2.706819867346155,0.125
9600,585,0,8.866620530693677,2.668280781827548,0.895
9600,586,0,8.939176948037394,1.8103646262602524,0.89
9600,587,0,23.859206121773443,2.646888466972541,0.1
9600,588,0,12.083731380035516,2.854539784920007,0.9
9600,589,0,8.951315723336933,2.636588786401717,0.11
9600,590,0,10.174752790601362,4.312375626912512,0.1
9600,591,0,10.334454362996317,5.671186916038096,0.89
9600,592,0,12.830128380474312,4.967249404134577,0.125
9600,593,0,9.321406597215805,4.29235206658376,0.28
9600,594,0,13.682155652180494,3.4643929776891014,0.17
9600,595,0,14.184302257061072,2.262587819053863,0.89
9600,596,0,14.366781081314457,1.9217462097770976,0.9
9600,597,0,7.46479420862662,3.510569599102098,0.115
9600,598,0,14.548256720282458,2.1564051847931864,0.895
9600,599,0,7.905655238219111,2.2494592222457754,0.9
9600,600,0,9.744200208773607,2.3291533859278957,0.1
9600,601,0,14.066316409939772,4.761052140378297,0.11
9600,602,0,16.80383187126452,1.5950964909919207,0.9
9600,603,0,14.320257556900712,1.8849159379442426,0.145
9600,604,0,9.788674004313533,2.0369506824692962,0.835
9600,605,0,10.32442306727197,6.823719368540537,0.12
9600,606,0,11.643091567060956,2.414276244300595,0.14
9600,607,0,11.927627967487808,3.803861578016665,0.9
9600,608,0,13.492018736524473,2.6278210041724037,0.1
9600,609,0,11.712823780550963,3.017808822778534,0.9
9600,610,0,10.82116874106575,2.5500989933334495,0.1
9600,611,0,7.334872748700434,2.7718446708334454,0.9
9600,612,0,11.005542775581034,2.417099318827809,0.9
9600,613,0,11.397879691808201,3.8353157205136768,0.235
9600,614,0,11.556558094547112,3.5977210861318554,0.885
9600,615,0,10.714645887205165,2.4208953715628923,0.9
9600,616,0,15.16376744867003,2.560991806922175,0.9
9600,617,0,10.909268611878106,3.0110588033380736,0.1
9600,618,0,9.943092104688745,3.8968597148368644,0.895
9600,619,0,8.645650449287672,2.0532981670854156,0.9
9600,620,0,14.819587950520603,2.320130771050799,0.105
9600,621,0,10.086674753369675,2.5403925355306,0.895
9600,622,0,10.377298408522476,4.050144093554309,0.145
9600,623,0,6.213218231176826,1.272266992238258,0.1
9600,624,0,10.010780160095972,1.3458106539971482,0.105
9600,625,0,11.271380610021,1.9041564441309333,0.1
9600,626,0,9.942944653365114,2.4628033631401536,0.895
9600,627,0,13.306377141091314,2.8084285341577697,0.115
9600,628,0,9.737122284463116,2.4278743354273047,0.89
9600,629,0,10.042302963644971,2.291407628334241,0.9
9600,630,0,8.597305599555046,3.709979014968212,0.855
9600,631,0,12.036500316021018,3.0686395137351496,0.115
9600,632,0,10.458958099829378,4.840643748664775,0.89
9600,633,0,11.964198519850488,3.1166967148934077,0.105
9600,634,0,5.6932505442966,3.174791664199006,0.885
9600,635,0,11.008575735584108,2.3515640413052097,0.105
9600,636,0,11.521327520852937,4.207559645874426,0.1
9600,637,0,17.767673226246863,2.1063841256690807,0.115
9600,638,0,11.844808252875326,3.022721859765909,0.125
9600,639,0,10.665779353792573,3.3933140888365187,0.2
9600,640,0,13.969986745089784,3.4599648883656187,0.9
9600,641,0,7.96494355704253,1.834693183907632,0.115
9600,642,0,9.813072622900592,4.0608626734425,0.9
9600,643,0,7.446734892088766,4.640338987100279,0.845
9600,644,0,13.669967305147713,3.744079506776643,0.105
9600,645,0,11.60888045218223,2.5961992526916333,0.11
9600,646,0,12.302613003037573,2.0812269079371504,0.105
9600,647,0,10.782230818511636,2.9555501809483076,0.9
9600,648,0,17.656916966456368,5.217892235710053,0.895
9600,649,0,18.35271444164558,2.3875579228104016,0.105
9600,650,0,9.926312001333576,3.029234528864322,0.29
9600,651,0,7.606087470234685,1.4823024696966058,0.1
9600,652,0,6.863377004048445,3.4796866363848267,0.83
9600,653,0,10.639545625799945,2.6430838987579364,0.885
9600,654,0,17.120185635486163,2.992906145000518,0.135
9600,655,0,5.981193898644861,2.7678248364694014,0.13
9600,656,0,14.81998230032133,2.974920169420159,0.895
9600,657,0,8.437250664476894,3.317692032541686,0.1
9600,658,0,8.526685655317864,2.8438866396399476,0.1
9600,659,0,14.514074371503503,3.7005081827260256,0.885
9600,660,0,8.552061448083492,4.971414795647888,0.9
9600,661,0,11.48003230283052,3.0925723370785363,0.105
9600,662,0,11.19037218678503,5.1606666201294615,0.89
9600,663,0,8.934612227026692,4.050328169724082,0.1
9600,664,0,15.766629955696727,3.913405440765416,0.895
9600,665,0,9.096812932238347,2.052469379546551,0.105
9600,666,0,9.726521988915382,4.630090682879029,0.1
9600,667,0,8.93670418871537,4.042615899354018,0.1
9600,668,0,9.87845670812495,2.986244678946548,0.125
9600,669,0,16.457111302592725,2.0928248840760943,0.1
9600,670,0,15.617142214531793,2.92351472204615,0.105
9600,671,0,9.728979945349609,3.8522908379448495,0.1
9600,672,0,8.606707331636903,3.3130539079010646,0.17
9600,673,0,17.267667911261317,3.1047729079489272,0.88
9600,674,0,14.592177762338283,2.181769117426313,0.1
9600,675,0,17.982039803592247,2.89020401750264,0.105
9600,676,0,6.157098739299585,5.290327202845901,0.9
9600,677,0,15.284312219809095,5.800639662092522,0.9
9600,678,0,6.855938502070619,2.2444970391248376,0.13
9600,679,0,6.708424029848385,3.4646747941280864,0.87
9600,680,0,11.594358819962878,2.3211421472964844,0.9
9600,681,0,11.070545221937387,5.028384056376467,0.86
9600,682,0,11.700230435070296,2.1677977082489974,0.9
9600,683,0,12.906726022592599,3.2582992968542612,0.895
9600,684,0,10.02312506360383,3.75155979456423,0.1
9600,685,0,12.399070946998615,1.9178541529115023,0.89
9600,686,0,16.330285096444154,2.1656366361852974,0.89
9600,687,0,14.730544346001565,2.5151842761488297,0.11
9600,688,0,17.062441031775727,3.4758154351735016,0.885
9600,689,0,9.19478918102513,3.2191940970932365,0.9
9600,690,0,10.740881244725564,2.0668592569279554,0.89
9600,691,0,5.626021736147552,3.6921376639327264,0.84
9600,692,0,11.526596386218701,3.1867605681043187,0.1
9600,693,0,6.940217294870852,2.7616709355712032,0.115
9600,694,0,11.13552813055406,2.9787165472882293,0.115
9600,695,0,10.16066197353947,2.67107012509058,0.88
9600,696,0,11.893211975015276,5.321761062900521,0.9
9600,697,0,7.879801936616717,2.7825594145838295,0.11
9600,698,0,10.64916174510311,2.956657287120379,0.105
9600,699,0,10.984408155797496,1.9336394034283444,0.9
9600,700,0,9.929334561614247,1.9274713219630257,0.12
9600,701,0,10.018164009427721,1.8096700224788265,0.9
9600,702,0,8.961429395750065,3.888649541261202,0.12
9600,703,0,8.918002952488893,2.1391802380719582,0.105
9600,704,0,9.409169293675491,3.3674849353729996,0.865
9600,705,0,17.185972764594382,2.254477679724687,0.895
9600,706,0,10.515188214343851,3.460056443140047,0.9
9600,707,0,12.237906369861236,3.4939587895721047,0.9
9600,708,0,12.467131186853626,3.5058606915299606,0.125
9600,709,0,11.045458575862739,3.1088615174041934,0.9
9600,710,0,14.19126722290173,2.795243805218206,0.1
9600,711,0,9.31162028414795,4.619552326519738,0.155
9600,712,0,9.7986062758325,2.1719809340936536,0.1
9600,713,0,11.070387744138657,1.7294427009289848,0.9
9600,714,0,13.0496451687583,4.759405473238587,0.105
9600,715,0,12.223483942662485,3.3545608534893745,0.1
9600,716,0,16.03999991668036,2.8700178688950473,0.11
9600,717,0,17.4679764744981,2.3285890384812546,0.9
9600,718,0,8.343398133196965,2.778820777834312,0.69
9600,719,0,12.98915080030085,2.473616755727903,0.1
9600,720,0,9.032793002601508,2.9352194018230193,0.86
9600,721,0,14.863110377981883,1.696280127940497,0.9
9600,722,0,8.891922256126922,3.4290772031624783,0.13
9600,723,0,10.813908885550916,1.536992735478293,0.9
9600,724,0,8.41577916147057,2.8965824759978887,0.165
9600,725,0,8.315984129462468,1.6550155375611553,0.87
9600,726,0,10.780988956866976,2.0867066253529742,0.11
9600,727,0,18.620486753759824,2.4577559222237255,0.895
9600,728,0,13.680477833397482,2.7447658989558477,0.885
9600,729,0,10.14208478962246,1.436702084298247,0.1
9600,730,0,10.56878474160436,2.8031514164794658,0.875
9600,731,0,10.149469140898193,3.363019745222573,0.1
9600,732,0,9.125615715545875,4.103955517355473,0.17
9600,733,0,14.213264998192537,3.011689408793927,0.115
9600,734,0,12.337205596461304,3.0008205768666585,0.1
9600,735,0,10.624277334089669,2.198896179311305,0.9
9600,736,0,12.477760520097265,2.821923773456092,0.1
9600,737,0,7.591159649226042,1.755407514882279,0.105
9600,738,0,15.709317239789529,3.5603270654732455,0.105
9600,739,0,11.360719471238536,1.3854079636502092,0.895
9600,740,0,8.29336084211704,2.1565437495070228,0.1
9600,741,0,10.273848510194936,2.7927289065502237,0.145
9600,742,0,9.285138375513926,3.9165608514352357,0.1
9600,743,0,14.69461248939922,4.0193882119112345,0.9
9600,744,0,8.517095084687725,2.781999043020278,0.9
9600,745,0,17.075649620592703,3.6821900601253787,0.11
9600,746,0,5.814877470821186,3.7293167550984663,0.85
9600,747,0,6.406500320776729,2.2367657141089126,0.9
9600,748,0,9.60559822982873,2.71944608594481,0.1
9600,749,0,8.814288185450891,2.918364249647709,0.9
9600,750,0,9.217568612680639,2.5859705422902834,0.165
9600,751,0,9.315830794607225,3.7244013217218708,0.1
9600,752,0,9.084971902414702,2.9486721901463397,0.205
9600,753,0,9.711165746942203,3.176129642234571,0.115
9600,754,0,9.076143647518508,2.275168787875259,0.1
9600,755,0,8.372883478857053,1.8505093025112274,0.195
9600,756,0,11.895501943506588,2.1708107505148178,0.9
9600,757,0,11.716201017291928,2.6132717142203887,0.11
9600,758,0,9.814216971352113,4.516668809330326,0.105
9600,759,0,7.537959939878382,3.0416897263009446,0.875
9600,760,0,11.298507874690046,2.6644718221987773,0.865
9600,761,0,11.957972549773453,2.9472984049775164,0.895
9600,762,0,11.438295390075554,3.9943366215752008,0.1
9600,763,0,13.075945318686735,3.54436255045556,0.9
9600,764,0,23.555990057985955,3.7751651351968007,0.1
9600,765,0,10.531609739753094,3.520636005310962,0.9
9600,766,0,16.44964041423414,1.9198058105502014,0.885
9600,767,0,12.27936175065338,2.855122096480045,0.9
9600,768,0,6.8889879671595,2.8781265205736872,0.11
9600,769,0,15.371042233160068,3.417053319283525,0.9
9600,770,0,11.997207518307361,3.3544265030002407,0.88
9600,771,0,11.590326200413871,3.360055237227755,0.1
9600,772,0,9.747698486944984,3.743105965618554,0.895
9600,773,0,12.289106107217775,3.4367034124073825,0.835
9600,774,0,9.043416145852348,2.536564618411319,0.9
9600,775,0,10.41353233392897,2.6663121161874415,0.9
9600,776,0,16.06988829122969,3.642028985983359,0.1
9600,777,0,13.224146060253476,3.6498861863819343,0.1
9600,778,0,10.488491222671893,3.3895452567804796,0.125
9600,779,0,8.543678634732665,3.2621958348414637,0.105
9600,780,0,8.822159485627026,3.4650146133643034,0.9
9600,781,0,11.63865221369264,2.247468841368061,0.1
9600,782,0,8.102736309945017,2.5684705175947897,0.1
9600,783,0,7.412159128870882,4.612543528565993,0.125
9600,784,0,10.387375813935144,2.5924589216984373,0.105
9600,785,0,18.70878136707022,2.734103244145558,0.105
9600,786,0,8.726668532689096,1.5722059677742095,0.88
9600,787,0,10.561420269362713,4.115469199936683,0.9
9600,788,0,12.576009890286883,4.631872525592939,0.9
9600,789,0,8.621753745848842,1.7430858418947537,0.12
9600,790,0,18.32603626301191,2.36886284728115,0.11
9600,791,0,11.889353776822972,4.9881097436298205,0.885
9600,792,0,9.322475111842074,3.217148639930656,0.89
9600,793,0,15.604665366601411,2.2629757186990673,0.86
9600,794,0,10.660849247816977,1.6750562375875688,0.13
9600,795,0,8.770397301854555,3.8126533488693326,0.115
9600,796,0,12.564305211100354,1.606674986956591,0.895
9600,797,0,13.891288141528834,1.843645783721115,0.1
9600,798,0,12.76458707401517,3.0250020414456458,0.1
9600,799,0,12.839724092095821,2.6646415610031227,0.9
9600,800,0,10.923195207097315,1.440770596349239,0.135
9600,801,0,7.007573172079639,2.7252470047386623,0.87
9600,802,0,6.052667172228076,2.835058198084539,0.23
9600,803,0,17.021344201922666,4.822969076174388,0.895
9600,804,0,5.476421024379904,3.3151091137710864,0.1
9600,805,0,9.739164045353874,1.9019137312014323,0.9
9600,806,0,8.556338999953965,2.708544372492838,0.9
9600,807,0,8.157719791473426,1.892891327636903,0.9
9600,808,0,7.561098944319322,1.8382874782247427,0.845
9600,809,0,8.207167081254882,3.9017586181827824,0.1
9600,810,0,8.51819565360571,1.9442510686133119,0.81
9600,811,0,17.764913636489073,3.832403587382771,0.895
9600,812,0,9.957345179805943,3.8865031009876816,0.1
9600,813,0,17.590567882460054,3.1840119123501154,0.11
9600,814,0,14.76576313043637,4.605154740893624,0.1
9600,815,0,7.56633163818492,2.94314523562349,0.9
9600,816,0,17.099329190351966,3.0464894935320785,0.9
9600,817,0,10.336953680936858,3.425711792603181,0.125
9600,818,0,14.89135371123798,3.1142840818645823,0.88
9600,819,0,10.14108545190652,1.7941801560780846,0.9
9600,820,0,16.907501901112763,2.4885709659713484,0.115
9600,821,0,12.39811394060368,2.0757414603252755,0.1
9600,822,0,8.851540281145208,3.018125358175894,0.865
9600,823,0,11.701802144257416,3.7062239208296432,0.1
9600,824,0,15.999369284311628,3.3532058074683846,0.1
9600,825,0,16.32955678231006,1.5708507442440123,0.89
9600,826,0,14.933559688064124,2.2384022166392015,0.1
9600,827,0,9.626994501674643,4.359827067283106,0.895
9600,828,0,17.205809804671297,4.771064201386821,0.89
9600,829,0,9.215435348327647,4.123344117712691,0.1
9600,830,0,5.21078044314734,1.6374101101689575,0.27
9600,831,0,8.840717792844401,3.792162145724376,0.9
9600,832,0,11.628441947654553,3.4004227023316957,0.1
9600,833,0,8.938734045229923,1.7962696514302934,0.1
9600,834,0,9.876105591365842,4.369075694823721,0.9
9600,835,0,13.71946818479856,3.3872442003556102,0.1
9600,836,0,9.440028472415706,2.7578115974208117,0.12
9600,837,0,21.036652365493467,1.980815889314158,0.9
9600,838,0,17.08296530802983,2.183889034041897,0.1
9600,839,0,13.3412864150048,2.570099825261707,0.105
9600,840,0,6.633353525122438,1.7844829260639017,0.895
9600,841,0,13.6730656890596,3.9788690942074822,0.1
9600,842,0,14.19685645681058,3.752451297137327,0.89
9600,843,0,11.872531507770674,3.6407318389706234,0.9
9600,844,0,11.013908662074671,2.2702387612184793,0.1
9600,845,0,19.47759695603123,3.7212121277676147,0.89
9600,846,0,12.108921861991242,2.840229069687439,0.885
9600,847,0,8.588992479954527,1.4924878679622111,0.9
9600,848,0,11.695013962543888,1.5439278418810432,0.145
9600,849,0,8.246921950203609,3.2603775679689306,0.135
9600,850,0,8.678211943828984,1.9420729976545203,0.9
9600,851,0,11.98927938475194,2.1480629829795816,0.1
9600,852,0,8.369820236262344,3.1200277278074395,0.1
9600,853,0,10.634313557658999,2.021798778511652,0.9
9600,854,0,13.939535712015761,3.848399574070527,0.105
9600,855,0,7.272579549736912,4.178189034817592,0.25
9600,856,0,14.440143623890975,2.3478623792584585,0.9
9600,857,0,11.210420974419861,2.4468746887606585,0.9
9600,858,0,14.585813845152328,2.840825411594494,0.885
9600,859,0,8.491242773557428,1.8770761098551247,0.895
9600,860,0,9.119323688775012,3.2496500744770174,0.9
9600,861,0,10.222644478574754,3.1499808745010682,0.875
9600,862,0,14.500403337802535,4.086249775522788,0.125
9600,863,0,13.459975443439305,2.646229219455165,0.9
9600,864,0,8.67969043280218,3.068590200192034,0.11
9600,865,0,14.960058411286212,2.618975873694751,0.9
9600,866,0,16.17141305697473,2.320207501864502,0.9
9600,867,0,12.325768547503618,3.2128420909444344,0.895
9600,868,0,13.275852177751801,1.953400781097514,0.9
9600,869,0,12.945217308065937,2.7908814999619835,0.1
9600,870,0,12.000555756281274,4.822228277728868,0.1
9600,871,0,9.052969661062592,3.093067597751542,0.115
9600,872,0,16.391578832797713,3.699929349185993,0.12
9600,873,0,10.263771541585669,2.163181761289934,0.9
9600,874,0,4.535045022901031,6.529809654834651,0.14
9600,875,0,8.91425837407052,2.5439739525793925,0.89
9600,876,0,13.313021655209951,2.4979658072837196,0.9
9600,877,0,11.736367230903115,4.476116822077358,0.1
9600,878,0,11.284439053125547,2.1379840422596885,0.89
9600,879,0,10.993179582519609,2.9990744597682806,0.875
9600,880,0,9.245469099725643,2.348293794985068,0.115
9600,881,0,9.079962349147324,2.226170934663685,0.89
9600,882,0,14.1854349789557,1.6495619947619389,0.1
9600,883,0,8.339410316948772,3.5409081202416814,0.9
9600,884,0,8.66519890869818,2.075631219378238,0.845
9600,885,0,7.424841532592314,1.9772033702878389,0.11
9600,886,0,7.107827727789959,1.2278388157042741,0.15
9600,887,0,9.576081059874975,1.9914712689967473,0.885
9600,888,0,9.61123493795623,1.6161492071105954,0.12
9600,889,0,17.05339572323695,2.3650766930813916,0.1
9600,890,0,8.47784767899178,2.9191335986098466,0.255
9600,891,0,10.677393459891391,1.2232876344867805,0.9
9600,892,0,12.822107662158926,3.040302687175256,0.11
9600,893,0,10.408064359394753,1.9711610558800885,0.72
9600,894,0,5.793023604618435,1.9530906904051903,0.265
9600,895,0,8.149504586883864,2.7064503415346053,0.9
9600,896,0,9.089057613351548,2.2612148280956035,0.89
9600,897,0,18.399637259648642,2.372246666956812,0.9
9600,898,0,10.821152833786414,1.2826818079531677,0.9
9600,899,0,7.560231838919739,2.2934268383664858,0.865
9600,900,0,12.477896045051724,4.361092042582015,0.1
9600,901,0,9.144670971487717,9.825815549707784,0.125
9600,902,0,11.951455212353329,2.357936537943317,0.11
9600,903,0,11.546783458028287,3.7272676506432845,0.175
9600,904,0,13.201637987441915,3.6100477170776912,0.89
9600,905,0,8.158293612822051,3.1639982595692118,0.895
9600,906,0,11.79148107799475,2.9038894049307373,0.84
9600,907,0,13.782609772566161,2.119027049957367,0.9
9600,908,0,10.965779630891177,1.859939416067391,0.9
9600,909,0,9.104170262606743,2.3623053806389294,0.9
9600,910,0,10.464719717485885,3.9071183682409583,0.12
9600,911,0,6.534442549105396,4.061873352611656,0.845
9600,912,0,10.124533013163243,2.094351379400905,0.89
9600,913,0,9.774804150851244,4.288821339478943,0.895
9600,914,0,6.11577378206559,2.8625533525769242,0.84
9600,915,0,10.104271593991143,2.8302118851485147,0.9
9600,916,0,11.66858854875727,1.8024883213826115,0.9
9600,917,0,7.825136973660411,2.3583693592357236,0.89
9600,918,0,14.235713550939261,3.5153716704016347,0.895
9600,919,0,12.349809941780803,2.7077893371455275,0.895
9600,920,0,13.928495778730507,3.791120533944081,0.9
9600,921,0,10.9933895961152,2.3877391557718397,0.885
9600,922,0,12.901468137637103,4.195522948650421,0.12
9600,923,0,8.399686774449577,3.0871074746556815,0.9
9600,924,0,11.822052609890518,3.230037729500168,0.84
9600,925,0,12.577300908643418,2.4424513452430574,0.835
9600,926,0,11.22300371810365,2.2431105630474235,0.83
9600,927,0,8.137267761643727,3.6463955751599997,0.9
9600,928,0,5.9491247248982635,2.0627412026655634,0.895
9600,929,0,14.691697940960468,2.4171295320869035,0.1
9600,930,0,11.205360080917913,3.6772528078671485,0.885
9600,931,0,18.3591125650755,2.724508316413221,0.165
9600,932,0,9.132718575692422,4.118071727627637,0.9
9600,933,0,10.074788576183522,2.866350796335837,0.9
9600,934,0,6.801551799588453,2.922432661021901,0.1
9600,935,0,8.392669183643406,3.103303399470292,0.15
9600,936,0,11.731880077782364,3.1731415913910155,0.9
9600,937,0,15.649579636964361,2.9128334203704753,0.88
9600,938,0,12.245916600935516,2.50866932887277,0.9
9600,939,0,10.59790661111239,4.271942945943863,0.13
9600,940,0,8.390210739024441,1.664241647161191,0.1
9600,941,0,7.887528613236511,2.4023942692167566,0.895
9600,942,0,14.921721395888454,3.0825322885633,0.9
9600,943,0,12.499586363638715,2.6714254729355957,0.1
9600,944,0,10.482698619660455,2.9573421268295874,0.11
9600,945,0,9.985773476696238,2.5283300163209788,0.9
9600,946,0,9.757832753681127,5.337561910805277,0.875
9600,947,0,5.893116714645146,1.3271471702296367,0.9
9600,948,0,10.98500467686492,1.8421238626743275,0.1
9600,949,0,11.479773788377514,2.990167791929821,0.9
9600,950,0,8.590586376865812,3.199809885860816,0.845
9600,951,0,7.6871932579245925,3.431925850696871,0.11
9600,952,0,9.287383659344126,1.6684470192544154,0.88
9600,953,0,9.855654073650017,1.7850286938127624,0.1
9600,954,0,9.4884947117554,4.337524062724185,0.15
9600,955,0,16.319965070506584,3.1091879403845724,0.9
9600,956,0,5.339495622570044,4.688673922868247,0.195
9600,957,0,12.768740628052154,2.068606133747153,0.115
9600,958,0,6.984984322450994,3.4631165183924395,0.895
9600,959,0,10.324471002388709,3.208843321581867,0.895
9600,960,0,6.988252626429272,4.551519038524532,0.9
9600,961,0,10.165486192025526,2.844965991612014,0.9
9600,962,0,15.48568001729507,3.3909104230687603,0.865
9600,963,0,6.491007171595556,3.399312936591059,0.1
9600,964,0,7.638365548321531,4.945109966600114,0.9
9600,965,0,9.534112017673806,3.0310463293488965,0.9
9600,966,0,13.390424793725499,2.6076122954009406,0.115
9600,967,0,8.69649532271282,3.411230210261351,0.9
9600,968,0,12.55098527470685,3.591795527685804,0.115
9600,969,0,9.294784279681533,2.50793162040992,0.11
9600,970,0,11.490192439528927,5.249093993845122,0.1
9600,971,0,7.871032043608892,4.00584615081101,0.9
9600,972,0,8.667888103358047,3.70604580749756,0.82
9600,973,0,16.100463514548576,1.5589981900205885,0.105
9600,974,0,12.478522661223622,2.9675254952010732,0.89
9600,975,0,12.628068635451797,3.154976964877676,0.9
9600,976,0,17.07807100332999,3.019650201160573,0.87
9600,977,0,14.467034838619242,3.2192266887506094,0.9
9600,978,0,6.020486010589638,3.1362941822564494,0.195
9600,979,0,9.530868074780301,1.6626392687754787,0.9
9600,980,0,9.910712640117232,5.438167931028204,0.12
9600,981,0,5.151956785117768,3.5491953576936908,0.845
9600,982,0,9.028255270649337,2.8278886582938867,0.84
9600,983,0,10.237824998276892,2.3244588172516956,0.9
9600,984,0,6.991625742619592,1.470867232201556,0.105
9600,985,0,10.994261476376153,2.3859705455620883,0.9
9600,986,0,8.253751604143215,1.8776806594004825,0.105
9600,987,0,11.416063993323888,3.3723461802281918,0.9
9600,988,0,10.529738660804055,4.392089702206192,0.885
9600,989,0,10.175128707282825,2.7876170142263845,0.1
9600,990,0,8.793838268503157,2.9746730926717646,0.885
9600,991,0,15.854154360445555,2.228328288161663,0.105
9600,992,0,8.280375184609465,4.637641725183528,0.895
9600,993,0,12.334883807157787,2.765597307430312,0.13
9600,994,0,8.89099409963297,2.1586241381385207,0.885
9600,995,0,7.539329251382868,2.0092022583583002,0.1
9600,996,0,13.420831383311395,3.540541144616327,0.13
9600,997,0,12.614237487860825,1.473031855105944,0.845
9600,998,0,12.273739632280611,2.3759551593371953,0.1
9600,999,0,11.554779997957084,4.159369976002836,0.87
9600,1000,0,6.941836857915434,2.480877043812768,0.1
9600,1001,0,8.885288870468953,4.40575389770288,0.11
9600,1002,0,16.74440809725553,2.9245318965593015,0.9
9600,1003,0,15.24981830510214,3.186189502771697,0.1
9600,1004,0,13.293632477081303,3.6575143931244725,0.9
9600,1005,0,13.200882975818164,2.283436842834874,0.87
9600,1006,0,9.425816597685348,3.7714639025452357,0.895
9600,1007,0,16.120647456209984,3.4590925959705032,0.105
9600,1008,0,8.192008969291853,3.8074758385960195,0.105
9600,1009,0,10.199089185152134,3.3871133710775325,0.1
9600,1010,0,9.922040383069943,3.7126755652664656,0.1
9600,1011,0,9.747442803234067,3.466621288123406,0.1
9600,1012,0,9.085947959212305,2.3284906458485466,0.89
9600,1013,0,8.284529993539975,4.2665975621517305,0.14
9600,1014,0,16.231835108018515,1.702215353192571,0.9
9600,1015,0,12.276411202555693,2.1131464609112527,0.9
9600,1016,0,12.165930784375973,3.076296438536019,0.9
9600,1017,0,15.938226576198263,4.443694207992621,0.105
9600,1018,0,7.401460040354672,2.8947457844054725,0.16
9600,1019,0,10.11779582965923,2.5045199197791135,0.885
9600,1020,0,16.017924947131707,2.755181390575956,0.875
9600,1021,0,10.342721736444132,3.8618830072863375,0.105
9600,1022,0,6.9717490419328225,2.150830268853099,0.11
9600,1023,0,11.623917169561695,3.3396261681204464,0.86
9600,1024,0,11.426993144893876,2.604390127405054,0.87
9600,1025,0,9.099705912773555,3.3396910362057497,0.11
9600,1026,0,11.558219269623038,4.022122437719133,0.9
9600,1027,0,10.382710563624425,3.0337449490957624,0.885
9600,1028,0,7.766681903269855,2.2431660072726345,0.115
9600,1029,0,10.342245815783237,5.125394840302988,0.865
9600,1030,0,9.641709172809094,3.2039991155770053,0.11
9600,1031,0,8.714860237526402,2.764789221407682,0.22
9600,1032,0,10.939421655309191,2.4892795386918465,0.1
9600,1033,0,8.906336086073662,2.6582367455944222,0.12
9600,1034,0,11.250667308628834,2.4483444804815235,0.9
9600,1035,0,15.42674212353268,5.914528899828042,0.16
9600,1036,0,9.292032370538692,2.2352656417183425,0.9
9600,1037,0,10.759194331930678,1.9545151178164133,0.125
9600,1038,0,8.800613603380123,2.5999319679186783,0.105
9600,1039,0,9.77092072310981,3.5408489636324703,0.9
9600,1040,0,15.82652167633653,3.3029550905496308,0.165
9600,1041,0,9.604054274907696,4.005532877098972,0.9
9600,1042,0,8.716557001980732,4.173398461379918,0.12
9600,1043,0,14.20862140207558,2.414918688457135,0.88
9600,1044,0,9.42374831982093,2.472932498298519,0.9
9600,1045,0,10.579504543624706,3.869572301897506,0.125
9600,1046,0,5.750266214706468,2.3997238928316733,0.135
9600,1047,0,10.699049694547252,3.656411792280778,0.11
9600,1048,0,9.125669060109313,3.25977099166721,0.89
9600,1049,0,5.883970849869184,3.132007116641944,0.135
9600,1050,0,8.504712240014245,3.3918168436628093,0.1
9600,1051,0,12.29085151077959,2.8588510815282575,0.875
9600,1052,0,10.740506356372208,3.078071431833962,0.9
9600,1053,0,12.373553801250383,1.7602549384946542,0.1
9600,1054,0,10.98089249479753,2.883758368206202,0.105
9600,1055,0,15.514740122449899,4.999543589401867,0.865
9600,1056,0,10.274248030851538,4.77082833297402,0.9
9600,1057,0,15.953779786294293,3.8804117974876817,0.1
9600,1058,0,18.373360071617387,2.599154545316651,0.1
9600,1059,0,10.561216700241514,3.083276728162332,0.205
9600,1060,0,10.963521923143702,2.162835250182127,0.9
9600,1061,0,4.948226984890806,7.423289136983158,0.29
9600,1062,0,9.874255806870885,3.746131529400998,0.885
9600,1063,0,11.866173130484135,1.8657625991167492,0.12
9600,1064,0,8.875001750127751,3.812198737936967,0.9
9600,1065,0,9.554992182618065,2.9075263539212415,0.9
9600,1066,0,7.069079325524258,1.9368063136525393,0.1
9600,1067,0,6.8716599788990615,1.8508648383786408,0.1
9600,1068,0,10.434520603199362,2.3738195825103503,0.1
9600,1069,0,8.449270564040052,3.7002549506283344,0.885
9600,1070,0,11.282952801395464,5.627123041419679,0.12
9600,1071,0,13.297528536369018,2.5030707293282717,0.12
9600,1072,0,9.040672599517457,1.6517077047524253,0.88
9600,1073,0,13.765485979596813,2.833716943378306,0.86
9600,1074,0,10.729520998931434,3.1687199228898066,0.86
9600,1075,0,12.180984796782678,2.2657394869810332,0.89
9600,1076,0,10.287618738367536,1.987999155404907,0.895
9600,1077,0,13.34249631102903,3.4611760158071547,0.105
9600,1078,0,7.733949184545988,3.583562539591867,0.15
9600,1079,0,11.65143551080277,3.8493210418067747,0.9
9600,1080,0,10.442333248436029,2.3209053037021476,0.9
9600,1081,0,11.496654168569432,2.3251262508694026,0.89
9600,1082,0,6.151854084369985,3.536638414726667,0.175
9600,1083,0,15.260411119364365,2.0183352337411975,0.1
9600,1084,0,11.370461792347411,1.6937833145945547,0.115
9600,1085,0,8.00737008691785,2.0629218982477937,0.86
9600,1086,0,9.33843015290492,4.283624768386574,0.9
9600,1087,0,10.490443779302725,2.333538275644287,0.1
9600,1088,0,5.919729647098498,1.421094985717275,0.18
9600,1089,0,14.139753494391304,2.948058486362015,0.89
9600,1090,0,12.34231664302018,2.3155262078816463,0.13
9600,1091,0,12.315619323255842,4.184502705172122,0.12
9600,1092,0,7.871860082587717,2.2824249627404924,0.1
9600,1093,0,11.836782494120303,2.1420271953402903,0.105
9600,1094,0,7.997479867280026,2.0558835832673594,0.125
9600,1095,0,16.482125400278512,2.008286609894583,0.14
9600,1096,0,6.84840784590179,2.0089397970949108,0.1
9600,1097,0,8.65927494613871,5.180970191003098,0.1
9600,1098,0,9.88248783624131,1.5011040748547089,0.115
9600,1099,0,14.946036988563806,3.762529295502759,0.1
9600,1100,0,10.827929347305059,2.7574654924819697,0.9
9600,1101,0,7.591830000052316,3.127712271599137,0.885
9600,1102,0,10.228773702885798,2.9835912978370516,0.895
9600,1103,0,12.60451982461831,3.995657880338399,0.1
9600,1104,0,11.38338398501844,5.656974854989016,0.2
9600,1105,0,12.53569583772979,4.07614340151099,0.105
9600,1106,0,11.082578081747966,1.3622404774423558,0.115
9600,1107,0,7.144603597405527,2.558592898415668,0.895
9600,1108,0,10.60572538773741,2.9418579838420555,0.1
9600,1109,0,8.430454097673163,3.579621378611364,0.87
9600,1110,0,12.661104208993805,4.623903847092947,0.9
9600,1111,0,15.795046459537481,3.4206955634772385,0.175
9600,1112,0,10.041456692779963,1.6554271727969194,0.11
9600,1113,0,8.605536013306471,2.546674711359742,0.135
9600,1114,0,8.748086118751868,4.274072616864544,0.11
9600,1115,0,6.771870636393373,3.5769355003097303,0.9
9600,1116,0,11.92528298706165,4.765538335132646,0.9
9600,1117,0,9.73068757941405,3.1679350133956063,0.25
9600,1118,0,14.061631806966377,3.4221043659300676,0.1
9600,1119,0,8.872060252005555,2.0451645635176874,0.1
9600,1120,0,11.434827491424477,3.801670250355471,0.105
9600,1121,0,6.239538161321695,3.8039072654683537,0.85
9600,1122,0,12.23696938613415,4.050876604020459,0.1
9600,1123,0,5.573067871423584,3.493786775254648,0.205
9600,1124,0,7.369995915051503,3.7820060825765722,0.88
9600,1125,0,8.58406222309384,2.5041324578680246,0.1
9600,1126,0,9.056387290878325,3.6672230315787147,0.125
9600,1127,0,13.449692006288831,2.3998522465305427,0.89
9600,1128,0,11.619489000953381,2.138186895840022,0.875
9600,1129,0,13.213656098733253,2.3844013302550593,0.9
9600,1130,0,12.187050488009277,3.4823278743928654,0.9
9600,1131,0,11.091145858885769,2.2056832627910694,0.1
9600,1132,0,9.606701317235999,3.328416493468467,0.15
9600,1133,0,15.010879081019375,2.997730637353868,0.87
9600,1134,0,6.8660013966201365,4.787182002965551,0.135
9600,1135,0,9.271861556342147,4.972391192301018,0.105
9600,1136,0,9.778948856537383,2.531265296418894,0.875
9600,1137,0,5.217002827860051,3.306419319227416,0.88
9600,1138,0,13.80285974035772,2.553255796779297,0.1
9600,1139,0,8.667587378623125,2.745605644150828,0.9
9600,1140,0,16.371303469048826,2.8860296517024153,0.9
9600,1141,0,13.794647236118182,3.3282151683934558,0.1
9600,1142,0,10.67434391848362,2.140584736451956,0.115
9600,1143,0,8.513347339415418,2.8621855910330396,0.2
9600,1144,0,9.675073940409789,2.7161303524820823,0.9
9600,1145,0,12.402316059373529,4.391780205982343,0.89
9600,1146,0,9.142914067933052,2.9559778823426086,0.865
9600,1147,0,7.514078607822797,3.1610932339603437,0.1
9600,1148,0,13.961933939424089,5.24034265405362,0.115
9600,1149,0,9.207104337350245,3.28014278294404,0.9
9600,1150,0,19.327113513514348,8.77157690565582,0.875
9600,1151,0,15.910394228740047,2.129340861496587,0.1
9600,1152,0,9.764952944744891,4.28066724262095,0.9
9600,1153,0,10.83892769351991,2.6486024987733003,0.89
9600,1154,0,16.52439950266569,4.9896385288136,0.1
9600,1155,0,8.223642644670267,3.1902053462204094,0.14
9600,1156,0,15.836388644392658,3.8316894170321802,0.1
9600,1157,0,10.190685642105421,4.1095539636359035,0.9
9600,1158,0,6.243583766143957,4.170939956645725,0.1
9600,1159,0,9.090276384634976,1.7505171376399176,0.89
9600,1160,0,12.011390467866791,4.141760694166408,0.1
9600,1161,0,12.479107941853808,2.221837390750636,0.89
9600,1162,0,5.356512454058908,3.643523272516802,0.805
9600,1163,0,7.446192063225823,2.694853548142362,0.9
9600,1164,0,9.300394538767248,2.2038455041652583,0.895
9600,1165,0,12.144371039358411,4.012029332415068,0.105
9600,1166,0,7.05811724423453,1.3873375643044028,0.23
9600,1167,0,8.110422254786364,3.488912380845477,0.115
9600,1168,0,11.702429401546121,3.310365922617109,0.835
9600,1169,0,9.052292916320894,2.8684908756773098,0.105
9600,1170,0,10.025737976725537,2.893556122933205,0.9
9600,1171,0,8.801103618674945,2.8975578087681697,0.1
9600,1172,0,11.229225749874725,2.7136179933933136,0.125
9600,1173,0,5.941682236225479,2.492369022125729,0.11
9600,1174,0,13.257046186824084,2.4974105818714065,0.9
9600,1175,0,9.746469109997946,3.827532331962402,0.9
9600,1176,0,9.596047989536551,2.9049371009577385,0.88
9600,1177,0,11.119803775023149,2.1876727264498186,0.865
9600,1178,0,7.58195550210914,2.093792783632864,0.1
9600,1179,0,11.89161544859701,4.0322489052471155,0.1
9600,1180,0,13.074775619952307,2.8681509999529453,0.895
9600,1181,0,13.730305795439792,2.2333612790177426,0.1
9600,1182,0,12.459881811238915,3.0770879693363895,0.9
9600,1183,0,13.360163247730759,2.2563134856682154,0.15
9600,1184,0,12.336396792779519,1.6681686679646646,0.105
9600,1185,0,15.637788788291687,2.609739221138341,0.9
9600,1186,0,14.592597187016741,3.0201658295624156,0.895
9600,1187,0,12.792738089872545,5.235258585838665,0.255
9600,1188,0,6.302910310747315,3.4007627495753923,0.145
9600,1189,0,10.871382837592023,3.9374973946181058,0.9
9600,1190,0,10.945774635083314,4.255857585683032,0.89
9600,1191,0,12.469788122225975,2.692571595548543,0.78
9600,1192,0,10.289502763083505,2.754239106744194,0.9
9600,1193,0,10.481107380053489,3.8005905378057037,0.1
9600,1194,0,7.244674786142299,3.2195202686821744,0.1
9600,1195,0,13.856764730285438,5.627613477288662,0.105
9600,1196,0,9.972202764490767,3.5398273827496496,0.105
9600,1197,0,16.055590369900905,2.103392668134063,0.825
9600,1198,0,10.114188443868104,3.626350617022922,0.1
9600,1199,0,14.786725900285944,2.870949185290783,0.9
9600,1200,0,8.847672556673523,2.8205448083028273,0.895
9600,1201,0,11.575831397642702,1.8299110930797724,0.9
9600,1202,0,14.748120972555853,2.015293040449251,0.895
9600,1203,0,15.076333068428482,3.5897889945061934,0.9
9600,1204,0,20.306347372533796,2.9229713467088914,0.1
9600,1205,0,11.45828162059503,3.3137604356994643,0.875
9600,1206,0,8.149941352073002,3.6144942356997944,0.1
9600,1207,0,13.21594942185332,4.203023080899015,0.87
9600,1208,0,10.50600566574204,2.744226827013563,0.1
9600,1209,0,13.952619188659938,1.885970320969932,0.13
9600,1210,0,8.282178385394497,5.776353333304485,0.11
9600,1211,0,11.715162088407558,2.0164206450274946,0.865
9600,1212,0,11.630437711621129,1.8159083048388425,0.89
9600,1213,0,8.632336412344925,2.0049569016947544,0.815
9600,1214,0,14.211190429387274,2.8447039909849536,0.1
9600,1215,0,8.600755827030232,5.399919518791307,0.105
9600,1216,0,8.25103313427864,3.0420137079914866,0.105
9600,1217,0,11.450255765754209,2.0039781222180864,0.1
9600,1218,0,14.29221696909224,2.201410671456472,0.1
9600,1219,0,9.30726202698063,7.124006280011486,0.895
9600,1220,0,11.497307263681721,3.1443109646687617,0.885
9600,1221,0,10.883434437521233,1.9377414951975425,0.1
9600,1222,0,11.373561949625639,2.182796745043447,0.9
9600,1223,0,11.319301247836648,2.4933941670184367,0.9
9600,1224,0,8.884386666013455,2.281857276034316,0.9
9600,1225,0,7.621213014395841,1.1445216705212147,0.88
9600,1226,0,8.341122539163026,3.078405589789668,0.1
9600,1227,0,9.944531237076097,2.06101294986496,0.88
9600,1228,0,12.135915610632395,1.3313302467196308,0.9
9600,1229,0,10.39588716076125,2.0305467208885375,0.1
9600,1230,0,13.567970422389177,6.77243397645384,0.115
9600,1231,0,10.55421429815933,2.6287903076195107,0.885
9600,1232,0,11.091902145215041,2.423170041546996,0.895
9600,1233,0,10.692964307654474,2.187325938571405,0.115
9600,1234,0,11.163155792243801,3.405475956564885,0.11
9600,1235,0,6.3891838219089445,1.3946584788627092,0.1
9600,1236,0,10.092450677190563,3.7242845035891037,0.89
9600,1237,0,10.908639924955423,1.4376789342549046,0.9
9600,1238,0,10.598221902554457,2.1617204309436033,0.9
9600,1239,0,12.153468636249507,2.1260347064369967,0.885
9600,1240,0,10.369362918451088,4.74840000090353,0.11
9600,1241,0,21.856549534417454,2.4785341498528624,0.895
9600,1242,0,8.644013957897272,2.7158190680310668,0.9
9600,1243,0,9.208944771970305,4.359196938681009,0.89
9600,1244,0,8.027124768915183,2.591020650044129,0.865
9600,1245,0,10.374264175620914,2.8497687047746467,0.125
9600,1246,0,9.193906671824916,2.643047291411449,0.895
9600,1247,0,9.449992346247338,3.985042547623152,0.895
9600,1248,0,13.86440831748092,3.980846309526953,0.835
9600,1249,0,11.349368986912395,2.0474172865476703,0.115
9600,1250,0,8.434217972894233,4.050786899993852,0.1
9600,1251,0,10.109534315413953,3.026750460408323,0.9
9600,1252,0,8.36190664290541,4.3145064182255055,0.9
9600,1253,0,11.35244514087136,3.4156976785041593,0.17
9600,1254,0,11.382837713619042,1.983064558989156,0.11
9600,1255,0,18.158454867989427,2.2389692882128998,0.865
9600,1256,0,8.747257115367193,1.8786193890406366,0.895
9600,1257,0,5.797766362514275,3.176033096235642,0.115
9600,1258,0,6.333685111839368,2.213538450361341,0.855
9600,1259,0,8.960328586835686,2.796009956763612,0.9
9600,1260,0,11.745857590481874,3.1352393950186297,0.115
9600,1261,0,8.303718667737598,3.6764280144069517,0.8
9600,1262,0,11.62621056224853,3.481144802056235,0.105
9600,1263,0,11.270598675363175,3.7371081435139786,0.9
9600,1264,0,8.4207129885192,3.2013855213207876,0.87
9600,1265,0,11.587308705751411,3.567254880462656,0.9
9600,1266,0,16.185241141310332,2.8472473581828694,0.105
9600,1267,0,8.629421761691612,1.7396106165904257,0.855
9600,1268,0,6.704568076660596,2.021678406366334,0.105
9600,1269,0,12.599579716296688,2.699201562037956,0.125
9600,1270,0,10.112173839023916,3.735698293007772,0.87
9600,1271,0,10.178865760909048,3.710546706815876,0.895
9600,1272,0,7.257386491572916,3.019852630397679,0.895
9600,1273,0,10.052288401473987,3.3668834474724463,0.185
9600,1274,0,8.721178017333253,3.9109086650213953,0.11
9600,1275,0,11.04240324863696,4.919910776614245,0.1
9600,1276,0,15.577986789354838,2.048139621729206,0.9
9600,1277,0,9.004872242810935,2.716811867141189,0.1
9600,1278,0,13.105957371353158,3.0750346206986023,0.1
9600,1279,0,11.888545942900352,2.493579623059361,0.1
9600,1280,0,13.45399867728915,2.8411418692513735,0.9
9600,1281,0,15.065521755148135,4.84005891486845,0.12
9600,1282,0,10.786001850955872,1.2807194339501393,0.11
9600,1283,0,7.553710055663129,4.432554773785569,0.87
9600,1284,0,12.610915181594086,3.3327130344176226,0.12
9600,1285,0,14.362591808781104,2.363017607076756,0.9
9600,1286,0,12.249527833404132,3.2281971252018593,0.84
9600,1287,0,10.541807543014132,3.5973253153471774,0.1
9600,1288,0,11.051870608811846,3.2712401732055696,0.875
9600,1289,0,8.104945538778736,1.7490340349283429,0.21
9600,1290,0,15.480886415740475,2.084238781004899,0.11
9600,1291,0,9.6468366089494,1.6426408707701512,0.89
9600,1292,0,9.812399419978703,2.2430559221604085,0.9
9600,1293,0,13.229954211577848,1.8803868670531187,0.9
9600,1294,0,8.76690185742441,1.8630681545047878,0.125
9600,1295,0,10.492940415937742,2.1468180225184597,0.17
9600,1296,0,11.110042439703841,3.9350583487802737,0.86
9600,1297,0,10.734151256961177,3.1740360484263874,0.84
9600,1298,0,9.32104137670117,2.912886333751885,0.205
9600,1299,0,10.456832603710238,1.939260163183576,0.13
9600,1300,0,8.35640434802457,1.4999661751730287,0.1
9600,1301,0,8.58637311823725,2.822644552327347,0.88
9600,1302,0,9.90954773666925,2.240570262661379,0.11
9600,1303,0,12.8220352003531,2.722092001017984,0.1
9600,1304,0,9.257628929959766,2.0920735796451595,0.1
9600,1305,0,11.280941010803078,2.881181037290048,0.1
9600,1306,0,8.54772331891777,2.7776204390491444,0.875
9600,1307,0,19.261387786502556,2.817322091890162,0.1
9600,1308,0,9.69973871902061,4.624369139528994,0.795
9600,1309,0,14.188375561988801,5.575480538465172,0.125
9600,1310,0,11.63834153381383,2.812358426042749,0.85
9600,1311,0,16.86821494306075,3.9275074021858813,0.12
9600,1312,0,5.65971480456824,3.301374978985905,0.1
9600,1313,0,8.65725714844837,2.503624967702933,0.895
9600,1314,0,11.627526467745383,4.460999448292569,0.865
9600,1315,0,10.936961090413655,2.4986556221747946,0.835
9600,1316,0,11.21771464740448,3.64306004697994,0.1
9600,1317,0,9.101358517574361,4.237623421782644,0.855
9600,1318,0,7.894985081938066,6.250684890824232,0.105
9600,1319,0,7.102154460184061,3.6602698347806495,0.16
9600,1320,0,12.347137328597839,3.647753170599799,0.14
9600,1321,0,11.710255109674163,5.9282212278247925,0.105
9600,1322,0,17.780938940482887,1.7660672204655725,0.895
9600,1323,0,6.7246101590364,2.401943403734208,0.105
9600,1324,0,7.582553881704698,1.5233880342577777,0.875
9600,1325,0,21.358736484857072,2.194782608378887,0.89
9600,1326,0,12.294990305596889,1.991110433159804,0.125
9600,1327,0,8.321147116288346,2.5733425335076276,0.12
9600,1328,0,11.140538250135421,2.6094468467704246,0.9
9600,1329,0,13.739938327914613,3.223317720647856,0.865
9600,1330,0,11.612430363885418,4.407882792527573,0.875
9600,1331,0,10.730375796022573,4.976912229098218,0.1
9600,1332,0,8.1072758067854,1.7479902362424582,0.105
9600,1333,0,6.002871584448286,1.9064091709765307,0.9
9600,1334,0,11.125612979168126,3.31988236770826,0.1
9600,1335,0,10.264470689048219,2.987872227802768,0.885
9600,1336,0,8.474548140963378,3.4828569213900096,0.9
9600,1337,0,10.832150613854145,3.5793929771003263,0.105
9600,1338,0,10.99175742847724,5.510862276602779,0.855
9600,1339,0,9.197003701515245,3.605438290867369,0.86
9600,1340,0,10.316154423031163,2.0432880509531515,0.11
9600,1341,0,11.075383414584417,2.343069969359135,0.885
9600,1342,0,8.808539109563664,3.4661455388743434,0.895
9600,1343,0,10.253396911763652,3.463816083308302,0.895
9600,1344,0,7.1898929542791965,2.1272629717259406,0.89
9600,1345,0,13.669512129100667,2.985867548572685,0.9
9600,1346,0,13.649185422553497,3.32162033217287,0.15
9600,1347,0,8.965694787099352,2.116370251374633,0.9
9600,1348,0,7.545930611208035,3.8707489232876924,0.81
9600,1349,0,12.773672838286672,2.499178313061634,0.9
9600,1350,0,11.002964347722612,1.9260337822927909,0.1
9600,1351,0,10.001426843735125,4.475836651140241,0.88
9600,1352,0,8.251122255213469,1.8517531366072149,0.155
9600,1353,0,12.962629980075674,2.6818966998675364,0.105
9600,1354,0,9.904822451892702,3.0184036827947125,0.105
9600,1355,0,9.71118570445727,2.17230826618362,0.895
9600,1356,0,9.458872233403781,1.6594031389473685,0.8
9600,1357,0,7.2643441708786645,2.114199976402631,0.875
9600,1358,0,18.611659253269437,3.1493172634981192,0.9
9600,1359,0,10.463865677120555,2.438712857247083,0.88
9600,1360,0,6.103484366504282,2.8326945931397063,0.875
9600,1361,0,9.017879212788806,3.493887007550711,0.105
9600,1362,0,14.288197018016193,2.7543828397355696,0.11
9600,1363,0,15.995873933123619,2.861593687197228,0.9
9600,1364,0,10.475866576962686,4.482443271513148,0.875
9600,1365,0,13.214042888619177,2.0050318926948307,0.895
9600,1366,0,11.019554390595738,2.433291070570931,0.11
9600,1367,0,9.382855503410434,1.9828888005179124,0.145
9600,1368,0,9.884827435935735,3.5822017863154088,0.895
9600,1369,0,6.885327906806195,3.7571214248970364,0.85
9600,1370,0,14.896197507705297,2.4986494604050336,0.1
9600,1371,0,17.72441254351767,2.938387884267968,0.88
9600,1372,0,8.480890369887916,4.160362660486783,0.11
9600,1373,0,7.943086187701384,2.9984718994668924,0.145
9600,1374,0,13.639684226314872,2.652019745201528,0.1
9600,1375,0,13.99351093220119,3.3467068531720656,0.14
9600,1376,0,15.60538057754686,3.1569920494249004,0.875
9600,1377,0,9.396271756533032,3.603508303194758,0.89
9600,1378,0,9.484708220803386,3.7148823374735684,0.1
9600,1379,0,10.411620579013144,2.2521261252705926,0.105
9600,1380,0,13.93097326197841,4.6816274011447945,0.895
9600,1381,0,13.3785003613521,4.470996394381643,0.125
9600,1382,0,11.25794999071249,2.9453183485983914,0.875
9600,1383,0,12.071848121577633,3.321528814535668,0.1
9600,1384,0,11.131742303267915,3.1211668204761622,0.1
9600,1385,0,12.629869726497475,3.495577476981282,0.885
9600,1386,0,7.748868211777758,2.3480081036979072,0.855
9600,1387,0,8.667672710921154,5.338090804141871,0.1
9600,1388,0,9.702584085524691,2.7433770404087454,0.885
9600,1389,0,10.139167132301596,4.46975233559499,0.1
9600,1390,0,16.3578938073585,3.4051151189075313,0.895
9600,1391,0,8.208169654513398,4.261466228065558,0.135
9600,1392,0,9.443690422252272,1.9985188581458146,0.895
9600,1393,0,8.449593371574593,2.6643346904037912,0.165
9600,1394,0,12.805588099880978,3.045261360361451,0.895
9600,1395,0,11.34091962623702,2.6890791542427905,0.115
9600,1396,0,18.335801258827903,2.546456042782097,0.1
9600,1397,0,18.055494757726947,4.970389382600615,0.895
9600,1398,0,12.783845414693502,3.052368215715262,0.9
9600,1399,0,9.851249500294157,3.159657283960371,0.16
9600,1400,0,10.76484883678295,5.365540759086684,0.875
9600,1401,0,7.805403015760127,2.753559991535326,0.14
9600,1402,0,14.790964116354107,2.8461362324293304,0.15
9600,1403,0,13.952208020163908,2.3898013743533397,0.895
9600,1404,0,5.229819819561468,9.189143945161504,0.855
9600,1405,0,10.665872137083655,3.6861927208732936,0.885
9600,1406,0,9.115312525747044,2.920080145928239,0.9
9600,1407,0,13.315072666986369,2.765251604772345,0.1
9600,1408,0,12.963072589037603,3.691515131140477,0.895
9600,1409,0,14.172377139708262,5.650419346302726,0.895
9600,1410,0,12.014575025044111,4.642106647818878,0.1
9600,1411,0,12.296891230099618,1.9229921398562055,0.9
9600,1412,0,10.785760804650302,2.6810048825637978,0.125
9600,1413,0,9.470074125227088,1.8056481717820816,0.1
9600,1414,0,15.22662547397772,2.212222267034747,0.9
9600,1415,0,8.935718590430302,1.8047265289027337,0.11
9600,1416,0,9.391264142253489,5.888668616522352,0.105
9600,1417,0,11.328206324658511,3.71839722132421,0.1
9600,1418,0,7.573094069846514,1.265706115250964,0.895
9600,1419,0,9.481621812817561,4.655552842351085,0.89
9600,1420,0,11.316470133526563,2.769265380013053,0.895
9600,1421,0,9.805957702254346,3.1270265453883894,0.9
9600,1422,0,10.140314048862678,1.993602965761454,0.9
9600,1423,0,6.033778221709913,3.3258116044109443,0.89
9600,1424,0,14.454578809644284,3.1223775776197726,0.135
9600,1425,0,8.53707231348949,2.3087886091275323,0.1
9600,1426,0,8.457816351964595,2.1628487881102387,0.9
9600,1427,0,8.359810623842492,3.4214129447249775,0.845
9600,1428,0,7.554672519756118,1.6452202484074974,0.14
9600,1429,0,13.887143628487989,4.082575282373568,0.105
9600,1430,0,7.682155965171345,3.2643115129317835,0.105
9600,1431,0,12.250305916631703,3.812427277483721,0.9
9600,1432,0,6.906045546242186,3.834744434979598,0.12
9600,1433,0,13.382914325104684,3.7824725494928657,0.125
9600,1434,0,12.745138800528792,2.895196247526144,0.9
9600,1435,0,9.049854262589037,2.204120983154212,0.9
9600,1436,0,9.64824942093331,2.5828468518469094,0.885
9600,1437,0,14.208842550365214,2.3181505193548446,0.89
9600,1438,0,10.753195001434223,2.8980240319114614,0.1
9600,1439,0,12.423738841163138,4.592607269049154,0.895
9600,1440,0,8.811496297540915,2.5414440900519253,0.1
9600,1441,0,10.915992749344815,3.539719257447871,0.895
9600,1442,0,11.494638212134525,3.3826660777023676,0.23
9600,1443,0,17.138418291000267,3.351631483070605,0.86
9600,1444,0,9.530521479486247,3.442601112902821,0.155
9600,1445,0,11.767913689258764,1.810580588164612,0.1
9600,1446,0,8.008655862054106,2.4693547105769653,0.125
9600,1447,0,9.552644229758727,3.8684910747278423,0.9
9600,1448,0,12.974033465763428,3.962237277843883,0.825
9600,1449,0,15.791991229634661,4.915700811105239,0.11
9600,1450,0,14.744686714438302,6.417853786949479,0.9
9600,1451,0,8.336952030959282,2.7863726279448997,0.9
9600,1452,0,10.245239601046503,3.4681600301212256,0.895
9600,1453,0,10.925087186311329,4.189604971693939,0.835
9600,1454,0,9.472371397899337,3.798947973568545,0.9
9600,1455,0,16.91814131705946,3.958372149197942,0.895
9600,1456,0,15.341901079117319,3.7605420999980765,0.175
9600,1457,0,10.221260923454082,2.702378492837454,0.145
9600,1458,0,12.294889150512327,2.5596832244573875,0.89
9600,1459,0,9.441305581949566,2.911272273514953,0.1
9600,1460,0,10.507536002605962,2.6799422782531224,0.13
9600,1461,0,11.385228675309095,4.2094085569146955,0.1
9600,1462,0,13.32828114652017,2.706590981733825,0.1
9600,1463,0,14.298342855270947,3.6884424623735867,0.865
9600,1464,0,10.091309811621402,2.4618923868047204,0.895
9600,1465,0,13.091322720470444,3.0717258031543793,0.895
9600,1466,0,12.38025554761208,2.4359044198817514,0.9
9600,1467,0,11.127136143053066,8.481366896364761,0.1
9600,1468,0,13.155094546192876,1.4165646806134191,0.875
9600,1469,0,7.803361691136176,3.688912108221132,0.105
9600,1470,0,12.73960632584213,2.7638505706889305,0.895
9600,1471,0,10.058747433598057,2.692528270469552,0.125
9600,1472,0,11.219792639130972,2.4326150712099093,0.89
9600,1473,0,11.638403826978072,2.5156492939075292,0.115
9600,1474,0,10.992636707935391,4.2807697306614045,0.11
9600,1475,0,15.129010325148084,5.009119513604787,0.865
9600,1476,0,8.739822238324951,3.313178203359257,0.775
9600,1477,0,13.094872554996538,2.5633455688947038,0.13
9600,1478,0,10.569923059472472,2.5157459433629015,0.9
9600,1479,0,12.31021062901718,2.925207237481686,0.1
9600,1480,0,14.462690088998784,3.4724493545240875,0.895
9600,1481,0,7.918010637385606,2.2314428889885107,0.9
9600,1482,0,8.038650977278223,3.310046807783351,0.9
9600,1483,0,7.640078215013535,2.9259048230656504,0.135
9600,1484,0,10.822300974998067,2.7563456098249617,0.895
9600,1485,0,7.924187944546825,3.8353651562118785,0.11
9600,1486,0,8.074496451191495,3.5252540517106468,0.1
9600,1487,0,18.040771449450897,1.3818069677327571,0.895
9600,1488,0,10.687798780830349,2.9764544865159337,0.9
9600,1489,0,15.170502332156135,2.9736021039809657,0.1
9600,1490,0,13.914411468231195,1.393104145961388,0.11
9600,1491,0,5.764139432311148,2.0185437816465424,0.895
9600,1492,0,8.598464065261311,3.2772440157614824,0.9
9600,1493,0,11.70802262891661,1.5091768270579564,0.895
9600,1494,0,12.609285528105831,3.5690139394432663,0.1
9600,1495,0,12.52038022440156,2.936481089840015,0.875
9600,1496,0,10.139204900279784,2.02404921441115,0.12
9600,1497,0,8.785018581182403,1.8883121790139512,0.885
9600,1498,0,11.188808910443981,2.1766301668364463,0.9
9600,1499,0,10.3779136897208,2.9292376439713053,0.1
9600,1500,0,9.189329438025075,2.8020087367025326,0.89
9600,1501,0,14.130682962770978,2.5120406963651476,0.11
9600,1502,0,11.017395639495373,2.8180997306989752,0.865
9600,1503,0,11.657627062236884,2.4784840403043518,0.9
9600,1504,0,7.773306946927079,4.718662789302641,0.9
9600,1505,0,10.852771158300529,4.7069826515155455,0.1
9600,1506,0,11.083777261080748,2.2071310343790174,0.105
9600,1507,0,11.604249140506148,4.3981779334330895,0.105
9600,1508,0,6.827164902775575,2.999261111149565,0.11
9600,1509,0,8.210325855736931,3.8510232756422624,0.885
9600,1510,0,14.038745183249548,2.9337490532697075,0.1
9600,1511,0,8.893933831746542,5.270014802985656,0.835
9600,1512,0,12.827240948569916,2.2192236967214285,0.875
9600,1513,0,9.602854596454895,1.6820253086294201,0.115
9600,1514,0,12.540359147083274,3.340370709449303,0.105
9600,1515,0,9.266678363388433,2.5263581870589746,0.115
9600,1516,0,12.541292080206333,3.0327661992402,0.115
9600,1517,0,14.021272225349152,1.3325968077367634,0.1
9600,1518,0,10.42658718022753,2.316693872072051,0.115
9600,1519,0,8.760749068723543,1.3531038743948898,0.105
9600,1520,0,16.59062635216259,4.748945061642473,0.1
9600,1521,0,14.134834518968404,5.147592368453502,0.105
9600,1522,0,12.410077396607441,5.138887734507591,0.11
9600,1523,0,6.199440736690747,3.7591053191746937,0.9
9600,1524,0,8.70108133563411,1.9568963070355494,0.87
9600,1525,0,14.662265577059514,1.8234241626245762,0.9
9600,1526,0,12.78068732980564,3.3323597848408326,0.875
9600,1527,0,12.153391143040455,2.48290268225162,0.13
9600,1528,0,17.447832644826217,5.375806094659197,0.11
9600,1529,0,13.28445693142337,2.8078124554113515,0.88
9600,1530,0,7.0162730429352544,1.4410685373491106,0.135
9600,1531,0,12.487772512706409,1.8588899886466947,0.87
9600,1532,0,10.090997609266447,3.5909192945496216,0.13
9600,1533,0,12.075034396023199,3.243829365706574,0.9
9600,1534,0,10.565885502960517,2.600393530691747,0.105
9600,1535,0,9.142958295865709,3.971965386534748,0.84
9600,1536,0,5.858168739360252,2.251512045910431,0.9
9600,1537,0,10.902524327410678,1.7985142817167343,0.895
9600,1538,0,15.045674459852451,2.5066037401018093,0.1
9600,1539,0,22.331191796985458,7.654516395537314,0.855
9600,1540,0,10.301713332118114,3.577759449657947,0.1
9600,1541,0,7.82728865451474,2.235467605036945,0.13
9600,1542,0,13.574209057179447,1.7269056016985473,0.1
9600,1543,0,12.018999236396398,3.021377592156682,0.895
9600,1544,0,13.188297150450207,3.934914285053992,0.105
9600,1545,0,11.013742534578972,2.666269122380527,0.835
9600,1546,0,11.967290102976024,2.956598077463468,0.1
9600,1547,0,13.673205778173001,3.988076712550992,0.865
9600,1548,0,7.47102433629948,3.9812123692385626,0.1
9600,1549,0,15.954731900212238,5.314543836126973,0.9
9600,1550,0,14.256905975725829,5.21306095944567,0.9
9600,1551,0,7.8852498936922,1.8252401033024057,0.88
9600,1552,0,9.104674689083653,4.845463968706554,0.1
9600,1553,0,13.864774929780632,3.69928843640821,0.11
9600,1554,0,12.793217290556843,3.3411668145362228,0.105
9600,1555,0,8.718899057156955,3.062798785850873,0.88
9600,1556,0,8.721600902926424,1.9654341174685896,0.88
9600,1557,0,11.778398482792477,3.233355010141281,0.86
9600,1558,0,9.999455249146116,3.8438755997830754,0.11
9600,1559,0,10.43828527744978,4.356551731227398,0.9
9600,1560,0,22.408738432151594,5.165038959560775,0.13
9600,1561,0,6.566704794320515,2.0568557719286673,0.9
9600,1562,0,13.370543754124178,2.8149060942396886,0.11
9600,1563,0,10.671129257727046,2.7556416056953026,0.9
9600,1564,0,11.313197752462258,3.8001481501410694,0.9
9600,1565,0,7.124774008415449,3.8431518373357676,0.105
9600,1566,0,10.580985360139255,2.6498426846089274,0.89
9600,1567,0,11.547238529391594,1.705381207924006,0.17
9600,1568,0,14.95650987655252,5.309038153446011,0.895
9600,1569,0,8.02746239448453,2.266315259963392,0.9
9600,1570,0,12.784912719038223,1.929803834543975,0.85
9600,1571,0,9.510470220670847,3.1710769773113157,0.125
9600,1572,0,11.886725490611866,4.744389315781916,0.11
9600,1573,0,10.211825112481023,1.6549475769139121,0.12
9600,1574,0,12.282211318373728,1.6838602248057555,0.1
9600,1575,0,16.67572333273384,3.4244428432160134,0.9
9600,1576,0,14.914165244167313,4.267040043578163,0.895
9600,1577,0,10.443062636452929,3.2083182535160404,0.105
9600,1578,0,13.03055709029284,2.857276873329795,0.11
9600,1579,0,10.31568845968001,3.0037679219844904,0.105
9600,1580,0,10.562664637624852,2.218695347112032,0.895
9600,1581,0,9.683229646560536,2.462120248621602,0.1
9600,1582,0,10.97698502882551,5.546861155573879,0.9
9600,1583,0,17.221394715403594,3.348576815247384,0.1
9600,1584,0,16.659112534556513,4.20756420750763,0.86
9600,1585,0,18.833815835908116,3.7902002857507,0.11
9600,1586,0,13.769685987759763,1.7059861602575666,0.105
9600,1587,0,14.692955361198708,2.656345327602594,0.895
9600,1588,0,7.928033043615586,4.137261529498915,0.115
9600,1589,0,8.676393860509227,3.7414784768401432,0.115
9600,1590,0,11.3900373904924,2.9298984749260626,0.89
9600,1591,0,12.194846225476683,3.693186539364035,0.1
9600,1592,0,6.365583418437762,2.7140906412427057,0.815
9600,1593,0,16.322224496227708,1.7875118942356494,0.895
9600,1594,0,12.549369861925044,4.2029435504773005,0.9
9600,1595,0,9.124854042946575,3.5217407206275197,0.105
9600,1596,0,5.6903349404932095,2.602411197651122,0.135
9600,1597,0,11.49516122786011,2.453148895587276,0.1
9600,1598,0,6.10817085398404,3.012159816660187,0.16
9600,1599,0,11.900323516435662,2.183088304012415,0.9
9600,1600,0,12.104216340132288,4.790910139126936,0.125
9600,1601,0,8.213628506223076,3.192337619258012,0.1
9600,1602,0,9.078846565529517,1.5418477955080334,0.9
9600,1603,0,5.925413254978291,2.260864563484688,0.105
9600,1604,0,14.968312821583114,2.616283384868723,0.145
9600,1605,0,16.880174999546966,2.1441108041670986,0.9
9600,1606,0,12.542277273868338,2.153137950450912,0.1
9600,1607,0,7.9156280553534035,3.7175787499663215,0.105
9600,1608,0,12.43116718477225,2.553706051797633,0.9
9600,1609,0,13.909909028182883,3.0999851994835126,0.1
9600,1610,0,11.133880820851939,1.7901088060668258,0.105
9600,1611,0,10.405217070241122,4.042050774715733,0.9
9600,1612,0,14.696889036325873,2.965833162804188,0.1
9600,1613,0,10.544854649328622,1.8649909449351298,0.145
9600,1614,0,11.916647907012248,3.4207572957797083,0.9
9600,1615,0,11.137408100703073,3.001185824641084,0.155
9600,1616,0,12.352419504474398,1.2607564058725984,0.895
9600,1617,0,16.343965268470726,3.741470828980198,0.885
9600,1618,0,11.544492402777282,3.121477657762739,0.1
9600,1619,0,13.177897269358567,1.5830753039466572,0.9
9600,1620,0,13.010883331614119,2.060418855410262,0.895
9600,1621,0,7.4050306246648745,4.352637844992557,0.9
9600,1622,0,8.936376324470816,3.5914134172273293,0.1
9600,1623,0,9.559458899229844,2.1406605880031293,0.105
9600,1624,0,6.569476963064458,3.5654571283586733,0.19
9600,1625,0,7.930195948404184,4.524494009261559,0.11
9600,1626,0,14.840868951476512,3.9800379636886873,0.895
9600,1627,0,6.333045626195145,3.3422247618574374,0.1
9600,1628,0,10.235848706843964,3.3652043651443364,0.11
9600,1629,0,9.145267351198498,5.055780176010671,0.9
9600,1630,0,13.06123810968983,2.7042874005104522,0.885
9600,1631,0,7.788431928663851,2.5605634693647517,0.855
9600,1632,0,22.27699981623985,4.191126624279207,0.9
9600,1633,0,17.68313595020999,4.107047083176951,0.1
9600,1634,0,12.856935079829393,2.6715489688157845,0.105
9600,1635,0,10.484645940674968,1.9651745135121246,0.1
9600,1636,0,16.395724671916945,3.05675502258822,0.12
9600,1637,0,8.691581538188586,3.3919783898738842,0.9
9600,1638,0,8.398464561323996,2.2690995756192933,0.895
9600,1639,0,11.729812219689114,2.051155675090399,0.12
9600,1640,0,10.835384725424717,2.1711287134166923,0.9
9600,1641,0,11.250415026914965,1.9384284177462519,0.89
9600,1642,0,10.360996925399919,3.207740340216958,0.1
9600,1643,0,7.166868784267848,4.025263363075737,0.89
9600,1644,0,10.461645169373952,5.266000355463518,0.9
9600,1645,0,11.184089657772773,4.862159143335987,0.9
9600,1646,0,10.366055219064728,2.1766560300562787,0.105
9600,1647,0,16.596912332568223,1.5726921722546194,0.9
9600,1648,0,8.183086599619216,3.3042257632686756,0.195
9600,1649,0,14.227958921862154,1.7879238771655537,0.9
9600,1650,0,8.610212547082625,1.5516045730336714,0.9
9600,1651,0,8.385515249040036,4.577398713631453,0.86
9600,1652,0,17.973334443881104,3.425719818294226,0.115
9600,1653,0,6.55391454634935,2.7747053191276905,0.15
9600,1654,0,8.601831480070388,2.268723598852773,0.9
9600,1655,0,7.944869735988227,3.4756612302388135,0.87
9600,1656,0,6.212048618740482,2.9839752093764105,0.9
9600,1657,0,7.765791921953826,3.051262720815373,0.895
9600,1658,0,9.502532500624653,2.6918324164881824,0.89
9600,1659,0,13.665391519934786,4.225970251198419,0.9
9600,1660,0,13.480080873664717,3.8936642820672773,0.895
9600,1661,0,17.55344872731846,2.4428148522616766,0.105
9600,1662,0,9.56420390167665,3.491634604145588,0.1
9600,1663,0,5.614037498490337,3.0286298614058182,0.155
9600,1664,0,8.026424835628566,2.776614004407918,0.885
9600,1665,0,8.119076940721099,2.7093769203602847,0.14
9600,1666,0,13.676825494907257,2.997647864179953,0.125
9600,1667,0,10.142412696352936,4.508032823272856,0.125
9600,1668,0,13.202635377751703,1.51195202623029,0.105
9600,1669,0,15.328527890122672,5.864433589042051,0.9
9600,1670,0,17.48727991555683,4.490692275489039,0.1
9600,1671,0,12.80266419614634,2.0160681644739498,0.1
9600,1672,0,7.52783297301479,4.272721575047456,0.88
9600,1673,0,9.584147703076127,2.6459964312323336,0.9
9600,1674,0,9.388975981296852,2.78424480706434,0.9
9600,1675,0,17.982249068757596,2.8485537420309015,0.9
9600,1676,0,15.432102534912493,4.0468084712586005,0.835
9600,1677,0,8.808431477680614,2.334507523609375,0.9
9600,1678,0,10.210047581582415,2.747475518317799,0.9
9600,1679,0,13.73300679973349,1.7639081621084074,0.12
9600,1680,0,11.468972280492268,2.9509118925773237,0.1
9600,1681,0,9.477874178128541,3.579221278008049,0.895
9600,1682,0,9.497429861211373,2.7405193246210047,0.9
9600,1683,0,10.687004191435154,6.079656410746281,0.17
9600,1684,0,8.77286201345672,2.0565946493150022,0.895
9600,1685,0,17.592393400342203,4.0624711238649525,0.89
9600,1686,0,7.370012688359824,2.9930527348597025,0.825
9600,1687,0,13.822286315569556,2.722689061582173,0.9
9600,1688,0,11.381457347956285,3.221242798022672,0.9
9600,1689,0,14.47182688153983,5.491071644966894,0.86
9600,1690,0,8.836331925611372,2.5665409594409994,0.895
9600,1691,0,9.687545122528485,3.3963922529579804,0.12
9600,1692,0,8.334264625209189,2.7242083884928547,0.1
9600,1693,0,8.848163384185556,3.60156674953771,0.105
9600,1694,0,11.466073606003988,3.2909451320435323,0.9
9600,1695,0,7.385476193592098,3.0811869831026684,0.9
9600,1696,0,6.00269918502386,4.358451895630822,0.885
9600,1697,0,11.49325820018291,3.0930587380055385,0.1
9600,1698,0,11.76523500916011,1.3910512947987286,0.89
9600,1699,0,8.871056731893479,2.901899177018663,0.88
9600,1700,0,10.131631347318688,1.7502391644626414,0.9
9600,1701,0,15.130639860162082,2.16485968765312,0.89
9600,1702,0,16.32855684116791,3.364961676804512,0.9
9600,1703,0,11.38426909053157,3.1639136834044734,0.89
9600,1704,0,9.871767267088105,3.9967691466259225,0.1
9600,1705,0,6.187173651780466,1.7903705800847547,0.785
9600,1706,0,9.842938685945343,2.9127707810644665,0.1
9600,1707,0,15.57009565488727,2.852314032818981,0.105
9600,1708,0,12.302915618804136,2.4623214096550328,0.895
9600,1709,0,8.502467895345093,4.665367133290488,0.1
9600,1710,0,7.837717904137992,2.7606641161412426,0.84
9600,1711,0,13.954560279021003,2.0328171309031973,0.895
9600,1712,0,10.032395131042621,4.463816871643189,0.1
9600,1713,0,12.117943475217318,3.1130944763134494,0.1
9600,1714,0,13.263468435401915,2.0711372498766423,0.865
9600,1715,0,11.060661566171321,3.0947161036209536,0.1
9600,1716,0,9.46359168495508,2.58771850273547,0.12
9600,1717,0,6.690352139652853,1.8385035092364888,0.865
9600,1718,0,9.869229051630823,4.031069294802592,0.11
9600,1719,0,8.644600883524648,2.046912684193103,0.895
9600,1720,0,11.523932814176733,1.8739366388913936,0.1
9600,1721,0,9.665477455246783,3.110415853417692,0.88
9600,1722,0,11.74458195082176,2.3616695037048885,0.11
9600,1723,0,11.42822013638309,5.446581621683322,0.9
9600,1724,0,11.665597782067609,2.6305614713535874,0.1
9600,1725,0,11.000089555709257,3.220338321204963,0.14
9600,1726,0,8.22778883837856,4.463462012537889,0.1
9600,1727,0,11.304003729086674,2.1082272653984546,0.9
9600,1728,0,8.461714053456244,3.4850061468830518,0.105
9600,1729,0,11.001713557167209,2.8893875180585837,0.105
9600,1730,0,10.276642845796415,2.8194534158672013,0.105
9600,1731,0,10.34732154624507,4.616901001297435,0.9
9600,1732,0,9.620665450863726,3.7700809802501567,0.9
9600,1733,0,10.051408860724537,1.9829393445860433,0.1
9600,1734,0,10.402511342579306,4.182163102863967,0.145
9600,1735,0,7.581583811636819,1.4585077524557732,0.1
9600,1736,0,14.63427452393002,3.880508308093056,0.11
9600,1737,0,11.62913417929488,1.6039647706662663,0.9
9600,1738,0,19.61055231119687,2.652803854657293,0.9
9600,1739,0,13.77392670976363,2.1336937981146775,0.1
9600,1740,0,6.409211393013835,3.7850012892278073,0.1
9600,1741,0,10.49589874750045,2.4556962894862977,0.105
9600,1742,0,9.429484053954456,2.681535895600007,0.865
9600,1743,0,10.702988034258405,4.034870193709139,0.865
9600,1744,0,11.305674281214975,5.827003961870503,0.11
9600,1745,0,10.925430610318964,4.037011877429109,0.86
9600,1746,0,18.60266378078634,3.368406523908618,0.105
9600,1747,0,12.228811043070479,2.3401074011331957,0.11
9600,1748,0,9.425247627422609,2.564745224189835,0.855
9600,1749,0,14.024036394414308,4.971392574421429,0.115
9600,1750,0,14.013413870163951,3.6170336749890453,0.14
9600,1751,0,8.679044563519037,4.7374997626704385,0.13
9600,1752,0,14.912027473511957,2.952623169316837,0.1
9600,1753,0,12.028139009919146,3.0552242953589825,0.885
9600,1754,0,9.4121545766046,2.827787639388646,0.895
9600,1755,0,9.466006907714457,3.552623083014339,0.895
9600,1756,0,11.923185428328226,2.7457988968734526,0.1
9600,1757,0,12.757990950780556,3.222607124428123,0.165
9600,1758,0,17.4906429467089,3.415014805490557,0.885
9600,1759,0,7.464452502045732,4.507956895498921,0.1
9600,1760,0,15.472178379360885,2.648210309929766,0.1
9600,1761,0,10.895235231830327,3.876815471554096,0.9
9600,1762,0,7.40660567039326,2.3653699856097887,0.125
9600,1763,0,6.987879749212876,2.244459666945886,0.895
9600,1764,0,10.562822144667196,3.126435201382094,0.1
9600,1765,0,16.471587547502157,3.0217513230013537,0.895
9600,1766,0,11.283490764319835,3.898244736308243,0.895
9600,1767,0,10.357688079824513,3.466837378394416,0.86
9600,1768,0,8.974356421698674,2.762732017473013,0.1
9600,1769,0,12.558453932513586,2.4403446727319533,0.105
9600,1770,0,6.521888196519257,2.3971282960957296,0.105
9600,1771,0,11.662102717088716,3.827519766755927,0.865
9600,1772,0,7.969842652016365,2.2269615850674995,0.89
9600,1773,0,19.459252309733795,3.8788006776101724,0.84
9600,1774,0,12.768685825432613,3.0415413689638626,0.125
9600,1775,0,8.698460836607794,3.1412391289890707,0.855
9600,1776,0,7.910514993942712,3.3095392374775656,0.9
9600,1777,0,11.643307828187682,2.091850327555278,0.895
9600,1778,0,11.773429853169542,2.165221404735007,0.135
9600,1779,0,11.627586966918104,3.2616117834550096,0.1
9600,1780,0,6.659865789616294,4.086013602380945,0.895
9600,1781,0,9.781722005579264,4.123780233888397,0.105
9600,1782,0,6.59668804583695,4.3774001510072935,0.89
9600,1783,0,10.354448743681054,3.2643260921389583,0.13
9600,1784,0,9.47623683945338,3.308152156090216,0.1
9600,1785,0,10.341975740260631,3.223394508482613,0.11
9600,1786,0,9.651418599571002,2.237715360891457,0.9
9600,1787,0,10.559771485937869,4.0417809010435235,0.87
9600,1788,0,9.042882087750302,3.5028242525683595,0.89
9600,1789,0,6.853817639996705,2.163950967641881,0.13
9600,1790,0,10.804388898421234,4.377308959995219,0.105
9600,1791,0,6.660594345525358,2.3046344877243996,0.825
9600,1792,0,15.173844151595736,3.1089736564638315,0.86
9600,1793,0,8.667448499821171,2.722428378970676,0.89
9600,1794,0,5.082917569692428,3.8184467105338626,0.1
9600,1795,0,9.472293577698164,4.622516928847631,0.845
9600,1796,0,17.900143396358196,3.049341244516768,0.115
9600,1797,0,10.213679073456701,2.918761482307275,0.85
9600,1798,0,16.045585824119375,3.7584127371914633,0.88
9600,1799,0,15.549458307285894,3.1528963732768034,0.105
9600,1800,0,14.464064332732535,4.644860418009955,0.1
9600,1801,0,9.936370878173625,2.2484280043997273,0.105
9600,1802,0,11.055765503027894,2.795379738944348,0.895
9600,1803,0,4.685140511858553,3.064696290067559,0.125
9600,1804,0,16.95766691996899,5.46193021052801,0.125
9600,1805,0,13.851760345249177,2.172079087131351,0.1
9600,1806,0,16.175117117391473,2.7176252620563446,0.155
9600,1807,0,10.499575236927967,2.588522698894735,0.9
9600,1808,0,12.041790965415657,3.1127667651048796,0.2
9600,1809,0,9.154364967520136,2.809841837786564,0.115
9600,1810,0,8.089296527140279,1.7069763172742114,0.1
9600,1811,0,8.821753750651974,4.275985697165652,0.89
9600,1812,0,10.406399845410448,3.402221999094479,0.9
9600,1813,0,12.845384305223464,2.413854715001662,0.1
9600,1814,0,8.049170908070703,3.0558915115719287,0.89
9600,1815,0,7.924084237977058,2.5448499177912254,0.12
9600,1816,0,11.251113916744838,2.5534011333562034,0.87
9600,1817,0,10.383717668123692,1.8759374240204352,0.885
9600,1818,0,13.079211561406227,3.501091477595253,0.1
9600,1819,0,5.555738783775298,4.294217782140208,0.1
9600,1820,0,9.783078839870104,4.20234061414817,0.135
9600,1821,0,5.80666899805549,2.2057754357334147,0.11
9600,1822,0,10.524841384621677,3.6819578291058974,0.895
9600,1823,0,14.286636836235973,2.971271396953057,0.1
9600,1824,0,13.71110197703999,4.3283128388424075,0.1
9600,1825,0,9.780028582627681,2.64648851838416,0.115
9600,1826,0,16.871697913943255,2.246082434044183,0.1
9600,1827,0,11.120280164641516,2.5026486852837593,0.1
9600,1828,0,13.082200413207877,3.382696134951857,0.88
9600,1829,0,14.126931938394593,2.0833368903339533,0.1
9600,1830,0,11.886088452919326,3.07679679695525,0.11
9600,1831,0,10.399826157888853,1.4527546261518864,0.895
9600,1832,0,8.030924023995484,4.449974722652428,0.105
9600,1833,0,16.855542840520737,5.398138111581829,0.88
9600,1834,0,10.6566928200596,2.4216237973178067,0.135
9600,1835,0,8.997619608916898,2.5614063055655834,0.895
9600,1836,0,14.145893446892165,1.9401405347906575,0.105
9600,1837,0,5.460855484439235,2.516290594773807,0.125
9600,1838,0,15.17823176440558,3.7846356555647276,0.9
9600,1839,0,11.634576265009429,3.2294144513585366,0.9
9600,1840,0,12.852549298569615,3.0954798623582747,0.1
9600,1841,0,8.837599412608304,5.083789360290325,0.755
9600,1842,0,9.11851562785144,2.2156744237349812,0.155
9600,1843,0,16.972868975126936,2.5311652315366473,0.86
9600,1844,0,15.593020827161567,2.3266332734209527,0.89
9600,1845,0,10.113617888397593,3.386140746928845,0.89
9600,1846,0,11.974747790599311,2.151933714814902,0.1
9600,1847,0,10.944021372929036,3.8461250825591264,0.17
9600,1848,0,10.932155366062679,2.8320562531646942,0.895
9600,1849,0,19.404070159263544,2.369239529565448,0.1
9600,1850,0,11.745812822609025,2.4130842277756415,0.9
9600,1851,0,10.022579826208757,3.97424609059982,0.1
9600,1852,0,11.182313733668828,1.9191443889383208,0.125
9600,1853,0,12.712396029213082,3.798529481468904,0.12
9600,1854,0,12.20784969446754,2.781807053879959,0.9
9600,1855,0,10.371953944959891,2.3511519719548346,0.89
9600,1856,0,9.866773454769518,5.025306308672839,0.805
9600,1857,0,21.17064789254068,3.67571325879652,0.105
9600,1858,0,11.430854058140909,3.5753088392425525,0.9
9600,1859,0,10.333648462987012,3.305912929221222,0.105
9600,1860,0,12.7244430651771,2.312505926005315,0.12
9600,1861,0,11.18153519978364,2.0620809584158906,0.1
9600,1862,0,16.478347108168805,2.9263774258865283,0.9
9600,1863,0,10.133976835281322,1.7704382144344777,0.895
9600,1864,0,13.489708344282151,3.8130143155115093,0.1
9600,1865,0,12.290747602457571,3.859500931953619,0.86
9600,1866,0,10.085458627587379,3.6350267416054294,0.895
9600,1867,0,10.8422393509813,1.4750676699250675,0.82
9600,1868,0,10.3466565674012,3.0762023055146415,0.105
9600,1869,0,5.699323380170009,4.149602408733699,0.105
9600,1870,0,11.829991804084745,4.728821009253181,0.105
9600,1871,0,9.453205728163283,3.783283682793126,0.9
9600,1872,0,18.12139356377742,3.1031745673445243,0.1
9600,1873,0,12.006874400288238,3.9629943836715142,0.105
9600,1874,0,15.556150618293017,2.178556530694209,0.875
9600,1875,0,19.708598195776688,5.829154117614621,0.9
9600,1876,0,21.477887927675,3.7828805138559574,0.9
9600,1877,0,8.656330583206683,1.9793983482088606,0.1
9600,1878,0,6.333093201832242,1.2615643835530932,0.875
9600,1879,0,6.008402648427722,2.2785842991666527,0.86
9600,1880,0,7.864464193078729,2.8016927921029833,0.895
9600,1881,0,8.302231016110152,1.4968542412731267,0.16
9600,1882,0,16.760917939823802,1.7547973442844977,0.12
9600,1883,0,13.016471922713606,4.19075386862886,0.9
9600,1884,0,12.498508318213625,6.155253911839509,0.1
9600,1885,0,8.100287426743629,4.160829651549136,0.895
9600,1886,0,21.07623077524366,2.8850673930861603,0.9
9600,1887,0,7.810618108812756,1.8246709073949319,0.18
9600,1888,0,8.750766753079713,1.8356869784497576,0.105
9600,1889,0,13.553371663464835,2.3853502991244113,0.105
9600,1890,0,8.977242788352635,1.7848891970743352,0.115
9600,1891,0,11.852808562026642,1.8795222870380712,0.875
9600,1892,0,13.580068988975569,2.7258638825983894,0.9
9600,1893,0,8.603732529875005,2.5836002624544108,0.1
9600,1894,0,10.149885310657965,2.674866622824368,0.9
9600,1895,0,9.307468812330983,1.3440245508448356,0.84
9600,1896,0,7.65407892327166,1.6784318619500027,0.87
9600,1897,0,7.757562131912437,3.0747566857669995,0.9
9600,1898,0,10.934969641746905,3.6615057572362275,0.1
9600,1899,0,13.658770783332638,1.6502744855600326,0.895
9600,1900,0,9.37856118673111,3.642824464111527,0.12
9600,1901,0,17.57635971281797,4.293503554069389,0.86
9600,1902,0,9.870215156524607,3.6484006988089845,0.115
9600,1903,0,10.495690020080197,3.486383367136625,0.87
9600,1904,0,11.27483124900067,3.4344044856794653,0.9
9600,1905,0,7.830427714063281,2.31395760801405,0.895
9600,1906,0,10.862451614564321,3.939710777626715,0.9
9600,1907,0,10.625919241281379,2.107418965104557,0.895
9600,1908,0,14.517519602034099,3.7535184275597544,0.9
9600,1909,0,8.359777698432538,5.021430976745478,0.9
9600,1910,0,10.424505859491063,3.757730235678025,0.89
9600,1911,0,10.294578795083504,2.5975786756802677,0.11
9600,1912,0,13.83301680609833,4.486964068553334,0.1
9600,1913,0,7.630539325680701,2.868869686055575,0.9
9600,1914,0,11.532867145647717,1.9982340160609624,0.14
9600,1915,0,14.707763298268619,2.5229416942210037,0.1
9600,1916,0,14.518399062369697,2.971273997044932,0.1
9600,1917,0,9.850560736096682,4.249003027213405,0.16
9600,1918,0,8.868170989840909,1.4072622602711249,0.11
9600,1919,0,10.244356891846493,4.645783295417516,0.11
9600,1920,0,12.722806141510716,1.3849356792263734,0.9
9600,1921,0,9.844267080398927,2.837094102214621,0.105
9600,1922,0,10.163315202284908,5.933913979170313,0.1
9600,1923,0,12.080050147075482,4.977481536707273,0.12
9600,1924,0,8.76851239422038,4.19241717726635,0.9
9600,1925,0,13.273035941905006,3.061834008941844,0.13
9600,1926,0,8.748573872728233,2.8032883900351635,0.11
9600,1927,0,14.39668314775089,7.421824402925381,0.895
9600,1928,0,9.686909639384282,4.396440555294134,0.9
9600,1929,0,11.094678674037226,2.6038278742660736,0.9
9600,1930,0,9.987852395790073,3.864941847810144,0.1
9600,1931,0,9.235222867195239,3.1409697998753927,0.105
9600,1932,0,10.99300336054865,2.5656819447021917,0.11
9600,1933,0,12.812034419958566,3.3691943546884318,0.1
9600,1934,0,11.369067524280469,3.0323113436992344,0.1
9600,1935,0,6.824254746553878,3.1848691689219777,0.84
9600,1936,0,11.393498627392283,2.2707010626135116,0.105
9600,1937,0,10.592613040319439,3.2576325975952614,0.105
9600,1938,0,8.458333723992496,2.949716600481622,0.105
9600,1939,0,11.38833814793472,4.296759051764809,0.1
9600,1940,0,10.226296119624042,3.1691841950390653,0.105
9600,1941,0,9.653475677037449,1.639388393199681,0.9
9600,1942,0,10.04108059989112,1.7313932285787814,0.865
9600,1943,0,7.745326978756851,4.865861242178937,0.1
9600,1944,0,9.047515937512683,1.7869589908102057,0.15
9600,1945,0,12.468908413918157,3.2346231427354155,0.89
9600,1946,0,7.500796888331607,3.6066102697972724,0.115
9600,1947,0,9.95277987429887,2.659991643334081,0.9
9600,1948,0,9.088027424204261,2.2717901930420226,0.105
9600,1949,0,14.128347781673371,2.6546292264427507,0.1
9600,1950,0,12.268650943868385,4.151508867460052,0.145
9600,1951,0,17.539336110817775,3.622994365532861,0.1
9600,1952,0,7.620048165072382,3.762108764965433,0.14
9600,1953,0,6.474242988449248,1.7823572109975316,0.9
9600,1954,0,14.79526486517966,3.428673980674546,0.135
9600,1955,0,9.120001255001497,3.67867977199694,0.115
9600,1956,0,10.758172427087173,3.0069505584577882,0.17
9600,1957,0,12.367525409818256,1.8221010799805981,0.9
9600,1958,0,8.181319550834322,3.260556996170294,0.18
9600,1959,0,10.927366066386526,1.5511309150184616,0.9
9600,1960,0,13.867081690698484,3.0572320269101283,0.9
9600,1961,0,9.545757645234971,3.0842117816774817,0.9
9600,1962,0,9.840792411265305,4.399285110191897,0.17
9600,1963,0,10.219113539261931,4.546450326529339,0.885
9600,1964,0,9.920093768101918,1.6187200830898973,0.89
9600,1965,0,9.455277128144413,2.133159458936973,0.105
9600,1966,0,13.310448465872488,2.083890916927089,0.89
9600,1967,0,11.63438139205198,1.9145603318492022,0.1
9600,1968,0,12.172315693917854,1.7060812779163825,0.1
9600,1969,0,8.058110452801658,4.3445992982043435,0.1
9600,1970,0,12.164488989517496,5.018178201646606,0.115
9600,1971,0,11.346107186077603,2.573809090122836,0.9
9600,1972,0,10.042653328306416,2.927376684439764,0.1
9600,1973,0,13.186894345899436,2.6206305225969118,0.895
9600,1974,0,10.734826811233294,3.3162991753030724,0.85
9600,1975,0,12.541084995498366,2.741684057835414,0.175
9600,1976,0,9.787783854831533,3.0556289074937126,0.1
9600,1977,0,11.437143330776772,4.207059528337709,0.895
9600,1978,0,9.686100374825953,3.4123893945277928,0.12
9600,1979,0,10.255742300206093,3.040963147171283,0.865
9600,1980,0,10.91392193174785,2.138361372375641,0.89
9600,1981,0,9.344619812844682,2.11253006445844,0.125
9600,1982,0,11.361337937144087,2.883190171900196,0.855
9600,1983,0,10.092290199247602,2.4759660724839705,0.1
9600,1984,0,21.011688151152036,2.622156623336025,0.885
9600,1985,0,9.746968669485636,4.501002193225645,0.165
9600,1986,0,8.261296809573082,1.7913410465183688,0.9
9600,1987,0,9.619690493725985,5.804617946265012,0.1
9600,1988,0,8.199209095959686,3.0704431918678665,0.12
9600,1989,0,11.709300725021299,5.0532829912413035,0.895
9600,1990,0,7.590380493478125,2.525424018020317,0.895
9600,1991,0,9.380368883422502,4.278946665229455,0.135
9600,1992,0,11.287114041465715,4.578076330373904,0.1
9600,1993,0,12.38764577725793,2.4232197324437266,0.145
9600,1994,0,11.438854796305097,3.488788677378807,0.115
9600,1995,0,7.488768433903204,2.4118916780324184,0.1
9600,1996,0,11.814474972098312,3.6990917663359824,0.1
9600,1997,0,11.840641579360067,4.250015370143956,0.9
9600,1998,0,12.536564294586096,1.622669504769192,0.895
9600,1999,0,12.436745604940286,2.1713935802480933,0.1
38400,0,0,9.364672330596592,2.133892656235048,0.1
38400,1,0,10.364653629581058,1.7578337577390357,0.895
38400,2,0,12.790888244080065,2.5758907111082863,0.9
38400,3,0,9.695132639419995,2.7731768021112657,0.12
38400,4,0,10.96098209200786,2.4594524979590915,0.895
38400,5,0,16.488570075442794,2.677197868501935,0.9
38400,6,0,7.996441506193151,3.16470699485194,0.1
38400,7,0,11.490986149145147,2.57927890597216,0.165
38400,8,0,8.488424692323521,3.0365143396579697,0.1
38400,9,0,10.48933338838354,4.965494781737334,0.115
38400,10,0,9.437638896835908,1.5773615379316652,0.89
38400,11,0,8.714958976066056,2.829627800031176,0.11
38400,12,0,15.751837105582924,3.5347344830370275,0.1
38400,13,0,22.110378637851795,4.8387495623615,0.9
38400,14,0,13.497859005108968,3.1299550661913145,0.895
38400,15,0,14.445387979973686,2.2284735817947876,0.895
38400,16,0,8.254443178632869,2.5350440722945677,0.9
38400,17,0,8.939166596387485,2.9388387541246175,0.11
38400,18,0,10.880036363385557,1.6897444131188877,0.9
38400,19,0,16.65879572159834,8.901837189631578,0.895
38400,20,0,9.046454060872104,4.498829914007274,0.87
38400,21,0,14.104723423677115,2.1309510128048714,0.9
38400,22,0,6.289684496820913,3.5452110774599532,0.895
38400,23,0,10.838532241001216,2.875965043585893,0.13
38400,24,0,10.998271618546148,1.0168855880863248,0.89
38400,25,0,21.091310828877003,2.770857572085106,0.1
38400,26,0,13.943386840346864,2.768412248030927,0.105
38400,27,0,11.728953017913001,4.473815981032203,0.1
38400,28,0,12.002029939571914,2.73956737030403,0.1
38400,29,0,9.060066306500973,4.5155826436769075,0.1
38400,30,0,9.086605424832321,3.255881385308612,0.885
38400,31,0,10.695985752246925,1.7164167028056454,0.115
38400,32,0,12.572514453344754,2.162121666958683,0.1
38400,33,0,8.915814749538526,4.565329108578453,0.9
38400,34,0,9.971513346995264,5.050232700170909,0.89
38400,35,0,10.260711226462242,3.711575293431224,0.105
38400,36,0,19.08298732768856,2.1818425980995926,0.1
38400,37,0,8.179673195855724,7.139181776676651,0.12
38400,38,0,5.748822078157613,4.146872610300534,0.865
38400,39,0,10.72939066566539,4.640584339182396,0.855
38400,40,0,17.84947193000562,3.261916734749093,0.9
38400,41,0,12.035211635943597,5.293501770961484,0.9
38400,42,0,11.955466649704704,2.886377789928929,0.88
38400,43,0,12.652245689603776,3.7157134161759586,0.1
38400,44,0,10.175296897241425,2.6269941487839787,0.1
38400,45,0,11.222863816083759,3.2875455569410406,0.9
38400,46,0,10.23812133233557,1.603033691606015,0.115
38400,47,0,5.632598145401176,2.958724969244031,0.1
38400,48,0,7.384895250452068,2.5921894774342036,0.855
38400,49,0,9.186791407892088,3.099091574955537,0.9
38400,50,0,16.348376127313603,3.281549898878211,0.1
38400,51,0,13.424897741725772,2.5785879230511455,0.9
38400,52,0,12.51206383378318,4.223702945273544,0.105
38400,53,0,12.022325955857129,1.8454853573132368,0.1
38400,54,0,9.971905220768917,7.556081487973643,0.9
38400,55,0,6.559105517497983,1.893697716747056,0.9
38400,56,0,13.103185153756,3.101467638248323,0.89
38400,57,0,10.539078857436134,4.246113612600766,0.115
38400,58,0,7.0305553414101505,3.5607819512279093,0.1
38400,59,0,8.927949533204835,5.1589980957260195,0.89
38400,60,0,8.399413509538926,3.114149135956268,0.895
38400,61,0,19.015200992080853,2.365915384331174,0.1
38400,62,0,9.322074219056717,1.678056782236581,0.86
38400,63,0,15.65859956862653,3.5774811208227675,0.1
38400,64,0,14.79204230335611,2.197604201279546,0.105
38400,65,0,8.939021462367693,3.0878974982670115,0.1
38400,66,0,10.6087787914857,2.4418774844889413,0.115
38400,67,0,10.85037071633053,2.253426666197811,0.9
38400,68,0,12.52634062925381,4.30209475541119,0.9
38400,69,0,10.036093725008756,3.5459301691048495,0.1
38400,70,0,10.673032920115084,4.145928296105694,0.105
38400,71,0,10.479570540590004,5.007628796244035,0.795
38400,72,0,7.2842067208163845,4.616959725109382,0.895
38400,73,0,9.472225360658989,2.9385547135234447,0.86
38400,74,0,13.013165375094218,2.3657854290888736,0.9
38400,75,0,8.468609800704856,2.0628603535669754,0.855
38400,76,0,10.705113228833058,2.594444399699114,0.1
38400,77,0,11.162910636479142,4.934661141192009,0.865
38400,78,0,8.842732949277126,3.756563256439449,0.895
38400,79,0,10.148161514952108,4.578647849052686,0.9
38400,80,0,18.746633742310692,6.317399502080434,0.885
38400,81,0,13.619845335819036,2.7407725874354583,0.9
38400,82,0,11.04396502955467,2.505636774304776,0.9
38400,83,0,13.799087962929095,2.5105253168590025,0.1
38400,84,0,8.414297762172966,2.3145106609945287,0.1
38400,85,0,14.430513990855049,2.4192930477852315,0.1
38400,86,0,8.5162710976633,2.709051132831064,0.855
38400,87,0,7.29631187602503,2.120247805089548,0.88
38400,88,0,9.504928716849577,3.2425284323210235,0.9
38400,89,0,9.51066003406097,1.0791104742452262,0.18
38400,90,0,7.819845132452991,2.398248856951568,0.825
38400,91,0,5.4502716681359935,4.7782827856963195,0.105
38400,92,0,8.074828297497447,3.3714622122317905,0.9
38400,93,0,12.300431129154674,3.7195154252344764,0.12
38400,94,0,7.154906892689174,5.315908080660847,0.855
38400,95,0,9.740686578966546,3.073635371282535,0.895
38400,96,0,8.084906670280816,2.300380563036697,0.9
38400,97,0,8.13065511297401,3.977413424331644,0.105
38400,98,0,7.484268302688122,2.1776650881520254,0.145
38400,99,0,16.216088438835627,2.6723546392645403,0.865
38400,100,0,14.96128672285195,3.5289095739699405,0.13
38400,101,0,13.478071948830461,3.655568867770853,0.9
38400,102,0,8.680015245836776,7.255768860846956,0.685
38400,103,0,12.89173152727983,4.342779518566431,0.9
38400,104,0,8.773277022432355,3.9304497246803294,0.1
38400,105,0,15.47012988647964,1.963928025952555,0.9
38400,106,0,8.526546693338464,2.579672941726585,0.18
38400,107,0,7.0690977708798455,3.6621121841790227,0.115
38400,108,0,8.591752002345494,2.1561348683519554,0.87
38400,109,0,17.60213804435807,3.738090149602158,0.9
38400,110,0,12.847731585772245,3.5437457793989324,0.125
38400,111,0,14.06620119375532,3.493819092460626,0.1
38400,112,0,12.020676065459384,4.386709767163666,0.9
38400,113,0,8.48434063690679,1.9292162944623215,0.14
38400,114,0,7.888842326525249,2.887205253500724,0.115
38400,115,0,15.968701095272744,3.27850539828205,0.82
38400,116,0,8.443798835239939,2.4670694472831656,0.205
38400,117,0,21.023786866023215,3.727259927131854,0.9
38400,118,0,11.729796488701254,4.026729523764061,0.9
38400,119,0,11.5019445228501,3.096021479831279,0.845
38400,120,0,7.024195577179359,4.744149846226264,0.11
38400,121,0,10.294851862580247,3.1077492365170656,0.835
38400,122,0,10.870436685727327,2.204063978308568,0.9
38400,123,0,7.2937243005839605,4.909139718495226,0.11
38400,124,0,11.32361373469672,2.4864947466937792,0.185
38400,125,0,9.730373507478033,3.901390040084607,0.88
38400,126,0,13.585418692993587,2.644642039382461,0.1
38400,127,0,8.312935246019107,3.051909909754613,0.16
38400,128,0,10.55571090632725,3.399374627360885,0.9
38400,129,0,11.610926522722403,6.34356544596244,0.895
38400,130,0,12.555498388003343,2.5039784943658105,0.9
38400,131,0,14.571433819836427,2.4449462809741362,0.89
38400,132,0,8.05535458178099,2.403394915302215,0.1
38400,133,0,17.764802763977535,3.672257247694688,0.85
38400,134,0,13.922077563768767,2.429347346759414,0.9
38400,135,0,8.370612237534134,2.8334771381764767,0.89
38400,136,0,9.272800250599857,2.405506128735624,0.9
38400,137,0,8.187869740661442,3.4658575729224594,0.105
38400,138,0,13.908114373278455,1.8065570681301324,0.885
38400,139,0,8.2908250184684,3.023293630292301,0.89
38400,140,0,6.836237336601449,3.2643861651990846,0.15
38400,141,0,9.969079159627656,2.948401248153232,0.1
38400,142,0,11.236365784429353,3.866553199293321,0.105
38400,143,0,9.684552537728177,2.5606164999430803,0.88
38400,144,0,11.097048636446326,2.6858618697815473,0.12
38400,145,0,8.313395102046956,4.783870981441396,0.11
38400,146,0,8.548013487441608,4.0200734782956715,0.9
38400,147,0,11.02250064731763,3.604639466129811,0.12
38400,148,0,12.607853884770748,1.1820880605284856,0.9
38400,149,0,10.501703132198262,1.6090069053973366,0.895
38400,150,0,8.921517926071335,3.7779176760011524,0.14
38400,151,0,16.393909301974986,6.1940927284524605,0.12
38400,152,0,18.363041200951123,6.660153494163978,0.885
38400,153,0,11.574603106593031,2.3208572154828744,0.9
38400,154,0,13.151894575473762,1.777316487459757,0.9
38400,155,0,7.38483147514619,2.0832534873022723,0.795
38400,156,0,8.200824631341726,3.695330041205125,0.885
38400,157,0,11.575641803952223,2.1335295271285304,0.89
38400,158,0,12.374945477120606,3.67095685401182,0.1
38400,159,0,6.224909235112515,3.1028014007972615,0.88
38400,160,0,10.684811332870352,2.2198223081261403,0.13
38400,161,0,7.000908056110121,4.593396122515969,0.1
38400,162,0,8.025918587807157,2.4298583880636215,0.1
38400,163,0,15.741587181380025,3.2134139705931375,0.895
38400,164,0,9.02078993095517,2.626385542140497,0.89
38400,165,0,4.9749512675355625,3.4123922614185176,0.885
38400,166,0,7.616108568595603,4.311989093321245,0.88
38400,167,0,12.442871682913507,3.4286074750980333,0.1
38400,168,0,9.596758988242138,2.7446401477959625,0.895
38400,169,0,11.455907933090113,7.237633481730654,0.895
38400,170,0,8.910862605969738,2.7072588231703776,0.895
38400,171,0,6.1943701379198055,3.813579433341374,0.1
38400,172,0,10.59493735496119,1.7983999730518008,0.9
38400,173,0,8.885863341998311,5.317078905198969,0.105
38400,174,0,11.156988330332638,2.0008348596206815,0.9
38400,175,0,12.84880723280711,2.946982430364642,0.895
38400,176,0,9.338185878518011,1.7005216156007918,0.18
38400,177,0,12.926606167543468,2.6583285764786524,0.9
38400,178,0,7.718246661710714,3.7650525909782573,0.89
38400,179,0,11.231607767261746,3.069173288508864,0.855
38400,180,0,10.079827072690545,1.3059931653629064,0.115
38400,181,0,11.386112781840204,3.2549854774572395,0.105
38400,182,0,13.452618816369116,2.974129730887398,0.135
38400,183,0,7.286008159072708,3.768709812072757,0.9
38400,184,0,7.8209436953750355,1.939382001279455,0.9
38400,185,0,10.542452049495488,4.516466060937319,0.165
38400,186,0,8.970279883877767,3.353491732616476,0.1
38400,187,0,11.433838674331582,1.97334477764457,0.9
38400,188,0,15.757180533462387,4.960320278820518,0.105
38400,189,0,11.131130173649487,3.719085475074735,0.11
38400,190,0,8.542500660271518,5.172569228005841,0.89
38400,191,0,9.736663114935597,2.062975513553056,0.1
38400,192,0,8.589631540884445,2.7421391567827413,0.895
38400,193,0,12.292997851466547,4.624570323699118,0.885
38400,194,0,14.414983988087428,5.479687634658603,0.865
38400,195,0,11.377746836279814,3.1401653782495487,0.1
38400,196,0,10.347837484729325,4.726145485062716,0.9
38400,197,0,11.52781162479471,3.1697401011399506,0.1
38400,198,0,10.63142681753106,2.848135675958474,0.895
38400,199,0,7.822208470051279,3.39141808756267,0.895
38400,200,0,11.936013102093275,4.149661132856863,0.12
38400,201,0,7.085991854078203,2.816614113066862,0.1
38400,202,0,12.333551503731822,1.8646162800109778,0.895
38400,203,0,8.410422256161496,1.888655403104167,0.9
38400,204,0,9.663824445562456,2.331042997190025,0.1
38400,205,0,11.959724857009064,2.461099880349593,0.9
38400,206,0,11.826539716925343,3.0141427603382454,0.11
38400,207,0,13.786480531665006,2.979540466196795,0.9
38400,208,0,20.469692258294575,3.5614283784468626,0.1
38400,209,0,9.084169418910484,4.847946193069674,0.13
38400,210,0,5.354125722536765,2.977832259449542,0.1
38400,211,0,7.833598771087666,2.4275083009115406,0.895
38400,212,0,9.375054630687602,2.818096227611022,0.1
38400,213,0,15.750689132341106,3.583647649895738,0.105
38400,214,0,13.549214750832048,2.9049015763121133,0.895
38400,215,0,10.002190370598782,1.4630191272942739,0.9
38400,216,0,8.7311665203697,3.832963438441084,0.1
38400,217,0,9.820869344007406,2.831642132241541,0.9
38400,218,0,21.539953803147682,2.1845271037136627,0.9
38400,219,0,9.420807833964783,3.7156425182388375,0.14
38400,220,0,10.9092354106483,2.274457543052222,0.87
38400,221,0,7.289229913487326,2.142807576467476,0.13
38400,222,0,8.690827352917841,3.5125601657853167,0.135
38400,223,0,13.234598330987525,2.407391261886005,0.1
38400,224,0,13.68329550884255,4.3598727982328,0.1
38400,225,0,12.311468115397796,2.142427501240718,0.115
38400,226,0,11.766142297861336,2.702941229370026,0.105
38400,227,0,23.729318900719253,2.249530961950086,0.1
38400,228,0,9.265859659185065,2.537353111364382,0.145
38400,229,0,8.626067969102676,1.4160400061143719,0.105
38400,230,0,12.86742736170311,2.546633894456818,0.1
38400,231,0,12.126976597447817,4.724845469871752,0.12
38400,232,0,11.331780872245078,3.271866848706395,0.1
38400,233,0,11.22702655917351,3.8843154944970593,0.9
38400,234,0,6.826675524014389,2.757091026728631,0.13
38400,235,0,13.691267651990417,1.9587684712064402,0.1
38400,236,0,8.434312402789015,1.8523689239941632,0.865
38400,237,0,14.147971277054186,4.614612480867208,0.115
38400,238,0,10.61763165097034,3.0676897003786507,0.1
38400,239,0,10.195199728625367,4.443689859249389,0.86
38400,240,0,10.568500281961352,4.37866551424122,0.155
38400,241,0,11.24388038350649,3.216598850997343,0.85
38400,242,0,9.911031952808798,2.1304212679467582,0.885
38400,243,0,10.268575103523402,4.19226233652239,0.115
38400,244,0,12.569458690034521,2.274399218617873,0.885
38400,245,0,10.090710663073425,1.6492132579912777,0.1
38400,246,0,10.123184841949548,3.1908350240257732,0.12
38400,247,0,5.586506319601124,3.844735677483868,0.895
38400,248,0,7.478704512154764,2.9950855946026422,0.1
38400,249,0,16.566646571229885,3.150296361678784,0.12
38400,250,0,9.356666427596862,2.4320128645115346,0.895
38400,251,0,5.141115550839005,2.3004029995661313,0.1
38400,252,0,12.511921010022176,3.096070600082612,0.89
38400,253,0,10.303139928154362,4.539376672823892,0.875
38400,254,0,10.725533331996491,2.6079863611755627,0.895
38400,255,0,8.30758356809895,1.6002709397525905,0.1
38400,256,0,12.185012901755172,2.577663431225119,0.89
38400,257,0,14.344113883393563,2.4986117561184074,0.1
38400,258,0,9.243852952710848,2.6208950140016896,0.845
38400,259,0,11.557391651995086,1.8899512698226317,0.89
38400,260,0,9.217533115145992,2.4562800498244997,0.89
38400,261,0,11.309385086876773,2.425507261398252,0.9
38400,262,0,8.746030083995619,5.023651021207343,0.895
38400,263,0,9.937743968443444,3.325584241821389,0.1
38400,264,0,15.633319072562566,5.586856527128248,0.105
38400,265,0,15.5739365592234,4.662286718570385,0.1
38400,266,0,7.582161569593496,2.741741452905444,0.1
38400,267,0,9.833587901577278,2.4602383759372515,0.225
38400,268,0,14.171081327036179,2.583438404718663,0.1
38400,269,0,11.996246538478205,2.050798403740828,0.1
38400,270,0,15.793175200785187,3.114381998193494,0.1
38400,271,0,9.244873078104662,3.468161155024063,0.1
38400,272,0,12.049024079822175,3.3648815790627395,0.9
38400,273,0,5.033634427704341,2.9456848951099346,0.83
38400,274,0,11.48338909468464,4.139388276064437,0.9
38400,275,0,8.998521396712851,2.692826817508376,0.25
38400,276,0,9.67787560278581,1.5290672100775282,0.885
38400,277,0,11.748192548396334,2.0972913379750935,0.1
38400,278,0,8.866838404324145,2.8089621811488996,0.86
38400,279,0,10.10779039824456,2.1316727189855555,0.9
38400,280,0,14.678462673736774,7.280735360814106,0.11
38400,281,0,16.990305262924352,2.2459448487495592,0.105
38400,282,0,11.10725055342755,2.9493647301023884,0.1
38400,283,0,8.878889225824517,2.3938867827212107,0.865
38400,284,0,11.601264686916082,2.7190314225777,0.885
38400,285,0,6.625262153742711,2.305133361596745,0.1
38400,286,0,9.457903461191416,3.678208869456512,0.89
38400,287,0,8.069458271532428,2.348274912804982,0.1
38400,288,0,13.257687062442681,3.2235551312169264,0.105
38400,289,0,11.428701257879654,2.307182291224308,0.1
38400,290,0,9.48046297212727,4.194265336877834,0.9
38400,291,0,12.305465725627302,2.733614359897274,0.1
38400,292,0,12.535713947094553,3.995643231814938,0.84
38400,293,0,7.579992209094336,2.175103327317629,0.105
38400,294,0,9.961683239243373,1.9879534550057087,0.1
38400,295,0,10.787424730395339,8.094074022642417,0.12
38400,296,0,9.2665466280239,2.102249928816491,0.11
38400,297,0,11.17792449014644,4.365295694668703,0.1
38400,298,0,8.575732550108679,2.8997403751475304,0.895
38400,299,0,9.947325895886934,2.5315627170755306,0.9
38400,300,0,16.55242917046337,1.7038247853236044,0.9
38400,301,0,12.059281030935269,2.667783886528241,0.1
38400,302,0,10.53907841625368,4.136647390623693,0.88
38400,303,0,9.048068536570783,2.7251512385191745,0.1
38400,304,0,7.941763490570111,2.777713809280158,0.9
38400,305,0,5.652531284904968,1.910113837902827,0.1
38400,306,0,11.704083071425222,2.1423733682695456,0.895
38400,307,0,11.989803409228115,2.409343270710451,0.105
38400,308,0,11.83805959133876,4.3461627892327215,0.105
38400,309,0,10.982619517117769,2.8785603804635684,0.9
38400,310,0,10.120159475097006,2.4876650833618896,0.85
38400,311,0,7.60070427290998,6.697103269175386,0.1
38400,312,0,15.781676458393761,5.625961939983881,0.12
38400,313,0,10.802495584283633,2.6451497636514887,0.9
38400,314,0,9.473453015581317,6.312537652217998,0.83
38400,315,0,12.612663208849856,3.3437641086152325,0.895
38400,316,0,13.177726092812351,2.698632711906157,0.1
38400,317,0,14.008035775729583,2.683560388749129,0.1
38400,318,0,8.385190100862589,2.7280950382532865,0.1
38400,319,0,12.928047835128435,1.727779984372546,0.885
38400,320,0,9.311657950249812,2.034185270446187,0.1
38400,321,0,10.492093509986946,1.5953571212207862,0.1
38400,322,0,11.968094375524743,2.7452933805875546,0.9
38400,323,0,15.748606889508778,3.000623885503728,0.9
38400,324,0,10.160774090322777,3.205990206606657,0.1
38400,325,0,10.407945725899028,2.87122411318137,0.1
38400,326,0,13.49821550671474,3.2267443147645736,0.11
38400,327,0,8.247328370566725,1.8737502838746423,0.105
38400,328,0,10.78551817906373,2.849094731726609,0.1
38400,329,0,8.812886682046884,4.1506762994572455,0.87
38400,330,0,11.268835696978696,3.211904149196698,0.89
38400,331,0,11.002744245315311,3.8245445956022195,0.115
38400,332,0,8.371721773903948,1.8851135324439383,0.895
38400,333,0,8.378914974187806,2.3207467787926817,0.14
38400,334,0,8.079825393775776,3.599668342951645,0.815
38400,335,0,10.244050096919237,1.5683195075666845,0.81
38400,336,0,13.421897079039127,3.662837509352812,0.9
38400,337,0,17.520595342470767,3.041545090360387,0.885
38400,338,0,11.794855916058395,4.6689307341864605,0.9
38400,339,0,13.4343703775693,2.1486144082359715,0.885
38400,340,0,8.709367658583625,3.38528987515474,0.14
38400,341,0,7.827095918115986,2.045606890482077,0.145
38400,342,0,10.623701184198353,2.0238668246577163,0.9
38400,343,0,9.730111336622434,2.900918771143779,0.875
38400,344,0,13.514963345223347,2.747736516499799,0.115
38400,345,0,10.787518299571333,3.976309191943983,0.11
38400,346,0,11.427392823050143,2.4583775926316775,0.13
38400,347,0,12.323449758322035,3.8871538828630037,0.895
38400,348,0,11.00558235881181,2.255910117884241,0.1
38400,349,0,9.747242999807783,6.084403939166805,0.1
38400,350,0,12.014927395777022,4.028106214030913,0.9
38400,351,0,11.796640286086127,2.852965196183277,0.89
38400,352,0,16.67209639405485,5.5032391933480085,0.1
38400,353,0,13.070051128794072,3.49840968741546,0.12
38400,354,0,14.502970481181066,0.9067694584359742,0.88
38400,355,0,14.072437017625068,2.7460502264034403,0.88
38400,356,0,10.203143400272552,2.9673228619117253,0.9
38400,357,0,10.016580012281795,3.2875862084210894,0.1
38400,358,0,13.200021785621733,2.4244291921888816,0.86
38400,359,0,13.151359625356918,2.2903134835530636,0.9
38400,360,0,10.455416532356594,1.172691069166376,0.9
38400,361,0,13.443688412474446,3.21134560483074,0.1
38400,362,0,7.8208870344002435,4.381926977890771,0.9
38400,363,0,16.280611522915365,2.5775372270857133,0.9
38400,364,0,8.51787013365481,3.0924118482403173,0.9
38400,365,0,10.927014301499867,1.7196890830177836,0.9
38400,366,0,6.079924894152875,3.000966732525967,0.85
38400,367,0,14.162534520393868,1.958715707507963,0.895
38400,368,0,18.560365128942884,3.1212588123537444,0.885
38400,369,0,10.373345791618032,3.268694900856417,0.115
38400,370,0,10.603168918383568,2.085784654445888,0.88
38400,371,0,7.543149413446031,2.226809191824941,0.9
38400,372,0,8.251521431882507,4.586468170441549,0.25
38400,373,0,11.2304379609202,3.092508817576345,0.1
38400,374,0,9.516508127554745,4.535308183295683,0.1
38400,375,0,12.745193168574927,2.9987944437834813,0.895
38400,376,0,8.474522807723996,4.580389488256742,0.11
38400,377,0,10.431126945028584,3.3015824319249987,0.875
38400,378,0,9.632469559005347,1.9180160139683267,0.115
38400,379,0,11.769552207361711,2.193445835075636,0.11
38400,380,0,17.215033583348195,2.2288790648872236,0.105
38400,381,0,10.010360322338556,2.3331953473814337,0.9
38400,382,0,13.315327481399777,2.581924624359999,0.9
38400,383,0,10.871801540810077,2.095168020099436,0.88
38400,384,0,13.779322523863614,3.309272521062212,0.105
38400,385,0,9.972444223946061,4.137252315570095,0.875
38400,386,0,14.56596434482385,3.9650124564843736,0.885
38400,387,0,4.976800702243069,2.6191852384783942,0.145
38400,388,0,12.999492397622703,2.067783534943146,0.9
38400,389,0,12.610865696795203,4.334342902518529,0.865
38400,390,0,9.356445000104827,1.8399924671768986,0.9
38400,391,0,9.235952356978363,4.201589591650645,0.19
38400,392,0,13.503925561912622,2.8902964917165264,0.895
38400,393,0,10.571538132450161,3.061475352404841,0.88
38400,394,0,12.551353480328657,2.0457114392058884,0.9
38400,395,0,7.787915186286966,1.5158131137354758,0.105
38400,396,0,8.925205517330712,1.981756835152737,0.1
38400,397,0,14.543428594008676,3.8414554576377213,0.1
38400,398,0,9.250349334148497,3.793039836745038,0.1
38400,399,0,12.897593416266204,4.845978767355064,0.9
38400,400,0,8.996462193236509,4.034520187929047,0.105
38400,401,0,8.636981919172513,3.1326528935778697,0.9
38400,402,0,9.485201775159176,3.34063791636936,0.895
38400,403,0,14.416215496824641,5.439954956131032,0.86
38400,404,0,16.248206220277126,2.9552323174186768,0.13
38400,405,0,9.617838643422148,2.4191135168393885,0.87
38400,406,0,9.444155237088216,2.606261077903582,0.135
38400,407,0,16.142853254332863,1.6166880060893618,0.9
38400,408,0,11.347112860007195,1.1258649546050492,0.88
38400,409,0,11.012348503243569,4.159193916780168,0.115
38400,410,0,10.302621705667587,2.0015101346416486,0.105
38400,411,0,8.93487615159291,2.2415006395078763,0.895
38400,412,0,13.337704234701278,2.271192749765305,0.9
38400,413,0,16.419400714203793,5.908502809353422,0.1
38400,414,0,7.089714411736169,2.71937742584214,0.1
38400,415,0,12.17109659324592,3.0079987433055067,0.9
38400,416,0,10.500097720647975,2.267223514320449,0.12
38400,417,0,12.217937392529155,2.763079989824746,0.895
38400,418,0,9.192024134425393,2.3787686240325456,0.87
38400,419,0,10.50481136423883,2.304031937143236,0.85
38400,420,0,11.470424463688335,3.3614207613311464,0.11
38400,421,0,15.00858256516565,3.879753759332516,0.875
38400,422,0,5.198021080297509,3.009112374331835,0.1
38400,423,0,6.271760280097465,1.8437601200332665,0.255
38400,424,0,10.549339896623453,2.971246400329619,0.1
38400,425,0,7.214026772735218,3.2978675118670253,0.22
38400,426,0,11.19768187610203,3.745024785644091,0.105
38400,427,0,8.499376313629343,2.2426846154587565,0.1
38400,428,0,11.337312467364313,2.657162138558533,0.9
38400,429,0,8.240394036335712,1.9178098675979527,0.895
38400,430,0,13.978125598774897,2.44373104133615,0.125
38400,431,0,11.092607875512345,2.7026900004614163,0.11
38400,432,0,12.707559827054288,8.669490116312772,0.885
38400,433,0,8.678574002908023,2.6593105266670136,0.1
38400,434,0,12.906977530195737,6.211688740677346,0.84
38400,435,0,10.374549711118629,3.1212587653556056,0.105
38400,436,0,10.246081693986755,3.547078353415145,0.1
38400,437,0,11.25555412525306,1.9240294692508542,0.12
38400,438,0,16.880043029806874,3.008491087211951,0.1
38400,439,0,11.066715665507855,1.7900701474673042,0.895
38400,440,0,5.365966845624258,1.85584350384147,0.1
38400,441,0,9.817268034776445,2.1202332615700925,0.885
38400,442,0,5.126293011380767,3.5036557768023613,0.9
38400,443,0,11.028061283313386,4.124614775497548,0.86
38400,444,0,9.121956283604742,2.4740894871797536,0.86
38400,445,0,12.24760168062802,2.7570398405885044,0.86
38400,446,0,16.581985512253087,2.1631862519654987,0.87
38400,447,0,8.720818728206948,2.0696780161529205,0.89
38400,448,0,9.501072934126485,2.9253461161374616,0.89
38400,449,0,10.622278686806794,1.892912648293077,0.9
38400,450,0,10.604917204330318,6.882781690626416,0.105
38400,451,0,6.743952018197207,3.211433120276297,0.1
38400,452,0,13.78017929921782,1.8271229888512153,0.9
38400,453,0,9.00621796475889,3.3506671825080048,0.9
38400,454,0,15.122139801758859,3.0299787723663485,0.835
38400,455,0,15.627800111720376,3.198189013613728,0.9
38400,456,0,8.602348905578937,4.229077882513366,0.125
38400,457,0,11.013357812288406,2.550984221352337,0.1
38400,458,0,10.530251842626512,3.2531035585634527,0.9
38400,459,0,9.208784178090355,1.8702149272314728,0.9
38400,460,0,11.831049243465918,3.9194348781563804,0.865
38400,461,0,17.5548463222637,3.437838604145327,0.875
38400,462,0,6.473928082948533,2.800269446936454,0.1
38400,463,0,10.693992319895642,2.59732389851024,0.9
38400,464,0,8.550335909811226,3.211146057691394,0.1
38400,465,0,8.551989173290481,3.5271093390520036,0.105
38400,466,0,13.020784108437626,3.5650128828478955,0.1
38400,467,0,12.268958291891405,3.330986572615302,0.885
38400,468,0,12.55655761321009,4.268195717151002,0.1
38400,469,0,10.918785520975689,1.6951968440480414,0.9
38400,470,0,9.774084928551474,2.3832660462517197,0.9
38400,471,0,8.169562732009414,3.6418001209540307,0.885
38400,472,0,12.947771676364717,3.809905037360295,0.89
38400,473,0,8.08429156241857,2.3146521068724724,0.9
38400,474,0,10.134767343941826,1.8820799901561713,0.895
38400,475,0,5.497670076094473,4.536264964360726,0.855
38400,476,0,13.154115297629687,2.7312228631217295,0.9
38400,477,0,9.196587974086464,1.9628892804064435,0.895
38400,478,0,9.384990588583868,3.129280965339376,0.115
38400,479,0,16.20434778372214,2.9315737897547933,0.9
38400,480,0,9.40055455852985,3.4293763088157903,0.1
38400,481,0,8.813031711706005,2.8182264111592303,0.1
38400,482,0,9.725812540797193,3.4654599678162867,0.135
38400,483,0,13.417433095406217,2.507875120107883,0.105
38400,484,0,10.02968662728492,2.788467632387892,0.88
38400,485,0,19.671357549252782,4.08578177263621,0.13
38400,486,0,10.322584369745869,1.9971507208197181,0.9
38400,487,0,15.182445883751548,5.1168526453921,0.85
38400,488,0,14.957471764080077,4.2645524438114535,0.11
38400,489,0,11.523339267579901,2.47260995379861,0.1
38400,490,0,16.15109846586731,3.0822885088127805,0.895
38400,491,0,12.783816346237426,2.1439742359405045,0.885
38400,492,0,13.476333162253106,2.177539410695317,0.83
38400,493,0,10.021300671749602,5.256502951925768,0.1
38400,494,0,13.031512024367967,2.015408104563221,0.115
38400,495,0,15.055117888935001,5.324157501195259,0.9
38400,496,0,8.084153568924442,2.610980534149121,0.895
38400,497,0,14.57463028850411,1.9438721749736487,0.105
38400,498,0,9.535024338931066,3.0715882502988734,0.9
38400,499,0,13.41248707779804,3.225686060420685,0.895
38400,500,0,9.43780046501047,1.2139216745879366,0.1
38400,501,0,10.299321345736985,3.680216362158717,0.9
38400,502,0,10.361546233054511,2.923509149650272,0.105
38400,503,0,6.1091410198447935,2.5171845894760736,0.865
38400,504,0,5.160547498847451,1.9249385246098427,0.1
38400,505,0,8.911334376120976,1.8103306230045746,0.9
38400,506,0,9.577730275773936,2.026204328399217,0.105
38400,507,0,8.323586142254568,2.7250385426953017,0.88
38400,508,0,10.942594344420632,3.2072122795966607,0.105
38400,509,0,8.373263621440731,2.998802965538516,0.135
38400,510,0,22.791437546776482,4.437738909803102,0.1
38400,511,0,11.980474254995102,5.5936101870656785,0.9
38400,512,0,10.793215276392518,2.8019257736900727,0.1
38400,513,0,8.987638054230338,4.8656684448019405,0.125
38400,514,0,17.94581611476247,4.271479188889771,0.1
38400,515,0,4.927175871524294,1.6485592593483034,0.835
38400,516,0,7.850710378500025,2.9409746231806366,0.2
38400,517,0,7.409832758291942,3.398324649464257,0.1
38400,518,0,8.455441606557129,3.0462391984940496,0.865
38400,519,0,13.400729197024964,4.858767675011677,0.12
38400,520,0,8.224948514754262,4.7763155013853975,0.1
38400,521,0,17.857759528156407,3.0601481224607596,0.9
38400,522,0,9.283580323192838,4.333448580564436,0.105
38400,523,0,12.540414840886152,3.5317384838549515,0.895
38400,524,0,12.752534335357591,2.3980298862284144,0.885
38400,525,0,8.324329927743861,2.385377252693388,0.9
38400,526,0,13.74071424920727,3.958174604940723,0.155
38400,527,0,8.764811970203255,1.8158330211747398,0.9
38400,528,0,10.432354346452257,3.6181557359782346,0.9
38400,529,0,8.619524020933797,2.850496012865733,0.1
38400,530,0,9.876463158298067,4.43460900661421,0.1
38400,531,0,13.539023782112137,2.0305607301281725,0.12
38400,532,0,10.441362116276643,4.684400892648455,0.145
38400,533,0,9.071874702679434,3.588538642287631,0.895
38400,534,0,9.496714532286237,3.2018744438573776,0.115
38400,535,0,6.976672885025438,3.4993637951970413,0.1
38400,536,0,6.574762082264557,3.0909709337379354,0.1
38400,537,0,14.569453529378672,3.620018819208326,0.885
38400,538,0,11.80729021028511,3.4589850212341844,0.105
38400,539,0,11.177666029004714,4.251861375195176,0.835
38400,540,0,11.860821524757958,3.7920385537120183,0.135
38400,541,0,8.012690784836424,3.194457244143223,0.1
38400,542,0,8.40594796777498,2.3798775620832657,0.89
38400,543,0,5.739583588412771,2.4510510632239857,0.13
38400,544,0,8.981093167090028,2.9511969249142567,0.115
38400,545,0,12.15360573248745,3.1468070954247196,0.9
38400,546,0,15.654633902786586,3.098050369834482,0.14
38400,547,0,8.758153444732102,3.47507534571605,0.9
38400,548,0,11.547040861406687,5.118759901228032,0.1
38400,549,0,14.35427325922934,2.272355013002425,0.12
38400,550,0,9.85780866247353,3.3283468003787675,0.9
38400,551,0,9.62633841014259,2.3500900942906355,0.115
38400,552,0,11.22011591680348,2.458564482009251,0.9
38400,553,0,7.412280284450822,2.1050256662249467,0.895
38400,554,0,10.175699086095426,2.1026499200331727,0.135
38400,555,0,9.943974499010437,2.399592459573796,0.9
38400,556,0,7.142851678086472,2.289262627749622,0.105
38400,557,0,6.078390532391925,3.9765973137264155,0.135
38400,558,0,5.3115314457949125,2.506627806661754,0.9
38400,559,0,11.539355067491783,4.238242964936489,0.9
38400,560,0,8.459185035913494,2.7131619822455377,0.1
38400,561,0,9.53802450141258,4.635215220332611,0.14
38400,562,0,10.708832453352196,3.3353310124994096,0.89
38400,563,0,15.338726607243366,5.020304819095145,0.115
38400,564,0,11.742526273415594,3.132537843242744,0.1
38400,565,0,14.438642126781929,5.365640706111208,0.9
38400,566,0,13.284504287467056,4.609117973865295,0.89
38400,567,0,9.389422334712586,3.2272929791872684,0.115
38400,568,0,10.253344249071073,4.891826883272188,0.895
38400,569,0,22.829120363357617,3.268360194778097,0.105
38400,570,0,10.74014300321153,3.000797087082674,0.1
38400,571,0,8.849496647700947,2.559961620750073,0.13
38400,572,0,10.984610261049653,3.8120307399140074,0.11
38400,573,0,13.51038661255359,2.9795561753928723,0.1
38400,574,0,9.010752550084362,2.745155394069343,0.9
38400,575,0,15.809672549848983,4.491372877760114,0.9
38400,576,0,9.388199078722964,4.217462270446504,0.165
38400,577,0,9.84062425908462,2.0641833468744153,0.9
38400,578,0,8.75783177372945,3.109188284940956,0.82
38400,579,0,10.67524826417784,2.874790068034372,0.125
38400,580,0,11.363000532957699,3.909603211104695,0.9
38400,581,0,5.32980729260551,4.674882431663718,0.11
38400,582,0,7.957794734456512,2.517542711234455,0.15
38400,583,0,10.988932898428631,2.806323488982798,0.1
38400,584,0,8.498262471806335,2.497280074499031,0.105
38400,585,0,16.65770402789935,5.084965698659971,0.885
38400,586,0,9.947865165027343,2.3958738454382456,0.105
38400,587,0,18.257965507447697,2.518708560126015,0.1
38400,588,0,9.934598382794206,4.987082233316187,0.9
38400,589,0,10.695747002775029,3.183005755170143,0.105
38400,590,0,9.98210188731599,1.9063571995786788,0.86
38400,591,0,9.523788949966276,3.510266977724541,0.1
38400,592,0,11.391828587177317,2.0874733230130005,0.1
38400,593,0,12.576986948944864,5.143795936373863,0.9
38400,594,0,11.642559024068646,4.458585679088856,0.9
38400,595,0,17.58109084353237,2.21523324622126,0.1
38400,596,0,14.500574056292084,1.852678598976354,0.89
38400,597,0,8.254809238189296,3.165227249206737,0.9
38400,598,0,6.394798403724735,2.6733706746483676,0.9
38400,599,0,13.44462277834454,2.0647405344845993,0.855
38400,600,0,8.101520348484215,4.281116694249931,0.105
38400,601,0,13.648787010426114,1.8397872323930642,0.89
38400,602,0,15.92790213504528,5.823747573469973,0.895
38400,603,0,11.877908998984596,2.0050293646647788,0.1
38400,604,0,14.331088006819073,3.723233424761929,0.9
38400,605,0,12.576067551946911,2.2924121215226023,0.875
38400,606,0,10.191337453772462,2.0043401456916854,0.9
38400,607,0,12.878616551856894,3.8589816074875216,0.12
38400,608,0,13.421389478580181,2.860715351653198,0.9
38400,609,0,11.82109211020361,3.426879790538351,0.1
38400,610,0,21.57181223582447,2.267170302911836,0.135
38400,611,0,8.204361773821974,2.793073293520365,0.895
38400,612,0,10.951481828288193,2.276342315514057,0.13
38400,613,0,11.238104649925662,5.941933160005419,0.855
38400,614,0,8.309458279981774,2.4166077487961957,0.86
38400,615,0,5.03993358646226,5.084229137656848,0.32
38400,616,0,9.696660176859952,2.2274270476032143,0.1
38400,617,0,10.756769012457996,0.931688096494554,0.1
38400,618,0,10.074878825069073,4.566723874984291,0.89
38400,619,0,6.632019474108769,2.4242866832253185,0.105
38400,620,0,16.496305254012782,3.2337548198199784,0.9
38400,621,0,4.7106572657342705,5.460260154507068,0.88
38400,622,0,14.121280442611237,2.6659163640374572,0.9
38400,623,0,10.868371910322594,4.391510036947466,0.9
38400,624,0,9.707478415954183,2.5778905513845984,0.115
38400,625,0,10.678566728722693,3.574773139843046,0.89
38400,626,0,10.015800537636299,2.1966199225687433,0.11
38400,627,0,6.889945032222045,2.9364594935088917,0.9
38400,628,0,6.261755287130769,2.8262099272751584,0.1
38400,629,0,11.421173453382265,2.0763220521814674,0.14
38400,630,0,12.22441104674431,3.955092134435745,0.1
38400,631,0,8.306324614105744,3.822177736509502,0.145
38400,632,0,16.289886923753873,2.7471913573265283,0.87
38400,633,0,17.161699357886278,4.336205358742973,0.9
38400,634,0,17.211377279945168,4.2868474545173285,0.9
38400,635,0,8.2455681493259,1.2437304307468366,0.175
38400,636,0,11.809955531544492,3.222945298529112,0.11
38400,637,0,6.567437430513518,2.815684803556451,0.855
38400,638,0,12.0424885697895,3.8157828973169217,0.1
38400,639,0,7.046753750759812,4.560523096478164,0.89
38400,640,0,9.196866041949649,3.0080659930035836,0.1
38400,641,0,7.85362060628529,1.6332774767079172,0.9
38400,642,0,7.786034547460728,4.60039105377632,0.12
38400,643,0,11.343098671095506,4.334769725937804,0.1
38400,644,0,14.338932893753055,2.351694454796416,0.1
38400,645,0,10.1508838031723,2.919907080837447,0.775
38400,646,0,10.018517025144343,2.280686186560388,0.855
38400,647,0,8.324855275972142,2.172961436173182,0.1
38400,648,0,11.453319430427202,2.2858120577268437,0.1
38400,649,0,14.751571979864682,2.4518087743103933,0.115
38400,650,0,10.861896800728008,2.9143795987238263,0.115
38400,651,0,17.01660075846462,3.5433491829451214,0.9
38400,652,0,11.274639523201051,5.177285019590272,0.895
38400,653,0,12.417528037174058,4.207202382087871,0.135
38400,654,0,9.821588175824026,3.284887278897486,0.895
38400,655,0,8.264349476842769,2.616840944000387,0.1
38400,656,0,5.765276327733773,3.4507444068140103,0.9
38400,657,0,8.25054608691983,2.746144825164265,0.815
38400,658,0,10.196124326297731,2.619288834125655,0.15
38400,659,0,7.691093549084737,2.6281095501019536,0.895
38400,660,0,9.62788639827238,5.22721966070776,0.9
38400,661,0,11.946241091996368,6.445972520475607,0.11
38400,662,0,11.409143268349384,3.171543119128728,0.135
38400,663,0,12.828573865238301,2.8328581478945125,0.88
38400,664,0,11.686336364960605,2.921561426029484,0.11
38400,665,0,13.196512479178883,4.693365870451771,0.11
38400,666,0,12.199996427912083,3.7850916777415478,0.9
38400,667,0,9.705066610461614,2.918007564380787,0.89
38400,668,0,8.561884258706733,2.5487230434066532,0.88
38400,669,0,17.53168701900279,3.8144468454845537,0.9
38400,670,0,10.233690613696924,1.733010001078128,0.1
38400,671,0,14.6127583541288,3.3309314358177744,0.895
38400,672,0,14.59866159100841,6.190433335723355,0.1
38400,673,0,11.22648690953346,2.540517159894762,0.875
38400,674,0,11.05061277095863,3.0773710542007393,0.84
38400,675,0,16.69860035420134,6.267669546571142,0.895
38400,676,0,7.544731956937372,6.275701911556553,0.105
38400,677,0,12.420159201889756,3.6239685661485055,0.845
38400,678,0,11.558423790252615,2.4389927113645626,0.89
38400,679,0,9.780223922949746,3.465569350714759,0.1
38400,680,0,7.905535265129596,2.2845470996344375,0.105
38400,681,0,8.978190456933248,2.368311655868638,0.9
38400,682,0,9.658225633023108,1.8220306026989874,0.9
38400,683,0,9.167014599194715,3.065013036325581,0.895
38400,684,0,9.875004586241973,2.950770557629312,0.1
38400,685,0,14.071113589418408,3.1415563210259734,0.125
38400,686,0,13.556721515352026,1.533549813660784,0.1
38400,687,0,11.263323344373362,1.9108832620133853,0.9
38400,688,0,10.006379084044314,3.4755757430843914,0.845
38400,689,0,9.887824560928935,4.1070125946475855,0.89
38400,690,0,9.509926864762807,2.6303923030752685,0.855
38400,691,0,9.473931332938719,2.6687208261080286,0.9
38400,692,0,10.049769475435255,5.096156855307754,0.9
38400,693,0,5.449760230114421,3.2028981858445604,0.855
38400,694,0,15.576000859114744,5.912202743894568,0.1
38400,695,0,11.775854892451209,5.103760809970481,0.865
38400,696,0,7.145229912243029,2.2836602490372115,0.125
38400,697,0,11.72834295120481,2.010222096430425,0.1
38400,698,0,10.246495541519286,2.862015746683255,0.895
38400,699,0,13.381865284868129,1.7618433788584298,0.895
38400,700,0,7.831613923630487,3.28745586919581,0.875
38400,701,0,15.84098220746114,2.124956511329401,0.1
38400,702,0,9.467963926910222,1.2406944293275046,0.835
38400,703,0,13.860190864166386,4.118594594484648,0.1
38400,704,0,8.453373872686711,3.512814144494314,0.9
38400,705,0,12.867244671773012,1.177829621303772,0.12
38400,706,0,12.089443451296544,1.966344500209516,0.895
38400,707,0,8.838105411060052,4.640355540783503,0.13
38400,708,0,8.181627113982751,4.426803208588126,0.13
38400,709,0,9.433083800186637,2.8619863492281183,0.9
38400,710,0,13.300656034515072,4.966591771994899,0.12
38400,711,0,10.407009182692244,2.520167612226487,0.105
38400,712,0,8.47620418455545,2.6709226698415023,0.11
38400,713,0,9.723115241098872,2.831354248826301,0.89
38400,714,0,9.020547346895935,1.5347782373169139,0.11
38400,715,0,10.578325924912424,1.826849143947129,0.895
38400,716,0,9.601504190933866,2.773571755642479,0.15
38400,717,0,12.701102226313118,2.7742769442284043,0.14
38400,718,0,8.772927522592454,1.8715570201322862,0.875
38400,719,0,6.85896859565839,3.6124902762310285,0.89
38400,720,0,8.731225200023653,2.006678399715156,0.85
38400,721,0,5.744598488013754,2.2402348941625405,0.11
38400,722,0,9.264998799077944,2.9629236037294504,0.9
38400,723,0,11.673668260013526,2.9225160696341845,0.89
38400,724,0,10.023409359665687,2.736102842055743,0.895
38400,725,0,8.249733782639055,2.733577040203272,0.9
38400,726,0,8.121253827490593,2.899817187943654,0.1
38400,727,0,14.368423354657693,5.092624117634159,0.9
38400,728,0,7.324227906205943,4.635581019294932,0.875
38400,729,0,13.520490672278813,4.264387766409072,0.1
38400,730,0,7.393052262645484,1.8371805235005922,0.1
38400,731,0,13.00901681002006,2.945377085268319,0.105
38400,732,0,11.268284745596993,3.252447797132163,0.115
38400,733,0,15.174459844225227,4.244509910273564,0.1
38400,734,0,10.370341194354593,2.8629088843217687,0.885
38400,735,0,12.577813192665987,3.423568016523859,0.1
38400,736,0,15.026971038648561,2.105948140712144,0.895
38400,737,0,14.52999663423676,3.361338350555343,0.885
38400,738,0,11.222624733034081,4.243711391671923,0.9
38400,739,0,10.54037295607938,5.8939733098384295,0.14
38400,740,0,15.127991343999271,4.597702684287697,0.1
38400,741,0,11.221501507822042,3.382036235296937,0.1
38400,742,0,16.488276715610684,2.6971274955599256,0.11
38400,743,0,9.057851201642395,3.0037358555091487,0.1
38400,744,0,14.766881659672322,2.099583710304387,0.9
38400,745,0,6.981143220530726,3.8667467041705095,0.9
38400,746,0,12.326986166281776,5.44413279804985,0.875
38400,747,0,16.454529252019373,2.0912188991928815,0.1
38400,748,0,8.87993110201796,2.278287976997717,0.845
38400,749,0,9.604032171091747,3.007549902469009,0.865
38400,750,0,8.069534815109025,2.6804896978603665,0.1
38400,751,0,10.02598510726557,4.656394561442312,0.9
38400,752,0,12.694831955662616,2.9277647102560422,0.105
38400,753,0,14.421890587792063,3.247032727642818,0.9
38400,754,0,7.43708428885979,1.8384566350732712,0.11
38400,755,0,9.560010776159585,4.12377348748123,0.89
38400,756,0,10.733673015120644,4.387940744595653,0.9
38400,757,0,10.232122885831949,3.275962143493416,0.105
38400,758,0,7.327057088858172,2.7607371373846945,0.185
38400,759,0,8.293778245620182,1.7566015249144584,0.105
38400,760,0,4.22504919974358,2.8185199680478945,0.9
38400,761,0,14.875881316859818,5.905366743695595,0.9
38400,762,0,9.494199625768218,3.0529332215451177,0.89
38400,763,0,6.716012832927468,2.2400959085416616,0.12
38400,764,0,10.776045941897609,3.4246928799348098,0.895
38400,765,0,8.5602911461649,3.375386713378248,0.9
38400,766,0,7.352460208823572,4.787867003847168,0.9
38400,767,0,8.607799120198367,1.9187927408324867,0.1
38400,768,0,9.450117408783854,3.2933261635605504,0.9
38400,769,0,8.749459344996982,2.98656266747912,0.12
38400,770,0,10.23004790388678,3.3966254052756994,0.85
38400,771,0,15.573360559155278,3.4029616623627135,0.1
38400,772,0,14.9176171180045,2.8647372992452347,0.9
38400,773,0,9.668488163586064,3.673242665206544,0.1
38400,774,0,9.463587220361736,3.4725742270438786,0.74
38400,775,0,12.954289986631387,3.47984374218413,0.12
38400,776,0,8.157938270657612,4.682563936103179,0.1
38400,777,0,12.943287354102498,3.0471158956515865,0.885
38400,778,0,11.95275417439234,2.740144691142632,0.9
38400,779,0,12.218446300361734,2.3367316837720864,0.9
38400,780,0,12.775911310753258,2.6162088506339387,0.9
38400,781,0,8.963666885115092,1.9930608938977912,0.895
38400,782,0,13.299948514001018,3.1276422782696045,0.1
38400,783,0,6.973851721471741,3.67143829208203,0.79
38400,784,0,11.240237034749045,3.1128611777148762,0.1
38400,785,0,10.733378055998235,2.352778701549596,0.115
38400,786,0,6.604138823580571,1.5969353261880315,0.1
38400,787,0,12.996504560549555,3.7478397401002894,0.115
38400,788,0,18.64234336248261,4.101715536222628,0.87
38400,789,0,8.17669239101309,1.773771938860591,0.885
38400,790,0,13.618915837471945,1.4476365717257522,0.9
38400,791,0,11.686204502728971,6.2006813087919,0.1
38400,792,0,13.65192711144232,1.8384225145268829,0.1
38400,793,0,7.290351224923277,4.407809465442369,0.83
38400,794,0,9.768094158356604,2.668677752296844,0.11
38400,795,0,10.31647306245077,3.137065654993876,0.1
38400,796,0,17.285714915871754,3.3597493613399365,0.89
38400,797,0,6.176372228916779,1.8271060830954866,0.815
38400,798,0,7.008395136684104,2.7294312744118088,0.895
38400,799,0,11.216332892060214,1.8112627072810028,0.86
38400,800,0,9.360487007904515,4.556390469838334,0.225
38400,801,0,11.096795945148303,2.2654929216059827,0.1
38400,802,0,13.470375551618758,1.7567303228190667,0.9
38400,803,0,10.454507688023089,3.625535967273663,0.855
38400,804,0,14.78022306635939,2.942052385895977,0.87
38400,805,0,12.59054972820934,3.1646775848628295,0.9
38400,806,0,6.533990273069484,4.034738143400318,0.63
38400,807,0,9.594758744889548,2.770871761106264,0.84
38400,808,0,15.91331197405336,3.431508460465693,0.86
38400,809,0,6.733015785453185,1.8267206462269314,0.115
38400,810,0,15.86936999635384,3.1567156901928684,0.9
38400,811,0,9.448311809176296,1.5341935828246278,0.895
38400,812,0,12.916244929985204,4.063391790305104,0.885
38400,813,0,17.14042864620776,3.318808541649787,0.87
38400,814,0,8.852381029462974,3.4723696550940986,0.835
38400,815,0,15.158312996024963,2.9913630377564004,0.1
38400,816,0,11.069546008364489,1.8443908129881947,0.875
38400,817,0,9.546669274935832,3.656313548350454,0.105
38400,818,0,11.939663660237445,3.5919331829916246,0.1
38400,819,0,14.862564019264255,1.4622740527897804,0.9
38400,820,0,9.169111835757102,2.6450244642944654,0.895
38400,821,0,10.81630987206166,3.1453193642789756,0.875
38400,822,0,10.02629954945026,2.9280027865240754,0.16
38400,823,0,8.579578117780217,2.729731946811853,0.1
38400,824,0,10.223132408358529,2.8566867379481664,0.11
38400,825,0,9.07384048014921,2.323979861296266,0.885
38400,826,0,11.440961237769118,2.2403121377180923,0.885
38400,827,0,10.06454275646276,1.5338761319696914,0.105
38400,828,0,9.658422089438869,2.3632325564449275,0.87
38400,829,0,7.758482480739986,2.5630385384147303,0.1
38400,830,0,9.494463184249597,3.635209198415623,0.895
38400,831,0,11.007844914073928,4.705555856901356,0.825
38400,832,0,11.694941057505456,1.9400855417757157,0.855
38400,833,0,16.297269809627768,6.613901794588628,0.105
38400,834,0,18.783022002880212,2.491317302940388,0.885
38400,835,0,9.609630377781093,3.785369842688624,0.115
38400,836,0,8.571377263183328,3.539759974825074,0.12
38400,837,0,14.679473741804827,2.7129528428474714,0.9
38400,838,0,12.103191477453537,4.452449913367218,0.155
38400,839,0,7.270585123669663,1.7647575641206004,0.1
38400,840,0,11.562913210980241,3.969832324219169,0.9
38400,841,0,7.3757279183620374,3.3843527355259084,0.125
38400,842,0,11.879294377629133,4.967205412299336,0.865
38400,843,0,9.382833255996063,2.227878272537964,0.89
38400,844,0,14.311471616969545,5.068802205153133,0.12
38400,845,0,9.437459386876414,3.4288432715641193,0.1
38400,846,0,9.155233704926426,2.6571905886839886,0.105
38400,847,0,8.190052653271728,4.416399938781979,0.12
38400,848,0,11.719861916046172,4.353084033209598,0.1
38400,849,0,11.889960146125865,3.4635507468578908,0.89
38400,850,0,10.155929657382872,4.999461181614606,0.895
38400,851,0,10.072358366667348,2.464780602576866,0.14
38400,852,0,9.621860550631753,3.047938368604264,0.125
38400,853,0,8.746230437806053,2.6134590590459084,0.105
38400,854,0,10.403441576141859,2.802203582535867,0.9
38400,855,0,8.98390173638939,1.859400131286293,0.13
38400,856,0,7.915618061549595,2.7102644885360405,0.1
38400,857,0,6.530801202134171,1.4635317245677015,0.9
38400,858,0,9.400483420007284,4.113656521928988,0.88
38400,859,0,9.536924461506828,2.7853590743688983,0.9
38400,860,0,11.748855054116785,2.606013203001112,0.185
38400,861,0,11.107269488944157,2.0267603872355267,0.875
38400,862,0,12.958093941339826,4.679151251031044,0.9
38400,863,0,15.276449770407794,4.468832588815985,0.9
38400,864,0,7.177982063632272,1.787527466666461,0.1
38400,865,0,10.247899720141348,2.6958683608370393,0.89
38400,866,0,10.557048599014305,2.1691757572114057,0.895
38400,867,0,10.017604130057975,2.616995618728879,0.9
38400,868,0,8.724957412407505,1.2314591001882036,0.845
38400,869,0,12.684051183731462,4.927840741936507,0.12
38400,870,0,13.11372850714426,2.6264218855487798,0.11
38400,871,0,11.45839200984234,3.434337394872955,0.89
38400,872,0,6.500348044028215,4.425205181541969,0.9
38400,873,0,16.85074890660417,2.7161081025383282,0.1
38400,874,0,14.839791400356601,2.9522894753654327,0.105
38400,875,0,9.082984342650775,2.873326502492546,0.9
38400,876,0,15.71578347332661,3.2465373828301836,0.9
38400,877,0,7.40476013870248,2.2790508014168154,0.89
38400,878,0,10.539321948985842,3.2811702936669462,0.105
38400,879,0,12.736758185145051,3.999094920106927,0.1
38400,880,0,6.983235151971942,2.158266661035668,0.895
38400,881,0,9.536004775099423,4.075581571555631,0.83
38400,882,0,11.679617352417042,3.7240564791034103,0.1
38400,883,0,11.582462051074833,2.8144916857343105,0.89
38400,884,0,14.773469207945203,4.668204181484725,0.89
38400,885,0,15.89893617333189,2.3509922816288054,0.9
38400,886,0,8.374054234019853,2.8816610634294193,0.105
38400,887,0,16.683726059226366,5.556910718786412,0.89
38400,888,0,7.920922655224569,2.718352705369398,0.11
38400,889,0,11.719414973377114,3.2192848793272333,0.125
38400,890,0,10.157264588326294,3.106820904349661,0.16
38400,891,0,13.12779094291443,2.365338418655938,0.9
38400,892,0,8.933711006236537,2.814635044416036,0.1
38400,893,0,10.664859709861059,6.304623073162929,0.895
38400,894,0,12.090652190521466,2.575713191038176,0.83
38400,895,0,11.082451228859895,2.903350529021509,0.9
38400,896,0,9.285930360741277,4.5904008413344854,0.895
38400,897,0,16.79333752620437,4.605528548250959,0.9
38400,898,0,8.42216807755544,1.85733166308637,0.105
38400,899,0,14.180880504053086,3.124314776658821,0.105
38400,900,0,9.255672312405922,2.960805108909881,0.885
38400,901,0,15.114844018323177,3.050341503234222,0.895
38400,902,0,14.337537790348733,3.078538928514263,0.9
38400,903,0,10.031878203979545,3.758112507654232,0.9
38400,904,0,7.029171615740877,6.138786027349852,0.88
38400,905,0,10.521218971878172,1.8608394746252088,0.1
38400,906,0,9.012607658106878,3.279230825569357,0.845
38400,907,0,18.991240750783398,2.4467835987366016,0.11
38400,908,0,12.14273503582282,1.8516677607578913,0.875
38400,909,0,14.200393869536883,4.444641770226099,0.895
38400,910,0,8.005516815764508,3.0583661432842746,0.9
38400,911,0,9.865002777521346,2.8069381345630973,0.85
38400,912,0,13.222066433020814,2.630221243202868,0.9
38400,913,0,11.2045072152734,3.702018737897106,0.86
38400,914,0,9.411057120581736,2.408731614627868,0.14
38400,915,0,14.026618219554246,3.624509902101636,0.895
38400,916,0,10.70312622905874,2.2215129982441795,0.9
38400,917,0,10.227857116668135,3.166082959921823,0.1
38400,918,0,11.19433531685254,4.206219079952689,0.125
38400,919,0,11.439543915888951,2.506885013781357,0.115
38400,920,0,7.756045229180821,2.6086830602366717,0.88
38400,921,0,12.272906877556192,2.9753475766199244,0.125
38400,922,0,10.516605693640033,3.5105733506782144,0.1
38400,923,0,7.7458685200200055,2.1787193286058937,0.89
38400,924,0,11.017071842521895,5.155552740330904,0.12
38400,925,0,11.561309330537137,2.827178435774158,0.115
38400,926,0,11.36304914042455,1.795279885141099,0.9
38400,927,0,12.695838457014725,4.362909243781132,0.11
38400,928,0,9.359731519725756,1.4170024556733551,0.9
38400,929,0,7.309780696726307,1.7074182522833325,0.9
38400,930,0,6.409174026242342,3.881791778059096,0.115
38400,931,0,11.170781431126304,3.3731827358508326,0.885
38400,932,0,20.512072243079704,1.8962048785340357,0.105
38400,933,0,12.225919698889102,2.859176895992732,0.105
38400,934,0,8.93023487363705,3.1615806596164475,0.89
38400,935,0,12.529064960984897,3.5072149764062033,0.9
38400,936,0,7.671038148133107,3.6088018394366372,0.9
38400,937,0,10.774084367383587,2.6979270161120894,0.115
38400,938,0,7.449158185644254,2.5571811128259014,0.845
38400,939,0,7.780595081645301,3.679465802088089,0.125
38400,940,0,17.427404848888276,3.0172118260907155,0.1
38400,941,0,10.671096035219422,2.5087303575674014,0.1
38400,942,0,9.385874594200914,5.078767513748517,0.9
38400,943,0,13.19703936337021,3.512244756331029,0.1
38400,944,0,11.115344886014602,7.719065581181894,0.285
38400,945,0,14.942833745932575,4.134417735127727,0.105
38400,946,0,12.402245663316762,2.2525288916710906,0.9
38400,947,0,8.007470311823775,2.1444230529539254,0.14
38400,948,0,9.481433689250595,2.9433475392522723,0.1
38400,949,0,12.094024443328049,2.269956314768251,0.11
38400,950,0,9.697499813996728,1.6109830842083284,0.9
38400,951,0,13.484806249401364,4.64599449068146,0.115
38400,952,0,9.386125872603383,5.654796289394426,0.79
38400,953,0,12.394162063435017,3.0273129698286994,0.105
38400,954,0,10.243621886755252,2.8374998403137397,0.1
38400,955,0,8.468442799580204,3.8457461155189776,0.1
38400,956,0,10.783112304105812,3.8375490964085657,0.115
38400,957,0,16.723117290131192,1.8899351452319024,0.12
38400,958,0,9.016450846720712,4.34422795002547,0.71
38400,959,0,9.21311222307927,3.26102668002477,0.115
38400,960,0,9.638222156705185,2.9817426216766307,0.1
38400,961,0,11.745927447471212,2.435436040741479,0.875
38400,962,0,9.150225508564997,3.9018151950699576,0.895
38400,963,0,9.736353100331774,4.053194713321773,0.11
38400,964,0,10.803932847508126,3.0279209161790277,0.86
38400,965,0,8.49648586266886,1.8432402438122608,0.115
38400,966,0,9.226075497350621,2.884260076547207,0.9
38400,967,0,11.135922086548849,3.798477187598337,0.11
38400,968,0,7.041220260056823,3.9901090858052157,0.895
38400,969,0,7.548219795664333,1.6265280151401385,0.14
38400,970,0,12.966118854589583,2.687027821485799,0.1
38400,971,0,11.978098578277356,2.651477814890768,0.1
38400,972,0,9.20676787574223,3.826015452983711,0.9
38400,973,0,14.646350167971136,3.269696598039218,0.89
38400,974,0,9.728342414027743,4.999129748046016,0.885
38400,975,0,5.713526100642781,1.2916030001690615,0.115
38400,976,0,8.394053109130368,2.866530390480193,0.9
38400,977,0,11.969359067233595,1.867305250704021,0.895
38400,978,0,12.335081188238112,2.7152112940484585,0.875
38400,979,0,12.01110675187412,5.19255079876757,0.885
38400,980,0,9.538092241682017,2.6143404750996524,0.105
38400,981,0,10.186977773649888,2.319455930745562,0.11
38400,982,0,16.858140990342612,2.5311514276836533,0.895
38400,983,0,8.283615362257137,2.234197198021093,0.9
38400,984,0,12.691802492441507,3.2453578206286693,0.845
38400,985,0,7.759669418404868,1.84280851556764,0.12
38400,986,0,8.570790751544436,4.843477653867012,0.11
38400,987,0,12.096877141853499,2.435542138493929,0.1
38400,988,0,10.317516664006234,4.977406514836957,0.8
38400,989,0,8.336730684870304,3.432768961306465,0.9
38400,990,0,7.09650331382818,3.288983529387224,0.9
38400,991,0,25.69247435016231,4.905605712298211,0.11
38400,992,0,13.476353969208272,2.701378954077427,0.89
38400,993,0,7.679350299607108,2.086791390763665,0.9
38400,994,0,7.927797744639877,2.569334015339564,0.87
38400,995,0,5.401308695694855,1.2414796261055017,0.17
38400,996,0,12.81714046418867,2.1353348034665487,0.89
38400,997,0,13.780322658091126,1.7139063459808312,0.865
38400,998,0,8.881415382359139,7.625751757859689,0.1
38400,999,0,9.28652658002079,2.8871174432424596,0.9
38400,1000,0,13.692847888941628,5.252838557663608,0.9
38400,1001,0,10.933440794116827,3.5175940101623837,0.895
38400,1002,0,11.274307664248795,2.8510728310834565,0.9
38400,1003,0,9.735437683013762,2.3253178361983373,0.13
38400,1004,0,11.08906253216056,2.6163872324445947,0.11
38400,1005,0,7.763847646890868,3.2261234555392093,0.135
38400,1006,0,10.071569722195875,2.912204094189974,0.89
38400,1007,0,11.1716722904157,2.0653392597182574,0.9
38400,1008,0,9.50123682331157,2.589982823349146,0.83
38400,1009,0,8.285190347175163,2.287170937438532,0.895
38400,1010,0,10.858838097571317,3.739590068050802,0.105
38400,1011,0,10.945847692085643,2.359798054328621,0.105
38400,1012,0,8.645522830096297,1.0543582283219166,0.9
38400,1013,0,8.395629832129542,4.000088408730562,0.865
38400,1014,0,17.281172716606275,5.106372466951825,0.845
38400,1015,0,12.333525316050217,4.601605207921011,0.895
38400,1016,0,11.586635636128332,3.3813732717248968,0.105
38400,1017,0,9.676399885014478,1.6264461175751421,0.895
38400,1018,0,8.913846361994047,3.282913730481596,0.9
38400,1019,0,12.990534555835326,2.6442970191737913,0.1
38400,1020,0,10.395789093464195,3.9319255910811535,0.87
38400,1021,0,10.226212033536777,4.693256265403534,0.12
38400,1022,0,10.960672389323724,2.436922075384018,0.125
38400,1023,0,8.059727348224822,3.5778934409677277,0.15
38400,1024,0,11.215626301994917,3.535801039049602,0.9
38400,1025,0,8.900987857740438,2.776561020380086,0.135
38400,1026,0,6.665548732305756,1.3668113716164498,0.865
38400,1027,0,6.99562154214233,2.5933329563031293,0.145
38400,1028,0,8.999801866946886,2.770683326178869,0.885
38400,1029,0,7.961123016875821,2.608416255947077,0.88
38400,1030,0,8.704591033079682,3.273366780831566,0.81
38400,1031,0,9.791676426060185,2.8514707486010593,0.86
38400,1032,0,11.749916251520967,3.9275545638588483,0.15
38400,1033,0,11.445540557646614,3.361449645643688,0.11
38400,1034,0,6.7054953288296275,2.2249648234719643,0.165
38400,1035,0,7.719483034973862,2.490522507014248,0.12
38400,1036,0,12.876112310032623,2.251260817683942,0.135
38400,1037,0,4.7943652409528585,4.637374225740132,0.125
38400,1038,0,10.098959969113848,5.7690146790889685,0.13
38400,1039,0,8.790288365111321,2.7225927466645317,0.12
38400,1040,0,12.504009135462711,4.264129262679717,0.89
38400,1041,0,10.281998255037479,5.384142058829866,0.9
38400,1042,0,14.70575297611731,2.6079773553533414,0.9
38400,1043,0,18.360251977885017,4.594132297199849,0.1
38400,1044,0,16.6755184520809,2.2622407948801992,0.12
38400,1045,0,12.845401192670353,3.7656802285084723,0.895
38400,1046,0,9.48097205366661,4.073341802796904,0.12
38400,1047,0,15.646533143660124,1.6895983722690744,0.1
38400,1048,0,8.931113487158402,3.6005526717303837,0.89
38400,1049,0,13.595151035918327,2.5222438223977406,0.105
38400,1050,0,7.1185513604092785,2.8581003312353914,0.195
38400,1051,0,10.818717980793249,2.6454864555716995,0.89
38400,1052,0,7.631714452993112,3.727873285754413,0.12
38400,1053,0,16.38966966475125,2.9319723023377264,0.11
38400,1054,0,7.431437313541813,4.223499865548774,0.89
38400,1055,0,12.438988163381449,2.606632677230891,0.88
38400,1056,0,16.410926059303982,2.569264795181425,0.895
38400,1057,0,24.78397729927793,2.795359756464677,0.11
38400,1058,0,7.893516019379284,4.43659180866689,0.135
38400,1059,0,12.270575164500316,5.4337590473551245,0.1
38400,1060,0,11.574823519106872,2.749086827748215,0.9
38400,1061,0,8.769300878540777,4.207526853485888,0.1
38400,1062,0,11.137787784989541,3.1138967866809253,0.9
38400,1063,0,7.189955394497929,2.6314559323452613,0.9
38400,1064,0,11.080928082766969,5.181505114524043,0.135
38400,1065,0,10.88530747001941,2.1492509104916735,0.18
38400,1066,0,14.579804122159885,1.8288932243592626,0.9
38400,1067,0,9.470824634291263,3.297733755164245,0.1
38400,1068,0,10.496106788384285,2.2508855472665346,0.88
38400,1069,0,11.710612853998587,3.313903048285738,0.105
38400,1070,0,12.773673792854416,4.275060986276458,0.885
38400,1071,0,11.627875522004476,1.2624126508228528,0.11
38400,1072,0,12.841358643580065,2.169024092768268,0.9
38400,1073,0,8.838312759120868,2.6330076467843355,0.9
38400,1074,0,18.006968213632607,4.476546345966881,0.1
38400,1075,0,15.361294936486697,2.5215119714744105,0.88
38400,1076,0,7.399902334929608,1.595484812929726,0.1
38400,1077,0,13.273245931343354,3.635940914227831,0.9
38400,1078,0,7.747507259775696,2.924184533776497,0.79
38400,1079,0,13.566888798333393,4.56573980955568,0.885
38400,1080,0,23.631710419631418,2.540108433009891,0.9
38400,1081,0,11.231647040384589,3.044402289407344,0.1
38400,1082,0,7.231108981015382,2.7761147071601044,0.9
38400,1083,0,9.159359408824574,3.9875131688859256,0.105
38400,1084,0,11.394033476345841,2.7255070967441952,0.1
38400,1085,0,13.775239116414634,3.820629086771987,0.895
38400,1086,0,13.515407768754812,2.9558797872596188,0.9
38400,1087,0,9.217432270736529,4.26955042223085,0.855
38400,1088,0,8.673686110348891,2.355406255003345,0.865
38400,1089,0,9.128052812877193,4.100748876527405,0.885
38400,1090,0,7.9399771800888175,1.7485088847308816,0.9
38400,1091,0,8.69024539216577,5.013341302782237,0.78
38400,1092,0,11.18784453702574,3.571123287139244,0.9
38400,1093,0,11.58586366317549,4.334654575995955,0.895
38400,1094,0,9.897156868045641,9.374966631798998,0.105
38400,1095,0,13.251554870276344,3.0078619721052746,0.895
38400,1096,0,9.236184299419962,3.144684998511593,0.1
38400,1097,0,19.60032012884938,2.8220515487930697,0.1
38400,1098,0,9.141088019134713,2.1410751545431594,0.9
38400,1099,0,16.947190187360093,3.1391301641633618,0.9
38400,1100,0,20.025046464438418,3.5764987213724453,0.89
38400,1101,0,8.17050446109603,1.9394335311915256,0.105
38400,1102,0,12.917151792941963,4.228257325212326,0.125
38400,1103,0,9.066518333473825,2.1326087328759513,0.1
38400,1104,0,13.667690820479947,4.529814165067592,0.9
38400,1105,0,8.505298666164006,2.1967215099834903,0.11
38400,1106,0,12.759044146857264,2.4619138003743046,0.9
38400,1107,0,11.242970615969856,2.8070512699457595,0.11
38400,1108,0,10.276991599746147,2.5228201571792397,0.895
38400,1109,0,9.88100340095824,2.3043918887424297,0.88
38400,1110,0,11.499105755681287,3.4645227141027135,0.1
38400,1111,0,10.517307805987983,3.1232626683106446,0.105
38400,1112,0,7.732082738336359,3.582986716725145,0.28
38400,1113,0,10.330921262777794,2.335596444379462,0.1
38400,1114,0,5.139721200081627,2.0606714085545264,0.88
38400,1115,0,12.433410176106742,5.054754613075829,0.11
38400,1116,0,8.116538132259166,3.9320150399646536,0.9
38400,1117,0,10.002678960894224,2.7377375181174557,0.105
38400,1118,0,13.542168764898951,4.323523238207372,0.895
38400,1119,0,6.89141626644657,2.2293169016620595,0.105
38400,1120,0,9.433955737491717,2.6561718091784314,0.1
38400,1121,0,10.27588633225264,3.8625219649304654,0.9
38400,1122,0,10.77308432040809,4.208999075655129,0.1
38400,1123,0,11.347192493577154,3.6542617703048563,0.9
38400,1124,0,10.860918036030398,4.770292079513183,0.9
38400,1125,0,16.44729064208636,2.5308079389049,0.13
38400,1126,0,11.705748431323144,3.4308013922100145,0.105
38400,1127,0,9.383574176552544,4.379634678974753,0.1
38400,1128,0,10.327460683827177,2.3024585463303993,0.115
38400,1129,0,13.303498391960604,3.4588552951674956,0.1
38400,1130,0,9.319927219804832,2.470771689593221,0.89
38400,1131,0,10.640709376024803,3.628564532669998,0.1
38400,1132,0,8.081759046067543,1.831346487705332,0.86
38400,1133,0,13.364116363592302,4.741709185952914,0.9
38400,1134,0,11.900212122127266,3.265261189045532,0.14
38400,1135,0,22.74946397741083,2.841950276689431,0.105
38400,1136,0,16.53361965230235,2.484098164381976,0.88
38400,1137,0,14.41555716212463,1.9250227158408961,0.1
38400,1138,0,7.425652930725335,2.653760966666141,0.89
38400,1139,0,9.469849897439593,5.9200305687340915,0.135
38400,1140,0,16.452047964309035,1.6988083069122695,0.1
38400,1141,0,14.839902784632338,3.4173078853882544,0.105
38400,1142,0,8.693186160147095,2.1231916057956823,0.1
38400,1143,0,8.665386468582028,2.7037546257133727,0.9
38400,1144,0,6.009428303482092,1.187223142306948,0.89
38400,1145,0,8.933496303519803,2.941623790735548,0.125
38400,1146,0,7.280838361539281,3.1084924004005643,0.9
38400,1147,0,10.825681314148317,6.599815800871056,0.88
38400,1148,0,19.944976959233717,4.355295689219929,0.1
38400,1149,0,9.384630551666646,2.8832892923389863,0.9
38400,1150,0,7.584330102755521,3.5947238666437897,0.895
38400,1151,0,10.858783054983407,1.5533490066445665,0.1
38400,1152,0,6.754178149113525,3.3311130996196425,0.82
38400,1153,0,13.891688689909051,3.1577141875629877,0.895
38400,1154,0,15.16170527629413,6.129023622543173,0.1
38400,1155,0,8.082744456019503,3.505322526399368,0.115
38400,1156,0,8.019514427364072,2.1974547320724014,0.855
38400,1157,0,11.726458806633035,3.424169094461149,0.87
38400,1158,0,11.309369129468216,5.597951804708146,0.115
38400,1159,0,7.6344746183625265,3.3184187293329614,0.105
38400,1160,0,10.290577361463841,4.639732712274736,0.18
38400,1161,0,11.431540062563007,3.3599913946943616,0.13
38400,1162,0,7.706596139404653,5.005553059157819,0.87
38400,1163,0,9.153869826778612,2.082936150020487,0.875
38400,1164,0,11.560171667601367,2.710374626047951,0.9
38400,1165,0,7.8854924143998435,3.936164066328729,0.175
38400,1166,0,6.586711235790403,2.6899011516206883,0.9
38400,1167,0,4.861337733372579,2.752249746515645,0.9
38400,1168,0,9.88889874024493,3.0709271636510493,0.105
38400,1169,0,12.775025698501286,2.12734310530891,0.88
38400,1170,0,9.940995873159014,3.056555979122777,0.895
38400,1171,0,8.49553456220497,3.70388720094752,0.105
38400,1172,0,7.866082671098518,1.1455781167285295,0.205
38400,1173,0,8.955263493430682,2.87573997529762,0.895
38400,1174,0,13.253381269931573,4.880177194706903,0.13
38400,1175,0,8.957014329675564,1.2555366626770592,0.885
38400,1176,0,10.825513520185321,2.4722102519888267,0.13
38400,1177,0,12.20821389373505,1.9631345630102714,0.115
38400,1178,0,12.294267563175753,3.638156917395463,0.13
38400,1179,0,6.586401314518044,1.17470045323671,0.89
38400,1180,0,7.920763936336358,2.0693535596763013,0.1
38400,1181,0,11.389863390030543,4.019514600389584,0.1
38400,1182,0,7.54736204589203,1.809522536973418,0.185
38400,1183,0,10.034395365909733,4.80843244092739,0.86
38400,1184,0,10.80199331397529,2.7624061860876736,0.89
38400,1185,0,15.539421968332476,2.499283035820099,0.9
38400,1186,0,9.361834860879831,1.6935981814697243,0.885
38400,1187,0,13.749956064521609,3.831447201184801,0.11
38400,1188,0,8.61940478626366,2.6328184809131017,0.1
38400,1189,0,11.460952847926405,2.952433638506591,0.895
38400,1190,0,10.38325332917907,3.14673823022531,0.9
38400,1191,0,12.82052400002278,2.804546720358303,0.895
38400,1192,0,8.058005238079712,3.4028079180814075,0.895
38400,1193,0,12.871312027226326,2.9919672572702893,0.875
38400,1194,0,12.690954564362757,5.42748253039349,0.1
38400,1195,0,7.989135487667214,3.5855242632692352,0.885
38400,1196,0,9.853521771675648,1.7806512594404467,0.87
38400,1197,0,8.246509645271091,2.600373468970929,0.1
38400,1198,0,10.670590126881079,2.6840127887396648,0.105
38400,1199,0,10.265189956509744,2.705371576212201,0.9
38400,1200,0,15.154763416187958,2.293418277645287,0.895
38400,1201,0,7.564537799197389,2.7383443262465335,0.895
38400,1202,0,7.969324505702957,3.528171590181728,0.9
38400,1203,0,16.917386990849085,5.794957306181914,0.1
38400,1204,0,11.456615315970566,2.9366454511773554,0.9
38400,1205,0,11.482572041528677,1.716811021930198,0.845
38400,1206,0,13.634548178707758,1.825112006775953,0.895
38400,1207,0,7.436638496490673,2.5195336120418688,0.9
38400,1208,0,6.366495438642283,2.4878536974824783,0.89
38400,1209,0,10.599696682792228,3.1901312696504647,0.9
38400,1210,0,8.83881088061657,3.2358439148310936,0.12
38400,1211,0,15.366627592623518,2.7464468022060373,0.14
38400,1212,0,12.024530144618158,2.5414987176759496,0.89
38400,1213,0,8.634719248464387,2.9582929895695997,0.12
38400,1214,0,9.224737776146412,1.725048466073531,0.9
38400,1215,0,13.722531739045962,3.9696291661016403,0.9
38400,1216,0,9.344497374275988,2.624182701282507,0.9
38400,1217,0,8.444497841062459,2.462823731559638,0.1
38400,1218,0,11.605824853692166,3.2064162089909587,0.145
38400,1219,0,9.54297022662704,2.051826497148568,0.89
38400,1220,0,10.471220482452887,4.840615825656869,0.11
38400,1221,0,13.92270431118423,3.2939347125648055,0.875
38400,1222,0,20.830989218117114,4.363374971325129,0.1
38400,1223,0,12.456605343164142,2.0789981571681437,0.9
38400,1224,0,10.946999706707743,2.9719874312718275,0.9
38400,1225,0,11.968587981175308,3.439995609420521,0.11
38400,1226,0,12.066480017680615,3.075738853385701,0.17
38400,1227,0,6.524064323057814,1.9299244601143073,0.9
38400,1228,0,12.521805928423666,2.1426114049745593,0.13
38400,1229,0,7.954799148364814,2.74698451746076,0.105
38400,1230,0,9.910127682752545,2.2941106022983604,0.9
38400,1231,0,14.491915173468897,1.8487176899270708,0.9
38400,1232,0,6.882139626154449,4.599435117398798,0.155
38400,1233,0,15.736464134368418,2.9016150962149823,0.855
38400,1234,0,11.360425271182697,4.0628325955538,0.895
38400,1235,0,5.448410418499066,2.7349652165526095,0.9
38400,1236,0,15.673008870389822,5.94520030753074,0.9
38400,1237,0,13.531347251586682,4.297683819982012,0.1
38400,1238,0,14.950487903752219,3.613659305563033,0.9
38400,1239,0,12.679829999505719,4.196391297392665,0.89
38400,1240,0,8.90920676505573,2.613742234291294,0.1
38400,1241,0,9.97344327586916,3.2901876995310886,0.1
38400,1242,0,15.25684705611184,3.507889257713259,0.1
38400,1243,0,9.991070139805629,2.0108664788040187,0.9
38400,1244,0,13.418482742383162,3.336191902525343,0.9
38400,1245,0,12.10478285428297,2.5348748349472316,0.105
38400,1246,0,9.287952158958703,3.2605965737957376,0.105
38400,1247,0,8.447935191059358,3.016145042897733,0.865
38400,1248,0,6.620500755805665,2.502285049894226,0.9
38400,1249,0,13.998707958445365,5.3775688437951885,0.89
38400,1250,0,12.767298209817286,5.163415140862071,0.105
38400,1251,0,11.021805229696266,4.186408102322048,0.115
38400,1252,0,9.559580960466556,2.137920619452416,0.845
38400,1253,0,9.309592951142477,2.978991160392752,0.185
38400,1254,0,10.74179982221342,2.2982655946805153,0.885
38400,1255,0,13.297689486307164,5.12817121327771,0.875
38400,1256,0,9.232687337698984,2.678436520221794,0.12
38400,1257,0,7.944100112596858,4.198011965365822,0.1
38400,1258,0,10.346481040897139,3.048511355774508,0.895
38400,1259,0,14.411674501945786,3.771866631808507,0.105
38400,1260,0,10.660620160715553,3.792212757582547,0.9
38400,1261,0,11.502378523015777,2.4440148614928603,0.105
38400,1262,0,15.26356016353475,4.287966312227809,0.1
38400,1263,0,7.2012155161343125,2.795783822205067,0.1
38400,1264,0,15.731500821924058,3.625878014730688,0.115
38400,1265,0,10.614872018923622,2.134939979725914,0.1
38400,1266,0,12.423488605688007,3.6980288026541075,0.89
38400,1267,0,9.758774357595668,2.257362661868001,0.88
38400,1268,0,9.791928198361008,3.611339704019656,0.1
38400,1269,0,9.63498173389894,5.132524841860686,0.9
38400,1270,0,16.186459562204007,3.9457465742998465,0.89
38400,1271,0,10.648712265839324,2.8487194368210567,0.1
38400,1272,0,13.301169919426457,5.140265172178715,0.9
38400,1273,0,12.780577612735803,2.08793715835327,0.895
38400,1274,0,12.742032281394701,3.4109049974574646,0.1
38400,1275,0,11.604517485294537,4.345634495791728,0.9
38400,1276,0,16.270779772668792,2.4549151213705045,0.1
38400,1277,0,12.585202934834571,4.20108672084325,0.1
38400,1278,0,9.168618674644744,3.1733049454146567,0.205
38400,1279,0,10.22871734208991,3.065195175122426,0.1
38400,1280,0,9.344841436593148,1.7600174594235796,0.11
38400,1281,0,7.987138507849636,2.5822864732276685,0.9
38400,1282,0,10.418270317910084,3.7342192342805447,0.885
38400,1283,0,14.385402349021774,2.2091767787571825,0.9
38400,1284,0,8.985814372286995,2.2758637939205073,0.9
38400,1285,0,12.623529208670448,4.3162388687733255,0.9
38400,1286,0,13.663022224825275,3.1058271012852856,0.11
38400,1287,0,14.888553917185734,2.563608382797611,0.1
38400,1288,0,15.08089954572849,2.463247580845973,0.89
38400,1289,0,9.150980182369507,2.32344072898627,0.105
38400,1290,0,6.402219742488079,1.5390819002277567,0.12
38400,1291,0,10.965840978154784,2.6237663699419045,0.84
38400,1292,0,12.207197521449872,2.908868259413566,0.1
38400,1293,0,8.489641895608884,2.3003809514534623,0.9
38400,1294,0,11.418936166917888,2.644460853628061,0.9
38400,1295,0,9.883659032187074,3.789363972720139,0.86
38400,1296,0,8.870360936933329,2.1390660049689814,0.12
38400,1297,0,17.154317994694207,3.877033254457274,0.11
38400,1298,0,7.340523525665503,2.1657957759884994,0.9
38400,1299,0,12.83000259551784,1.9087386620640245,0.9
38400,1300,0,12.443032320795012,3.3165390421686425,0.11
38400,1301,0,8.77341847661512,3.3875016215120013,0.9
38400,1302,0,9.645012540176529,4.788650236883996,0.895
38400,1303,0,13.074593736397446,4.410022320723783,0.9
38400,1304,0,10.673788127999162,2.4736816251902383,0.1
38400,1305,0,8.722143445162375,3.7956187122176743,0.1
38400,1306,0,12.289976859069588,2.668054321748059,0.885
38400,1307,0,6.22276501149279,3.379347529335064,0.17
38400,1308,0,10.826943473833241,3.488926660213565,0.1
38400,1309,0,11.68674828736081,2.7202524593747057,0.105
38400,1310,0,10.445182756136546,3.8564118148656235,0.9
38400,1311,0,11.366842216271959,2.567417921056858,0.89
38400,1312,0,8.46052244362984,1.8856108576073893,0.895
38400,1313,0,12.754937084766492,4.874791219486951,0.89
38400,1314,0,9.398206178290422,2.5189839384893276,0.89
38400,1315,0,9.224031495677425,2.476913519558366,0.1
38400,1316,0,13.591485774247131,3.1784588610150877,0.89
38400,1317,0,12.944892071093237,3.783012483955872,0.13
38400,1318,0,8.392607474058877,3.0751290173043344,0.9
38400,1319,0,13.653047381889815,1.5605772330843592,0.845
38400,1320,0,9.655261981253036,1.4890530728280282,0.1
38400,1321,0,10.353823576484729,3.919896288965674,0.9
38400,1322,0,14.950731443565816,8.439628295207058,0.1
38400,1323,0,11.526899969539416,4.332458822102581,0.89
38400,1324,0,7.314103365025943,2.1870851931169,0.19
38400,1325,0,13.747220333207123,5.395871087705473,0.875
38400,1326,0,12.25690651407888,3.6015501411441164,0.1
38400,1327,0,10.538842578087468,3.827237797389671,0.125
38400,1328,0,11.790688404994588,2.471704247091111,0.88
38400,1329,0,9.547919616085732,3.1913851835383866,0.88
38400,1330,0,8.492835415046898,2.414263955250817,0.9
38400,1331,0,18.119186967190586,2.2531226584987962,0.895
38400,1332,0,11.321752068575961,2.9344093891666034,0.9
38400,1333,0,15.528714313134204,4.257460327426088,0.755
38400,1334,0,15.287610373749954,5.516319566356742,0.895
38400,1335,0,11.611903058255603,2.2553634728637917,0.89
38400,1336,0,9.416561307879194,3.776817506121688,0.1
38400,1337,0,9.267973015392188,3.9698304202829604,0.82
38400,1338,0,19.52987479377498,3.067507480477616,0.9
38400,1339,0,8.009164832386093,4.532943682141877,0.1
38400,1340,0,16.849798364890983,1.748784901712952,0.865
38400,1341,0,10.628844742282126,1.2598062112658681,0.9
38400,1342,0,10.23449265889326,1.5430128931029685,0.9
38400,1343,0,12.277178707485065,4.323832634474911,0.1
38400,1344,0,8.318902463063678,3.397584201513837,0.565
38400,1345,0,8.577635126618025,2.492084507139225,0.115
38400,1346,0,9.54119693541774,3.0193419621241446,0.105
38400,1347,0,16.795053044545515,3.62448672368032,0.1
38400,1348,0,10.792878586313176,2.4112387562411186,0.895
38400,1349,0,19.26535665576012,2.306752684359026,0.1
38400,1350,0,9.673172768321352,2.506762141274521,0.105
38400,1351,0,8.550314097605515,3.455086927499451,0.885
38400,1352,0,10.45943177975005,2.306905586715402,0.1
38400,1353,0,8.323316073478336,3.81166557503434,0.145
38400,1354,0,9.503163850069923,4.5587117845627745,0.88
38400,1355,0,8.838987987230425,4.073920474661463,0.835
38400,1356,0,8.236943154296343,3.0954416911811222,0.1
38400,1357,0,9.897391949951384,3.057791764177864,0.9
38400,1358,0,15.544705502130128,2.1441955608850094,0.875
38400,1359,0,10.843786371451307,4.102534559280002,0.895
38400,1360,0,20.665966620454128,2.040378888983696,0.9
38400,1361,0,9.494219551056062,1.9352695957081778,0.9
38400,1362,0,8.561158656539847,6.575628456562299,0.105
38400,1363,0,9.33798647305403,3.0792965012324203,0.105
38400,1364,0,6.025220940312344,3.7871896496710633,0.11
38400,1365,0,9.315000369507816,5.369330745327261,0.11
38400,1366,0,10.745593253207604,5.448663918497232,0.105
38400,1367,0,9.750616814646081,2.532478812605632,0.12
38400,1368,0,11.15271070412291,1.301437254215898,0.9
38400,1369,0,14.960297760717369,3.3001194923997446,0.1
38400,1370,0,9.689644724648476,2.5100506913702247,0.1
38400,1371,0,12.48986683600606,2.195266418908659,0.1
38400,1372,0,9.15422231184012,4.895155639798077,0.105
38400,1373,0,9.74080627857119,2.571541165616509,0.115
38400,1374,0,12.6436528411754,1.9789568898829657,0.885
38400,1375,0,14.442722919729093,1.980829705718179,0.145
38400,1376,0,13.548446439707108,3.78120566774669,0.11
38400,1377,0,13.913921318200552,2.661375999775828,0.1
38400,1378,0,7.685792224935719,1.7654253473381232,0.895
38400,1379,0,9.266366176922427,4.003005771994594,0.89
38400,1380,0,11.717582503596443,3.669916383603322,0.81
38400,1381,0,9.36379033629613,3.042602719096976,0.135
38400,1382,0,10.88461365190881,6.224893153557787,0.1
38400,1383,0,10.967989566895099,2.8034044245259793,0.895
38400,1384,0,11.717356380273602,2.4397456704548404,0.105
38400,1385,0,9.132726175621428,2.2693102496702977,0.9
38400,1386,0,7.6985398386989345,2.0702971949731364,0.9
38400,1387,0,11.141662101547393,2.790426275265645,0.875
38400,1388,0,17.232792019576667,6.944033094958968,0.1
38400,1389,0,7.81497717654167,3.027198806080378,0.115
38400,1390,0,12.193848913486251,3.1155468347321857,0.1
38400,1391,0,13.405045837710508,2.551420500947188,0.885
38400,1392,0,9.280434193125853,2.4940555224134187,0.105
38400,1393,0,8.7954556004388,1.1648535775805158,0.9
38400,1394,0,10.034512730882739,2.0140407707117447,0.9
38400,1395,0,11.027267384174305,5.018657545554106,0.155
38400,1396,0,7.296213229006266,1.929974470772322,0.105
38400,1397,0,11.072679070614413,1.9087350910751866,0.9
38400,1398,0,11.606676162411494,4.259686039017652,0.12
38400,1399,0,13.913615728281934,7.463605123871275,0.885
38400,1400,0,8.74463442755598,2.39825055913343,0.9
38400,1401,0,12.238286941982892,2.171530943712696,0.9
38400,1402,0,7.49229628720741,4.0239287742053875,0.1
38400,1403,0,13.430068355854772,2.592957911446092,0.875
38400,1404,0,12.634976488039342,4.41032123195555,0.9
38400,1405,0,9.017029832136513,2.5775764204979623,0.145
38400,1406,0,7.618454287684632,4.099032006178049,0.155
38400,1407,0,14.09962489290019,2.8513199406120293,0.885
38400,1408,0,8.07564557034141,4.211672179582138,0.1
38400,1409,0,10.268910447556852,6.214054390540014,0.15
38400,1410,0,9.16240856766676,1.8652018208683785,0.205
38400,1411,0,16.928381911645385,3.395867685577514,0.105
38400,1412,0,12.069242270863722,3.203059439272238,0.88
38400,1413,0,8.497272025074174,2.03668236069916,0.11
38400,1414,0,8.292771964012212,3.0144195375271465,0.135
38400,1415,0,15.403255922843188,4.7967139042668805,0.1
38400,1416,0,9.937900762921004,2.113063312481245,0.9
38400,1417,0,9.554084612790954,2.5501462584202272,0.165
38400,1418,0,15.902506744882318,1.3999747618754554,0.1
38400,1419,0,6.019653906670636,2.080544908938009,0.88
38400,1420,0,9.433358556376731,2.719091362581594,0.875
38400,1421,0,9.612672235982702,3.0116078896867293,0.1
38400,1422,0,11.007905024314937,4.41980948625087,0.9
38400,1423,0,11.069988158621983,3.4985679588317,0.1
38400,1424,0,17.740142847713972,4.013249699454491,0.1
38400,1425,0,9.72582602705786,2.8318280613973457,0.895
38400,1426,0,9.838497943078394,2.714954283806037,0.15
38400,1427,0,8.471384311737893,3.154171430094266,0.9
38400,1428,0,11.545419027895038,1.3276638378556527,0.1
38400,1429,0,8.183412966467351,2.101386587878551,0.125
38400,1430,0,10.465923314202428,3.5242906688097264,0.9
38400,1431,0,8.53814552124959,2.844036842685682,0.9
38400,1432,0,15.7979266975879,3.0238031350847905,0.87
38400,1433,0,8.24143706321901,3.417352664075679,0.81
38400,1434,0,14.389821121277626,4.292296497624193,0.88
38400,1435,0,14.915509437473906,1.8726598197417843,0.895
38400,1436,0,17.71465783830185,2.3879584323879044,0.115
38400,1437,0,8.6278344365339,3.3339030607010045,0.865
38400,1438,0,8.457977890911934,2.2463052249008797,0.9
38400,1439,0,12.498854943725762,4.5282962354178835,0.125
38400,1440,0,16.325687727551784,4.331753741496414,0.1
38400,1441,0,7.696885095248831,2.7144824538368084,0.9
38400,1442,0,13.11686273112189,1.859107976292762,0.87
38400,1443,0,13.34841597294717,2.5905322070173042,0.885
38400,1444,0,10.995222243558967,3.960145072113619,0.865
38400,1445,0,9.057954373390556,2.0181285457624654,0.11
38400,1446,0,18.972410967910495,2.69403469064855,0.1
38400,1447,0,14.72932002754516,2.539091793590842,0.105
38400,1448,0,6.046764082766458,1.9228174160389244,0.9
38400,1449,0,11.603628829387736,2.861741600059986,0.115
38400,1450,0,14.574735165807624,2.4419580347455394,0.9
38400,1451,0,11.769602120002757,1.5596451357623664,0.12
38400,1452,0,10.112181935597846,2.9549114871485926,0.9
38400,1453,0,10.665334624719131,1.775506132321425,0.88
38400,1454,0,10.214520847127917,2.908017643886751,0.1
38400,1455,0,8.37772691349901,3.5399606357657376,0.215
38400,1456,0,14.646090077341581,2.220387676464952,0.88
38400,1457,0,10.393621615013446,1.3119043494725702,0.1
38400,1458,0,7.106457513543947,3.0109558352592103,0.84
38400,1459,0,10.713525890655584,1.5666401114629025,0.88
38400,1460,0,5.798476378956112,3.040976901212389,0.105
38400,1461,0,11.912482395201547,4.742281452291763,0.12
38400,1462,0,12.061001594397213,2.184504579395252,0.115
38400,1463,0,10.540362861561782,2.138632779588079,0.86
38400,1464,0,8.649139717292861,1.9665311957623999,0.14
38400,1465,0,8.109020491767241,3.8277906693565455,0.17
38400,1466,0,8.415134704074843,3.1592940132668446,0.13
38400,1467,0,11.098763589648659,2.6509085666134524,0.21
38400,1468,0,8.651041848237357,5.104180572772066,0.1
38400,1469,0,18.216858288724325,1.8627672209504453,0.9
38400,1470,0,10.538265580237296,2.6332245900391626,0.1
38400,1471,0,13.904118281789124,2.26050069336452,0.9
38400,1472,0,8.143564299491006,3.1493798155054264,0.1
38400,1473,0,11.398020468924797,3.544370599922786,0.125
38400,1474,0,9.530076235488222,2.7693404864066906,0.895
38400,1475,0,12.857917553822073,2.7682935424309107,0.785
38400,1476,0,12.476921292135998,2.5797237516769655,0.875
38400,1477,0,6.9820877758691635,4.960319323441809,0.71
38400,1478,0,8.634277370385348,2.4737194415195063,0.9
38400,1479,0,12.546586146175237,2.8745829584579496,0.11
38400,1480,0,12.818264376908246,2.065781020155555,0.9
38400,1481,0,10.434345772052534,2.976222978310261,0.13
38400,1482,0,6.775725051497262,2.601439229169955,0.1
38400,1483,0,22.82441271325354,2.514976011758563,0.1
38400,1484,0,14.18695196358897,3.565592400082096,0.1
38400,1485,0,14.915298123287926,3.6966898690820926,0.9
38400,1486,0,9.01780938113967,2.8095810085062567,0.89
38400,1487,0,9.223254643322296,2.6745578039594875,0.11
38400,1488,0,10.022426397310186,2.7179419003346084,0.895
38400,1489,0,7.6556596251245415,2.3529828589403223,0.86
38400,1490,0,13.233394948331316,4.357679100473888,0.11
38400,1491,0,18.736569789684562,2.9077456783966227,0.885
38400,1492,0,11.016953078837275,4.958880378683261,0.12
38400,1493,0,8.623562575359074,1.735844984381174,0.9
38400,1494,0,12.142749925830005,3.8301344617934774,0.1
38400,1495,0,18.041128397560723,3.1674133260196413,0.115
38400,1496,0,16.470561579147333,3.4403935044110767,0.1
38400,1497,0,11.7834339137728,5.102125574637739,0.14
38400,1498,0,8.035254703923192,4.798744138577149,0.88
38400,1499,0,7.751791603967035,5.466085427519829,0.9
38400,1500,0,11.12722165579178,4.165032349493458,0.73
38400,1501,0,17.396820868499205,4.299564490236207,0.785
38400,1502,0,17.84239521171045,5.109346474228005,0.895
38400,1503,0,6.862280563357217,2.7754602940433415,0.9
38400,1504,0,14.764432701083193,2.263956530487121,0.88
38400,1505,0,13.103628441223048,3.131055647440917,0.89
38400,1506,0,13.021767464724011,3.262644678977722,0.89
38400,1507,0,9.014015352405561,2.586935743278218,0.89
38400,1508,0,9.881487703204927,4.9323730666174015,0.1
38400,1509,0,8.501973132380522,3.9677621798603013,0.12
38400,1510,0,7.91874238582409,3.6098089714016623,0.1
38400,1511,0,13.548422977190741,1.924199328470877,0.1
38400,1512,0,11.762575047482665,3.213167241977999,0.89
38400,1513,0,10.381543972755141,2.6522552392918897,0.885
38400,1514,0,10.768601393820063,2.7468066583935524,0.9
38400,1515,0,15.024372718920633,4.202618992428597,0.1
38400,1516,0,7.245786693050604,1.8283262142574586,0.9
38400,1517,0,18.3633316244364,2.2290600511212233,0.89
38400,1518,0,12.159646279018263,1.8960660602374446,0.1
38400,1519,0,10.005539600523564,2.1159309690915507,0.11
38400,1520,0,8.214344998972367,2.30342212947221,0.1
38400,1521,0,11.01053958629791,2.3111091818748264,0.9
38400,1522,0,13.498172550855545,2.7318461366974134,0.1
38400,1523,0,10.076215064772216,5.174616874120375,0.1
38400,1524,0,7.504579074067391,2.5344527310210196,0.105
38400,1525,0,5.930848760264828,1.5174226504996113,0.125
38400,1526,0,6.27391617605362,2.1990031858877046,0.105
38400,1527,0,6.579068672862956,3.650961299155142,0.11
38400,1528,0,11.671930972393058,2.327767775364009,0.1
38400,1529,0,7.408652438064111,2.761969888706517,0.89
38400,1530,0,11.09147234599576,3.0587883030932517,0.14
38400,1531,0,11.148304567007585,2.034173818896079,0.9
38400,1532,0,10.637071233091227,1.544838290988082,0.88
38400,1533,0,8.428090793775596,2.134723259814564,0.9
38400,1534,0,11.62837504764582,4.984327658678467,0.1
38400,1535,0,9.69538384995019,4.920244891877701,0.9
38400,1536,0,7.085447109943459,2.7376782110707154,0.87
38400,1537,0,21.45822773625582,4.40929095330489,0.9
38400,1538,0,10.081962693548734,2.98327701815424,0.105
38400,1539,0,8.353265183602447,3.0761979922033333,0.885
38400,1540,0,11.910161339103526,2.2864241225363457,0.1
38400,1541,0,14.636882544637462,4.6337378806356355,0.105
38400,1542,0,7.690668899053223,2.950377019942607,0.895
38400,1543,0,9.969866306287985,3.6576931819183756,0.895
38400,1544,0,11.675622318307434,3.5353135846207806,0.1
38400,1545,0,16.70075934880509,2.512432762375738,0.105
38400,1546,0,13.0143216007707,1.3626208354935443,0.9
38400,1547,0,15.272953268798624,3.476235807949024,0.875
38400,1548,0,6.455642951321466,3.261130049156691,0.1
38400,1549,0,14.199634451683885,4.864683954139082,0.13
38400,1550,0,8.119769103748169,1.6327038068709498,0.11
38400,1551,0,8.630986083716419,4.748081169947227,0.885
38400,1552,0,10.325562919597548,3.1020903227272356,0.15
38400,1553,0,11.897135569789159,4.896226116574098,0.1
38400,1554,0,11.049913815762793,6.650876308185616,0.125
38400,1555,0,10.97819538153614,4.013418092574739,0.89
38400,1556,0,9.468689897570217,3.7115940931130353,0.115
38400,1557,0,7.960175652303292,2.397391183262698,0.9
38400,1558,0,7.467848347079514,2.180251814274925,0.87
38400,1559,0,12.000884758372763,3.315583061197458,0.9
38400,1560,0,6.971442071969136,4.044725681313821,0.9
38400,1561,0,11.514051763990665,2.867339991945528,0.9
38400,1562,0,7.474767701213193,2.698429915091083,0.89
38400,1563,0,9.980764246585144,3.5311403109858475,0.17
38400,1564,0,9.273706739808791,2.6262623032152987,0.875
38400,1565,0,10.509913004372608,2.72990007468934,0.1
38400,1566,0,9.591029546050684,1.9955645383788578,0.885
38400,1567,0,17.616141727517064,2.799610805982411,0.1
38400,1568,0,13.420648250766458,2.0479862412912553,0.895
38400,1569,0,9.344447712016406,4.212242247973563,0.1
38400,1570,0,8.224848388913015,3.1331460374929065,0.81
38400,1571,0,12.802062422388868,2.070186383610917,0.11
38400,1572,0,16.782679116390113,3.9113904695568635,0.9
38400,1573,0,14.144853234626567,4.733225384592288,0.9
38400,1574,0,10.065779986577057,2.3559412073097974,0.135
38400,1575,0,9.065221990155694,4.048509659935462,0.1
38400,1576,0,20.507035801334272,3.950360730379998,0.895
38400,1577,0,9.744956182326334,1.9042105192625058,0.14
38400,1578,0,6.1966948492641905,2.601129299995364,0.9
38400,1579,0,5.803995505491818,3.8995189044328527,0.89
38400,1580,0,15.621760172728532,3.0508408605555815,0.89
38400,1581,0,10.389830726356822,3.1966334885566994,0.885
38400,1582,0,12.582596649384074,2.7132937200917695,0.1
38400,1583,0,10.392401461082272,2.9654435077418384,0.9
38400,1584,0,7.952772832825873,2.705322589503112,0.1
38400,1585,0,9.14986823396191,2.650460572613156,0.9
38400,1586,0,13.010842274325924,2.7963345041541743,0.15
38400,1587,0,13.1996396418336,2.11309369641981,0.87
38400,1588,0,16.799442026088514,2.6154423601212784,0.9
38400,1589,0,17.62423609437576,1.898288309075724,0.9
38400,1590,0,11.39139559240448,2.9888648690189257,0.1
38400,1591,0,13.1165706087819,2.2232911633238928,0.1
38400,1592,0,15.408975049398864,3.734799567672553,0.11
38400,1593,0,5.663223376355398,1.7327140359270743,0.835
38400,1594,0,9.513440361105523,2.835773698950561,0.105
38400,1595,0,8.73322973534147,5.197781740037044,0.11
38400,1596,0,14.57366976379717,2.3606805785220786,0.9
38400,1597,0,8.225955358824194,3.057423030048767,0.165
38400,1598,0,20.72213565175716,5.275158916293776,0.895
38400,1599,0,12.851670699362785,4.1457752957114735,0.9
38400,1600,0,7.267592886735442,3.367601019471067,0.88
38400,1601,0,19.21855840103717,1.2891408859104558,0.9
38400,1602,0,8.292028646713447,3.3411936395850717,0.9
38400,1603,0,8.944366081322569,2.1760029309689344,0.16
38400,1604,0,10.92373120263062,2.2737190039492816,0.9
38400,1605,0,8.983380581140995,3.619237150138588,0.895
38400,1606,0,7.928347573832733,2.28137201798404,0.895
38400,1607,0,11.01110276226111,2.086353840428501,0.11
38400,1608,0,12.39315024147004,2.922821328735381,0.1
38400,1609,0,8.706198295275842,3.0310452470189375,0.1
38400,1610,0,12.324550414129476,3.028874869937681,0.9
38400,1611,0,8.591603467195343,4.449120786091498,0.1
38400,1612,0,8.028702830835048,2.2226731685805134,0.115
38400,1613,0,9.511528255167859,3.7016891265807317,0.895
38400,1614,0,8.904058558428007,5.059931837757858,0.1
38400,1615,0,8.805642808928885,2.7342291446302625,0.88
38400,1616,0,9.497965303307968,2.011335436770878,0.895
38400,1617,0,8.27837456148398,1.6789215246433287,0.135
38400,1618,0,6.617511123613445,2.3769861981691065,0.105
38400,1619,0,15.374677016091029,3.731337634127385,0.1
38400,1620,0,12.732116652127274,2.0495016580071024,0.9
38400,1621,0,11.158395900298501,4.051054657338682,0.9
38400,1622,0,8.849984075066693,3.4131797398742947,0.895
38400,1623,0,9.31720972533781,2.229010955187505,0.15
38400,1624,0,12.960790177082346,2.5793635534057557,0.11
38400,1625,0,6.258901596916185,2.9243093354750727,0.89
38400,1626,0,24.74557272462416,2.3782249428279556,0.89
38400,1627,0,17.128718430379035,2.4695390168517406,0.89
38400,1628,0,11.647474103843146,2.134764317719373,0.115
38400,1629,0,8.460077050808081,4.5060536547339325,0.9
38400,1630,0,10.205692544937506,1.3723484174931855,0.9
38400,1631,0,13.725970184012795,4.721079053359745,0.9
38400,1632,0,5.893032595973545,3.2695538216501063,0.89
38400,1633,0,16.123878141508712,2.8066798372776702,0.11
38400,1634,0,16.216819660690824,3.546886899897572,0.89
38400,1635,0,11.46315398817137,2.1757671312968796,0.9
38400,1636,0,12.196861689327125,2.9269186953627013,0.115
38400,1637,0,12.798113320650373,3.410057058573557,0.9
38400,1638,0,10.297321413679585,2.239523343280325,0.1
38400,1639,0,13.554837914574591,3.5240148122625214,0.9
38400,1640,0,9.929801320785147,3.126528770621917,0.1
38400,1641,0,12.963473322566275,1.975811699952601,0.86
38400,1642,0,6.628350703483409,2.2909617369805346,0.115
38400,1643,0,9.949561015757242,3.4974949515401477,0.1
38400,1644,0,12.591253412114726,2.3491098621946094,0.1
38400,1645,0,12.202949734996091,3.7626066734105734,0.135
38400,1646,0,11.430540731481294,3.854186956010608,0.12
38400,1647,0,9.78188295626416,3.0914066537036433,0.89
38400,1648,0,13.794661742197718,3.915604382393667,0.9
38400,1649,0,11.582670197682887,3.768413891975797,0.9
38400,1650,0,13.744022330497984,2.2897582682958273,0.12
38400,1651,0,11.02853427109871,2.795938062934056,0.895
38400,1652,0,11.636406034020299,3.152883130195505,0.1
38400,1653,0,17.302643843761984,2.7681219894361675,0.9
38400,1654,0,8.185048641908566,3.79814647660055,0.9
38400,1655,0,12.989455344854266,3.6206513521676698,0.1
38400,1656,0,12.298512628826877,3.464053450835536,0.14
38400,1657,0,16.185312736304812,1.8999613296841744,0.1
38400,1658,0,14.14003923297373,3.722316179516838,0.11
38400,1659,0,8.923166821458725,2.711301463551763,0.895
38400,1660,0,11.174008201750617,4.124990214296531,0.13
38400,1661,0,12.086193877001387,3.8145565697163875,0.87
38400,1662,0,6.395011099850748,1.3558781876156445,0.11
38400,1663,0,9.421370524581013,3.9972788872830733,0.86
38400,1664,0,9.047835295435139,4.3968219369276085,0.885
38400,1665,0,9.206741883588917,1.566855627976338,0.88
38400,1666,0,9.794019735703046,1.6180297720666204,0.9
38400,1667,0,9.662537861511538,2.5343566698268205,0.135
38400,1668,0,7.656707253231617,2.6023025000540656,0.1
38400,1669,0,8.785292679004629,2.0914394319902385,0.89
38400,1670,0,9.634810345297579,3.7031707708877093,0.155
38400,1671,0,10.157561518013797,2.6905481496896755,0.82
38400,1672,0,12.943015579280088,2.0447029081935852,0.1
38400,1673,0,21.328107599999957,2.4189874246701493,0.885
38400,1674,0,12.338669303805434,3.19697757756785,0.1
38400,1675,0,8.039162224373138,4.300829514357929,0.82
38400,1676,0,7.838083262887495,4.056986925553474,0.1
38400,1677,0,10.90613987535842,1.9862422497396892,0.105
38400,1678,0,13.141003542324402,3.516818782327391,0.89
38400,1679,0,12.989381428874367,2.821580235189458,0.9
38400,1680,0,8.061145143721376,1.9534732679460376,0.19
38400,1681,0,4.6977705997066295,6.153012208568498,0.71
38400,1682,0,13.06165916312829,2.519669723375273,0.835
38400,1683,0,18.005470675902302,1.8099137633612372,0.9
38400,1684,0,23.92927946319069,2.162127909082301,0.115
38400,1685,0,8.099864162441886,2.8806967606669787,0.155
38400,1686,0,16.88655600863513,4.527887440065115,0.1
38400,1687,0,14.008324234434065,2.490251064250515,0.115
38400,1688,0,5.270020310125574,3.572499167864862,0.9
38400,1689,0,13.169484770087934,2.556810016272948,0.9
38400,1690,0,9.491328359388191,3.3785694352957307,0.11
38400,1691,0,16.20075307904932,4.034757926820021,0.12
38400,1692,0,11.940176526108997,3.908951369106717,0.105
38400,1693,0,12.305831530388229,3.28237542364036,0.15
38400,1694,0,15.080775975565087,3.944014835605003,0.895
38400,1695,0,7.352054871250944,3.1441021611385622,0.105
38400,1696,0,5.864324855582482,2.0585910960903675,0.1
38400,1697,0,7.294591226697662,2.8652770429403063,0.9
38400,1698,0,10.131424958926234,3.209478753717576,0.1
38400,1699,0,11.895123018838666,2.2652185085121346,0.12
38400,1700,0,8.268974795543613,2.6159472607673706,0.9
38400,1701,0,9.339757253142734,2.698214220254158,0.865
38400,1702,0,8.540709034161297,3.3581767870941803,0.1
38400,1703,0,10.457989234440198,2.94745509543759,0.89
38400,1704,0,20.22186948415765,3.509959483841385,0.9
38400,1705,0,8.162873730410517,3.0439209666155875,0.13
38400,1706,0,9.741761625481931,2.431568103338577,0.13
38400,1707,0,8.324595454690213,3.4215235571082303,0.1
38400,1708,0,10.09988778445462,1.9574510434438253,0.865
38400,1709,0,10.56290954854163,3.3294704502793593,0.89
38400,1710,0,11.080503921320268,1.545175588461234,0.105
38400,1711,0,11.727547539323368,4.6680405870006325,0.11
38400,1712,0,14.58954990684731,1.6267178781561142,0.9
38400,1713,0,7.801201223894432,4.631718624602854,0.895
38400,1714,0,14.50347362935808,3.624552967812633,0.87
38400,1715,0,9.204456086745838,3.068378379742853,0.1
38400,1716,0,8.625913154896807,2.385763356028292,0.9
38400,1717,0,9.151242135321246,2.7163288334406843,0.105
38400,1718,0,12.427237071750028,2.3839367725315697,0.9
38400,1719,0,16.040154720178638,3.407304452008475,0.1
38400,1720,0,8.613524729503245,1.8173031596347755,0.87
38400,1721,0,9.729083701496963,3.3968330339462227,0.1
38400,1722,0,10.670647763615618,2.530285479303984,0.105
38400,1723,0,11.154450486487804,3.3485992351927507,0.9
38400,1724,0,8.976804073979345,2.424400464235532,0.85
38400,1725,0,6.380962105594367,3.287265499687919,0.89
38400,1726,0,9.310927965651008,2.909204065497306,0.895
38400,1727,0,19.837140669105224,3.713267064028969,0.9
38400,1728,0,15.711535465930526,3.5572678643291056,0.1
38400,1729,0,12.604069335060158,1.4162927503207356,0.895
38400,1730,0,11.667218153355634,1.9942546291247254,0.9
38400,1731,0,13.586383982910533,3.8398666882358157,0.115
38400,1732,0,6.282776701859519,2.0080980753903077,0.13
38400,1733,0,8.665331840889012,3.496473916106879,0.145
38400,1734,0,12.797273280113941,4.368482098010418,0.89
38400,1735,0,11.021397695768657,2.2979688425493805,0.1
38400,1736,0,9.327942979382705,2.5654407305921723,0.89
38400,1737,0,9.014376826186524,3.3149159090442026,0.11
38400,1738,0,16.966939071483015,3.2684707693420023,0.1
38400,1739,0,16.844248146763334,2.923413530623975,0.9
38400,1740,0,8.628245900830432,3.5999438761734837,0.11
38400,1741,0,8.100065890745991,1.9065529197632713,0.86
38400,1742,0,9.474779480526124,3.199864695892529,0.76
38400,1743,0,18.260914674729325,3.6076461948027827,0.105
38400,1744,0,9.237013652339101,3.3294923904293228,0.9
38400,1745,0,15.606149272486242,1.9691475632157562,0.865
38400,1746,0,18.727221827986686,1.8821324089572045,0.1
38400,1747,0,8.434571248252556,1.5773686583372637,0.895
38400,1748,0,8.673729728930654,4.1660352020358005,0.11
38400,1749,0,7.54264426965508,3.282062532218788,0.86
38400,1750,0,8.164688303101473,2.6707436296476317,0.125
38400,1751,0,13.97287031323474,3.285474674186162,0.89
38400,1752,0,9.450015661195208,2.5086947745876387,0.89
38400,1753,0,9.614150276944136,2.681402246480502,0.89
38400,1754,0,9.75619405491787,2.9243953213835994,0.11
38400,1755,0,8.23051867218908,2.908567146977248,0.1
38400,1756,0,9.53085248069833,2.422812986003464,0.11
38400,1757,0,14.206544959031362,4.658241814024677,0.9
38400,1758,0,6.271878766034525,1.8898359985655588,0.17
38400,1759,0,8.60875759257189,2.391750374823687,0.88
38400,1760,0,7.149213988943757,2.608309390228669,0.9
38400,1761,0,14.859541967560974,2.724383683948872,0.1
38400,1762,0,13.12698134296511,3.409996635321022,0.9
38400,1763,0,7.917197800329063,2.0043835907131324,0.9
38400,1764,0,6.597253028354771,5.8918696172497675,0.87
38400,1765,0,10.875946815323866,2.81491304173187,0.875
38400,1766,0,10.780986190177995,3.912279327022361,0.14
38400,1767,0,11.964901592869438,3.168763698965904,0.105
38400,1768,0,8.3769726296714,3.1289274126834243,0.9
38400,1769,0,14.117401421591259,1.6945777629928216,0.89
38400,1770,0,10.573480723632542,2.9254734072196698,0.9
38400,1771,0,8.882521708542942,2.3576157610193604,0.83
38400,1772,0,14.056556679806866,4.522481685484081,0.105
38400,1773,0,10.702905202823144,5.82609348027745,0.105
38400,1774,0,11.41625610856583,3.2021635981152485,0.13
38400,1775,0,10.743270706000771,2.858266830685352,0.9
38400,1776,0,8.596975311044936,5.441265442954091,0.11
38400,1777,0,14.866314392772326,2.8846541257905756,0.1
38400,1778,0,10.00026688868432,2.060807803360376,0.11
38400,1779,0,12.318680396559218,3.7851106751872976,0.1
38400,1780,0,12.592399557859737,2.4077959457883935,0.87
38400,1781,0,8.65364014324782,2.1076597336616487,0.89
38400,1782,0,9.833942098842781,3.3651944377254495,0.895
38400,1783,0,9.857633328864656,3.197967763003362,0.165
38400,1784,0,11.235792362225897,1.4646091952840834,0.89
38400,1785,0,8.402517376621507,2.4565540744333703,0.81
38400,1786,0,10.685027808005733,2.574525388558868,0.135
38400,1787,0,8.798873985853794,3.16201452886844,0.225
38400,1788,0,9.994231487868321,2.2206936161182966,0.1
38400,1789,0,9.468596786465218,4.491709925116538,0.86
38400,1790,0,12.801073466586105,3.5661957515117138,0.1
38400,1791,0,16.883573772732134,2.9246579761775138,0.135
38400,1792,0,11.320271342472429,1.1246601498839937,0.89
38400,1793,0,8.172173550999712,1.954192130432375,0.105
38400,1794,0,10.680887978364158,3.4149866095106063,0.115
38400,1795,0,9.485228993096197,2.7580031967033847,0.11
38400,1796,0,9.012666672432989,2.9938201383743035,0.105
38400,1797,0,10.351629845837353,2.1084096905838123,0.1
38400,1798,0,10.658547821222491,2.3430942268191757,0.85
38400,1799,0,9.675332175289668,4.409511043184011,0.9
38400,1800,0,8.049984624453455,2.983269722494697,0.105
38400,1801,0,14.720441787784466,1.97177296109885,0.9
38400,1802,0,7.79554599950966,2.0002121833613273,0.885
38400,1803,0,10.533285548142432,1.545747161918598,0.1
38400,1804,0,8.389654580986416,4.256148815323968,0.9
38400,1805,0,6.837515203919893,3.2001181952921343,0.115
38400,1806,0,9.445379476793686,2.0992003536321135,0.115
38400,1807,0,10.70101216669306,3.639641989974507,0.865
38400,1808,0,8.886652960251809,4.075396968920586,0.9
38400,1809,0,8.56218151584585,2.0967424320645023,0.9
38400,1810,0,13.112262597173412,3.1705054467636273,0.135
38400,1811,0,8.934848466645919,1.4866559673293978,0.1
38400,1812,0,6.283898257682949,2.088631546899933,0.9
38400,1813,0,14.162961388674546,1.7221190143970944,0.895
38400,1814,0,8.69625218258486,2.821409152704746,0.895
38400,1815,0,10.56296030933538,3.0561980746199424,0.9
38400,1816,0,14.425311237238908,2.680722192314988,0.89
38400,1817,0,5.527602939907389,1.4575373895297616,0.79
38400,1818,0,13.003505630622385,3.000983125991752,0.9
38400,1819,0,9.46451810184044,3.351088273620917,0.9
38400,1820,0,7.805067712923802,2.387614754354672,0.1
38400,1821,0,9.805452474092965,2.1980996666229657,0.895
38400,1822,0,14.381189661881955,2.498318914877018,0.105
38400,1823,0,6.873047334614171,3.353213217656048,0.9
38400,1824,0,8.126712067522899,4.769314991688134,0.895
38400,1825,0,13.17190231344605,4.023508040643264,0.89
38400,1826,0,9.329971646675403,4.974531099918522,0.9
38400,1827,0,10.904541105214207,4.255590903198936,0.9
38400,1828,0,12.858667671268172,1.9115009626773372,0.12
38400,1829,0,6.350769741592899,4.619339535787503,0.9
38400,1830,0,10.156405732466851,2.6755682563020855,0.9
38400,1831,0,15.521806556989759,2.8988096701539234,0.9
38400,1832,0,12.031502224081125,3.5316480887161106,0.1
38400,1833,0,15.69685923773875,3.2674972051154327,0.9
38400,1834,0,19.304505741138854,3.950256353397208,0.895
38400,1835,0,13.41688985902602,3.6671621342179606,0.89
38400,1836,0,9.957612025845608,4.29683120769937,0.1
38400,1837,0,10.767072124176137,2.8842196034759127,0.115
38400,1838,0,8.461847963056925,1.505825179748399,0.9
38400,1839,0,9.237076139820658,1.6436832607780616,0.125
38400,1840,0,7.270374309458068,2.1673963492048642,0.11
38400,1841,0,6.427667640851383,2.6474834891416776,0.1
38400,1842,0,12.748704045360178,5.823156962202347,0.245
38400,1843,0,10.264731228040775,2.791429236623344,0.1
38400,1844,0,7.899182125527413,2.633719382538402,0.11
38400,1845,0,15.530606160738786,2.294422956344988,0.1
38400,1846,0,10.388605024716794,2.059447587816976,0.15
38400,1847,0,10.474437025712291,5.881134566811852,0.9
38400,1848,0,8.398820750915094,3.5469984954602296,0.1
38400,1849,0,13.341481466755454,1.4745564042925707,0.9
38400,1850,0,8.43594480194079,2.955989640616963,0.88
38400,1851,0,10.147249001055343,3.3078165492327116,0.9
38400,1852,0,7.918081073545671,2.054471331643981,0.135
38400,1853,0,6.463039097317278,2.616468242194969,0.9
38400,1854,0,10.035705774135408,2.2741447413977767,0.9
38400,1855,0,15.163097609567235,2.56969741147941,0.11
38400,1856,0,14.87573565979517,1.979190482757076,0.1
38400,1857,0,9.489352885941615,1.9387487538665482,0.135
38400,1858,0,13.650175432213132,1.3881972015212796,0.9
38400,1859,0,9.03417948245581,3.3158052272995064,0.125
38400,1860,0,9.75236125634075,4.8868757561820075,0.89
38400,1861,0,11.576451589140182,3.289133908850772,0.835
38400,1862,0,8.87987066775192,3.5538573962867304,0.14
38400,1863,0,13.958603428193296,2.855154937350335,0.125
38400,1864,0,15.058372798416988,2.3788737144457173,0.89
38400,1865,0,12.586283966242249,2.2896749095934865,0.89
38400,1866,0,14.575246919119992,2.8651250959626395,0.1
38400,1867,0,11.622552918413538,3.8902609974456936,0.105
38400,1868,0,12.03766982553891,4.123216794852169,0.115
38400,1869,0,8.475185689187965,3.161792728758428,0.87
38400,1870,0,15.31924398584181,5.95544087215103,0.1
38400,1871,0,10.599458106399862,3.7121742549516057,0.895
38400,1872,0,8.311382386349564,5.028394054659202,0.885
38400,1873,0,13.76740823031182,2.5508235807421897,0.895
38400,1874,0,7.955050391428772,2.7540903265730776,0.895
38400,1875,0,13.61627124312135,3.670436269749189,0.115
38400,1876,0,6.9308016957055845,2.1886448007705894,0.82
38400,1877,0,11.520053411093159,1.229595305062503,0.9
38400,1878,0,10.472875271387487,2.976642525987927,0.105
38400,1879,0,15.71068332335642,1.9525900827602527,0.9
38400,1880,0,15.58740410076957,2.4238020609288924,0.895
38400,1881,0,8.299754754815076,4.038473527566566,0.13
38400,1882,0,11.098954964887003,5.325031922745893,0.85
38400,1883,0,16.297505056914876,3.4461064278445974,0.105
38400,1884,0,7.269980765101759,2.4334931524379044,0.855
38400,1885,0,7.662288789747,5.384201967831359,0.105
38400,1886,0,14.092122369220249,5.676692315915943,0.88
38400,1887,0,8.553030942374875,2.465891032119316,0.89
38400,1888,0,8.407769929941031,3.271875707343952,0.88
38400,1889,0,9.232826375514948,2.485654935691173,0.1
38400,1890,0,10.589259509714314,2.0588747428689658,0.88
38400,1891,0,11.783814559337317,2.643981999602829,0.1
38400,1892,0,11.203767197584966,5.3093852192716895,0.2
38400,1893,0,9.316147202637529,3.4513407886549885,0.135
38400,1894,0,9.578786168079464,2.379898788973378,0.105
38400,1895,0,12.215987213152276,3.355989216214539,0.11
38400,1896,0,12.665033857672913,4.816521228968895,0.12
38400,1897,0,11.222580433273986,4.248444854522404,0.105
38400,1898,0,21.851446442461228,4.692297975998372,0.1
38400,1899,0,12.829821855076544,2.7925910434703383,0.89
38400,1900,0,14.630942999980903,2.6202718772765365,0.9
38400,1901,0,8.711492084501062,3.522591820984644,0.1
38400,1902,0,5.466520786208833,3.9287678441212392,0.835
38400,1903,0,6.638245937218279,2.9314247729985254,0.88
38400,1904,0,16.896899485384154,1.5395097935538615,0.11
38400,1905,0,8.872610548049808,4.273921295362015,0.1
38400,1906,0,7.5837479049369,2.1214718885630646,0.1
38400,1907,0,10.460136454658134,2.2153769405576895,0.125
38400,1908,0,13.045500555510491,3.179135573196845,0.83
38400,1909,0,13.010617039735168,1.4409376243577299,0.1
38400,1910,0,11.77773810645235,3.261056102138582,0.895
38400,1911,0,12.496292367897583,2.6135038580264336,0.1
38400,1912,0,9.68794943638059,3.0221192480325954,0.105
38400,1913,0,9.220753117317601,4.499714912986974,0.1
38400,1914,0,9.055665998666132,5.169567353664206,0.245
38400,1915,0,16.50638267727857,2.1401124434930807,0.1
38400,1916,0,17.262195756913457,6.296300880734407,0.9
38400,1917,0,11.695275529343563,3.697606892569638,0.18
38400,1918,0,8.945118581610128,2.4821747050339127,0.105
38400,1919,0,12.551747728424909,1.5324335928937671,0.895
38400,1920,0,15.948702182280153,3.5916108787091616,0.87
38400,1921,0,17.21003412118896,4.457983423742462,0.105
38400,1922,0,13.155493471572866,2.1302068284171582,0.89
38400,1923,0,10.21026032966945,2.3290990852615323,0.16
38400,1924,0,7.797021639532886,3.402029677044993,0.9
38400,1925,0,9.48184188667403,2.6083767012153203,0.115
38400,1926,0,6.979230033730389,2.7994009612712034,0.17
38400,1927,0,7.277278493124479,2.4188493262499833,0.89
38400,1928,0,8.214142677257653,1.7263735048402395,0.83
38400,1929,0,13.252670488770521,3.68224426206325,0.885
38400,1930,0,10.602409111061517,3.054080556307781,0.11
38400,1931,0,9.38607236758481,2.702596056570883,0.11
38400,1932,0,15.399066771778998,3.1978631777178634,0.105
38400,1933,0,7.029380723429534,3.010415658400234,0.11
38400,1934,0,8.322672380933843,3.032608621651889,0.11
38400,1935,0,10.403842385752,3.1730886363277477,0.9
38400,1936,0,7.3911739619261825,2.6294012688254043,0.115
38400,1937,0,11.960873032564338,2.2217294789697917,0.1
38400,1938,0,12.163954597072575,4.3845136800200635,0.9
38400,1939,0,7.564000876258887,3.2496608829660545,0.875
38400,1940,0,9.58616754173022,2.53142323585962,0.9
38400,1941,0,11.897704490537487,3.4941746263370987,0.105
38400,1942,0,11.166713826556215,2.686073039888015,0.115
38400,1943,0,10.526750941140865,3.0666428744268615,0.89
38400,1944,0,10.746862082244206,1.9818937277875648,0.9
38400,1945,0,10.44440901155722,2.411578166243089,0.88
38400,1946,0,8.932261440459683,2.227737988738454,0.9
38400,1947,0,11.6574264789496,2.948049866074598,0.87
38400,1948,0,7.585372314267017,3.3735094726239367,0.87
38400,1949,0,12.330461971650994,2.6169250407235722,0.115
38400,1950,0,15.13253631266746,1.8742664114142826,0.89
38400,1951,0,17.578233785648397,3.5963974012815925,0.135
38400,1952,0,12.717367524361805,3.5109028509452855,0.105
38400,1953,0,14.454941610918553,3.2344544313502865,0.105
38400,1954,0,7.5212397783192095,3.975287922321513,0.275
38400,1955,0,5.649142056655596,4.168646284688293,0.15
38400,1956,0,8.920956000117764,3.4850814695687404,0.89
38400,1957,0,9.605057030589705,2.815071330712726,0.9
38400,1958,0,10.522816016237643,3.416533594275961,0.135
38400,1959,0,6.980489569104334,4.312108682353255,0.14
38400,1960,0,10.260539578686123,4.493170352833431,0.1
38400,1961,0,9.552330732248857,3.2877383642983204,0.105
38400,1962,0,12.634723637683622,5.04924150509396,0.895
38400,1963,0,15.224907030135816,2.8760651978302576,0.11
38400,1964,0,12.76272076193493,3.154460031441886,0.9
38400,1965,0,14.935730443387458,3.2685627902139913,0.1
38400,1966,0,13.573097225734278,6.0249192972037235,0.855
38400,1967,0,9.642372727505517,4.098654007412961,0.9
38400,1968,0,11.411738327189484,1.9258879709298071,0.1
38400,1969,0,10.683082817162132,1.1795450728754986,0.1
38400,1970,0,7.823128708996593,1.4138084326816625,0.1
38400,1971,0,16.522701087264412,1.8574707254799705,0.1
38400,1972,0,12.443290273774378,4.210200789736973,0.15
38400,1973,0,16.110531390399387,4.081626072076006,0.9
38400,1974,0,7.515316158594866,4.410906562600303,0.195
38400,1975,0,14.234764060163345,4.575922367064322,0.1
38400,1976,0,8.168968329360384,2.6613562016052583,0.895
38400,1977,0,19.18465691473462,3.532470083143835,0.105
38400,1978,0,18.409672777646055,3.7025477060922185,0.1
38400,1979,0,10.676930464724729,2.6120722655093687,0.14
38400,1980,0,8.48270630769041,1.940195181305171,0.835
38400,1981,0,11.639461877314762,3.090063180547986,0.895
38400,1982,0,15.32156242424435,3.061017629909202,0.1
38400,1983,0,10.566022437708781,2.1242833988196708,0.11
38400,1984,0,14.189566686837667,2.634892575605363,0.12
38400,1985,0,11.956108475540566,1.7058699115125364,0.11
38400,1986,0,13.283784123291866,3.3858275412796957,0.9
38400,1987,0,10.100355412195656,2.60658483442171,0.1
38400,1988,0,7.400848208618868,4.304474032448979,0.11
38400,1989,0,11.373513361376697,2.125761735010201,0.1
38400,1990,0,9.026321904658383,2.9018367842866155,0.105
38400,1991,0,16.70351748377982,3.1568835311190924,0.9
38400,1992,0,11.519547042397239,2.2323660745655616,0.105
38400,1993,0,10.174874889770537,4.807138602888017,0.1
38400,1994,0,8.036539737614682,3.677159513637207,0.115
38400,1995,0,10.19989984628314,3.645949851267005,0.82
38400,1996,0,6.712714678687917,2.3689150611346577,0.9
38400,1997,0,9.537293609590481,3.468464597364118,0.135
38400,1998,0,7.949266950120011,2.4284115677062346,0.105
38400,1999,0,12.32389018543472,3.044155103958701,0.9
9600,0,1,15.540330071403037,4.336686721651972,0.86
9600,1,1,6.591057668016488,2.717404579878746,0.895
9600,2,1,8.685331608170332,4.503892965851719,0.145
9600,3,1,19.61707982019036,3.8886336929337517,0.1
9600,4,1,7.744562069073738,3.4684238844675974,0.1
9600,5,1,10.105372895877348,4.355910930415519,0.87
9600,6,1,18.062428890401716,3.106431422008882,0.885
9600,7,1,9.974555628317633,3.6819857181868088,0.125
9600,8,1,10.572723429119785,2.7385948286536177,0.865
9600,9,1,18.700191196404543,3.9455700139100713,0.115
9600,10,1,14.443941264085174,3.5417541264550323,0.885
9600,11,1,15.191641463133676,1.9484308268786776,0.105
9600,12,1,17.90681113030928,3.356213008476061,0.9
9600,13,1,10.57959112107053,3.642753860842163,0.87
9600,14,1,10.596004181530674,3.213171109753432,0.9
9600,15,1,7.30296708268341,1.8515282745113382,0.1
9600,16,1,12.589837593646918,3.868987427591719,0.89
9600,17,1,11.489844743450277,1.8381322006675305,0.9
9600,18,1,11.802357704079961,2.8540482773792064,0.895
9600,19,1,8.817564133056628,2.468001172930201,0.165
9600,20,1,10.312176054987958,4.276513943437976,0.9
9600,21,1,13.217275364903857,4.312016865320345,0.1
9600,22,1,12.200462389651676,1.8404157237597474,0.9
9600,23,1,14.59612450696338,2.760492797105485,0.105
9600,24,1,14.376212097061861,3.221806488689083,0.11
9600,25,1,11.057490583084332,2.8616392574178917,0.1
9600,26,1,14.156520851049665,3.052569506155578,0.1
9600,27,1,13.889192904166336,2.2743663968725514,0.17
9600,28,1,5.430689115703843,4.283321688448893,0.89
9600,29,1,10.211444890897509,2.377554731971543,0.85
9600,30,1,11.453611325738962,2.748734878170467,0.9
9600,31,1,8.280088015801423,3.012033412480264,0.115
9600,32,1,6.017981671186003,2.073137628789823,0.12
9600,33,1,14.170482244556462,3.7828986188529257,0.11
9600,34,1,14.334837849502804,4.080921095570034,0.12
9600,35,1,9.732695081555962,3.177183147234075,0.1
9600,36,1,13.896970600641367,2.675031105545145,0.9
9600,37,1,8.59814822171791,3.754384990709525,0.235
9600,38,1,12.96309917339953,2.567346290274486,0.895
9600,39,1,22.928738616401024,3.133051257475472,0.105
9600,40,1,9.793329255103629,1.4775483656805477,0.9
9600,41,1,9.429765583765004,2.0938494065759983,0.9
9600,42,1,14.831749420662442,3.4885486048409575,0.145
9600,43,1,16.448989216057868,1.4562976706613995,0.9
9600,44,1,6.296048730492572,3.2774967625854856,0.14
9600,45,1,14.615037662867099,6.863791815908371,0.88
9600,46,1,15.512487123665288,4.834655652821596,0.88
9600,47,1,10.078459778052052,3.598800796754631,0.89
9600,48,1,9.03054598533231,2.143549713690618,0.9
9600,49,1,9.325934356251997,3.101531321199502,0.885
9600,50,1,11.193677279020504,3.2185499144105734,0.86
9600,51,1,11.784415621256528,3.0257837844743563,0.105
9600,52,1,14.623197376117645,3.1299965836794286,0.9
9600,53,1,7.444593618587737,3.0754261521991566,0.105
9600,54,1,18.288678669983483,2.9751702627592636,0.14
9600,55,1,7.440868271692126,2.155994927352367,0.1
9600,56,1,25.68941595520343,3.1792053677946797,0.9
9600,57,1,16.049934771199066,4.346821050931737,0.89
9600,58,1,10.083965025671802,2.51571262776622,0.9
9600,59,1,17.525386428068686,1.9859626605921221,0.9
9600,60,1,11.50483234673953,2.555459484857181,0.84
9600,61,1,13.716921577721141,5.385511115480313,0.115
9600,62,1,7.873514100373138,4.6101059545705425,0.865
9600,63,1,13.16099530256409,2.0331614344755167,0.9
9600,64,1,9.057671497021023,3.012586632776504,0.105
9600,65,1,10.421781105608119,4.302779738186757,0.9
9600,66,1,10.136986305464491,3.3264929825733702,0.885
9600,67,1,7.4365717857331575,3.594378985251012,0.105
9600,68,1,12.263487464025793,2.252020079401973,0.105
9600,69,1,6.574667035601055,4.384175006201474,0.89
9600,70,1,11.633368817893057,5.5327297425719735,0.9
9600,71,1,9.250792599476357,3.3673330659013345,0.115
9600,72,1,9.869058301642974,3.778924852551313,0.87
9600,73,1,16.276069112585247,3.735067881841303,0.9
9600,74,1,9.56118386151861,4.493252554927096,0.25
9600,75,1,12.489206399390275,3.9950333542478234,0.115
9600,76,1,10.74696250337469,2.0235179154255434,0.155
9600,77,1,11.647741014495491,1.8581118040216893,0.89
9600,78,1,10.273595128177533,4.148261867811698,0.9
9600,79,1,9.513587161858226,2.806399401259796,0.9
9600,80,1,10.903972213352628,1.8671823193088244,0.865
9600,81,1,14.369872716915502,2.0543137113634202,0.895
9600,82,1,7.525596985572634,2.491854687950479,0.1
9600,83,1,9.956933384588497,2.347116241041647,0.1
9600,84,1,9.914899748610942,2.501237023268743,0.105
9600,85,1,6.652313564392275,3.8786505997506993,0.105
9600,86,1,7.715156036896786,2.9939793891969657,0.9
9600,87,1,10.864266248176335,4.120144563981398,0.9
9600,88,1,10.258456571031758,2.601329244150463,0.9
9600,89,1,10.36783335166589,3.5375978433847877,0.115
9600,90,1,17.26419596005338,2.7683747176382667,0.895
9600,91,1,16.65915898957337,6.00339064522899,0.2
9600,92,1,14.395222407735943,2.6338065599077254,0.12
9600,93,1,16.264638555567707,4.3140892704030875,0.115
9600,94,1,9.429431892158368,3.699515383641483,0.89
9600,95,1,12.097018881554956,1.5128756404777732,0.87
9600,96,1,5.8845720067819665,2.5632174579797606,0.885
9600,97,1,7.822336186304044,2.097006463216644,0.895
9600,98,1,13.751790173121647,3.271096587471334,0.11
9600,99,1,8.455995513823213,1.8403830703874746,0.1
9600,100,1,10.610359271418087,2.48394900304163,0.825
9600,101,1,19.286810224983604,3.855101648532866,0.11
9600,102,1,13.728017079235103,2.023172820938157,0.87
9600,103,1,10.882701979539606,3.1156019783466604,0.1
9600,104,1,9.01851691115269,2.711957771515472,0.1
9600,105,1,7.079561827173763,4.432204542735008,0.895
9600,106,1,10.873751013779016,3.2809874473485934,0.1
9600,107,1,5.7337675314183345,1.6587067060712002,0.105
9600,108,1,16.49408854395239,3.432112323362446,0.11
9600,109,1,13.86996293993576,2.1560575302927987,0.9
9600,110,1,14.332135980450941,1.5345206189550709,0.895
9600,111,1,12.570531136236474,2.8870371305643516,0.105
9600,112,1,15.539182056588887,4.385613027623947,0.1
9600,113,1,12.3542855284221,2.9002308908928853,0.12
9600,114,1,11.567893715708443,4.39934012106562,0.12
9600,115,1,11.447261296736402,2.6223230176881884,0.89
9600,116,1,10.157280180757908,1.8200193001035814,0.9
9600,117,1,13.826593444733486,4.019212524073623,0.86
9600,118,1,7.6087305514202805,2.8766623786140144,0.1
9600,119,1,6.411261621848043,2.7135013683903253,0.19
9600,120,1,6.339611073112609,3.0736702484205125,0.26
9600,121,1,9.132257627877665,3.2335291941194555,0.895
9600,122,1,9.135241885044612,1.9342412398799524,0.875
9600,123,1,10.22033055651221,2.5456714963212335,0.9
9600,124,1,6.938310871531635,3.8255718440538544,0.84
9600,125,1,9.372393566481492,3.7371007484779284,0.9
9600,126,1,12.253407101720912,3.8832977698788795,0.1
9600,127,1,8.012305638310353,2.718796629511644,0.135
9600,128,1,14.825045864945283,3.329367684496276,0.1
9600,129,1,8.097318224530454,1.9707351821097063,0.9
9600,130,1,14.15056291396483,3.197167467408235,0.14
9600,131,1,10.242176388391307,3.157158814731531,0.885
9600,132,1,12.823981804577492,2.18450405464381,0.895
9600,133,1,11.174023065412069,6.71220853912331,0.14
9600,134,1,10.608051407612038,2.891145149675367,0.9
9600,135,1,10.626143227302409,2.952160359025413,0.1
9600,136,1,19.697068819861272,4.12793906917841,0.9
9600,137,1,8.118698584241601,2.3914268701574315,0.1
9600,138,1,13.038601810879634,2.906503819266959,0.105
9600,139,1,9.855655966310763,1.8877697732051502,0.895
9600,140,1,14.949163360222354,2.126186327693347,0.865
9600,141,1,6.464652409710175,4.824410169337057,0.105
9600,142,1,9.882689879746918,2.2471874021292138,0.885
9600,143,1,9.385828249383527,2.264102502928722,0.895
9600,144,1,11.655065786983466,3.012177841362984,0.105
9600,145,1,9.658673744195712,2.4753566086317846,0.105
9600,146,1,6.983250866102489,3.7026614722236673,0.89
9600,147,1,6.301637260970707,2.6179180960298254,0.18
9600,148,1,13.636437746834432,1.7201362424302147,0.86
9600,149,1,9.203858390298006,2.798444378076681,0.13
9600,150,1,9.725080023658421,2.0121562614804134,0.9
9600,151,1,9.605681977391157,2.5540402807067153,0.105
9600,152,1,13.944502991200538,3.4728082183448805,0.13
9600,153,1,7.473669630839055,2.895392558674814,0.9
9600,154,1,9.807920202665485,2.719558665057775,0.9
9600,155,1,9.199604275239336,4.083897124243663,0.125
9600,156,1,10.20954247987092,2.611419080074029,0.1
9600,157,1,13.935607579898608,2.4579274654044525,0.885
9600,158,1,9.290788530110225,2.859893732336616,0.12
9600,159,1,9.234374684693734,1.6977310597482642,0.9
9600,160,1,12.871985311563948,4.709538033797855,0.89
9600,161,1,5.152515338123145,4.817981839264007,0.875
9600,162,1,8.089851803096217,3.038582316619909,0.885
9600,163,1,8.538483033094623,3.4021977452965757,0.1
9600,164,1,15.824002244928982,2.726589667184953,0.11
9600,165,1,6.165162274480593,2.6922893465169295,0.9
9600,166,1,12.423569126090827,2.462025323175965,0.1
9600,167,1,13.121337975994578,3.248122680300014,0.9
9600,168,1,11.387290486492331,2.283306321342593,0.11
9600,169,1,9.693452816086918,1.5710460994341702,0.105
9600,170,1,15.268179841831417,5.442926288051808,0.88
9600,171,1,14.272016054283675,3.1837094445350544,0.13
9600,172,1,7.073499386526583,4.273293956848079,0.11
9600,173,1,12.619328710652555,3.0482680123341765,0.1
9600,174,1,7.652130675531775,1.6190614724919783,0.865
9600,175,1,8.488660743607536,1.8205435588370733,0.895
9600,176,1,9.057735011813435,2.6358733275287705,0.9
9600,177,1,10.91902024478216,3.182312108502572,0.9
9600,178,1,7.254427751854631,2.314539198452792,0.875
9600,179,1,14.4531054859339,3.512068865460094,0.11
9600,180,1,18.350389525803763,4.522191495259165,0.9
9600,181,1,10.63236848846401,2.5972684555298997,0.9
9600,182,1,8.75730178338674,4.007098815210952,0.88
9600,183,1,8.371086270338193,3.177310637397568,0.115
9600,184,1,8.386313845570372,4.4657239109056945,0.105
9600,185,1,12.031702752691178,2.7324228390227745,0.15
9600,186,1,8.472270354202891,2.351219454580189,0.9
9600,187,1,14.149664869189992,1.4900186710448793,0.1
9600,188,1,7.597705513107589,1.3325253539690607,0.87
9600,189,1,10.729654517732996,4.544114161603829,0.9
9600,190,1,10.43763122967693,4.43524665257371,0.13
9600,191,1,12.436620448252711,3.509943791544856,0.9
9600,192,1,11.511094436813012,5.316594116128215,0.105
9600,193,1,12.817353826311404,3.7054372902460386,0.9
9600,194,1,11.897566276125673,2.435073220929951,0.9
9600,195,1,13.40400210436073,1.6150654927102437,0.1
9600,196,1,11.74006218657953,3.8411550431732167,0.885
9600,197,1,11.313027005735423,4.697468118874326,0.1
9600,198,1,12.689291487069598,2.8275607053672047,0.1
9600,199,1,12.957453222334381,2.927589422218091,0.89
9600,200,1,14.394729065827363,2.8768118126492936,0.9
9600,201,1,11.385237607220176,2.8945557941739253,0.13
9600,202,1,8.531314120327524,1.9592007243048215,0.1
9600,203,1,7.835328143252309,2.7120516471086376,0.885
9600,204,1,12.190996521520107,3.418065247902291,0.1
9600,205,1,13.295041939841735,5.130705383876943,0.11
9600,206,1,8.301183498697782,1.2921948313760367,0.9
9600,207,1,12.174942147816381,3.7970264096813366,0.9
9600,208,1,9.464135772271732,2.8725598385122453,0.855
9600,209,1,8.014204404024575,4.3009088606027035,0.895
9600,210,1,10.945793026969637,2.369746852551202,0.175
9600,211,1,6.795140796207164,2.2372768974904034,0.9
9600,212,1,15.38166673823099,1.847252652866871,0.9
9600,213,1,13.654077218127016,1.982486876886469,0.1
9600,214,1,7.452102811235426,3.08098943660724,0.86
9600,215,1,15.90999100559685,3.0388835317964435,0.9
9600,216,1,9.719362380959222,2.516067148202694,0.895
9600,217,1,12.483535680512434,1.8902145904220902,0.1
9600,218,1,13.119568863262943,3.1896050896634165,0.105
9600,219,1,10.596361062634745,2.9463513817304943,0.87
9600,220,1,14.439587432505194,3.140648843881877,0.88
9600,221,1,5.517700940040982,5.177093637767882,0.1
9600,222,1,7.82479911889386,4.482993451161121,0.89
9600,223,1,6.823064142897464,5.698134169691116,0.87
9600,224,1,8.565319036098328,2.5016798104388727,0.16
9600,225,1,16.833049257373744,5.121226608484619,0.9
9600,226,1,15.164166028187738,5.260092190783894,0.155
9600,227,1,9.358006915943825,3.741136540244838,0.11
9600,228,1,11.918660866575363,3.3235887876429615,0.105
9600,229,1,14.154193105934347,1.922355248548513,0.125
9600,230,1,8.858168304309508,2.911412635289423,0.89
9600,231,1,11.456597343327207,4.908440961666827,0.85
9600,232,1,6.000257569613948,4.220545255232366,0.895
9600,233,1,9.526766556475419,4.623229985072896,0.895
9600,234,1,15.987910409057038,1.4311093721403267,0.875
9600,235,1,9.715751021157361,4.710176970159807,0.1
9600,236,1,8.416060835407253,2.3167764268350766,0.1
9600,237,1,8.427743717372035,2.1797899210056926,0.145
9600,238,1,8.974762213077414,4.208610539680535,0.1
9600,239,1,13.446923617128204,2.3808936304774875,0.875
9600,240,1,6.027964567582843,2.8615804343701257,0.1
9600,241,1,9.777285297021868,2.843834957197089,0.89
9600,242,1,9.534605518244774,3.9209684454348803,0.9
9600,243,1,11.60901328485437,2.4754268728656825,0.9
9600,244,1,8.95991406086189,5.785200775579824,0.84
9600,245,1,16.64152009219322,3.4180527573411723,0.9
9600,246,1,12.150285200237649,3.4107780326166903,0.1
9600,247,1,10.004589191934912,2.0909083496718495,0.9
9600,248,1,11.49160851551354,3.9645311177352482,0.89
9600,249,1,8.464573135098384,2.0005707754251034,0.825
9600,250,1,8.312549720183712,2.7107251127745258,0.1
9600,251,1,15.537598960971764,3.540883695589514,0.105
9600,252,1,11.734569148149065,3.535748112516046,0.1
9600,253,1,7.73365985517728,3.0014711615194756,0.1
9600,254,1,11.49176588974145,5.3719046475919185,0.855
9600,255,1,10.927718445434069,2.4146965536004927,0.1
9600,256,1,9.635955251719539,3.1629394567957547,0.1
9600,257,1,6.845460107131645,2.537068691107436,0.105
9600,258,1,10.154372697585657,2.2016089671126338,0.895
9600,259,1,8.39676496049626,4.44381228234505,0.12
9600,260,1,8.07432435992575,4.313226677815862,0.105
9600,261,1,16.007006033674433,3.291345300645787,0.1
9600,262,1,12.00978297512947,2.1140166788356396,0.1
9600,263,1,16.018523252802456,1.7420690882460121,0.865
9600,264,1,20.250781825009796,4.215614681770319,0.895
9600,265,1,7.109714892145532,2.8561317966861566,0.115
9600,266,1,11.956499062712425,2.945159571163458,0.9
9600,267,1,18.768131708520745,2.2097948617329166,0.1
9600,268,1,11.617724550189052,4.880217408354781,0.9
9600,269,1,8.94811979743352,3.0601556586319134,0.9
9600,270,1,14.359643936060138,1.783053651389821,0.9
9600,271,1,11.138889058064194,2.691252967090918,0.9
9600,272,1,14.807058668169319,2.380605884002307,0.845
9600,273,1,6.66656342908837,3.3181162005192277,0.9
9600,274,1,11.05733592965123,3.1770906568198143,0.9
9600,275,1,11.773935521066154,1.881079681371034,0.895
9600,276,1,17.278350816766785,1.3000523098881445,0.105
9600,277,1,9.993971762000626,3.0159027393040105,0.9
9600,278,1,17.94726079842171,2.854472253100937,0.105
9600,279,1,6.586469384708523,2.3416074316500612,0.1
9600,280,1,10.646978358706889,2.4150662019167157,0.9
9600,281,1,9.298608042970377,2.4189083617059737,0.21
9600,282,1,7.701485819931624,4.323846650169116,0.875
9600,283,1,11.449456047156305,4.19753434085095,0.1
9600,284,1,8.856480652007395,1.8616742108690687,0.115
9600,285,1,11.773138556511215,3.5548893308629204,0.1
9600,286,1,13.097033268996228,1.4032119025387146,0.9
9600,287,1,16.74693689480141,2.3183520502769284,0.895
9600,288,1,15.100770645990027,2.9125293504023375,0.1
9600,289,1,6.9104246060182115,4.262937164270397,0.1
9600,290,1,11.614713349495243,4.5012280069485655,0.115
9600,291,1,7.431007725464273,3.629478248058149,0.11
9600,292,1,11.239829126191552,1.8984820138143732,0.9
9600,293,1,11.088449002491247,2.9215577647789814,0.1
9600,294,1,9.857695570299827,4.170417869922005,0.1
9600,295,1,12.4561628272076,3.076542694731188,0.105
9600,296,1,17.582106897728668,5.578079201957564,0.1
9600,297,1,8.85226160858668,2.4882675374996666,0.14
9600,298,1,11.748404107551677,2.486745851302885,0.895
9600,299,1,9.808631443115859,1.9322470120911817,0.15
9600,300,1,12.00548513189233,3.758463388527389,0.1
9600,301,1,10.478982714913768,1.7577073299705148,0.85
9600,302,1,7.042959001833294,2.4553393222049635,0.11
9600,303,1,9.119187200636269,5.382108394231011,0.865
9600,304,1,12.718926738128802,2.768443454624503,0.145
9600,305,1,8.700964959586326,3.362384658142048,0.895
9600,306,1,8.685460593889331,6.127866991626263,0.9
9600,307,1,9.300644871373493,2.98232497306401,0.11
9600,308,1,8.132208116086318,4.07423180816977,0.24
9600,309,1,7.5475647474797825,3.849846092964526,0.9
9600,310,1,13.202646287798956,2.459494159089104,0.9
9600,311,1,13.903479798630178,1.189743328521331,0.11
9600,312,1,12.217686505798468,2.862561161720123,0.9
9600,313,1,9.628665799700611,4.165310867996652,0.18
9600,314,1,9.699547898876661,1.7766607670154144,0.1
9600,315,1,11.861294592684574,3.0701090577053947,0.1
9600,316,1,7.827787710450025,1.464085777605817,0.9
9600,317,1,14.545532821628342,3.2060944663285795,0.9
9600,318,1,10.037129257595154,3.8569400585544145,0.9
9600,319,1,13.053437698929002,3.14129670403247,0.9
9600,320,1,10.730804323151654,2.2195371466551705,0.105
9600,321,1,13.803328455290552,3.552633879195355,0.895
9600,322,1,13.475051061742592,5.332751322274021,0.105
9600,323,1,14.573988042015793,1.6014729444648879,0.835
9600,324,1,7.661533020519471,3.1402904110976237,0.9
9600,325,1,13.83688900175334,3.0029847197454274,0.135
9600,326,1,7.01493283174088,2.3154718156106924,0.1
9600,327,1,9.027278389412603,3.3166796608895766,0.895
9600,328,1,11.77686948116169,3.344657339196999,0.12
9600,329,1,12.662075826126996,3.1016579087037144,0.895
9600,330,1,9.781323785768386,3.38810540612684,0.125
9600,331,1,12.777289371970399,2.2648739497455495,0.1
9600,332,1,12.938319896201376,2.44902168026897,0.105
9600,333,1,9.147340976495572,2.859684564847953,0.1
9600,334,1,12.566146624316941,3.765322001993354,0.875
9600,335,1,9.838474138815739,3.818039432529474,0.82
9600,336,1,9.227307716199812,3.2122281005456443,0.89
9600,337,1,9.545465254313815,1.4941366953621582,0.105
9600,338,1,12.576743459482032,2.853112269781377,0.9
9600,339,1,12.595179030597166,3.7016878227959182,0.9
9600,340,1,9.351587721539547,2.210310983406316,0.1
9600,341,1,8.220843635245052,2.701605958293385,0.885
9600,342,1,8.423546142896257,4.755568899615525,0.855
9600,343,1,13.602840810156922,3.2218553220232593,0.1
9600,344,1,12.333581250974957,4.062189241042802,0.89
9600,345,1,8.310490586058421,4.958458708040325,0.9
9600,346,1,15.6344810785491,2.630866886379124,0.9
9600,347,1,8.161248206655198,2.8138358268833485,0.865
9600,348,1,8.782237563476231,2.7270269923008073,0.1
9600,349,1,11.319794422571048,1.7679095018223734,0.135
9600,350,1,5.928597819198599,2.255485652271716,0.235
9600,351,1,10.224546875206077,3.294612696548427,0.76
9600,352,1,9.792546030848118,4.784762082726957,0.875
9600,353,1,10.016534026865108,3.6594291502368037,0.895
9600,354,1,12.368073625082692,5.486637522538729,0.195
9600,355,1,8.62713545173251,2.161920763481362,0.895
9600,356,1,14.142726698875233,2.3158656394471677,0.875
9600,357,1,10.815984120934132,5.341909348879881,0.9
9600,358,1,10.742963153379321,3.24475779351161,0.9
9600,359,1,18.623982308628943,2.3816843920670294,0.1
9600,360,1,14.192156941808449,1.8284329799513444,0.11
9600,361,1,11.528004694224594,3.2235383442568377,0.1
9600,362,1,9.58151450837233,5.143939215737703,0.895
9600,363,1,15.485550887285685,2.058509229894412,0.89
9600,364,1,8.19951939754709,3.9692081882165553,0.12
9600,365,1,9.596470609739482,3.5472891416361563,0.875
9600,366,1,9.664453105145727,3.8231626393226747,0.1
9600,367,1,11.185802377599611,2.6875682234404508,0.875
9600,368,1,11.978545365458046,2.5451385280703676,0.9
9600,369,1,8.691397688010731,2.9522201445033147,0.855
9600,370,1,9.768044063048583,4.262431490742813,0.105
9600,371,1,6.36834146786642,2.557438090428832,0.88
9600,372,1,7.95377345516394,2.737356753134179,0.21
9600,373,1,10.229551651437278,4.346150551188543,0.1
9600,374,1,9.392750896462235,2.952617508202593,0.145
9600,375,1,13.841729183206725,3.606116367222967,0.1
9600,376,1,6.312933418276856,4.405558426854839,0.9
9600,377,1,20.194261790470026,2.1506108770907417,0.1
9600,378,1,6.6970382113937665,1.4281172377323514,0.855
9600,379,1,8.826418450191087,3.0578522200613634,0.1
9600,380,1,6.637686354594466,2.432305488864017,0.89
9600,381,1,14.868535372810925,3.048279841075896,0.9
9600,382,1,12.343502727435713,3.1858892884116585,0.89
9600,383,1,15.176421000471919,2.779442392223075,0.895
9600,384,1,7.687084411672772,1.5773858399171559,0.1
9600,385,1,7.008925771176222,3.1017307833593577,0.885
9600,386,1,8.569992005545059,5.876965042668303,0.89
9600,387,1,9.871270220754413,4.194296912379514,0.1
9600,388,1,10.574612451736536,3.020712055300123,0.86
9600,389,1,14.065041107921674,2.8305453423143945,0.145
9600,390,1,9.490892582564642,1.4674590188292314,0.1
9600,391,1,13.605488352645757,3.352627792925489,0.165
9600,392,1,10.673309233576987,3.923634079659166,0.895
9600,393,1,10.388152088258614,1.5655908531229557,0.11
9600,394,1,11.651213572928611,4.139492984587889,0.9
9600,395,1,9.902375272509511,1.8619544759388873,0.12
9600,396,1,11.796558828121917,2.324922025402998,0.875
9600,397,1,11.646809534114341,4.6796878702707545,0.1
9600,398,1,7.785706976828046,3.794416047041693,0.895
9600,399,1,9.647030371997548,3.3966707442786515,0.885
9600,400,1,14.872875654099857,4.033009494526141,0.9
9600,401,1,17.397730227091017,2.463070234644249,0.9
9600,402,1,8.877259156850476,2.57542674404192,0.11
9600,403,1,11.10447849171983,2.8735144546487845,0.88
9600,404,1,12.465871487884783,1.8007906020372388,0.9
9600,405,1,10.165253218954863,3.298473812421321,0.11
9600,406,1,11.32698210231581,4.704169056761032,0.9
9600,407,1,8.704601751219288,3.937679266616101,0.855
9600,408,1,10.938924428390353,2.32005556331103,0.1
9600,409,1,15.134472099139352,2.81885993997264,0.105
9600,410,1,9.093479666388738,1.512848944891232,0.87
9600,411,1,22.53395325404256,5.5542750385129125,0.1
9600,412,1,13.38093624083371,2.416926390898766,0.875
9600,413,1,9.428751884130692,3.204580072227259,0.1
9600,414,1,12.969672888244475,2.8058241036987397,0.9
9600,415,1,15.859639563551298,4.2255746365981395,0.9
9600,416,1,12.586342719610572,1.250625678669337,0.1
9600,417,1,7.094040213996577,1.7727223846975448,0.895
9600,418,1,12.395858811102036,3.5924056717533404,0.795
9600,419,1,12.417657966389953,2.971243849734151,0.13
9600,420,1,6.656960385350178,2.308405332144048,0.835
9600,421,1,13.835895271533703,1.6064781418307916,0.16
9600,422,1,9.018175774928778,3.465608094549566,0.9
9600,423,1,7.478917690207255,4.064502274152915,0.1
9600,424,1,10.681880325393251,2.2143560204540336,0.9
9600,425,1,12.288838539949722,3.4122245359412773,0.9
9600,426,1,8.42240496465223,4.490295268001887,0.9
9600,427,1,10.310230124409719,3.7165463964868195,0.865
9600,428,1,19.876478544274363,2.5914877235621248,0.9
9600,429,1,15.935536401696739,4.5619975368538235,0.1
9600,430,1,12.049952669562082,2.739141201912787,0.105
9600,431,1,16.72189554512068,4.532443039120437,0.125
9600,432,1,7.058412025107258,1.8226648113099486,0.89
9600,433,1,20.890760802777983,4.767553032222338,0.88
9600,434,1,8.67186173397456,3.140206285316083,0.15
9600,435,1,12.199845536447887,3.051640052930793,0.12
9600,436,1,8.817692981016886,2.2064260770108035,0.14
9600,437,1,12.694123016810689,4.211134333509392,0.895
9600,438,1,12.06188367339892,2.5600289850828517,0.885
9600,439,1,9.886078160155167,2.970501273689763,0.1
9600,440,1,14.934764940732602,4.476418752274469,0.195
9600,441,1,6.690576639036995,1.7591448606964377,0.11
9600,442,1,15.746166872265084,3.095186494267921,0.895
9600,443,1,10.022368651882074,3.2101696342053287,0.88
9600,444,1,9.961391422009315,2.2342228183802604,0.1
9600,445,1,21.281652289759734,1.9000614517366898,0.9
9600,446,1,10.942533278306641,4.030948713109694,0.87
9600,447,1,8.576785649010542,2.7852936843416387,0.89
9600,448,1,10.650464889318908,4.449740432079352,0.895
9600,449,1,8.13828759765227,2.6030635304607586,0.12
9600,450,1,11.857610613934881,2.0993556923500023,0.13
9600,451,1,14.414114922153658,2.195002483053088,0.9
9600,452,1,8.497616865797113,3.2436559249546804,0.9
9600,453,1,14.793326526447178,2.000089540089789,0.11
9600,454,1,10.819556980540087,4.235735554324549,0.885
9600,455,1,8.305729302746569,3.2513934257579535,0.18
9600,456,1,12.206700278036068,2.2111653557743693,0.1
9600,457,1,7.148462164712726,2.1140518046749435,0.1
9600,458,1,10.479446404192318,1.9067012619871093,0.1
9600,459,1,10.748022098250237,2.1825037643679934,0.13
9600,460,1,9.345954644883934,4.063975525008345,0.105
9600,461,1,11.321727413438147,1.7402793967576713,0.86
9600,462,1,11.661179720973552,4.1612180790494335,0.895
9600,463,1,9.635723562835778,2.869064159079926,0.9
9600,464,1,12.145588128704686,3.2781767123182703,0.88
9600,465,1,5.4588465539396385,4.732345457361475,0.11
9600,466,1,11.169680568373368,2.053159708513874,0.1
9600,467,1,13.623324238125113,3.2606765460485576,0.895
9600,468,1,8.53193056072385,3.2527835520951953,0.9
9600,469,1,16.98608974956386,4.27916267470323,0.15
9600,470,1,10.397199581905754,2.599311087679723,0.12
9600,471,1,10.384310106309938,2.2975949462349377,0.125
9600,472,1,6.324433773973194,2.2267421190861114,0.885
9600,473,1,17.135953347700188,3.712473696950269,0.15
9600,474,1,13.611568973969176,4.0677376013334765,0.13
9600,475,1,8.369680873379876,2.671607256266384,0.105
9600,476,1,14.064710515787056,1.9916467576294394,0.9
9600,477,1,13.580360972321872,4.117908177677521,0.1
9600,478,1,10.606592998070427,2.9051455809110394,0.1
9600,479,1,13.626178711059907,2.4512768017984854,0.86
9600,480,1,12.846899192044248,3.545333751465307,0.9
9600,481,1,6.950905392597688,3.162436706020344,0.89
9600,482,1,7.077851229806003,2.177562024218105,0.895
9600,483,1,15.959982991822416,3.999519922646755,0.1
9600,484,1,13.708661115346105,4.540929580407749,0.1
9600,485,1,13.234782902956708,3.4236810766429926,0.77
9600,486,1,5.287442756149687,3.3924833378549124,0.9
9600,487,1,8.930815654316719,2.5091351317144017,0.1
9600,488,1,9.744198838583884,2.7580263129280524,0.9
9600,489,1,13.056467825263715,3.5356044555044264,0.885
9600,490,1,8.764407966146166,2.9634571529086884,0.9
9600,491,1,9.181958842080824,1.7113591775910209,0.895
9600,492,1,16.340325836476318,2.1152429026813024,0.89
9600,493,1,9.186876441665968,4.751918420353718,0.865
9600,494,1,14.216578282965045,1.228771074620738,0.88
9600,495,1,8.312097243009475,2.7875506646509507,0.8
9600,496,1,11.75470654551383,3.4654192682936014,0.12
9600,497,1,8.663508176192805,3.0107639589971313,0.11
9600,498,1,15.813987898460026,6.3089824116616455,0.115
9600,499,1,12.314958714543103,4.189757768948255,0.135
9600,500,1,8.91119173971274,2.46973443828864,0.135
9600,501,1,13.827584629856062,2.1452974527448987,0.9
9600,502,1,8.030304465003299,3.7543305178886044,0.1
9600,503,1,11.42814664291194,3.692484532314211,0.9
9600,504,1,6.9851154825743285,2.6045738192721046,0.15
9600,505,1,12.321350559068728,3.6110384749278523,0.895
9600,506,1,10.545779496729471,3.776682463552561,0.11
9600,507,1,13.526676083325626,2.7019655625181827,0.105
9600,508,1,8.528883221257885,4.220985833268287,0.115
9600,509,1,11.340079710535992,3.140880189188522,0.895
9600,510,1,13.041836175458338,2.4283094816439643,0.89
9600,511,1,10.195098036268748,3.946930220040201,0.1
9600,512,1,7.047383974888685,1.7237816893782565,0.135
9600,513,1,13.264790688110985,1.9700763500424046,0.885
9600,514,1,15.972239050772858,2.9106988561139246,0.1
9600,515,1,8.634354574994944,1.7495526701537756,0.865
9600,516,1,9.894721784738607,2.9320419675372023,0.9
9600,517,1,10.849471319598964,2.774324708755671,0.895
9600,518,1,12.191238360736516,2.2552564297555477,0.865
9600,519,1,12.76018769289676,2.7112738986829754,0.105
9600,520,1,10.630287309857922,2.87172421981694,0.1
9600,521,1,5.699845626207149,1.898713263850027,0.885
9600,522,1,9.909527416631319,2.3340790084148466,0.11
9600,523,1,14.075443132251737,2.79303345566575,0.1
9600,524,1,10.038417534387273,4.3764470870499395,0.115
9600,525,1,11.136804474605482,1.8905542257414254,0.875
9600,526,1,11.003558907274886,2.838428389365788,0.895
9600,527,1,8.460187871212568,1.2657384862166055,0.875
9600,528,1,13.708421363603806,2.487396229639671,0.1
9600,529,1,6.661488358661333,2.888794438685238,0.13
9600,530,1,13.027668431375057,4.313928335270134,0.895
9600,531,1,9.104236675563158,3.033407484601014,0.9
9600,532,1,8.554191829156963,3.649771955414849,0.9
9600,533,1,9.088091602697972,2.6191221282616084,0.9
9600,534,1,6.793451717539497,4.269624928392091,0.895
9600,535,1,9.479745746725001,4.067746280543361,0.9
9600,536,1,10.496233645896071,2.8062870254188965,0.11
9600,537,1,8.889269545559527,2.770489644342433,0.88
9600,538,1,10.40511139433893,1.8178281976489075,0.88
9600,539,1,8.854466840953707,4.947474781073424,0.1
9600,540,1,8.356043892933709,3.4277612105952926,0.155
9600,541,1,10.632767078958382,2.594619276545984,0.1
9600,542,1,8.91485292463136,2.2787544604085497,0.89
9600,543,1,12.499483810851332,1.2682476633514739,0.1
9600,544,1,7.106148057706606,3.2810376996096124,0.1
9600,545,1,9.928254746663898,2.3910436367955867,0.1
9600,546,1,17.31358382211624,1.8712609394128776,0.895
9600,547,1,9.281721838600879,1.7512263607798673,0.88
9600,548,1,6.956876313961403,2.690005611528079,0.1
9600,549,1,8.78254758566587,1.2089217468115976,0.14
9600,550,1,13.913254544958232,3.0753004201301337,0.11
9600,551,1,19.14976062683224,4.2484147252110915,0.88
9600,552,1,11.959044419556,4.915629257841658,0.885
9600,553,1,16.373589279898525,2.557557598203175,0.105
9600,554,1,9.174883830147069,4.5316994710461245,0.885
9600,555,1,5.9652623988175435,3.7817666309479137,0.9
9600,556,1,12.945123660770665,1.9772133434429406,0.895
9600,557,1,10.236279483185694,1.929799267466592,0.11
9600,558,1,14.804195675862815,1.3846343662208938,0.9
9600,559,1,11.204148781128396,5.354941422979209,0.9
9600,560,1,9.68640793871032,4.250923922579375,0.1
9600,561,1,7.877360312971647,2.8834318353744948,0.105
9600,562,1,12.59189248630861,2.426192183929743,0.1
9600,563,1,16.089201573630024,3.0469081706868906,0.865
9600,564,1,21.967736669301985,2.3187321583137077,0.9
9600,565,1,9.589659915811104,1.674712460267358,0.105
9600,566,1,12.23900999511218,3.663872215634001,0.88
9600,567,1,11.033077154716842,4.526308581574767,0.87
9600,568,1,11.680218819720523,4.649172621792275,0.9
9600,569,1,9.779395672659584,2.918661344583029,0.88
9600,570,1,9.056539090761648,2.548786655570723,0.1
9600,571,1,11.544660496070765,1.8835524821597005,0.145
9600,572,1,12.511651743210496,5.3943357370727085,0.885
9600,573,1,10.18124903504593,1.9791964432712916,0.865
9600,574,1,11.7706751578703,4.531817586475029,0.9
9600,575,1,10.479335547743801,1.963942242676353,0.84
9600,576,1,9.902937551103436,3.633117492096005,0.1
9600,577,1,9.450904757358673,3.0689150013401445,0.1
9600,578,1,8.075442521345414,2.484577876775518,0.12
9600,579,1,10.846631210097543,2.0075626139657743,0.1
9600,580,1,11.116308075796175,4.01727524180302,0.115
9600,581,1,9.138890525866465,3.546693453333205,0.89
9600,582,1,10.832225877383308,3.3242070958038994,0.12
9600,583,1,11.57083452565107,3.4527565353300815,0.11
9600,584,1,9.893062398384897,2.610434248133231,0.115
9600,585,1,21.398498386538837,1.6708054121977511,0.895
9600,586,1,8.840392964907693,2.703300680181542,0.9
9600,587,1,18.85935326039393,3.7742941255174856,0.88
9600,588,1,11.329803943571964,1.6913739193640254,0.11
9600,589,1,14.809968021257609,3.639378293445361,0.885
9600,590,1,12.957451989348904,4.871339145869058,0.885
9600,591,1,9.202186193015109,3.351874265027277,0.145
9600,592,1,12.664558799927761,2.617807135014516,0.9
9600,593,1,11.766473558612724,2.759019740241797,0.89
9600,594,1,9.120835352089218,2.594214944264195,0.1
9600,595,1,12.276080636430182,2.745507251620438,0.1
9600,596,1,9.827658008508944,3.3768725383154674,0.105
9600,597,1,6.034300973519191,3.3551533868632077,0.86
9600,598,1,5.812159392194189,4.3215088683481895,0.9
9600,599,1,11.620084046244854,1.965090205843012,0.145
9600,600,1,6.812169106834638,1.8000673315526683,0.895
9600,601,1,7.980899197475753,4.297919755242674,0.115
9600,602,1,10.005478012394315,3.262992753370497,0.115
9600,603,1,22.001996718455274,3.1934182540226175,0.11
9600,604,1,12.38997516019822,3.469627741995396,0.1
9600,605,1,10.74126744204608,2.2171637823319656,0.895
9600,606,1,9.25765124673987,5.809666240634215,0.1
9600,607,1,7.377382908692881,3.3466821299640515,0.1
9600,608,1,4.258168614152224,4.315603435614435,0.105
9600,609,1,11.139390099999817,4.318686199550825,0.1
9600,610,1,7.15853856854223,3.131675858979577,0.125
9600,611,1,9.540955749807344,2.9128043546648996,0.17
9600,612,1,10.001555297887563,2.3233460806309836,0.9
9600,613,1,9.028140453708126,2.7973417401511824,0.115
9600,614,1,6.633099090308058,2.5485969288467913,0.135
9600,615,1,9.317994073902398,3.4393073962263543,0.13
9600,616,1,13.43446643835087,2.2982658555704916,0.895
9600,617,1,8.65753607645161,4.766961497912803,0.105
9600,618,1,13.616151197195878,3.641789949080021,0.1
9600,619,1,7.205357201898579,2.7621728832684767,0.9
9600,620,1,11.212518751227806,1.4568641853898612,0.1
9600,621,1,9.947924235608385,2.9365301734529226,0.1
9600,622,1,9.37313437525822,2.860242735211216,0.885
9600,623,1,6.381123896305213,3.979829957344805,0.1
9600,624,1,8.496645173676969,3.0433929928207704,0.895
9600,625,1,8.33436438019986,2.3198958480236342,0.12
9600,626,1,14.466103446801714,5.504782404223363,0.895
9600,627,1,12.536627442406145,2.1186854936189548,0.1
9600,628,1,10.710514495031108,3.3683059789581193,0.885
9600,629,1,8.826400739237469,1.7286965863732462,0.895
9600,630,1,11.578188363417896,5.949755178946248,0.1
9600,631,1,10.854561204406327,4.240863269085082,0.11
9600,632,1,14.05058077233818,5.719022156579001,0.9
9600,633,1,10.896794411694824,6.732735998748751,0.895
9600,634,1,7.901850468088446,3.2622986767535167,0.12
9600,635,1,10.839461753208896,3.613765936256641,0.1
9600,636,1,9.3553877994232,2.4242728845095485,0.89
9600,637,1,11.689591179177139,3.605632308580198,0.87
9600,638,1,10.863127219706714,2.8020203726853765,0.1
9600,639,1,15.268203093778395,4.583674201157351,0.895
9600,640,1,9.54049732307695,2.6728308345653318,0.1
9600,641,1,11.813653532883903,5.526520135944679,0.11
9600,642,1,10.934723614885637,3.0216281710764292,0.895
9600,643,1,12.02108028953248,2.3891870439086915,0.1
9600,644,1,13.15685253519953,3.1157029547429715,0.115
9600,645,1,9.75733852880302,4.342331245058517,0.795
9600,646,1,9.810962898096525,2.618654836477674,0.12
9600,647,1,15.284319995218194,3.069976045111389,0.125
9600,648,1,12.713722385530987,2.2935644598561566,0.1
9600,649,1,10.184999379032671,4.32005124975916,0.865
9600,650,1,13.251169819735942,3.8519351015850134,0.105
9600,651,1,11.553750884986018,2.541517656770509,0.1
9600,652,1,9.951071514930023,2.4821379913191777,0.1
9600,653,1,11.37774471034783,1.2501266186930593,0.835
9600,654,1,12.185566813382202,5.099161716862,0.105
9600,655,1,13.34535096953701,2.234191795371032,0.1
9600,656,1,13.635950356800494,3.540835913314311,0.1
9600,657,1,7.657706167496762,1.3234003396803473,0.105
9600,658,1,7.654874797703242,3.337678351761042,0.16
9600,659,1,8.591667605296236,4.066247608534468,0.89
9600,660,1,10.97381640332621,4.775321616820349,0.105
9600,661,1,9.605461193921629,3.2092056263067548,0.1
9600,662,1,9.463116174577447,2.061851476041454,0.105
9600,663,1,5.846912064600809,4.84870715127812,0.16
9600,664,1,13.389697154376195,3.2206183881356765,0.89
9600,665,1,18.785142025586804,3.7677352110904394,0.13
9600,666,1,14.871176479097405,3.285566972890308,0.87
9600,667,1,14.04007861537778,5.403194887486507,0.9
9600,668,1,10.270647271998138,3.0696368485962466,0.11
9600,669,1,7.603434370393896,3.778542010351771,0.895
9600,670,1,6.45896854808844,1.4447403528876634,0.115
9600,671,1,14.846232229901615,2.048379653676591,0.105
9600,672,1,14.01497197763417,1.7546130801861182,0.835
9600,673,1,7.816851671209935,2.4877360510245694,0.785
9600,674,1,10.149686526200076,2.538481177994356,0.855
9600,675,1,9.234252162508081,2.948998633479505,0.87
9600,676,1,15.040995125488621,3.123792555429361,0.9
9600,677,1,9.524711747703325,2.7720839941125064,0.105
9600,678,1,11.667224986113434,3.3372286560137354,0.115
9600,679,1,11.515664630692301,1.9792553724570894,0.1
9600,680,1,9.884326153447775,2.165209963941095,0.1
9600,681,1,9.644019929206502,3.510762938321932,0.11
9600,682,1,9.410849406344399,3.8838432292322977,0.1
9600,683,1,12.196400786193406,3.1521917743930317,0.13
9600,684,1,5.063822698383601,3.2803210916569014,0.11
9600,685,1,7.837790977224302,2.2078882367054575,0.1
9600,686,1,8.48366126970779,3.448309007731609,0.125
9600,687,1,9.89658728830591,3.1919107528779023,0.9
9600,688,1,11.234885474465866,3.128896992178909,0.105
9600,689,1,9.168594616120718,2.870742577619012,0.125
9600,690,1,10.992573301446402,3.1845724773887696,0.85
9600,691,1,12.128310767836194,2.9328424653471075,0.135
9600,692,1,13.321797951503813,1.7271298149950098,0.1
9600,693,1,11.03500911471503,2.633580647507472,0.105
9600,694,1,12.617970891660457,2.637816308958918,0.795
9600,695,1,17.474066923349913,2.8736765329270497,0.1
9600,696,1,13.213205399813917,2.110204126488213,0.88
9600,697,1,10.495000129152887,3.1854128910751456,0.86
9600,698,1,13.06013744621012,3.7655654462724897,0.9
9600,699,1,9.106096583818493,2.0862892095806274,0.12
9600,700,1,10.311324800643698,3.1055677428028616,0.865
9600,701,1,9.572322841063682,3.0764026798109967,0.1
9600,702,1,12.756559772769691,2.8963117247684522,0.9
9600,703,1,12.26344353268576,2.4508141888105683,0.125
9600,704,1,8.90044457146999,5.0262044659803,0.9
9600,705,1,12.682409223055231,1.367616563847207,0.9
9600,706,1,10.542698493499291,3.456180518411145,0.89
9600,707,1,11.716627645901747,3.650488020066689,0.825
9600,708,1,8.53542425384045,1.7529905805943713,0.165
9600,709,1,11.997558685653757,3.04002791424125,0.9
9600,710,1,7.588362112581991,4.789317106643409,0.1
9600,711,1,12.182178832815676,3.3521160829081964,0.875
9600,712,1,11.13882014287384,1.9122702520689927,0.9
9600,713,1,13.41420088506709,4.2086538570003995,0.1
9600,714,1,9.305124468052776,2.0067278168681923,0.115
9600,715,1,9.786899165826874,2.1249711023330065,0.12
9600,716,1,12.087003119554824,2.938213783866672,0.1
9600,717,1,9.969891980138472,2.8188380551043224,0.89
9600,718,1,12.133580618575545,1.9082391447852842,0.89
9600,719,1,11.595971149247141,2.532232813037183,0.89
9600,720,1,10.664583735785595,2.8641787831446663,0.105
9600,721,1,16.605264771331676,4.326641709917567,0.895
9600,722,1,8.546579951082549,2.326190271365647,0.9
9600,723,1,8.422028638884706,2.569167272078232,0.885
9600,724,1,9.439821188090221,1.9133649356319893,0.88
9600,725,1,8.984969028617394,2.178997056581977,0.14
9600,726,1,8.924542157599406,2.0624796703998527,0.1
9600,727,1,8.099839696951392,2.623129878783459,0.9
9600,728,1,13.248789975029212,2.769747287715063,0.9
9600,729,1,12.974635220315493,2.876304333419455,0.1
9600,730,1,12.144433955439524,3.9196257558700154,0.9
9600,731,1,9.699243446414375,2.742809647641309,0.11
9600,732,1,16.046177989120793,4.913200734632994,0.105
9600,733,1,7.864841029254279,4.176144442089935,0.9
9600,734,1,10.547989011146699,3.3211678515556287,0.86
9600,735,1,12.164304988870404,1.8720848278519497,0.845
9600,736,1,12.414536116389314,2.3923141564338835,0.9
9600,737,1,15.676159311797443,2.435914745795742,0.105
9600,738,1,8.881120501976513,2.5595852981481926,0.895
9600,739,1,11.545612306250916,3.5668175414443226,0.9
9600,740,1,9.550876144532646,4.427825463116619,0.885
9600,741,1,9.580780220907522,4.6579700845740035,0.105
9600,742,1,13.226610577198299,3.147985423549926,0.88
9600,743,1,8.817275362524738,2.5045391817045015,0.125
9600,744,1,12.535926294867178,3.546928957553064,0.865
9600,745,1,10.678274552697669,7.186700826657955,0.885
9600,746,1,12.153605521650123,4.320421584877465,0.105
9600,747,1,12.653670091599437,3.7079704920202516,0.87
9600,748,1,16.755577915481755,5.581356681553018,0.85
9600,749,1,12.46565718658514,3.4671176181745977,0.105
9600,750,1,10.388553467394104,3.667142177198457,0.9
9600,751,1,11.621047317338038,2.856700041422755,0.86
9600,752,1,10.822416370328504,3.0850473635254616,0.84
9600,753,1,11.171463354165722,1.8357635186362131,0.16
9600,754,1,5.565770610552542,1.8050992975304325,0.825
9600,755,1,8.107579932875021,5.184975476454667,0.14
9600,756,1,13.246880198744579,2.849606459406573,0.1
9600,757,1,11.18700455414185,2.262262701120221,0.9
9600,758,1,9.071174700172124,4.848722582207188,0.1
9600,759,1,6.63007719646501,2.959355019785903,0.9
9600,760,1,8.13050099767531,2.820814892388057,0.855
9600,761,1,9.558106642316563,5.982558862334031,0.105
9600,762,1,9.487513970373984,3.6191901822860473,0.1
9600,763,1,7.372013658387715,1.7512648754689053,0.9
9600,764,1,10.097359058249397,3.722998446129111,0.125
9600,765,1,8.4110650176369,4.750121198385671,0.9
9600,766,1,12.911098388100159,2.9102842104308024,0.1
9600,767,1,8.219741341914993,3.539563163656112,0.13
9600,768,1,11.14555137008959,4.262378032576919,0.105
9600,769,1,21.563116938163933,4.80260424825758,0.16
9600,770,1,10.902181128976737,2.7491364000113094,0.1
9600,771,1,12.630436394847464,2.4885293750614323,0.895
9600,772,1,12.3997537015336,3.8332131144713344,0.1
9600,773,1,10.44304952581456,4.901922583880491,0.1
9600,774,1,14.272955762073138,4.256891537222884,0.9
9600,775,1,8.44807705110004,3.0855036988384654,0.13
9600,776,1,9.2189770372357,2.829329826639082,0.88
9600,777,1,8.79196988686374,2.5847934654265714,0.9
9600,778,1,12.181363272716654,6.577794450210206,0.1
9600,779,1,13.767688259666642,1.7416318284816157,0.9
9600,780,1,16.472237760159146,3.5004814845493115,0.13
9600,781,1,11.315095166669712,6.609344184712995,0.14
9600,782,1,12.397740463928452,3.0539611461875893,0.105
9600,783,1,10.269137066063752,3.7396175697722356,0.105
9600,784,1,11.321255176167144,3.0358423837057558,0.1
9600,785,1,10.909392572082632,4.227342117650323,0.105
9600,786,1,11.11918942185192,3.493843304534039,0.165
9600,787,1,4.832997013466667,2.2925892880920173,0.9
9600,788,1,10.92447323906356,2.4319403239289272,0.1
9600,789,1,10.43183466752325,5.506552343426563,0.1
9600,790,1,10.011524264503608,2.03100623824497,0.1
9600,791,1,14.243683402405631,2.3147963945945094,0.11
9600,792,1,12.356893004766402,4.534585962126414,0.89
9600,793,1,7.065289051065674,3.5127218228794277,0.895
9600,794,1,12.452777257274905,3.5428262264233013,0.1
9600,795,1,12.805860914166232,3.567942029313542,0.9
9600,796,1,11.265182985432405,5.643315119169756,0.11
9600,797,1,9.797560490752693,3.032437003685118,0.11
9600,798,1,10.378842569834747,2.4959588952796707,0.1
9600,799,1,7.376999512053895,2.521769913779792,0.86
9600,800,1,8.9617807420062,3.556110297746784,0.1
9600,801,1,6.862764544240838,5.237366242948838,0.13
9600,802,1,9.507152714591223,4.625172417016188,0.11
9600,803,1,8.041417884488455,2.2632997162702395,0.1
9600,804,1,13.427999635847813,3.023360115831508,0.1
9600,805,1,11.220506915256651,3.3773034468808305,0.815
9600,806,1,12.44382624362939,1.6349496486213866,0.895
9600,807,1,7.855574360942498,2.264340577444557,0.11
9600,808,1,8.092447659970787,2.4847940202391783,0.9
9600,809,1,9.831208413250172,1.8899725748369178,0.87
9600,810,1,7.15777088798902,2.6806455479132296,0.105
9600,811,1,9.928874289049878,5.718012304733122,0.145
9600,812,1,8.22316742819794,2.0244887143206824,0.9
9600,813,1,9.283327790143973,2.027729291206981,0.1
9600,814,1,7.57877873488738,2.608202194406317,0.1
9600,815,1,11.087830832382142,3.092657246224917,0.895
9600,816,1,14.227750269947833,2.4722569510984727,0.105
9600,817,1,10.28209710871723,3.044261550773797,0.105
9600,818,1,11.406151486476498,4.519388382530565,0.89
9600,819,1,8.957781978536731,3.3770955856624596,0.1
9600,820,1,14.183868795986143,1.8132065875505532,0.9
9600,821,1,6.292171592961535,4.890685390820693,0.25
9600,822,1,8.034805152718564,2.8676030133539143,0.86
9600,823,1,10.258871013392483,2.5945681996091707,0.13
9600,824,1,9.354487481517284,3.616592530562457,0.1
9600,825,1,8.160620226501324,2.1301120679808605,0.11
9600,826,1,8.256019030038342,2.554504647939382,0.885
9600,827,1,10.407705516969799,2.4374029211216452,0.9
9600,828,1,10.862987143205915,3.4844861045868925,0.1
9600,829,1,7.66057551620506,3.3576328500984687,0.895
9600,830,1,9.845343360681262,2.818143424298114,0.82
9600,831,1,13.413493536731098,2.589962765644316,0.115
9600,832,1,9.844279386713026,3.59327351786618,0.9
9600,833,1,10.416304254108441,4.4530474057097535,0.1
9600,834,1,9.849839315545239,2.95512231973305,0.9
9600,835,1,16.535425409084564,2.559535824596537,0.89
9600,836,1,10.209699771245086,3.409098523979992,0.1
9600,837,1,7.112267304787688,3.931419020304361,0.825
9600,838,1,26.86231331859631,2.844971908189109,0.1
9600,839,1,13.783797128785176,2.2483268570255177,0.76
9600,840,1,11.506024275362456,1.9041979184791558,0.12
9600,841,1,17.434077304504253,2.981346504681426,0.895
9600,842,1,6.348830695641255,4.475454245933008,0.1
9600,843,1,9.360421201669244,3.6706167771768605,0.105
9600,844,1,7.8622670116490125,2.27327227910763,0.885
9600,845,1,8.069957703197579,2.520862185367889,0.875
9600,846,1,10.091456134301211,6.213493998909314,0.9
9600,847,1,11.506009381196353,3.5757635491805217,0.895
9600,848,1,9.655626016370604,1.4400856195038614,0.9
9600,849,1,20.209818370375185,4.9737666265997404,0.895
9600,850,1,14.698728792099462,2.246823539994125,0.88
9600,851,1,11.382660286233914,1.9786511974814402,0.9
9600,852,1,10.743353969839406,3.0392040680297328,0.895
9600,853,1,16.763940145240408,4.075554874250997,0.895
9600,854,1,12.787551772128543,3.0246850669712444,0.84
9600,855,1,15.093980222438999,3.6118033538528493,0.895
9600,856,1,7.015342203421114,2.870916461817785,0.1
9600,857,1,9.35075919306037,2.9801589753020608,0.855
9600,858,1,10.35166067323297,3.536868348601274,0.845
9600,859,1,9.627437872593703,2.6961014393876326,0.9
9600,860,1,5.779705433534855,1.6404429493263706,0.11
9600,861,1,5.605907121703074,2.9307672554807596,0.265
9600,862,1,9.274431838328608,2.0067239463770647,0.16
9600,863,1,22.035074082767352,3.7255833795910576,0.9
9600,864,1,10.941094100211364,2.7802003342671355,0.88
9600,865,1,16.360253611240697,1.6771409639119383,0.105
9600,866,1,6.685957753587389,4.44346654865484,0.1
9600,867,1,8.799443264250755,3.200288015209196,0.9
9600,868,1,9.59791426270876,2.421051501745808,0.12
9600,869,1,13.354018036638138,2.712619742307254,0.9
9600,870,1,16.65157074853369,2.7757498734757746,0.1
9600,871,1,10.221666206020377,2.476701762751077,0.105
9600,872,1,6.322849840736749,3.0766524052566524,0.11
9600,873,1,17.829238996487923,3.1343192535643993,0.89
9600,874,1,11.487104332310025,3.1528663666620105,0.9
9600,875,1,10.059362513671644,3.721298840258669,0.865
9600,876,1,16.226109891978382,2.1599682527693176,0.9
9600,877,1,13.414408578839325,3.200286581228795,0.14
9600,878,1,9.787732298024272,4.337065084017411,0.12
9600,879,1,11.582006067048242,3.067831833305945,0.1
9600,880,1,14.91473138180833,2.458156434286707,0.11
9600,881,1,8.474758813501733,3.2716196213328885,0.11
9600,882,1,8.928539329053395,1.3159846750454562,0.1
9600,883,1,10.567352144263113,2.885411873400301,0.1
9600,884,1,12.635663252443207,2.763626674693853,0.885
9600,885,1,9.145064468643207,2.045611690580529,0.895
9600,886,1,9.975015809566143,2.997148792462667,0.14
9600,887,1,10.850482149769649,2.785215996964041,0.1
9600,888,1,14.549460282552504,3.1716454241006886,0.1
9600,889,1,8.434616252783876,2.101232707262568,0.835
9600,890,1,9.4724804156421,5.629275120062971,0.115
9600,891,1,12.558656283002074,2.3731077267242995,0.18
9600,892,1,10.428477605277344,3.496314603066253,0.115
9600,893,1,7.659394404939803,2.4665016841538545,0.9
9600,894,1,10.068261260737552,2.31276840007979,0.895
9600,895,1,13.87592159052649,3.904088564036101,0.895
9600,896,1,13.969230000124757,2.9603186913902846,0.11
9600,897,1,8.718534190305213,3.841169941003386,0.175
9600,898,1,14.012139501137506,5.054503957255463,0.85
9600,899,1,11.473014821561764,2.7961256658528555,0.105
9600,900,1,7.967739271106685,1.4167009359127292,0.21
9600,901,1,9.356475778538673,3.2058448290001706,0.145
9600,902,1,12.511321655834905,4.360365855569626,0.105
9600,903,1,8.98291914355366,2.667038801276078,0.105
9600,904,1,11.028426693226978,2.8508144306101713,0.1
9600,905,1,19.763961741433487,2.853112187845852,0.105
9600,906,1,12.639876103765602,3.030537406985445,0.9
9600,907,1,11.733606888571444,1.6520347044107098,0.9
9600,908,1,6.1917238523980975,2.071288650743952,0.895
9600,909,1,10.512547782659993,4.216554054552546,0.9
9600,910,1,9.632629469825815,2.177927755714393,0.9
9600,911,1,12.026442361054805,2.080478740538183,0.12
9600,912,1,7.821714206016558,4.550327151632416,0.165
9600,913,1,11.918351238827684,3.830050195546164,0.1
9600,914,1,10.450564672436922,2.2214638972329226,0.13
9600,915,1,8.131733544337864,1.963713156017377,0.1
9600,916,1,15.450096473451179,2.5390135845611894,0.105
9600,917,1,16.49881966756695,1.9015363738603241,0.9
9600,918,1,6.6732461889051,1.3600577410954884,0.14
9600,919,1,14.75653052588954,4.008119370375596,0.12
9600,920,1,8.939474922698263,4.446505603418416,0.11
9600,921,1,8.755641663731952,2.150958939644454,0.1
9600,922,1,15.40373862683177,2.390591349670501,0.89
9600,923,1,6.328337808456297,3.4874427807238817,0.9
9600,924,1,9.371056912861036,4.159495173954042,0.86
9600,925,1,14.794392300631218,1.804554395606317,0.1
9600,926,1,8.813103676318832,2.0462981419072435,0.9
9600,927,1,18.56517707618096,6.2919063780697115,0.9
9600,928,1,10.592839186255533,2.396069264815992,0.1
9600,929,1,8.348206315396634,3.6141038780272083,0.105
9600,930,1,7.842483496047095,2.39268411623641,0.9
9600,931,1,7.6278970433607185,4.770070515323255,0.9
9600,932,1,10.915746201767345,3.1914701216535946,0.87
9600,933,1,4.843231778559707,4.202054257089571,0.105
9600,934,1,5.46984633812528,4.938963233971094,0.1
9600,935,1,10.586743594659373,5.39433495215178,0.89
9600,936,1,20.073343090374298,2.884752554771808,0.125
9600,937,1,14.905478510349358,2.3554369440759615,0.145
9600,938,1,6.536180783093012,2.826884749065073,0.195
9600,939,1,11.708792244227961,3.595342038504157,0.89
9600,940,1,15.045418905979213,1.5908615972250573,0.875
9600,941,1,8.239359592694202,2.3029875134255917,0.1
9600,942,1,12.617403340024925,5.628080481712061,0.885
9600,943,1,8.404040367976007,3.0950721895933953,0.865
9600,944,1,13.840541801452845,2.5412423923981464,0.1
9600,945,1,8.171225127915562,4.584684407501527,0.9
9600,946,1,7.746454703307097,1.510083228326664,0.115
9600,947,1,10.16173687728885,2.951660724681915,0.11
9600,948,1,18.005894300897864,4.638211330427566,0.9
9600,949,1,8.057956120698725,5.231184894182661,0.11
9600,950,1,14.515665642080203,2.017526300724626,0.19
9600,951,1,7.293186398413197,1.5496066619746784,0.13
9600,952,1,8.709221147424273,3.014448095973421,0.9
9600,953,1,9.730719854862656,2.6619988084348734,0.895
9600,954,1,9.418978704738521,2.3118624403778654,0.9
9600,955,1,11.8852957837467,1.5732830963727906,0.1
9600,956,1,15.91415275403784,3.323366140453743,0.895
9600,957,1,12.62703950159846,1.8316216296710763,0.9
9600,958,1,11.17857270407976,3.419153376636075,0.16
9600,959,1,11.452406769491576,7.673551085069619,0.1
9600,960,1,8.345807555792403,4.434071137366402,0.81
9600,961,1,13.499464183432492,2.8514762562210194,0.87
9600,962,1,7.729506697399316,3.2031100456691775,0.86
9600,963,1,8.533436368838528,2.600430650988983,0.83
9600,964,1,13.05915602959763,2.516906116504458,0.895
9600,965,1,23.48982454606498,4.3000109662870045,0.11
9600,966,1,10.670545655368299,3.1341210298378996,0.875
9600,967,1,14.770612913548435,2.5367036331758186,0.1
9600,968,1,11.007285861358879,5.48377352841527,0.77
9600,969,1,20.414355035926665,2.7240440881584504,0.1
9600,970,1,7.16987901257466,2.772719420731562,0.17
9600,971,1,11.654869476716954,2.4504889224857607,0.9
9600,972,1,6.886021930526401,4.544467298003951,0.11
9600,973,1,12.057798379127949,2.7347193890363997,0.87
9600,974,1,14.263001799386473,3.1128438429306016,0.105
9600,975,1,12.566327895968088,2.619039376250498,0.86
9600,976,1,9.409235110211629,2.3705851924660237,0.12
9600,977,1,9.506214960525627,2.800770757784221,0.1
9600,978,1,13.998670851156332,2.499850521189728,0.105
9600,979,1,19.944810874666715,3.0300437753538745,0.11
9600,980,1,6.912928346207403,2.034958401462461,0.805
9600,981,1,12.97756286653581,3.104862487228388,0.85
9600,982,1,15.242231779515876,5.102440919499429,0.87
9600,983,1,12.695712657885313,5.066011744226273,0.845
9600,984,1,10.810020042755612,2.2097718142020994,0.1
9600,985,1,9.567460421923075,4.058854884721086,0.1
9600,986,1,15.634809801655113,3.2692562549087256,0.895
9600,987,1,10.61689078472728,2.457042104875029,0.105
9600,988,1,13.392519127144109,4.59333634888992,0.895
9600,989,1,6.738700685314974,3.7650684471671525,0.875
9600,990,1,8.723080237038024,2.3174596960672034,0.885
9600,991,1,9.9015898759929,2.642196321910717,0.215
9600,992,1,12.36934827554603,2.9387618820692296,0.13
9600,993,1,8.919829134365642,3.1691530374644117,0.9
9600,994,1,11.676238975439798,4.0476536128323914,0.105
9600,995,1,10.744079098374614,2.4125739750374464,0.1
9600,996,1,6.900295228243027,3.4003268143365517,0.875
9600,997,1,11.441902033134348,3.5568060325317674,0.11
9600,998,1,7.903712257431349,2.5995123585261126,0.11
9600,999,1,10.712578942008868,2.579537298613843,0.895
9600,1000,1,6.902925014385471,2.8250524991889847,0.895
9600,1001,1,10.099257114462574,3.94580193230496,0.9
9600,1002,1,11.09930628771892,4.225655325286937,0.1
9600,1003,1,6.149923219805171,2.773976888265395,0.12
9600,1004,1,8.017972610300882,3.2385313439007746,0.895
9600,1005,1,8.810961743582533,2.4451621109051302,0.795
9600,1006,1,6.849461386621434,2.2348160584442667,0.13
9600,1007,1,12.346433830429646,2.225549385264003,0.9
9600,1008,1,9.967256425101613,1.9415960037093782,0.895
9600,1009,1,10.633520370686258,2.4891849697397106,0.1
9600,1010,1,7.747621983387964,2.948313534858471,0.11
9600,1011,1,13.4830174504809,3.5357286732605075,0.9
9600,1012,1,11.024004924870853,1.6326619495075079,0.835
9600,1013,1,15.562208925586845,3.2202185082155665,0.135
9600,1014,1,9.366479386665533,2.7486784622936966,0.1
9600,1015,1,11.630542733289886,3.0132020681250538,0.895
9600,1016,1,11.221938365261225,5.393012808357867,0.1
9600,1017,1,11.603451485879717,5.276317245287032,0.125
9600,1018,1,6.514570998440534,2.691581845459723,0.815
9600,1019,1,16.426680872092163,2.832472041690437,0.9
9600,1020,1,11.364801724802334,2.4074934485142307,0.9
9600,1021,1,6.362123059590631,2.7726331300129914,0.1
9600,1022,1,8.062216577535569,2.480113328769562,0.87
9600,1023,1,7.972925237167251,2.8620178291305365,0.875
9600,1024,1,5.97067582711901,3.149893066992604,0.9
9600,1025,1,15.291516447001591,3.697008361015719,0.16
9600,1026,1,11.548130312176283,3.646570732797727,0.9
9600,1027,1,9.736344571017982,2.701129877426922,0.895
9600,1028,1,10.515315623521397,2.3401409233358095,0.17
9600,1029,1,8.738043863644409,2.4049171024188354,0.1
9600,1030,1,10.282923590484796,2.0940935284741613,0.11
9600,1031,1,16.328090188635187,2.6369676695239264,0.11
9600,1032,1,11.11850500442941,3.0024618758758947,0.1
9600,1033,1,9.61258570484071,3.5997824672946876,0.12
9600,1034,1,18.412663526277843,2.708534863904788,0.1
9600,1035,1,11.038723487027992,3.757745653535949,0.11
9600,1036,1,10.542465241406518,3.093894576689138,0.9
9600,1037,1,12.340502136260783,4.351137884631839,0.14
9600,1038,1,7.462196985625839,4.12774858376963,0.895
9600,1039,1,10.309120949366996,2.3356901043115386,0.175
9600,1040,1,10.39225449508929,2.7041419093521313,0.12
9600,1041,1,14.408993187725954,3.34783669190557,0.895
9600,1042,1,10.144110810707758,5.0322673728672385,0.9
9600,1043,1,6.352118645194196,2.0789112401899956,0.9
9600,1044,1,21.352737043623442,2.244369172161953,0.85
9600,1045,1,12.016332963093959,3.661977327897148,0.9
9600,1046,1,8.625478326953074,2.5846501467896132,0.105
9600,1047,1,28.922777495140934,5.441146748447068,0.9
9600,1048,1,13.277795551641136,4.33447131134983,0.1
9600,1049,1,7.010411787935808,2.2997113525448754,0.115
9600,1050,1,11.48348594902103,3.165412695932446,0.9
9600,1051,1,10.193639141097602,1.9710851537240615,0.885
9600,1052,1,6.031365429687224,2.321238911446244,0.84
9600,1053,1,14.663490965977461,4.6101626885075575,0.87
9600,1054,1,9.375383280279788,1.6351970258995152,0.195
9600,1055,1,8.479397318410804,3.7578824896527863,0.9
9600,1056,1,7.322739566604238,3.7746630366186196,0.14
9600,1057,1,9.571786275324003,3.1919293142053107,0.1
9600,1058,1,12.573521305860739,2.359778569238813,0.89
9600,1059,1,9.770329845187861,1.9196783646947324,0.1
9600,1060,1,8.942183010899917,1.465146280548879,0.105
9600,1061,1,10.601043263845613,3.004057807250149,0.1
9600,1062,1,13.647917386762447,2.9570032611687225,0.105
9600,1063,1,8.122764534283533,5.689948672934975,0.9
9600,1064,1,12.612791757261165,2.7727542908053238,0.1
9600,1065,1,22.518896662495347,5.937508512404577,0.125
9600,1066,1,7.795684704917392,2.9080297675989186,0.9
9600,1067,1,10.059471211566443,3.613498455217723,0.885
9600,1068,1,11.408402775535004,2.415326763059511,0.11
9600,1069,1,9.886209254757789,4.33418940762067,0.19
9600,1070,1,11.735008935106332,1.8889226230612621,0.115
9600,1071,1,11.375878899103544,2.9905524366085956,0.105
9600,1072,1,11.359588461217582,3.558386563774718,0.875
9600,1073,1,10.447508247981226,6.165171721960405,0.105
9600,1074,1,9.200264624809904,2.248800483424418,0.9
9600,1075,1,6.501308617590471,2.6787112455437523,0.125
9600,1076,1,12.788706559608586,2.150792725180395,0.1
9600,1077,1,7.280074546916931,1.4205184579253682,0.86
9600,1078,1,11.370290269345986,2.167790104066114,0.9
9600,1079,1,10.682515885803953,2.8538681890509565,0.1
9600,1080,1,17.90545269126739,4.143297209866148,0.1
9600,1081,1,9.624312850673107,3.021497827165831,0.9
9600,1082,1,6.860170594550823,4.570212226914805,0.9
9600,1083,1,11.616330764356064,3.4818366078496865,0.9
9600,1084,1,11.362639287386223,3.6088208803164434,0.15
9600,1085,1,8.313660597374906,2.76062097996288,0.9
9600,1086,1,11.946611109780365,2.574133442729476,0.895
9600,1087,1,9.206695507588284,2.475539360173684,0.125
9600,1088,1,10.784181303748,1.854036970865991,0.9
9600,1089,1,9.39148343480568,2.6098456578068863,0.1
9600,1090,1,13.23711031641551,2.3127339181925777,0.9
9600,1091,1,13.002504375375665,2.524051006986383,0.105
9600,1092,1,11.726187010234407,3.0847064354162512,0.895
9600,1093,1,15.360781114229525,2.2327581659041584,0.9
9600,1094,1,8.714099757241383,3.4854598551220306,0.105
9600,1095,1,9.116950350688722,1.7607476130976352,0.895
9600,1096,1,13.033539176836229,3.3664448002141967,0.9
9600,1097,1,10.712139900205754,4.405733450336413,0.115
9600,1098,1,9.813706804019091,2.0733934119689934,0.9
9600,1099,1,14.376230140747264,3.996889608563947,0.88
9600,1100,1,10.974275469923782,4.167231843597108,0.9
9600,1101,1,8.598849870536835,2.206697950508385,0.145
9600,1102,1,6.382068455046755,4.784491130480717,0.76
9600,1103,1,10.260431930912548,2.7789258211043943,0.1
9600,1104,1,16.786249983156353,3.6420808186420572,0.89
9600,1105,1,8.602980842277077,1.4883486680247415,0.9
9600,1106,1,17.60959447303961,2.0318241191333186,0.1
9600,1107,1,9.865297618236895,2.9972402401142517,0.9
9600,1108,1,17.55486632564814,2.333235444761783,0.105
9600,1109,1,16.07765940571117,4.927353603073925,0.895
9600,1110,1,8.142184669947598,2.145994612945401,0.1
9600,1111,1,13.148187209232836,1.0233389564689332,0.105
9600,1112,1,12.468348078904086,3.4523475731560893,0.9
9600,1113,1,9.865138409645134,5.251971747048856,0.86
9600,1114,1,16.263328229190723,2.448644097674446,0.17
9600,1115,1,10.497381663243676,1.9339157291554443,0.23
9600,1116,1,11.29426475423003,4.226216687627016,0.1
9600,1117,1,13.487373474124816,3.4057040084206847,0.135
9600,1118,1,8.033732325967422,3.7027181662310227,0.135
9600,1119,1,10.458148735447567,2.6453936107401432,0.1
9600,1120,1,8.756656293100633,1.5549251589433766,0.9
9600,1121,1,11.460771666876722,2.029935818988804,0.84
9600,1122,1,9.842502828065744,1.433349013606744,0.89
9600,1123,1,6.903595611915448,5.115022977625472,0.875
9600,1124,1,11.27010739551285,4.956799779259313,0.13
9600,1125,1,19.778859670353942,3.002134748737717,0.115
9600,1126,1,14.760201056058975,3.337192489232166,0.9
9600,1127,1,10.288860193434248,3.1019131749076223,0.125
9600,1128,1,10.525793422674353,2.014705535096084,0.16
9600,1129,1,8.376576775773277,4.02793147481475,0.895
9600,1130,1,9.467436113111658,4.428972692218736,0.15
9600,1131,1,8.854024807990811,1.5543706486795372,0.885
9600,1132,1,16.42684492980678,3.6442548621920423,0.1
9600,1133,1,15.279100065608871,4.067660555486441,0.89
9600,1134,1,9.32434367089016,2.7317749428263483,0.1
9600,1135,1,7.400494857340902,4.19744185280706,0.9
9600,1136,1,7.761497311719429,1.7399659964951297,0.135
9600,1137,1,9.650930045598598,3.107611662102272,0.17
9600,1138,1,12.001072999842537,3.318389298812008,0.1
9600,1139,1,9.30636576349129,5.013556763157112,0.12
9600,1140,1,10.442960983592684,3.765253731147311,0.9
9600,1141,1,12.102412523016294,3.0842700773348497,0.155
9600,1142,1,13.749054767176974,3.356908772200029,0.11
9600,1143,1,14.339673340413839,3.4443669959159706,0.9
9600,1144,1,15.589453560780981,3.7796160586836436,0.9
9600,1145,1,11.281371807363467,1.5922266658805029,0.13
9600,1146,1,9.477192462968418,3.5980320620723205,0.9
9600,1147,1,13.836091585496115,3.4448963033597124,0.89
9600,1148,1,7.431600798486643,3.526030794191115,0.1
9600,1149,1,13.057928398425025,5.218837668886067,0.12
9600,1150,1,11.642501571878757,2.097348575151159,0.105
9600,1151,1,19.916252236906903,2.306339384078626,0.1
9600,1152,1,8.83401149209508,2.3750448231254495,0.155
9600,1153,1,9.797843613494246,3.844472905262819,0.85
9600,1154,1,10.556549365972645,1.584595582224324,0.1
9600,1155,1,12.773662622075674,2.435012326498054,0.11
9600,1156,1,6.892262753071048,2.2834326565600804,0.125
9600,1157,1,15.13580917449744,2.2634033088607453,0.1
9600,1158,1,10.266944722405215,3.0923873228090315,0.1
9600,1159,1,14.463639943935789,2.622013873843798,0.9
9600,1160,1,13.858667330438706,5.5240541627270545,0.105
9600,1161,1,11.402852985286248,3.151013302199601,0.11
9600,1162,1,9.191997347944039,3.3204225124137565,0.2
9600,1163,1,6.359936054761874,3.529679028490307,0.9
9600,1164,1,7.392452207572218,2.684336820280464,0.855
9600,1165,1,8.092253489268035,2.838916395451463,0.13
9600,1166,1,9.133505059071075,2.9412437962207605,0.86
9600,1167,1,12.015151205009289,3.8162387971041767,0.9
9600,1168,1,9.18981900031205,3.0573596650171453,0.12
9600,1169,1,10.385270770374072,3.784021502104906,0.88
9600,1170,1,11.81765122502173,1.7163508212973966,0.105
9600,1171,1,11.407930158986584,1.9882739354670775,0.89
9600,1172,1,14.355470433896002,1.9703874820478973,0.145
9600,1173,1,15.646609625941752,5.527008430686919,0.1
9600,1174,1,13.532794878699265,2.259428864138613,0.1
9600,1175,1,5.941000017730087,2.497640341374563,0.875
9600,1176,1,13.754069452469793,3.4364292125957263,0.9
9600,1177,1,12.6661172057822,3.4343343114258573,0.11
9600,1178,1,8.665438232899074,2.887308482154083,0.105
9600,1179,1,12.328225197030267,3.0834017716131257,0.875
9600,1180,1,10.08737350249667,1.475323555405339,0.885
9600,1181,1,8.132979669765998,2.6383825386375293,0.895
9600,1182,1,11.190500934460307,5.846587342850285,0.115
9600,1183,1,7.9479278846688315,3.295010247144603,0.17
9600,1184,1,13.089221669592748,3.0368455683174034,0.175
9600,1185,1,6.453427530499339,2.6099947326414963,0.88
9600,1186,1,8.856459203318348,4.2321883472013155,0.885
9600,1187,1,12.703340790532282,2.074405176315963,0.1
9600,1188,1,8.267362618360774,4.585859531819381,0.835
9600,1189,1,9.894524385079622,3.6422966336473905,0.85
9600,1190,1,14.176261764302774,4.858481563985606,0.895
9600,1191,1,10.065934698528283,4.094634056384905,0.88
9600,1192,1,15.421045946335285,2.1523706907828455,0.1
9600,1193,1,11.0979690862415,3.356680362716702,0.105
9600,1194,1,8.286411401281129,4.122974256046064,0.9
9600,1195,1,14.870945590711388,2.711196739765853,0.1
9600,1196,1,11.216901934114532,1.659947406592721,0.9
9600,1197,1,13.350382984504279,2.1723295272394694,0.9
9600,1198,1,10.365550705447363,2.0506962845956878,0.1
9600,1199,1,6.914289381420958,2.28510462801097,0.1
9600,1200,1,5.831836703567045,2.717964226970082,0.115
9600,1201,1,6.296114507142131,5.5877497087635675,0.38
9600,1202,1,10.367906043318616,3.27596359356761,0.87
9600,1203,1,13.259110911701555,3.9821653216478126,0.9
9600,1204,1,6.240002671446377,4.252891913895951,0.1
9600,1205,1,7.32806762808142,2.829109666006957,0.105
9600,1206,1,11.825347839462523,3.0345938145941886,0.9
9600,1207,1,14.375918231587978,2.8382515198728697,0.865
9600,1208,1,9.576212806863124,3.3883289535964423,0.895
9600,1209,1,8.92940421192572,3.4800575780835175,0.105
9600,1210,1,12.48297001306767,3.5402151203143717,0.895
9600,1211,1,11.745303556697875,3.115171040577991,0.8
9600,1212,1,11.710138456380578,5.393396332891598,0.1
9600,1213,1,8.671647409213252,3.3753107293293283,0.1
9600,1214,1,12.920937648563388,5.0146028885237115,0.895
9600,1215,1,7.396580111345264,2.215453873262163,0.125
9600,1216,1,11.822272751266901,7.176890642969624,0.895
9600,1217,1,5.573726519247941,3.595420551977213,0.9
9600,1218,1,14.026643810577385,1.8060052880684907,0.11
9600,1219,1,7.078665472437418,2.194293973369099,0.835
9600,1220,1,6.740259868499867,2.182665285255325,0.18
9600,1221,1,9.668037901755042,1.2893203009767262,0.9
9600,1222,1,12.167403714543479,4.455791517889907,0.84
9600,1223,1,12.32839694087076,2.93291757072609,0.9
9600,1224,1,7.486285534798328,2.4105753706365363,0.1
9600,1225,1,12.69461730562952,2.262053723163149,0.9
9600,1226,1,9.971223778817091,2.5054905271900907,0.9
9600,1227,1,11.113398775296051,3.8728610550307963,0.105
9600,1228,1,15.820977473214414,1.698261763080211,0.1
9600,1229,1,6.226073036563631,3.6257577734161828,0.155
9600,1230,1,11.31472179353841,2.9543858250065114,0.13
9600,1231,1,11.229035455999364,3.655556949172478,0.11
9600,1232,1,8.749881167491937,2.7615897057515326,0.1
9600,1233,1,9.628987587607298,2.004223881078815,0.9
9600,1234,1,8.746221724735317,2.009597821096065,0.87
9600,1235,1,11.845114639538831,3.5186302819667503,0.13
9600,1236,1,14.022517302959836,4.109460651346808,0.115
9600,1237,1,13.486574907654358,2.2584883368622855,0.11
9600,1238,1,6.692489760908875,4.675229743278919,0.86
9600,1239,1,13.39273198087412,2.874622587587794,0.1
9600,1240,1,9.15828343154388,2.0267394823363816,0.1
9600,1241,1,7.0198788481744145,2.4910487037516305,0.9
9600,1242,1,12.27805978425309,3.8101140564663183,0.1
9600,1243,1,14.446331336981048,2.827977665133119,0.1
9600,1244,1,10.699988719940263,4.375194992050524,0.895
9600,1245,1,13.452266122627782,2.3184073524674886,0.895
9600,1246,1,9.994946923000674,3.9686210303869984,0.88
9600,1247,1,8.651315883206582,3.737941052206395,0.895
9600,1248,1,12.30360419546912,2.448977858755086,0.9
9600,1249,1,7.780784667119032,2.990463976689739,0.815
9600,1250,1,9.884659224515094,2.6850687230194126,0.11
9600,1251,1,18.1710015219808,2.697681099020599,0.9
9600,1252,1,13.17596768126571,3.849154708986191,0.895
9600,1253,1,9.85586625095678,2.73488205822332,0.9
9600,1254,1,9.78908200382591,1.736750308759838,0.9
9600,1255,1,11.405531156503923,3.314720700885232,0.105
9600,1256,1,9.820381865154808,2.1672567369236617,0.895
9600,1257,1,10.927813061242375,3.70849180435755,0.9
9600,1258,1,8.891762289899042,2.6269374192978034,0.89
9600,1259,1,13.828260744725753,2.873545158621482,0.9
9600,1260,1,6.5861072285679265,1.9505889844566582,0.1
9600,1261,1,6.953475702958947,3.21129185876714,0.105
9600,1262,1,8.652681898455045,1.6467823259830539,0.13
9600,1263,1,15.833736135851526,2.7717338829276628,0.1
9600,1264,1,8.343077594308436,2.9564343676625526,0.125
9600,1265,1,9.005123292496933,3.0478287068248733,0.9
9600,1266,1,10.24743564564377,1.6742221323568174,0.825
9600,1267,1,16.962637729588213,2.7846758566624885,0.125
9600,1268,1,12.517848614491387,2.605715561324473,0.1
9600,1269,1,11.373459601152264,3.851742757511545,0.1
9600,1270,1,5.624907660945838,1.887463659014088,0.1
9600,1271,1,11.510954137833806,3.1168069137791576,0.9
9600,1272,1,7.116794485600703,2.987426416943606,0.855
9600,1273,1,10.322548565760579,3.249093578588713,0.88
9600,1274,1,10.333613445974748,5.665117791191676,0.845
9600,1275,1,14.555144924863301,2.314121680592507,0.1
9600,1276,1,10.276727559416088,1.4553100336385683,0.9
9600,1277,1,7.928725600761562,2.2735193975634616,0.89
9600,1278,1,17.413294378038085,2.5327563663338992,0.105
9600,1279,1,12.00469814315501,2.29489627263888,0.145
9600,1280,1,7.715762020291279,3.8524066120359635,0.895
9600,1281,1,14.269032226911614,8.656029030728973,0.13
9600,1282,1,6.743150497405737,1.7852564800080017,0.885
9600,1283,1,11.979395356883616,3.251120601413504,0.105
9600,1284,1,11.977528066762204,4.222516332669102,0.9
9600,1285,1,12.714312145053864,2.648671113382761,0.105
9600,1286,1,11.768340947931366,2.9841876079274243,0.1
9600,1287,1,14.450516753906488,3.497384465588027,0.125
9600,1288,1,6.113508871294756,3.3806767179555663,0.86
9600,1289,1,8.452903855422566,4.20888892213469,0.865
9600,1290,1,13.78583792738354,2.5439609412060804,0.9
9600,1291,1,10.92876577472808,3.4468646349395726,0.1
9600,1292,1,13.915976883585019,2.5544932536192277,0.1
9600,1293,1,12.565035837882135,2.713784660836893,0.895
9600,1294,1,8.091031677673906,3.924080455161061,0.14
9600,1295,1,11.702964076793853,3.2374448775513542,0.105
9600,1296,1,8.969794432033863,3.323971334509679,0.135
9600,1297,1,10.856601294877063,3.4334205291216335,0.895
9600,1298,1,15.953411046782408,2.7639056865623957,0.1
9600,1299,1,13.346098191382602,2.4129241145772085,0.14
9600,1300,1,10.096989322176457,2.8177347535944364,0.1
9600,1301,1,8.064516149655248,2.910173673873828,0.9
9600,1302,1,10.44331010329671,1.6580085625420793,0.9
9600,1303,1,10.310739760330991,2.6159327840446167,0.1
9600,1304,1,6.854109058692972,2.5057980480852393,0.16
9600,1305,1,12.76342390539581,4.045936800821437,0.12
9600,1306,1,5.4593277594160705,2.718323286163127,0.85
9600,1307,1,11.686379847959785,3.6554084620917138,0.9
9600,1308,1,13.108459908023207,3.1670089263911905,0.9
9600,1309,1,10.714023432364144,3.307876335171045,0.89
9600,1310,1,17.359309928890013,1.7278263624973533,0.885
9600,1311,1,7.342736836990962,5.476987840648917,0.89
9600,1312,1,16.260835553110844,4.653760401271256,0.87
9600,1313,1,8.96981713148904,2.6384185431211904,0.1
9600,1314,1,13.901249779062256,3.1364814875999514,0.1
9600,1315,1,10.308398511375783,3.4433402695810855,0.89
9600,1316,1,11.760268005502896,3.1262767915379186,0.1
9600,1317,1,11.886688862823673,3.4565539852920324,0.14
9600,1318,1,6.48078869967752,2.5746493803495696,0.105
9600,1319,1,10.829251086855537,1.821251817347047,0.895
9600,1320,1,10.805451527961623,2.570083130891021,0.9
9600,1321,1,7.974120834767433,2.600705290380745,0.9
9600,1322,1,9.108137131739449,4.0550985754777,0.855
9600,1323,1,6.9783728414289214,4.460301431932123,0.9
9600,1324,1,10.0435651177804,3.2699240857127165,0.835
9600,1325,1,9.968627736557892,2.5359405419024483,0.115
9600,1326,1,12.79921232802236,3.1146277413057533,0.885
9600,1327,1,7.158468572252684,2.622341612571688,0.11
9600,1328,1,9.8016761776516,1.745472749125554,0.13
9600,1329,1,13.043050779172065,2.620621558597236,0.1
9600,1330,1,10.703238232275572,2.0688532040878727,0.17
9600,1331,1,16.5772752686317,2.657896873451193,0.1
9600,1332,1,15.074425434403338,5.453694703548706,0.9
9600,1333,1,13.31527996017698,1.98713683672338,0.9
9600,1334,1,9.247413958559186,2.638840671983189,0.115
9600,1335,1,11.520130790751473,2.1128538692195775,0.89
9600,1336,1,11.62832635850968,3.5461282638124203,0.865
9600,1337,1,13.861393112201062,3.4150615518413474,0.885
9600,1338,1,9.11808146470219,1.782515530076978,0.11
9600,1339,1,5.928261742415089,3.4415546890187443,0.1
9600,1340,1,10.82012504439948,4.227997643899073,0.88
9600,1341,1,13.421000621311238,2.1051167927936376,0.1
9600,1342,1,7.303980770177832,2.879308212578735,0.895
9600,1343,1,18.169716304694777,2.99777682252369,0.115
9600,1344,1,7.732857629811463,4.105747990746522,0.9
9600,1345,1,5.186600855610949,2.326397422410764,0.1
9600,1346,1,12.268376006779107,1.8256860502617656,0.9
9600,1347,1,9.040993373244534,2.6949800569468607,0.1
9600,1348,1,11.44527311290517,2.851212183792029,0.9
9600,1349,1,9.939475901998094,3.06278662531696,0.9
9600,1350,1,10.6971747910859,1.786754030192128,0.9
9600,1351,1,6.165683998724205,1.8448189202274534,0.895
9600,1352,1,10.646664990458884,2.122983860874683,0.145
9600,1353,1,8.039436553456175,2.9113719972258423,0.105
9600,1354,1,8.460559709058133,2.0977500817465966,0.105
9600,1355,1,9.019512200979957,2.4825749427350274,0.895
9600,1356,1,12.255858659001236,3.029646850288259,0.135
9600,1357,1,8.23193464791615,4.148663330815339,0.1
9600,1358,1,9.332908163891151,3.4973015434644594,0.105
9600,1359,1,9.82817159321911,4.766091488026802,0.9
9600,1360,1,6.994201058071869,2.903612001286149,0.115
9600,1361,1,13.383590816563498,2.5874447321101,0.9
9600,1362,1,5.762857489421407,3.404519564543307,0.9
9600,1363,1,11.74760179526544,2.215281267434932,0.1
9600,1364,1,9.095761075033803,4.030066155607415,0.115
9600,1365,1,6.722064117950573,3.1335244926395944,0.11
9600,1366,1,10.289921430396165,4.985832180962291,0.1
9600,1367,1,11.254904662176559,5.823623560328883,0.1
9600,1368,1,8.277183111512056,4.3722952567463835,0.89
9600,1369,1,12.183171874878129,4.490801584599069,0.1
9600,1370,1,8.795401108391536,2.3902354152653515,0.11
9600,1371,1,10.824222764497211,2.2323446037873396,0.205
9600,1372,1,10.63161176007398,2.700094943854481,0.9
9600,1373,1,11.819130458667361,2.9579245331106563,0.1
9600,1374,1,11.213730971579055,5.040226747308907,0.875
9600,1375,1,10.39310414397079,6.018351192436455,0.1
9600,1376,1,12.749255735838574,2.3069364440630125,0.9
9600,1377,1,10.451289881441596,2.3589315528255383,0.105
9600,1378,1,14.135571641006807,3.3829957544597278,0.1
9600,1379,1,14.095584458712928,3.445606871339635,0.885
9600,1380,1,10.255135068044968,3.323662113811565,0.115
9600,1381,1,13.37823335638433,2.5484309092476565,0.1
9600,1382,1,16.789103564604503,3.894205871347367,0.895
9600,1383,1,7.892062387834415,2.524007731557276,0.105
9600,1384,1,10.06641371625989,2.846630179844567,0.1
9600,1385,1,13.356238589921789,2.5458483511826557,0.1
9600,1386,1,13.438280496052053,2.486102760661879,0.11
9600,1387,1,12.84102434886805,5.123169867763977,0.865
9600,1388,1,16.37401413269034,4.2908667142540935,0.88
9600,1389,1,20.39675458091708,3.789218870072375,0.1
9600,1390,1,6.427296466125072,2.2053168271966683,0.115
9600,1391,1,7.465903887104097,1.6180060271565821,0.115
9600,1392,1,7.940320194508496,3.6388079266728823,0.83
9600,1393,1,7.010702329896362,3.505266073858593,0.1
9600,1394,1,13.481038686986842,4.549950543989212,0.885
9600,1395,1,8.738860060985163,4.808568294026827,0.1
9600,1396,1,7.404831317559656,4.044107118423312,0.1
9600,1397,1,7.865022001965656,4.423309651191687,0.9
9600,1398,1,14.048940665423595,3.0150381370688706,0.11
9600,1399,1,10.642829643772641,3.2139052886321906,0.12
9600,1400,1,11.665955753938347,1.7920781381860706,0.12
9600,1401,1,6.499581511896367,2.3574451335605318,0.1
9600,1402,1,10.611623097525468,4.119579932141448,0.1
9600,1403,1,14.291545219606123,2.8839467071293257,0.1
9600,1404,1,11.271760717950116,2.089067013649526,0.88
9600,1405,1,13.883616053585595,2.8516928210947867,0.895
9600,1406,1,7.35421080239064,3.0472961026902112,0.1
9600,1407,1,9.025556504112446,3.5209631841198075,0.1
9600,1408,1,8.618448170839345,3.154370188100586,0.1
9600,1409,1,14.524017924824845,3.3434012076824615,0.895
9600,1410,1,8.308359165302765,4.1366938323605495,0.125
9600,1411,1,19.566285223572397,2.700530847148741,0.105
9600,1412,1,8.471112031233075,5.753075839358246,0.105
9600,1413,1,18.723860297719003,3.2376045917345664,0.895
9600,1414,1,9.61272945485238,1.6970728365720333,0.17
9600,1415,1,11.490520552325679,2.9766844085003186,0.89
9600,1416,1,8.447962012964751,1.922491408696203,0.9
9600,1417,1,6.632484028096286,5.607342115133918,0.9
9600,1418,1,8.104727219226932,5.205250526347527,0.1
9600,1419,1,9.275039527887072,4.014726572755478,0.105
9600,1420,1,13.054843092801306,2.426558580886251,0.895
9600,1421,1,10.5253093350753,5.629356078611636,0.13
9600,1422,1,10.799841050169194,4.936941728635702,0.1
9600,1423,1,12.629758835194995,1.475288635315053,0.89
9600,1424,1,4.379210196827734,2.034470746225736,0.895
9600,1425,1,11.812588684673916,2.879989170691033,0.865
9600,1426,1,7.4722465793908555,2.2206851927677462,0.9
9600,1427,1,15.717023667997761,4.145793019650057,0.89
9600,1428,1,7.585547791059962,4.30276440826276,0.13
9600,1429,1,8.235578186788361,2.1110878253409737,0.1
9600,1430,1,15.359202233878648,2.373474791767194,0.895
9600,1431,1,8.875917112386634,3.577854791141988,0.105
9600,1432,1,14.70074302474302,2.692525723719541,0.87
9600,1433,1,9.922382352674658,3.67574083648492,0.835
9600,1434,1,11.936116328835784,1.9717138370523912,0.105
9600,1435,1,10.111395224057036,2.7857370593466158,0.195
9600,1436,1,10.073052581086994,3.0356068062687314,0.155
9600,1437,1,7.7009792721653785,3.6570715761030215,0.87
9600,1438,1,15.051551932508605,4.407690510433326,0.11
9600,1439,1,10.178988365842722,2.7508424912198848,0.105
9600,1440,1,9.400453735370277,2.7615859760459216,0.12
9600,1441,1,22.28293783716579,4.338826080422109,0.105
9600,1442,1,13.715602135819154,5.326139026155374,0.2
9600,1443,1,11.75105507421338,2.719077422329974,0.105
9600,1444,1,10.861682592901309,2.144814351254354,0.165
9600,1445,1,7.232747582816188,1.963270509982351,0.9
9600,1446,1,13.979419597228857,4.763267056615916,0.1
9600,1447,1,9.906221557918402,3.822828283547608,0.1
9600,1448,1,11.230648990177274,4.031939658338501,0.115
9600,1449,1,7.065058259352638,3.2698230698130715,0.105
9600,1450,1,10.148247044401517,4.13170370052427,0.895
9600,1451,1,8.240445079381866,4.355629286723683,0.895
9600,1452,1,11.186528047317124,1.7630032951771568,0.895
9600,1453,1,7.413526188351654,3.437324187122215,0.1
9600,1454,1,9.900580108176486,2.4633751608874377,0.1
9600,1455,1,11.330808469519404,4.34443145852299,0.87
9600,1456,1,9.900806507750378,3.361708150187326,0.895
9600,1457,1,14.758663954710432,2.262027007100187,0.89
9600,1458,1,14.914607963867773,2.828043501156685,0.15
9600,1459,1,9.777384065228361,1.7630963687750523,0.855
9600,1460,1,12.162275194461754,4.492067033272917,0.89
9600,1461,1,8.169813848092716,2.3436221742542784,0.15
9600,1462,1,11.70452659245857,2.5795377294116406,0.88
9600,1463,1,13.923609040664228,5.087725581610414,0.86
9600,1464,1,9.985986198885543,2.7561662935596587,0.1
9600,1465,1,9.054956303325257,3.041243067237076,0.11
9600,1466,1,10.367183732866891,2.463583492044563,0.9
9600,1467,1,12.865016259822315,2.7168396102311476,0.88
9600,1468,1,6.798441255206015,4.4972697863769895,0.185
9600,1469,1,7.799206891108099,3.334678198534391,0.9
9600,1470,1,6.403928325592858,3.3485342312161492,0.9
9600,1471,1,25.736570695246762,4.667713604744961,0.865
9600,1472,1,7.87865022039227,2.6690371938613566,0.105
9600,1473,1,8.310746064747176,2.206962685178837,0.88
9600,1474,1,9.241654186730416,4.672632556207645,0.1
9600,1475,1,10.360618125881441,1.473642611232151,0.105
9600,1476,1,10.266421320889805,2.644363973978159,0.9
9600,1477,1,8.741254062460941,2.908713899437032,0.1
9600,1478,1,14.734039342207332,2.024752176924949,0.88
9600,1479,1,9.348799541056252,2.0985441487667345,0.9
9600,1480,1,9.931480833134957,3.926602019311076,0.885
9600,1481,1,16.4655127509836,3.4260446032462255,0.105
9600,1482,1,8.868173910201023,2.301726248387581,0.9
9600,1483,1,11.025499395718917,1.7855804307046697,0.105
9600,1484,1,11.15554889621066,3.0495809422035336,0.9
9600,1485,1,12.21274196781038,1.3481446664940222,0.885
9600,1486,1,11.425449688415695,3.0494420465117855,0.11
9600,1487,1,14.450909511126754,2.534147532820441,0.1
9600,1488,1,11.891435552504106,2.647622961788443,0.9
9600,1489,1,5.765174490999339,4.491425499048773,0.31
9600,1490,1,11.964373953044676,5.028943724170176,0.105
9600,1491,1,11.572884714780058,3.2679192661703382,0.885
9600,1492,1,13.114025955569685,2.928064661543317,0.875
9600,1493,1,9.677863815353334,3.1488042642592973,0.9
9600,1494,1,8.85475232014154,1.4030783288617954,0.115
9600,1495,1,11.26466699596139,3.432619422582661,0.88
9600,1496,1,8.872228925201284,3.5598639872148397,0.9
9600,1497,1,7.884449160648568,2.164814867424525,0.88
9600,1498,1,11.384257508597369,3.0898893911981418,0.11
9600,1499,1,8.751923988886663,2.120826271162457,0.895
9600,1500,1,10.902504504174715,3.889572625283222,0.9
9600,1501,1,14.454331426575353,1.812552625669639,0.1
9600,1502,1,11.085515423153398,1.9537768432911662,0.1
9600,1503,1,14.155596042835585,2.581444698628843,0.885
9600,1504,1,9.071465312274825,5.291014519366399,0.9
9600,1505,1,12.290021337732641,2.942765211342646,0.1
9600,1506,1,10.286348614548427,3.3357499708245086,0.855
9600,1507,1,6.827599257098483,3.2957725454096476,0.105
9600,1508,1,10.898352146898306,3.580280682075454,0.84
9600,1509,1,11.9753652027937,1.9293686048825975,0.11
9600,1510,1,15.160827324933877,4.949239946098771,0.9
9600,1511,1,10.379981636236536,3.0676998766949737,0.105
9600,1512,1,8.249965341926629,5.199843587122643,0.885
9600,1513,1,11.524897075946683,1.1138306732405567,0.9
9600,1514,1,12.604353506289385,3.1331394334486617,0.2
9600,1515,1,12.15114894627874,4.188618388859311,0.1
9600,1516,1,8.159985402896147,1.4473502462237775,0.83
9600,1517,1,11.815356391038705,2.3337063043456396,0.9
9600,1518,1,9.940576625552639,3.959821602700231,0.1
9600,1519,1,9.31816281177092,1.947201476522764,0.1
9600,1520,1,10.82482471440786,2.5790647207159623,0.105
9600,1521,1,6.74178682879691,3.1578096853124293,0.125
9600,1522,1,13.287635915666442,3.05775681939906,0.105
9600,1523,1,5.6625973319693665,4.830107714168719,0.16
9600,1524,1,7.592132476001866,4.293336931347369,0.1
9600,1525,1,17.806331715932576,4.846383584616376,0.105
9600,1526,1,9.663258454184751,4.025964544030103,0.875
9600,1527,1,7.050495002271269,2.5000071438086025,0.895
9600,1528,1,10.999827552937798,2.7341858233285166,0.11
9600,1529,1,9.414775764083608,2.0647026322848205,0.11
9600,1530,1,9.99293094037799,2.004625073024613,0.115
9600,1531,1,6.884368398854594,3.3031373544261555,0.17
9600,1532,1,14.96333496539137,5.021412594001617,0.1
9600,1533,1,6.816138161167516,2.5392168755644207,0.1
9600,1534,1,9.239763464882252,2.761864735691688,0.16
9600,1535,1,10.470679888650443,2.69745816678153,0.89
9600,1536,1,9.482262726021466,2.5778111219381117,0.185
9600,1537,1,9.08859755634044,2.8659464582602823,0.105
9600,1538,1,9.253872586342128,3.588910655611244,0.875
9600,1539,1,10.46740957740454,2.292075932990656,0.1
9600,1540,1,13.695298462114943,2.9749488145725422,0.89
9600,1541,1,8.823036601531413,2.5648831775527015,0.9
9600,1542,1,9.85751274516352,1.8982451901550235,0.105
9600,1543,1,8.420802514989987,2.4425987374002034,0.9
9600,1544,1,13.40989350017992,3.208841439592902,0.1
9600,1545,1,10.687533878481334,4.715692431953755,0.1
9600,1546,1,8.928611531661184,2.333166574318568,0.105
9600,1547,1,7.896590222503761,1.9402770216402132,0.9
9600,1548,1,18.91808232750805,3.6909479705073522,0.1
9600,1549,1,10.879961766231112,2.3126543321993154,0.105
9600,1550,1,9.572880359241324,2.1262697860024105,0.14
9600,1551,1,13.128115733027714,6.251040695818233,0.12
9600,1552,1,7.39682338443082,2.588476874046819,0.145
9600,1553,1,16.823170468223214,1.6207915411712293,0.13
9600,1554,1,7.9519811299459775,3.7819713164537916,0.9
9600,1555,1,15.273147715204024,4.1032202932200335,0.87
9600,1556,1,11.30302558366921,2.6824284586197678,0.9
9600,1557,1,15.767390963310898,2.752345605503592,0.845
9600,1558,1,7.874593266658709,4.995171480067029,0.89
9600,1559,1,12.468323144016408,2.5093511643973443,0.775
9600,1560,1,8.311588618679094,2.583466196972495,0.89
9600,1561,1,8.721491714574796,2.8357834758764966,0.9
9600,1562,1,9.123603650922263,2.704697835609693,0.9
9600,1563,1,11.819477677141494,3.081171184770426,0.1
9600,1564,1,8.399917197890545,3.379317719478081,0.9
9600,1565,1,7.57386514977739,3.0972106994894943,0.9
9600,1566,1,13.980988540207592,2.7627488847997483,0.1
9600,1567,1,12.42694652021042,3.2975404099843786,0.12
9600,1568,1,9.536998296037712,4.5146904238748675,0.875
9600,1569,1,10.82185407350039,2.8373579309473484,0.9
9600,1570,1,17.802421576965124,2.7357376827609414,0.105
9600,1571,1,7.921873749597258,1.1501266865735715,0.125
9600,1572,1,10.082563303259706,4.576486014650527,0.11
9600,1573,1,10.230493122488156,3.0235871104764556,0.9
9600,1574,1,8.44264898688806,2.5585580191673785,0.9
9600,1575,1,9.46531995787174,3.301992743649862,0.13
9600,1576,1,9.50688220818871,3.2557499673259827,0.895
9600,1577,1,10.964368518388216,2.410997612308563,0.105
9600,1578,1,8.08966446586038,4.0704764242661895,0.895
9600,1579,1,10.473486244766988,2.5160734300982313,0.785
9600,1580,1,7.223247397368348,1.701476106124744,0.13
9600,1581,1,7.668522339594793,4.427386191282778,0.105
9600,1582,1,11.733113236412487,3.1287607868875966,0.85
9600,1583,1,16.009346265740163,3.639318115440915,0.9
9600,1584,1,11.726944713434763,3.3084188919247026,0.1
9600,1585,1,7.187857382478577,1.578484380269174,0.89
9600,1586,1,16.122986910885874,3.160115492211446,0.895
9600,1587,1,22.186029964187956,3.226862384303786,0.1
9600,1588,1,12.916594440296606,1.6595008213471374,0.845
9600,1589,1,6.01260398670135,3.7912661596465114,0.9
9600,1590,1,12.16380409075029,2.9271900070440893,0.9
9600,1591,1,7.224628235466213,6.017475576521747,0.9
9600,1592,1,6.978739256283859,3.0527733991220884,0.9
9600,1593,1,9.881856257890618,2.473972834073379,0.88
9600,1594,1,8.774281034998888,3.862370885674693,0.88
9600,1595,1,10.75064309002462,4.753706850020478,0.865
9600,1596,1,7.70713782400378,3.190591754429306,0.9
9600,1597,1,17.93612512482808,2.4863010602530267,0.895
9600,1598,1,13.206363204570126,3.001657585323869,0.1
9600,1599,1,13.874938723145645,1.3246911774956516,0.8
9600,1600,1,9.068392909467535,2.3076278804921913,0.175
9600,1601,1,11.635589466127422,6.38776470587743,0.875
9600,1602,1,12.779847310288519,4.657220030406961,0.1
9600,1603,1,9.269176757204606,1.9824352139181656,0.1
9600,1604,1,8.294195594182128,3.3733961397501844,0.895
9600,1605,1,9.194139153044887,4.331224235576769,0.9
9600,1606,1,7.54124909976298,3.4447779673669743,0.1
9600,1607,1,8.014500526239516,3.7352977817249666,0.165
9600,1608,1,14.671981980864478,2.495021218467741,0.105
9600,1609,1,15.85241467462106,3.691102223301357,0.12
9600,1610,1,9.990218095772862,2.3796360459769517,0.1
9600,1611,1,17.70872737128181,4.0662852998437415,0.105
9600,1612,1,7.111290131906448,2.8798628382361358,0.865
9600,1613,1,8.332103700202522,3.923345110268883,0.13
9600,1614,1,12.856835003489982,2.055618208720489,0.875
9600,1615,1,5.800703952366231,2.0232126755090007,0.895
9600,1616,1,13.390511983343032,4.489671590802402,0.9
9600,1617,1,9.678915652719354,2.1496196999834183,0.83
9600,1618,1,10.333124575265773,3.179685355530637,0.1
9600,1619,1,11.534544047847492,3.0274442047854677,0.825
9600,1620,1,6.629861706034088,2.8049840769881484,0.83
9600,1621,1,7.523895522516427,3.469489543469706,0.1
9600,1622,1,9.0632352125256,3.747014081655209,0.1
9600,1623,1,9.867895404406113,2.669719264039827,0.9
9600,1624,1,16.414492971470626,1.859546317632521,0.1
9600,1625,1,6.93527995960466,2.774047430412452,0.12
9600,1626,1,13.901704340790177,3.937580506072891,0.87
9600,1627,1,11.700993595593905,1.9997254416168175,0.87
9600,1628,1,9.369413960746218,3.254005588608777,0.88
9600,1629,1,8.378253279485794,4.019512239888456,0.215
9600,1630,1,12.022175941818755,3.753431678771335,0.885
9600,1631,1,8.311413593504255,2.119538518883246,0.9
9600,1632,1,10.77184181370598,3.8686617930579814,0.895
9600,1633,1,11.9043513242033,2.2342878089787632,0.855
9600,1634,1,11.65254981257224,2.942936881645153,0.165
9600,1635,1,9.234590459329015,2.4139405289687943,0.1
9600,1636,1,10.528054202158188,2.5609767488617763,0.9
9600,1637,1,9.868205394079366,1.7095161305448414,0.11
9600,1638,1,10.276327598726166,1.6215440169361273,0.105
9600,1639,1,6.178765203464351,3.460956820427441,0.125
9600,1640,1,16.74149831367089,2.8703344882060833,0.9
9600,1641,1,12.75211378140071,2.953376266523833,0.1
9600,1642,1,8.000442031927143,5.048347104640527,0.35
9600,1643,1,16.186832832622912,1.4402927511895314,0.88
9600,1644,1,11.752693362776087,2.582319929938137,0.1
9600,1645,1,15.326192140381606,4.985194129255888,0.115
9600,1646,1,12.63926034511829,4.301472324728195,0.895
9600,1647,1,9.804571317873155,5.171710326980872,0.135
9600,1648,1,12.317012367949902,2.4959920713911288,0.1
9600,1649,1,12.572424014773562,2.7667930084831482,0.1
9600,1650,1,10.46569540758167,3.0505051645704384,0.89
9600,1651,1,12.625041489540102,3.628875885968341,0.14
9600,1652,1,8.556428648411584,2.3180477367105823,0.1
9600,1653,1,17.81848342864578,3.3980525760838987,0.1
9600,1654,1,8.544250097271371,4.877030597006637,0.11
9600,1655,1,10.95832850666355,2.9615665092137533,0.11
9600,1656,1,7.7649105722250065,1.8987821330867405,0.1
9600,1657,1,7.419812263640543,2.0708701191793466,0.615
9600,1658,1,11.4810078407862,4.081978522761176,0.85
9600,1659,1,12.423102861853739,2.735260670172579,0.105
9600,1660,1,10.582240022823317,2.4512169848748044,0.895
9600,1661,1,8.030853948294807,2.9357072349483815,0.1
9600,1662,1,7.854532587025177,2.584642430478823,0.1
9600,1663,1,16.69953893339212,3.7772324400947355,0.9
9600,1664,1,12.762969303530555,3.110620914601725,0.1
9600,1665,1,12.085341590388035,2.4128373951114668,0.895
9600,1666,1,10.393222268384575,3.318813344591831,0.85
9600,1667,1,11.738394520424585,5.333827992828333,0.135
9600,1668,1,15.163497797474854,2.9919521577539854,0.155
9600,1669,1,10.553179819045086,7.730505541520927,0.1
9600,1670,1,7.3432847683125155,2.995833262019687,0.1
9600,1671,1,8.644131240375767,3.855013712410482,0.115
9600,1672,1,12.767730069405514,3.615202232471404,0.815
9600,1673,1,13.233025989726173,1.6248241468915126,0.9
9600,1674,1,10.667969432727633,3.230663828604463,0.1
9600,1675,1,9.608369488552393,3.631314956145104,0.105
9600,1676,1,9.663254031230368,3.148180577160531,0.1
9600,1677,1,10.220694297327046,2.683036756833701,0.11
9600,1678,1,11.755102464150157,3.135859681748343,0.1
9600,1679,1,10.279314271158173,3.4237032621390995,0.1
9600,1680,1,11.2827287208079,3.091937179893023,0.87
9600,1681,1,9.316864135203945,3.5614496795858486,0.85
9600,1682,1,6.200313653231633,4.046731808738002,0.105
9600,1683,1,14.276810821174783,2.344226023738827,0.11
9600,1684,1,14.255902326629839,3.625320326268877,0.1
9600,1685,1,14.393398659469007,2.1051846983169753,0.105
9600,1686,1,15.998960831053086,3.995098656852747,0.12
9600,1687,1,8.390446986937057,3.1572590161232483,0.105
9600,1688,1,8.638701566885898,2.3793900490815645,0.89
9600,1689,1,12.60156986012035,1.6658627844762464,0.9
9600,1690,1,6.921364602922354,3.578282863226434,0.14
9600,1691,1,16.689914120008005,3.4493957142302634,0.105
9600,1692,1,10.805307977645782,2.59855123525341,0.895
9600,1693,1,11.830337287917558,2.7023634922116457,0.9
9600,1694,1,8.994314219757344,3.3274378223381973,0.1
9600,1695,1,8.045966186196837,1.483969873366675,0.1
9600,1696,1,7.368050803306829,4.562669935873487,0.9
9600,1697,1,11.807225280968032,1.7892821269683168,0.105
9600,1698,1,8.761177850443575,1.6264756710782535,0.1
9600,1699,1,8.375662171327836,2.8209083832905435,0.78
9600,1700,1,7.166721188886888,2.5529906828069215,0.125
9600,1701,1,9.657568569292934,3.3695578657400915,0.12
9600,1702,1,8.999604436636355,4.223976026726461,0.88
9600,1703,1,10.00843057212752,2.7706827411876134,0.875
9600,1704,1,14.457794388614683,3.8540643205195124,0.165
9600,1705,1,12.752610331089393,5.457282490452542,0.14
9600,1706,1,7.668780415757126,1.3857111785071652,0.895
9600,1707,1,8.966419212272001,3.347555189301943,0.9
9600,1708,1,8.719266982911904,1.6623563608405334,0.9
9600,1709,1,16.816548107549487,3.6686293849868434,0.895
9600,1710,1,13.847069530445147,2.0847488134137393,0.14
9600,1711,1,9.112676266311208,5.802482825474442,0.105
9600,1712,1,8.018687539694652,2.302700727125284,0.115
9600,1713,1,13.241337756087434,4.188201394343594,0.1
9600,1714,1,13.66686851164253,2.6544952505105357,0.88
9600,1715,1,17.28561482674181,7.638730285368922,0.1
9600,1716,1,16.311866219589323,4.34739603053913,0.1
9600,1717,1,10.703230578673129,3.8527147311214094,0.9
9600,1718,1,12.22121146143465,2.0886366546818635,0.1
9600,1719,1,15.36615090915504,2.8185526708867314,0.1
9600,1720,1,9.719619504492458,2.53661537270915,0.825
9600,1721,1,14.998545363107844,1.763365246861781,0.885
9600,1722,1,11.917942007728515,4.332744537404665,0.89
9600,1723,1,11.297754771978774,2.5293946977882342,0.87
9600,1724,1,10.590703013513059,4.268290571975797,0.885
9600,1725,1,7.240984799628195,3.333319682214153,0.1
9600,1726,1,7.347415960312844,3.3412563352044344,0.9
9600,1727,1,13.103421757996758,3.8242667355248727,0.1
9600,1728,1,14.075453260979613,2.5060106057068765,0.105
9600,1729,1,11.534217666913227,3.953205549851191,0.105
9600,1730,1,7.138127026210271,2.349346687913112,0.1
9600,1731,1,16.375351397643843,3.6600239329430906,0.895
9600,1732,1,8.747445348209977,3.021130831528751,0.78
9600,1733,1,7.2386774357793335,5.210414644351147,0.885
9600,1734,1,9.87582707945253,3.40680511732927,0.87
9600,1735,1,10.227898266612737,2.2628687408825954,0.895
9600,1736,1,8.22707248851037,1.3546733912633613,0.14
9600,1737,1,10.832442795623725,3.3118863847903413,0.135
9600,1738,1,7.29626812347046,3.129840195074962,0.845
9600,1739,1,12.464808703613734,4.083164921490834,0.105
9600,1740,1,9.931452281860516,2.1296466941123526,0.9
9600,1741,1,7.0871594572724925,2.348531774754292,0.1
9600,1742,1,10.449660117848651,3.21765661860951,0.9
9600,1743,1,13.94430749427431,3.4416160603853996,0.105
9600,1744,1,10.320591450051637,4.21549895247324,0.9
9600,1745,1,8.155404409661354,1.4600360028310888,0.105
9600,1746,1,11.42319790924251,5.239674269175509,0.105
9600,1747,1,9.054035169450714,4.26427329197594,0.9
9600,1748,1,11.30214395224087,1.9323420043676265,0.1
9600,1749,1,13.765834145769986,4.562683511855425,0.9
9600,1750,1,15.361310617370378,4.118989365258585,0.9
9600,1751,1,11.72380555399741,2.9333926920870113,0.1
9600,1752,1,10.81310566365854,4.775408580037777,0.135
9600,1753,1,14.551341582039253,2.100979619783061,0.885
9600,1754,1,9.724361715262878,2.3865118822399722,0.895
9600,1755,1,7.926054767082349,2.3942197355097505,0.885
9600,1756,1,13.627123986828035,5.390870404232828,0.84
9600,1757,1,11.82915716223718,4.858784922173243,0.9
9600,1758,1,11.719376402806448,2.6394409333022395,0.175
9600,1759,1,7.350746754339306,2.8984316057091064,0.105
9600,1760,1,6.944145356142571,4.229292516997418,0.1
9600,1761,1,10.950602834319236,3.212413134882297,0.855
9600,1762,1,14.279127454480804,2.9556058505079363,0.865
9600,1763,1,10.531484518379983,1.8782422509460162,0.9
9600,1764,1,13.134565230940089,2.2647646754194284,0.89
9600,1765,1,9.661944268115473,3.8109688765700866,0.12
9600,1766,1,14.104629039385866,1.805662559645782,0.895
9600,1767,1,7.496528424087608,2.646677100713646,0.11
9600,1768,1,8.761565791332428,2.4117560520750203,0.115
9600,1769,1,9.298605686128127,3.8440153854423897,0.105
9600,1770,1,14.674745187592622,4.064640681914966,0.895
9600,1771,1,9.304971108820995,4.388879907864407,0.88
9600,1772,1,10.537353342156807,2.7656297693141596,0.895
9600,1773,1,6.342900083334936,2.349137103601606,0.845
9600,1774,1,11.113886879698784,2.1684942511512872,0.1
9600,1775,1,8.61693017484423,2.5151248525190795,0.105
9600,1776,1,13.96016738524807,4.6846208076189555,0.9
9600,1777,1,13.100374188729093,3.8789693351290566,0.1
9600,1778,1,7.714462978416177,6.141461408682858,0.82
9600,1779,1,10.541831432126259,2.749166095919975,0.9
9600,1780,1,10.517467627667543,5.698004186456274,0.9
9600,1781,1,9.98924800322397,3.683614271163549,0.88
9600,1782,1,13.549429391553787,4.3097870810228756,0.9
9600,1783,1,8.865123841875398,2.423264632633959,0.895
9600,1784,1,11.83245203351092,1.755446317174858,0.1
9600,1785,1,11.332435734199318,3.0891197414462113,0.12
9600,1786,1,8.00627471167246,3.0218367923779965,0.9
9600,1787,1,20.62028692077786,2.647799040080656,0.115
9600,1788,1,11.11022055043163,4.704984725731265,0.105
9600,1789,1,13.445171690733702,3.1579939745427055,0.9
9600,1790,1,11.483626322779422,2.220771001823607,0.805
9600,1791,1,10.293483217719483,2.078884335605835,0.9
9600,1792,1,10.24046577008548,3.644459491260932,0.1
9600,1793,1,9.272583105638068,2.0595233616617747,0.895
9600,1794,1,8.803193937145092,4.438367445371227,0.12
9600,1795,1,15.904219386608233,3.354516300140631,0.125
9600,1796,1,12.915079887567806,4.028886550300115,0.115
9600,1797,1,8.988640474726171,3.140259391737743,0.895
9600,1798,1,9.677721073526017,2.4954595413731795,0.1
9600,1799,1,15.741857533339784,1.767186213282912,0.1
9600,1800,1,10.755893486372685,1.8228075059084858,0.87
9600,1801,1,7.7457002376889506,3.6149044217950177,0.835
9600,1802,1,7.541673752660866,3.8107718314677186,0.815
9600,1803,1,8.612835593214925,4.110442584128293,0.9
9600,1804,1,8.270321958800084,3.356894503387764,0.1
9600,1805,1,6.295222849650486,2.278112703595525,0.9
9600,1806,1,12.015319245174114,2.475124199787615,0.1
9600,1807,1,10.697284698597127,2.7583926145496207,0.845
9600,1808,1,8.860858707071968,1.9980578517191816,0.105
9600,1809,1,10.624773329595662,2.761429710137975,0.895
9600,1810,1,15.208902357293399,3.4883461811418215,0.1
9600,1811,1,13.621730230264783,3.8581603394931108,0.86
9600,1812,1,8.221852067471001,3.858809349529224,0.87
9600,1813,1,19.0362016271051,2.601704133940075,0.9
9600,1814,1,10.67655497567887,4.189517368271822,0.17
9600,1815,1,10.068181755943272,2.382698010985962,0.12
9600,1816,1,10.001373304482511,2.118576831415453,0.11
9600,1817,1,10.585799415110657,5.454982378326179,0.105
9600,1818,1,22.601263491785776,2.6264760169851797,0.1
9600,1819,1,10.24669501936316,2.5749948003451095,0.1
9600,1820,1,8.570639436639496,6.807397603621723,0.89
9600,1821,1,16.68311972890521,2.917133689993534,0.9
9600,1822,1,6.79100166504338,1.7131745087084482,0.86
9600,1823,1,7.436601913047838,2.9817657302487532,0.9
9600,1824,1,12.817305257398914,2.5589851066953884,0.15
9600,1825,1,7.716880985076706,2.6179708950238023,0.88
9600,1826,1,10.14722051706002,3.7317510543246613,0.9
9600,1827,1,18.024427630505503,3.161334364374113,0.1
9600,1828,1,10.889612948436303,4.323927314484877,0.105
9600,1829,1,10.77571671260074,3.6487693524648535,0.885
9600,1830,1,15.741529096412563,3.8463550383639245,0.105
9600,1831,1,13.531703754293478,1.7220987748473249,0.14
9600,1832,1,12.191763293546106,1.258618750567564,0.875
9600,1833,1,10.05581396082346,2.793208886637899,0.895
9600,1834,1,12.119584548009215,2.6803793699983203,0.9
9600,1835,1,10.529444537438925,2.1451819406479444,0.895
9600,1836,1,11.827550625255016,3.7725919976068667,0.1
9600,1837,1,14.41934337883977,3.7341408130728837,0.13
9600,1838,1,15.241156223498725,4.378616218957632,0.87
9600,1839,1,12.500369702927093,2.476204700690232,0.865
9600,1840,1,14.558152323405288,4.881173475601486,0.125
9600,1841,1,10.771808574532429,4.112356712951737,0.9
9600,1842,1,5.5081230593254595,2.432063348484803,0.105
9600,1843,1,8.988798644985394,4.01414792224557,0.9
9600,1844,1,10.977397439485065,4.275928606368495,0.845
9600,1845,1,10.83517506113508,1.9414237713519356,0.885
9600,1846,1,11.87175009798068,5.390319213523753,0.9
9600,1847,1,7.757538460162406,3.220181009277212,0.885
9600,1848,1,9.415416226578374,4.162602320860742,0.1
9600,1849,1,9.692210994863718,2.0700143687520267,0.895
9600,1850,1,14.790239822882132,4.019796493831507,0.895
9600,1851,1,8.168929557694955,3.6042059539127536,0.13
9600,1852,1,7.275347561166825,2.6733345042174506,0.9
9600,1853,1,8.964214828886195,3.060606245369968,0.175
9600,1854,1,8.302556688156244,2.7205789570729166,0.9
9600,1855,1,23.39103376012193,4.927324805373701,0.875
9600,1856,1,10.642792352615375,2.5990306073282454,0.1
9600,1857,1,9.001606656495658,4.830286399493389,0.15
9600,1858,1,7.435889431176286,2.1958697255442416,0.875
9600,1859,1,20.85392073958577,2.6928463429754856,0.11
9600,1860,1,11.239322325996872,2.6701809300604396,0.855
9600,1861,1,11.934963692436098,2.000193898766156,0.87
9600,1862,1,7.0589674981143,5.756660793532831,0.1
9600,1863,1,5.129615491931759,3.3592192256776343,0.285
9600,1864,1,11.445654209223873,4.319516723560923,0.325
9600,1865,1,9.391055246008621,3.891039617911929,0.1
9600,1866,1,12.546749375829382,4.314979103084227,0.895
9600,1867,1,7.138112656341297,3.3667428239809283,0.885
9600,1868,1,9.619785295106059,3.4648619008208925,0.105
9600,1869,1,8.64012549107304,2.8054677091816416,0.885
9600,1870,1,14.61485382659789,3.8245252139518016,0.895
9600,1871,1,12.439924683848888,4.778108839364847,0.1
9600,1872,1,7.598464490966706,1.998332642870082,0.1
9600,1873,1,6.596864192507042,3.3788358043537414,0.1
9600,1874,1,11.51595622162674,4.290127494692797,0.1
9600,1875,1,9.254931491355764,2.9707468601998244,0.1
9600,1876,1,10.664893127844977,3.935156996880096,0.115
9600,1877,1,8.131798677674029,4.402219921203709,0.1
9600,1878,1,15.731013023089266,2.8932364838510694,0.895
9600,1879,1,9.067021395603378,3.486442526367739,0.1
9600,1880,1,15.746691713916382,4.25706628775373,0.105
9600,1881,1,13.45991787702559,2.8233299433907177,0.1
9600,1882,1,12.617402396680966,4.4092843781356805,0.105
9600,1883,1,9.895695274323252,3.0383969932515242,0.895
9600,1884,1,15.898591399120612,3.727831811103499,0.12
9600,1885,1,8.381998164090732,1.9455344245244532,0.9
9600,1886,1,8.291555520508355,4.352165704671052,0.1
9600,1887,1,10.251569032668757,3.185872398672984,0.1
9600,1888,1,9.431611305062457,2.360067453018644,0.125
9600,1889,1,11.486088870648691,2.704907052049066,0.12
9600,1890,1,11.236640245410996,3.743794786599608,0.9
9600,1891,1,8.308471616829433,4.15263182657668,0.115
9600,1892,1,12.878915316359468,3.6939104704146075,0.88
9600,1893,1,15.803785854819951,2.3501344466609453,0.1
9600,1894,1,12.721414201521526,2.323051832476608,0.9
9600,1895,1,13.202975118528997,4.476229437470636,0.11
9600,1896,1,9.926638483668064,3.09419531480728,0.125
9600,1897,1,10.315410489661874,5.12775976090154,0.89
9600,1898,1,17.75825869426086,5.18106897341255,0.105
9600,1899,1,12.386610332189036,2.9406191397427506,0.9
9600,1900,1,7.786763417503488,2.212577520145942,0.79
9600,1901,1,11.653788377878982,2.886005375074774,0.9
9600,1902,1,12.767141153277796,2.4692979395794623,0.105
9600,1903,1,15.395558829221269,3.553992489277391,0.895
9600,1904,1,16.199199449549045,4.014754586404479,0.89
9600,1905,1,9.713890610547798,3.529183412295822,0.87
9600,1906,1,9.660613311895645,2.171689912994168,0.9
9600,1907,1,17.341997958744457,2.3414011140289404,0.9
9600,1908,1,8.06346764746266,2.636556850441707,0.1
9600,1909,1,13.564957596062897,2.118286359709032,0.9
9600,1910,1,9.60462300881643,4.301206592592166,0.89
9600,1911,1,15.467750834562253,4.154237667417249,0.9
9600,1912,1,16.28412674160046,5.081635793288797,0.9
9600,1913,1,12.999877674447749,2.6466815042780922,0.895
9600,1914,1,8.733769964875842,3.8369267211010083,0.11
9600,1915,1,12.05464708551972,2.4728330915138486,0.1
9600,1916,1,9.662609317944932,2.8752212835328805,0.105
9600,1917,1,13.030454787929388,1.7835945249032648,0.1
9600,1918,1,6.793174451389632,1.6312207751724372,0.9
9600,1919,1,11.168289372247337,3.1327105332820793,0.895
9600,1920,1,10.664764637435276,3.8848975996003787,0.115
9600,1921,1,10.34981491756696,3.028703516693554,0.9
9600,1922,1,6.4638770645066765,3.3894365534578696,0.1
9600,1923,1,8.913656922589723,4.528714371403453,0.9
9600,1924,1,18.958812363227224,4.4326837197743885,0.9
9600,1925,1,8.064894169621308,6.157888288878155,0.885
9600,1926,1,7.889223456724608,1.9091572724263983,0.9
9600,1927,1,13.208733248896337,2.2167468129097756,0.86
9600,1928,1,4.87672787286565,3.4486469101011608,0.12
9600,1929,1,7.524889704090985,3.928220343627231,0.21
9600,1930,1,13.351367018970006,2.594581306036048,0.11
9600,1931,1,5.339844561068497,2.7165191132539235,0.85
9600,1932,1,9.275626480315395,4.2377752573315774,0.9
9600,1933,1,14.763840733698574,3.6342463968992433,0.1
9600,1934,1,9.528762379741808,3.2392152259205886,0.1
9600,1935,1,8.693575344016482,2.557429887403373,0.76
9600,1936,1,15.343342520922315,1.7743715768787638,0.17
9600,1937,1,9.455205530612071,3.6020169620428533,0.895
9600,1938,1,16.949492272636228,2.258050184107674,0.885
9600,1939,1,6.673410552336918,2.1243599989944073,0.9
9600,1940,1,9.285422905338267,1.6666491837440844,0.1
9600,1941,1,10.212854263802173,3.3982097082642326,0.1
9600,1942,1,11.009988913529726,2.487070928424373,0.1
9600,1943,1,9.482154663108075,3.9902588147981533,0.885
9600,1944,1,13.288339218921141,3.4291532461807606,0.86
9600,1945,1,12.87158308273655,3.4751158490522016,0.895
9600,1946,1,13.972153674279214,1.1274130363233326,0.88
9600,1947,1,6.973642378706587,3.0433225542282116,0.1
9600,1948,1,7.785976984943797,2.5322180714468345,0.105
9600,1949,1,18.99233716591492,2.275199323295851,0.875
9600,1950,1,8.96521420033272,1.9253607609570622,0.11
9600,1951,1,13.636247840108242,3.388831827123795,0.1
9600,1952,1,9.64278773615267,2.3929026891892136,0.88
9600,1953,1,6.932132376400545,5.334701732735425,0.85
9600,1954,1,8.13631130980184,3.8073654491213915,0.9
9600,1955,1,7.194136076515819,3.2842607035107108,0.885
9600,1956,1,10.119978246028998,4.441231443220772,0.87
9600,1957,1,12.277023047046924,3.783060604089883,0.9
9600,1958,1,8.668171193673748,4.832181441112482,0.89
9600,1959,1,10.510065716333601,3.8476555858395045,0.85
9600,1960,1,6.0549928829938,2.1613258607217745,0.125
9600,1961,1,17.3834845685758,5.714682706947372,0.1
9600,1962,1,6.1474573813029965,4.32228461044275,0.885
9600,1963,1,7.718579585086048,2.4643766894627106,0.1
9600,1964,1,9.858078371716756,2.510880915592395,0.11
9600,1965,1,10.997696661091453,5.34283702585725,0.12
9600,1966,1,9.573336703610103,5.830550826100023,0.89
9600,1967,1,13.594848897588124,2.4439098561998662,0.115
9600,1968,1,12.687954652820538,4.393239224134504,0.1
9600,1969,1,10.467970777697815,1.9289641101195798,0.9
9600,1970,1,7.792280962363662,1.7680562864143212,0.9
9600,1971,1,8.347841425647005,3.0424396598306203,0.9
9600,1972,1,14.083791388283977,3.7264453644468176,0.13
9600,1973,1,8.912365597290727,2.6547899306393674,0.885
9600,1974,1,12.710746318274744,2.3739723658835032,0.11
9600,1975,1,11.534307260864862,2.4952135033800005,0.895
9600,1976,1,9.482347583214619,1.6785141629981126,0.9
9600,1977,1,13.059480600195549,6.057846514248411,0.85
9600,1978,1,14.602897286561722,3.6987877206129838,0.145
9600,1979,1,8.026971451259982,3.7737296209186866,0.87
9600,1980,1,9.799314882177924,3.7519026169960057,0.11
9600,1981,1,18.874371631142207,3.0906884825895986,0.895
9600,1982,1,9.401958570167041,2.934755032181613,0.1
9600,1983,1,9.293122945353177,2.6856873928920777,0.145
9600,1984,1,8.201418740818301,2.5365677714262347,0.835
9600,1985,1,12.167595094496079,2.167859213328427,0.105
9600,1986,1,7.332833988750451,5.049068376276011,0.9
9600,1987,1,14.272362469368423,2.340172554391984,0.84
9600,1988,1,7.967796674967553,2.793191026019315,0.14
9600,1989,1,9.662493984616505,1.0488350956933346,0.12
9600,1990,1,6.43139882553868,2.612482805800198,0.1
9600,1991,1,14.604759279813962,1.8360752801967806,0.855
9600,1992,1,11.02313517077093,3.5457448518158685,0.1
9600,1993,1,15.80768530469399,4.076598129542219,0.9
9600,1994,1,15.74980320647171,3.474640460414946,0.9
9600,1995,1,6.53062739494473,1.9846920304587456,0.9
9600,1996,1,18.160559665962868,2.820322884737436,0.105
9600,1997,1,11.898713006817287,7.437106207858335,0.755
9600,1998,1,15.980405170664831,1.7635038296646144,0.125
9600,1999,1,14.156792726261854,5.010182726175572,0.11
