kind,a,n,rep,c,T_raw,crit_raw,p_raw,T_std,crit_std,p_std,tau_hat_raw,tau_hat_std,cpu_asym,p_perm_std,p_perm_raw,tau_hat_perm_std,cpu_perm
S2,0.7,600,0,3.13556345428711,9.165723577074887,16.665798385618444,0.6976511744127936,7.397364900867455,3.8783980128898836,0.0004997501249375312,375,306,0.8803143330000001,0.01,0.78,303,8.354543490000001
S2,0.7,600,1,3.2007908458156327,27.66220445390177,16.886274757620992,0.0004997501249375312,7.082450986126796,3.8335864979452676,0.0014992503748125937,531,492,0.8518657689999998,0.01,0.01,465,8.108793211999998
S2,0.7,600,2,3.1844445404400585,10.298209702718369,16.570391181913926,0.559720139930035,2.4961235413883647,3.756914688533666,0.2448775612193903,531,324,0.86164831,0.4,0.64,324,8.321668819
S2,0.7,600,3,3.1250052315471795,9.126186223588773,16.716550556184657,0.7071464267866067,7.173272246816782,3.8378686909636746,0.0009995002498750624,363,318,0.8574648850000006,0.01,0.78,318,8.123062424999999
S2,0.7,600,4,3.1069264496775344,12.73059764234638,16.802927490629468,0.2433783108445777,2.222549759115481,3.843639466253057,0.3248375812093953,534,324,0.830176587,0.17,0.24,324,8.324903907000001
S2,0.7,600,5,3.1929628863928547,8.842546876184421,16.94961195844304,0.7631184407796102,3.4514490391926262,3.839718074632427,0.07746126936531735,537,315,0.8090853930000002,0.13,0.75,318,8.098462023000002
S2,0.7,600,6,3.050919734189866,18.15618417860672,16.49726858605237,0.021989005497251374,4.498252231279924,3.792568613043365,0.022988505747126436,522,336,0.817663127,0.06,0.04,336,8.219802615999999
S2,0.7,600,7,3.236897973688402,12.106445077805258,17.1302578253175,0.34382808595702147,3.13230573039344,3.785589506693682,0.11244377811094453,504,306,0.8129164499999995,0.17,0.35,348,8.17346157
S2,0.7,600,8,3.2391493822043373,13.38081847462661,16.88212783241964,0.22138930534732634,9.90345652939062,3.730862740660595,0.0004997501249375312,378,300,0.8425272570000004,0.02,0.31,378,8.195212939000001
S2,0.7,600,9,3.169131845210603,16.545767972143906,16.908417133419537,0.06046976511744128,4.801649728637325,3.7708892397040685,0.014492753623188406,528,321,0.8440320740000011,0.01,0.07,321,8.255380269
S2,0.7,600,10,3.1601303221776402,13.554029073840715,16.421669084114075,0.17491254372813594,6.55209278979093,3.814116477827525,0.0014992503748125937,534,327,0.8677265650000017,0.05,0.26,285,8.168691753000001
S2,0.7,600,11,3.208396029980699,11.879984158806648,16.6414091626478,0.3408295852073963,2.9506148026265735,3.8698044365581183,0.14992503748125938,516,312,0.8596911789999986,0.12,0.32,312,8.170844019999997
S2,0.7,600,12,3.151423090817792,10.001237391266855,16.448032203589378,0.5722138930534733,0.6636471966519106,3.823922540573981,0.9170414792603698,540,171,0.8092567280000011,0.92,0.58,144,8.211482768
S2,0.7,600,13,3.212728078041781,12.202159432178503,16.67207860601901,0.32233883058470764,6.177980007224413,3.877178989407468,0.0009995002498750624,540,306,0.8513562790000009,0.01,0.38,303,8.159156620999998
S2,0.7,600,14,3.283744501471458,8.68279781634012,17.05172587872734,0.7996001999000499,2.8397609743460666,3.760546688916962,0.16891554222888555,522,324,0.7905430889999998,0.18,0.8,324,8.014006353
S2,0.7,600,15,3.184444540440852,14.077633625859736,17.332489086515096,0.17541229385307347,3.9697521658858594,3.8393563900897787,0.04297851074462768,516,366,0.7901033849999983,0.08,0.23,366,5.949957272999995
S2,0.7,600,16,3.039774974970594,12.48236598854265,16.553390196096277,0.24537731134432783,2.1340318216879295,3.8307201515561564,0.35132433783108447,69,300,0.7969463379999979,0.5,0.35,81,8.153445392000002
S2,0.7,600,17,3.1108600994998783,17.81352286488386,16.545955101737714,0.02798600699650175,4.798124600358233,3.799357309348042,0.01899050474762619,540,327,0.8137055969999949,0.28,0.08,531,8.208933758
S2,0.7,600,18,3.16013032217926,11.113979607240186,16.796499415403478,0.4272863568215892,4.515661426669706,3.774806147705022,0.022988505747126436,540,330,0.8316005529999941,0.01,0.48,318,8.147126658999994
S2,0.7,600,19,3.15264421718719,13.353261567932188,16.921392450644742,0.2288855572213893,5.10546171300949,3.776183298675989,0.010994502748625687,78,306,0.8274558190000008,0.01,0.26,300,8.190447991999996
S2,0.7,600,20,3.0932461681420205,8.123586932738672,16.418534698386637,0.8290854572713643,4.251704451034155,3.802397795297136,0.029985007496251874,537,300,0.7944962799999971,0.31,0.86,306,7.988224928999998
S2,0.7,600,21,3.1281376193873105,13.242411884643102,16.896427316846527,0.20589705147426288,2.207929400820734,3.7593265662842317,0.33033483258370816,537,318,0.7850723099999968,0.55,0.34,465,7.9840215210000025
S2,0.7,600,22,3.239336936412464,12.700669193236159,17.118068650440566,0.2928535732133933,8.091141850963322,3.814694636342539,0.0004997501249375312,456,297,0.4941832729999973,0.01,0.43,297,5.201659268999997
S2,0.7,600,23,3.1498235661545757,9.063671532584186,16.70589156343938,0.7081459270364817,6.595659210973088,3.82684585533114,0.0014992503748125937,417,291,0.5307754020000033,0.09,0.85,297,6.147314946000002
S2,0.7,600,24,3.156689777412385,10.660441914838751,16.76661501831683,0.49525237381309345,9.998307658066791,3.903726370010716,0.0004997501249375312,312,312,0.7574712519999949,0.01,0.51,315,7.991200656000004
S2,0.7,600,25,3.1034946353524266,21.18640680121796,16.58458694458454,0.00399800099950025,4.8656034480364045,3.8041748600166723,0.01249375312343828,528,498,0.7774170590000011,0.05,0.02,528,8.100559542999996
S2,0.7,600,26,3.0713162162636665,6.728884023610028,16.22895281451328,0.9510244877561219,1.3738508449913072,3.9064323651709905,0.6591704147926037,60,303,0.8120798160000007,0.76,0.98,303,8.185840118000002
S2,0.7,600,27,3.029928759041418,9.606096578199969,16.699554262422105,0.5942028985507246,3.7472536582187894,3.920992351919671,0.063968015992004,501,426,0.7666429870000044,0.03,0.69,327,8.230706252000004
S2,0.7,600,28,3.037115412484749,10.504894314152724,16.549825814210436,0.44127936031984005,2.8538489775768343,3.8674340715503144,0.1724137931034483,60,285,0.7892207590000027,0.49,0.58,279,8.262669243999994
S2,0.7,600,29,3.0391382961737365,13.360225278017438,16.614274970839908,0.16141929035482258,3.834057101528711,3.9956089400812886,0.06146926536731634,534,321,0.7677189990000031,0.15,0.27,330,8.297506084000005
S2,0.7,600,30,3.239336936412717,11.356240567967026,16.857271602461356,0.4472763618190905,2.7491147942985594,3.9361275243699647,0.19540229885057472,69,369,0.7611035549999983,0.58,0.52,369,8.142080920999994
S2,0.7,600,31,3.152644217187593,13.423305026859914,16.555160994390466,0.18940529735132433,4.113853556382316,3.865603264505973,0.038980509745127435,531,342,0.7833051539999971,0.41,0.34,384,8.162905232
S2,0.7,600,32,3.103494635352031,18.00985336511984,16.734480558103083,0.02848575712143928,3.441111783340827,3.886175886668186,0.08595702148925537,540,531,0.7687013580000013,0.17,0.06,519,8.120355963000009
S2,0.7,600,33,3.0754362585488946,12.33006586466069,16.76900236740602,0.2613693153423288,4.494751401794912,3.9003797180553614,0.025487256371814093,492,330,0.7632472850000056,0.17,0.36,330,8.135655787999994
S2,0.7,600,34,3.050919734188323,14.11763018378978,16.683042215844004,0.12443778110944528,2.1986175012273232,3.8768347469531,0.3268365817091454,63,120,0.7521672339999981,0.42,0.16,120,8.342399076000007
S2,0.7,600,35,3.1768985584257785,14.466342505284823,16.35703141965434,0.13543228385807096,4.266799574722345,3.7680221769929694,0.021989005497251374,60,387,0.7885525690000037,0.03,0.19,387,8.163357090999995
S2,0.7,600,36,3.029928759042774,12.425088493851826,16.37789223240695,0.2478760619690155,3.0805016613333467,3.8654777085084566,0.12443778110944528,534,231,0.7689954260000036,0.34,0.41,231,8.350456831000002
S2,0.7,600,37,3.125005231547042,12.838435174787827,16.69194843548581,0.23438280859570215,2.8521833004865913,3.7772448172623276,0.16441779110444776,63,171,0.7902255710000077,0.14,0.22,171,8.267525427999999
S2,0.7,600,38,3.2436317821741234,15.560028015261489,16.899261467704513,0.08695652173913043,9.888636190577987,3.8693912874567324,0.0004997501249375312,540,318,0.7615763049999984,0.01,0.09,363,8.226740042000003
S2,0.7,600,39,3.064070784627886,10.708972047157772,16.14737848138763,0.44677661169415295,3.8190869648973167,3.9432786035128466,0.05747126436781609,540,309,0.7898080190000059,0.15,0.51,309,8.11887570799999
S2,0.7,600,40,3.1427869764151373,9.349525356099097,16.541272541691168,0.6741629185407296,3.9554235723501776,3.8431171606499257,0.043478260869565216,531,297,0.7671500280000032,0.15,0.76,342,8.148383835000004
S2,0.7,600,41,3.0615195531296546,14.772858677631708,16.377352507614646,0.095952023988006,5.495536116828426,3.7958911835960545,0.004997501249375313,528,300,0.7707841849999966,0.04,0.18,300,8.161368388
S2,0.7,600,42,3.1526442171864657,12.50714622324616,16.795018270219302,0.2768615692153923,4.483072188472759,3.870617444275991,0.02048975512243878,516,321,0.6651682579999942,0.02,0.38,321,8.137690638999999
S2,0.7,600,43,3.160130322179004,13.479133556422617,16.873903241301715,0.2108945527236382,1.6803908316404912,3.814612899656291,0.5307346326836582,60,138,0.7923571310000028,0.33,0.2,135,8.166665082999998
S2,0.7,600,44,3.156689777410385,7.433333177088014,16.715184357055428,0.9060469765117442,3.935338302836652,3.8875854613587815,0.047476261869065464,60,306,0.7636756039999995,0.28,0.91,306,8.168365625000007
S2,0.7,600,45,3.026728089702785,7.246882360752852,15.956487695443716,0.879560219890055,0.7816805508152199,3.902074363400495,0.8780609695152424,60,429,0.7570355200000023,0.92,0.9,363,8.185925384
S2,0.7,600,46,3.152644217184009,17.47000323584217,16.856474735955153,0.0384807596201899,4.526387070205233,3.9034111138977163,0.0239880059970015,66,300,0.7761611749999986,0.02,0.03,300,8.158180328
S2,0.7,600,47,3.184898611062809,13.656862201130334,16.812895457979756,0.18190904547726136,6.256581974394501,3.7836373351515546,0.0029985007496251873,492,309,0.773994641999991,0.05,0.26,309,8.157741060000006
S2,0.7,600,48,3.1355634542860944,10.96960681014527,16.318376574037146,0.4362818590704648,1.4444913507097512,3.8235368826914793,0.631184407796102,537,390,0.7689851850000053,0.68,0.57,390,8.175025504999994
S2,0.7,600,49,3.093246168142949,10.035726085763534,16.820276166713594,0.55872063968016,2.702059022778682,3.8544375972260307,0.19890054972513743,510,369,0.7770515119999999,0.28,0.7,369,8.186288317999995
S2,0.7,600,50,3.135563454288329,11.334036241031209,16.90887532571563,0.4017991004497751,8.285037011046725,3.913943603262474,0.0004997501249375312,60,312,0.780259614000002,0.01,0.43,321,8.118500005000001
S2,0.7,600,51,3.0685686361786826,14.097576590931224,16.077290109633612,0.127936031984008,2.5630902791393084,3.82985528514398,0.23488255872063968,528,222,0.7760660619999982,0.26,0.24,246,8.162344605000001
S2,0.7,600,52,2.9750248935533046,8.27346686663903,15.871964271823282,0.7616191904047976,1.056684152238118,3.8657185065509108,0.792103948025987,540,390,0.7664128739999967,0.86,0.86,390,8.2426344
S2,0.7,600,53,3.1108600994992233,11.065567735159194,16.60465042596316,0.40929535232383807,5.451292134534492,3.740257732128277,0.006496751624187906,60,351,0.7802431779999921,0.06,0.55,351,7.745775856999998
S2,0.7,600,54,3.046817870972575,11.716451627058126,16.43086995109776,0.3448275862068966,3.782538728127361,3.8526335027960603,0.05297351324337831,516,309,0.7506612920000038,0.27,0.5,471,8.077520233000001
S2,0.7,600,55,3.068568636181191,16.84743646917266,16.16297007553627,0.031484257871064465,5.630346760234658,3.7723280005112723,0.004497751124437781,501,330,0.7711465099999941,0.1,0.1,357,8.194253462999995
S2,0.7,600,56,3.167412149081625,18.004894708998897,16.709330847085326,0.026986506746626688,3.4475165126076157,3.841074582980551,0.08095952023988005,531,531,0.776222532999995,0.13,0.05,531,8.141912387999994
S2,0.7,600,57,3.1427869764140577,20.205041830732956,16.597992659647193,0.010994502748625687,8.876920625927678,3.85062463824589,0.0004997501249375312,60,303,0.7737634500000183,0.01,0.03,303,8.29198980999999
S2,0.7,600,58,3.0959146235600112,7.233725742829336,16.65694990052121,0.9105447276361819,2.992007705477743,3.83968881944195,0.13693153423288357,540,366,0.78006653300001,0.46,0.95,366,8.153514094000016
S2,0.7,600,59,3.0441074249392983,12.730388882603869,16.188115810822573,0.21489255372313842,3.704896440978812,3.8802816270862235,0.063968015992004,525,438,0.7867384459999869,0.21,0.3,444,8.23586746799998
S2,0.7,600,60,3.181426105094331,17.961691592109098,16.846136710470944,0.031484257871064465,3.0244708038130064,3.923696804704813,0.13493253373313344,540,540,0.7724024240000062,0.25,0.04,540,8.202213981
S2,0.7,600,61,3.0932461681419166,14.417506887974298,16.75002923261163,0.12993503248375812,3.6313578279140035,3.8957709522839323,0.07246376811594203,537,501,0.7848993580000183,0.18,0.14,501,8.298295153999987
S2,0.7,600,62,3.184444540442622,12.621506991827799,16.918269765701652,0.2818590704647676,2.7034866331761083,3.823495692736079,0.1969015492253873,63,399,0.7636837080000021,0.16,0.25,444,8.13610777800001
S2,0.7,600,63,2.9985702404018566,9.794309059975628,16.115872552664506,0.5562218890554723,1.3964818651997704,3.8996888149006605,0.6636681659170415,75,336,0.7558358429999998,0.88,0.74,444,8.169654860999998
S2,0.7,600,64,3.0959146235602786,14.83946501348547,16.55966942364606,0.1089455272363818,6.898127849081377,3.89413525077476,0.0014992503748125937,507,312,0.7815182359999824,0.01,0.24,387,8.22803508299998
S2,0.7,600,65,3.1180252079710424,17.281709786573558,16.804294457064916,0.0384807596201899,4.702810923736687,3.797181306326181,0.015992003998001,510,501,0.7957246629999872,0.04,0.08,501,8.249137488999992
S2,0.7,600,66,3.1768985584264304,13.852588457558463,16.732553163116695,0.1634182908545727,5.834255540177701,3.948444338808168,0.0024987506246876563,60,327,0.7743255179999835,0.02,0.21,327,8.185912855999987
S2,0.7,600,67,3.086139298575467,13.290569243086281,16.22322352459662,0.17991004497751126,2.1647236564816086,3.7839429025031097,0.3403298350824588,540,516,0.8105005220000123,0.47,0.27,306,8.455707912000008
S2,0.7,600,68,3.1001697800518,15.13903843427295,17.134045413524632,0.09745127436281859,5.604407328428107,3.813944249627482,0.005497251374312844,522,321,0.7715009729999736,0.02,0.13,321,8.12536776600001
S2,0.7,600,69,3.2059086135957267,12.910238307682155,17.182055435098167,0.25737131434282856,6.026648774599967,3.8351542467169586,0.004497751124437781,60,303,0.7641550529999961,0.03,0.3,303,8.349325410999995
S2,0.7,600,70,3.1069264496786504,11.454215113893651,16.448065412040652,0.38130934532733635,3.480017580184836,3.8354586551747936,0.0734632683658171,63,297,0.7795350150000218,0.05,0.37,369,8.411268290999999
S2,0.7,600,71,3.1601303221789303,15.945525580997746,16.62942453160444,0.07096451774112944,10.541338672501857,3.7909668708110242,0.0004997501249375312,540,312,0.8000495940000008,0.01,0.12,348,8.338783399000022
S2,0.7,600,72,3.1566897774110356,10.373901954126326,16.76645192752776,0.5247376311844077,5.099217587084696,3.78283066143091,0.009995002498750625,513,312,0.7736448900000141,0.01,0.59,300,8.127226436
S2,0.7,600,73,3.198933377706026,14.813024060669246,16.89462842177308,0.12243878060969515,4.975355259111642,3.777305558003178,0.0074962518740629685,531,306,0.7632332000000019,0.05,0.12,309,8.285539099000005
S2,0.7,600,74,3.1001697800525987,6.138743733340278,16.6437983131475,0.9765117441279361,1.5958501176159796,3.882605851492034,0.543728135932034,60,300,0.8073781900000085,0.81,0.99,300,8.231270193
S2,0.7,600,75,2.99857024040326,13.310571266769607,16.00588880203184,0.18640679660169915,2.6794768224963277,3.7734655580737013,0.21139430284857572,528,315,0.7957924240000125,0.32,0.22,312,8.266627903
S2,0.7,600,76,3.2740497409098355,15.78710712956879,17.07665614451055,0.09245377311344327,4.8656550044862,3.8435455893094557,0.01199400299850075,498,474,0.7668143200000088,0.01,0.1,438,8.262717323999993
S2,0.7,600,77,3.14982356615734,13.270251258982132,16.746323660676545,0.20089955022488756,4.715007372853982,3.8328745596118297,0.019490254872563718,489,357,0.7911878049999927,0.02,0.18,348,8.282638324999994
S2,0.7,600,78,3.075436258548122,13.682592618307732,16.69036707041231,0.16241879060469766,3.867583281354554,3.847193812014516,0.04997501249375312,540,306,0.781455190999992,0.09,0.24,303,8.307735006000001
S2,0.7,600,79,3.181426105095987,17.285101008395863,17.120017290826254,0.047976011994003,6.3421729961018505,3.772479431642463,0.0024987506246876563,513,321,0.7825681559999964,0.11,0.12,510,8.217688104000018
S2,0.7,600,80,3.2059086135975536,10.962848454179026,17.53234249404741,0.4832583708145927,9.723836596186201,3.8423453108371945,0.0004997501249375312,540,300,0.7754983859999811,0.02,0.52,342,8.210018656000017
S2,0.7,600,81,3.1263777114776237,24.69225484852513,16.686660324183286,0.0014992503748125937,7.806484107850115,3.842707259059234,0.0004997501249375312,540,366,0.7992110299999808,0.01,0.01,369,8.33128524099999
S2,0.7,600,82,3.1034946353520816,14.721864168492482,16.164656692952803,0.095952023988006,4.814930602198476,3.816962782622996,0.012993503248375811,474,474,0.7808557460000145,0.06,0.24,474,8.252202961999984
S2,0.7,600,83,3.1566897774109033,15.58400460809044,16.786128417452733,0.08945527236381809,4.035607577059845,3.7452996097990234,0.033483258370814596,507,501,0.7835090709999974,0.14,0.17,501,8.456787597000016
S2,0.7,600,84,3.0788340112159256,10.42518509034564,16.58951425047712,0.49975012493753124,6.57356089687158,3.8343304083334653,0.0024987506246876563,99,309,0.7756274780000183,0.06,0.69,309,8.18867933300001
S2,0.7,600,85,3.135563454287778,13.178118163363814,16.318935080045694,0.18590704647676162,4.6993076293349905,3.7612639854632457,0.014492753623188406,540,297,0.7792501050000169,0.01,0.32,297,8.282907179000006
S2,0.7,600,86,3.1601303221780657,14.169898237754193,16.769253847111525,0.1539230384807596,7.396745400377405,3.8848826639503855,0.0004997501249375312,486,324,0.7823137480000071,0.06,0.26,324,8.359888313999988
S2,0.7,600,87,3.1180252079708293,14.582911052575465,16.75718124184562,0.12443778110944528,3.844328852029316,3.804379156505771,0.04897551224387806,540,336,0.805519855,0.09,0.18,306,8.533470548999986
S2,0.7,600,88,3.100169780053856,11.215519006365941,16.118294618515872,0.3988005997001499,6.916789351044876,3.812919423361074,0.0024987506246876563,501,345,0.8055321059999869,0.01,0.48,345,7.593766907000003
S2,0.7,600,89,3.120495178571715,11.512839074286727,16.350086519683074,0.3488255872063968,2.8627623605535835,3.7675764126620344,0.1744127936031984,540,357,0.5837969940000107,0.04,0.35,357,6.545084280999987
S2,0.7,600,90,3.2013430826775275,10.53993707429041,16.954827189047332,0.5387306346826587,5.782952088306907,3.768670668718943,0.004997501249375313,537,312,0.8186195179999913,0.02,0.61,297,8.51310864300001
S2,0.7,600,91,3.0333239577016284,10.04020441601342,16.453622151371793,0.5357321339330335,3.9618577060530202,3.8147243460548634,0.04247876061969016,531,309,0.7832686149999972,0.14,0.63,303,8.485179337000005
S2,0.7,600,92,3.068568636180694,13.848729164467517,16.491205513207273,0.15642178910544727,4.494583799684549,3.998220138318378,0.021989005497251374,540,315,0.7839863449999882,0.09,0.32,369,8.126415677000011
S2,0.7,600,93,3.120495178570617,7.171165860696823,16.613377407100696,0.9160419790104948,5.223483016895565,3.8012039752869082,0.0069965017491254375,471,294,0.7858352930000194,0.06,0.95,294,8.448895899999997
S2,0.7,600,94,3.08613929857423,21.899740803666948,16.412035173640287,0.0074962518740629685,4.831642041641476,3.8410240365434714,0.015992003998001,540,498,0.8073700620000182,0.01,0.01,498,8.533545265000015
S2,0.7,600,95,3.1204951785712582,14.569126486479199,16.22274107065102,0.09995002498750624,5.6710994124340575,3.827338481656965,0.00399800099950025,537,306,0.8098012449999885,0.03,0.14,339,8.40828080099999
S2,0.7,600,96,3.128821411269209,16.01673056140142,16.51761889570953,0.062468765617191405,5.930230276602953,3.827021309001011,0.004997501249375313,462,459,0.8146223969999937,0.03,0.16,459,5.766401524000003
S2,0.7,600,97,3.1745051863809044,16.573220570853124,16.605605179900092,0.051974012993503245,3.4644043952786387,3.8551902530902145,0.08345827086456771,60,333,0.5088548889999913,0.06,0.07,318,5.063861825000004
S2,0.7,600,98,3.1384770373538338,15.879846478540342,16.70043057548579,0.07146426786606697,7.718409518848041,3.776161055581344,0.0004997501249375312,516,312,0.7897675929999934,0.02,0.16,312,8.354241048000006
S2,0.7,600,99,3.1601303221779404,21.386312426314795,16.617002776419504,0.006496751624187906,4.200597189410731,3.9565083339078186,0.03548225887056472,540,477,0.7935282480000012,0.05,0.01,429,8.340254499000025
S2,0.7,600,100,3.113533755004176,11.082131145207915,16.27619179102258,0.4172913543228386,3.791021851033622,3.8273633137493968,0.05297351324337831,60,396,0.7792772800000023,0.07,0.4,396,8.368820446
S2,0.7,600,101,3.149823566155369,11.972738436650365,16.714641298842732,0.3258370814592704,6.645287133018805,3.696837424086735,0.0014992503748125937,537,300,0.7861876430000052,0.01,0.35,300,8.329526967999982
S2,0.7,600,102,3.169131845210416,10.007206426867253,17.21306698797682,0.5907046476761619,5.237308947278187,3.799423587346729,0.0079960019990005,501,309,0.7898471240000049,0.03,0.7,309,8.281462839
S2,0.7,600,103,3.088693153996426,8.31766356604652,16.340442395771486,0.7966016991504248,5.417065741218733,3.8482321857445743,0.00849575212393803,537,321,0.7972400630000038,0.16,0.86,318,8.269700492999988
S2,0.7,600,104,3.215793025260466,15.510381693768764,16.95868314169327,0.09695152423788106,5.6506505294960245,3.708490672894351,0.0009995002498750624,60,303,0.778005482999987,0.2,0.15,303,6.759423338999994
S2,0.7,600,105,3.15288340714715,17.815448483661584,16.690122885466625,0.02498750624687656,9.183482856418093,3.7868053777701935,0.0004997501249375312,522,339,0.815738008000011,0.01,0.07,339,8.386289866999988
S2,0.7,600,106,3.1034946353504127,14.99745515408403,16.391941035846173,0.09095452273863068,8.897653058547291,3.8298233441329854,0.0004997501249375312,540,297,0.8026910180000186,0.04,0.15,357,8.380981822000024
S2,0.7,600,107,3.113533755006336,9.238594725023557,16.740761132547792,0.679160419790105,3.490574747420464,3.837941153479345,0.07846076961519241,540,336,0.7691474410000012,0.16,0.81,336,4.583707871999991
S2,0.7,600,108,3.0299287590437047,20.30809250273463,16.028659000914192,0.0079960019990005,8.063024910115747,3.7769743093096886,0.0004997501249375312,66,315,0.5196650799999816,0.02,0.04,315,7.566989065999991
S2,0.7,600,109,3.1526442171874574,23.550189186859328,16.625250706350286,0.0024987506246876563,10.010621029160228,3.8065361799505024,0.0004997501249375312,534,342,0.7996811319999892,0.01,0.02,327,8.379976153000001
S2,0.7,600,110,3.1691318452124517,12.80184442446702,16.82691674974732,0.24537731134432783,4.961561201991697,3.7775514250873803,0.01199400299850075,531,309,0.791519548999986,0.08,0.34,309,8.427094520999987
S2,0.7,600,111,3.1691318452104658,11.615113117051127,17.037642519939585,0.3818090954522739,5.056211228185635,3.855822466269458,0.010994502748625687,522,336,0.7831879109999988,0.01,0.47,333,8.176343508000002
S2,0.7,600,112,3.128137619386384,19.516751448035993,16.471479438165172,0.012993503248375811,6.2464724257545665,3.8440990504619386,0.0014992503748125937,540,297,0.7994154689999959,0.02,0.02,297,8.254589734000007
S2,0.7,600,113,3.110860099498334,12.757512614935592,16.569379171139474,0.2143928035982009,3.251286463353919,3.8112357932026657,0.10094952523738131,534,309,0.7813184010000214,0.14,0.25,309,8.044480425000017
S2,0.7,600,114,3.0800592169085577,14.972917054621684,16.31194417786085,0.10344827586206896,5.103773249823865,3.758918334546606,0.009495252373813094,540,309,0.4910623499999929,0.01,0.12,393,4.544430164999994
S2,0.7,600,115,3.2368979736876238,11.60926710868065,17.009060831216534,0.41329335332333833,3.285436851705482,3.660526896206477,0.09095452273863068,105,147,0.49949941699998135,0.22,0.48,159,8.077904925999974
S2,0.7,600,116,3.1034946353531674,12.243962264919045,16.5172456661845,0.29485257371314344,5.752238744588687,3.8299846119066587,0.0024987506246876563,483,306,0.7914092299999993,0.01,0.33,303,8.056827800000008
S2,0.7,600,117,3.118025207971943,9.025150084987995,16.101155165356403,0.7066466766616691,4.567267778830403,3.7798959519790083,0.020989505247376312,528,327,0.7705099539999765,0.07,0.82,327,7.9780308009999885
S2,0.7,600,118,3.191784282000686,8.223148306478931,16.91354227636733,0.8270864567716142,4.167774983025689,3.8400924612209595,0.033483258370814596,540,321,0.7677723259999993,0.23,0.9,330,8.121025677000006
S2,0.7,600,119,3.120495178570317,15.251408669176072,16.705223688095277,0.09995002498750624,6.403936785865463,3.7644564470124617,0.0024987506246876563,531,303,0.7747771900000089,0.02,0.16,303,8.070196529999976
S2,0.7,600,120,3.1611309481289447,14.57800302899087,16.720576248618574,0.12393803098450774,4.484692519838769,3.884628970502474,0.021989005497251374,66,408,0.7697737579999853,0.15,0.23,414,8.094617469000013
S2,0.7,600,121,3.1929628863930746,10.771028429961826,17.438426084205087,0.4947526236881559,1.9295686579715656,3.870419647148903,0.42778610694652675,525,138,0.7767520429999877,0.55,0.58,138,6.382669345000011
S2,0.7,600,122,3.0267280897005064,8.568706964832547,16.536326788629122,0.7241379310344828,5.789168366622309,3.8185887730456876,0.0024987506246876563,63,330,0.7714204420000215,0.03,0.78,330,8.079293490999987
S2,0.7,600,123,3.1355634542879636,10.704308209891595,16.802968586438013,0.4827586206896552,6.612393018002559,3.8373591181255615,0.0014992503748125937,522,297,0.7809595749999971,0.04,0.57,297,8.130464329999995
S2,0.7,600,124,3.2436317821727565,10.010250830123363,17.188388684035548,0.623688155922039,6.1575332991575396,3.8286894657887136,0.0024987506246876563,399,333,0.7675882519999959,0.04,0.72,333,8.24778044499999
S2,0.7,600,125,3.1355634542879836,18.938021312343576,16.980058026111003,0.022988505747126436,3.2975846346140525,3.8798035546880394,0.10694652673663169,540,537,0.7951307390000011,0.18,0.04,540,8.328552786999978
S2,0.7,600,126,3.1281376193868256,11.443825318728384,16.967376900286695,0.37381309345327335,3.7545986618139633,3.863886064705317,0.0559720139930035,540,315,0.7714007260000244,0.16,0.42,411,8.241605252
S2,0.7,600,127,3.144377728505103,12.394574349816816,16.422136481287435,0.27936031984008,8.414688358960111,3.792434151390988,0.0004997501249375312,429,318,0.7957384000000047,0.04,0.44,399,8.225867667999978
S2,0.7,600,128,3.1634034467387306,10.193660264275165,16.854705639639796,0.5547226386806596,2.814002283848347,3.8731198421020476,0.1619190404797601,537,405,0.7624879699999951,0.11,0.66,405,8.144293409999989
S2,0.7,600,129,3.0391382961750217,8.5912147680099,16.487647723178387,0.7446276861569215,3.1198986343020603,3.8549062774677507,0.12243878060969515,537,303,0.7544273799999814,0.26,0.91,306,8.34830843399999
S2,0.7,600,130,3.1699838269345664,11.716635040532202,16.575695723048522,0.3618190904547726,5.517067788087482,3.84104549118522,0.005497251374312844,66,324,0.7488753359999691,0.08,0.49,327,7.108073167999976
S2,0.7,600,131,3.174505186380426,6.65905464883651,16.443077304493105,0.9600199900049975,5.498320870496253,3.8720920846354034,0.0034982508745627187,333,318,0.7857953619999876,0.06,0.94,318,8.499108026999977
S2,0.7,600,132,3.1844445404409587,15.71726085348444,16.64539835299892,0.07846076961519241,7.660911791055659,4.014520873605365,0.0004997501249375312,468,294,0.7683131939999726,0.01,0.1,468,8.355564576999996
S2,0.7,600,133,3.16013032217805,10.83393182148712,16.220184205779656,0.47126436781609193,4.725287376890168,3.674843472944323,0.014992503748125937,519,327,0.7955839079999691,0.03,0.52,318,8.507495939999956
S2,0.7,600,134,3.169131845213549,15.721925202277944,16.87648884475639,0.08095952023988005,4.396582687207219,3.8385512537504973,0.02448775612193903,540,471,0.7943644059999997,0.02,0.11,348,6.374846269999978
S2,0.7,600,135,3.1384770373569264,14.943808641305052,16.57640160565661,0.10944527736131934,5.225228170238333,3.8299859749314167,0.009495252373813094,537,330,0.7994240380000406,0.05,0.1,339,8.467985779000003
S2,0.7,600,136,3.0713162162639067,15.105469748650613,16.694338005363036,0.09395302348825588,9.343765077925694,3.7783886087405247,0.0004997501249375312,480,360,0.8001542800000152,0.01,0.21,360,8.47286785099999
S2,0.7,600,137,3.093246168142528,15.24874821145253,16.911834672268117,0.09245377311344327,2.55660541213105,3.900250992183289,0.22288855572213892,60,72,0.8102757480000378,0.24,0.12,72,8.522064408999995
S2,0.7,600,138,3.2318836014846086,12.592152669153917,17.08317351781785,0.2813593203398301,6.710875403276208,3.8205195447978664,0.0009995002498750624,498,348,0.8013071340000124,0.01,0.34,348,8.597762303000025
S2,0.7,600,139,3.120495178570034,9.490817336614052,16.250449171864634,0.6496751624187906,2.9799275638021814,3.8527809529708943,0.13943028485757122,60,339,0.7928551599999878,0.4,0.67,339,8.597776055999987
S2,0.7,600,140,3.1691318452112056,12.250484149925624,16.711127023954166,0.3058470764617691,2.6021670062774174,3.9562927287965546,0.21239380309845077,522,318,0.8141854240000157,0.11,0.28,309,8.56791138899996
S2,0.7,600,141,3.156689777411494,17.87063098525225,16.13429965598899,0.020989505247376312,8.095092912294703,3.7961920977801653,0.0004997501249375312,540,306,0.7932824069999924,0.01,0.08,336,7.826720001000012
S2,0.7,600,142,3.0685686361806317,7.65710791596827,16.671881513877114,0.8610694652673663,3.60260964428863,3.9077292390965046,0.07196401799100449,468,390,0.6813900039999794,0.2,0.9,390,8.492985388000022
S2,0.7,600,143,3.1180252079722823,7.643296981339793,16.320280624135307,0.8630684657671165,2.1513535903793133,3.791947454661984,0.3568215892053973,495,432,0.8193665750000036,0.13,0.95,432,8.53554631999998
S2,0.7,600,144,3.013034283469161,11.847415557265952,16.067947390641695,0.2863568215892054,4.872470538270016,3.848294404407626,0.013993003498250875,540,339,0.7865344490000439,0.02,0.46,300,8.589018521000014
S2,0.7,600,145,3.0754362585502735,10.665753252425702,16.373437768808948,0.45577211394302847,8.934138737851306,3.804284315398943,0.0004997501249375312,384,330,0.8033395150000047,0.01,0.62,330,8.439061202000005
S2,0.7,600,146,3.0788340112163257,11.018074988920352,16.547693596914442,0.39980009995002497,1.79771134497686,3.8638148860433903,0.4817591204397801,60,300,0.8178182600000241,0.73,0.58,513,8.674437577999981
S2,0.7,600,147,3.174505186379436,14.052111163403689,16.576306669527796,0.15442278860569716,5.924374523409666,3.8118156986197667,0.0014992503748125937,489,351,0.827889263999964,0.01,0.25,351,8.387096475000021
S2,0.7,600,148,2.989373659795916,13.630074271091969,15.834855568981197,0.14342828585707146,2.482672203267068,3.8204408864974346,0.24187906046976512,528,429,0.5180605180000271,0.2,0.19,318,8.499735348000002
S2,0.7,600,149,3.078834011216009,13.414827617843567,16.4071027774498,0.18690654672663667,7.25429821852373,3.9161278534578874,0.0004997501249375312,498,330,0.7919282430000294,0.01,0.33,330,8.347142345999998
S2,0.7,600,150,3.1526442171873663,9.877271959682064,16.545395539169736,0.5907046476761619,2.2025195256868435,3.782400392021969,0.33833083458270863,510,315,0.8210450880000053,0.27,0.69,306,8.634328647000018
S2,0.7,600,151,3.1281376193878097,12.020776316756942,16.667672157559565,0.3028485757121439,7.470703576328447,3.8480223397810387,0.0004997501249375312,528,309,0.827700913000001,0.01,0.41,306,8.354311670999948
S2,0.7,600,152,3.1203843612989153,10.879766715924502,16.947893646521585,0.4547726136931534,5.605495483216299,3.7570968305169963,0.004497751124437781,480,318,0.8304743519999533,0.05,0.55,336,8.424050412000042
S2,0.7,600,153,3.1449394412355605,9.984080695436248,16.976217789733987,0.5822088955522239,3.2494124251291825,3.9249331031820653,0.1024487756121939,531,309,0.7754214000000275,0.08,0.71,309,8.24094358900004
S2,0.7,600,154,3.1814261050958272,8.787250397600749,16.88331118038986,0.7701149425287356,2.2280829471553765,3.792866953709826,0.33383308345827084,534,348,0.770484281999984,0.58,0.77,348,8.273456001
S2,0.7,600,155,3.068568636180934,13.231414680804523,16.540349330105087,0.1889055472263868,1.853584031830497,3.880884547446591,0.4707646176911544,540,387,0.8190746490000151,0.86,0.36,540,8.267825233000053
S2,0.7,600,156,3.1948248683553997,11.995974239488135,17.345914407621326,0.3288355822088955,4.280080996419761,3.792966679941049,0.026486756621689155,447,447,0.774094697999999,0.02,0.33,447,8.324080360000039
S2,0.7,600,157,3.0788340112148815,16.06107739948141,16.356132437406224,0.059470264867566215,6.633748166048206,3.7327372742503475,0.001999000499750125,540,342,0.7847321160000433,0.01,0.09,342,5.995763339000007
S2,0.7,600,158,3.1001697800508405,8.862434494983214,16.612554888738426,0.736631684157921,2.6044918930917893,3.6985641550573183,0.21639180409795103,540,300,0.8123140399999897,0.15,0.79,321,8.340543103000016
S2,0.7,600,159,3.142786976413807,11.764041102469001,16.67368292670203,0.37031484257871067,6.252236750386016,3.8354822313452606,0.0014992503748125937,489,306,0.7879616079999892,0.03,0.5,306,8.451463190000027
S2,0.7,600,160,3.103494635349241,14.866298767897026,16.181498603809676,0.10494752623688156,3.392658216407122,3.762320971996554,0.08395802098950525,66,390,0.8076398250000238,0.12,0.15,390,8.308551667000017
S2,0.7,600,161,3.1204951785701485,18.014465653139766,17.094804434257387,0.031484257871064465,4.478757125692648,3.8733366007861263,0.02448775612193903,75,390,0.8039767400000528,0.02,0.04,75,8.45517655599997
S2,0.7,600,162,3.1745051863803195,15.023654139692264,16.367948253407913,0.10044977511244378,7.2435963441800535,3.7920186527554245,0.0014992503748125937,486,330,0.8040818050000098,0.01,0.15,351,8.404197073000034
S2,0.7,600,163,3.22299752998344,13.639506851064368,16.62624499642089,0.18990504747626186,9.891910959023722,3.767142523868077,0.0004997501249375312,510,330,0.7777865289999681,0.01,0.27,324,8.414314607999984
S2,0.7,600,164,3.07131621626654,13.218077021972288,16.435733387827767,0.17791104447776113,4.791338265469213,3.850531388448185,0.019490254872563718,516,294,0.8116123450000146,0.24,0.31,330,5.103695893999998
S2,0.7,600,165,3.1001697800522794,14.556093112857504,16.66927586710266,0.10794602698650675,8.202710197476527,3.831989477808695,0.0004997501249375312,417,306,0.7290937340000028,0.01,0.16,327,8.489469959000019
S2,0.7,600,166,3.0397749749694833,13.17198799238555,15.861696994710973,0.19090454772613694,5.270467725499601,3.872554890330016,0.010494752623688156,459,318,0.7717921459999957,0.08,0.35,384,8.431195391000017
S2,0.7,600,167,3.1126228611009923,7.721339975771395,16.291857087837762,0.872063968015992,2.7171256101804353,3.861015607148405,0.1934032983508246,462,333,0.8085364099999879,0.19,0.9,333,8.651485309999998
S2,0.7,600,168,3.0299287590429698,10.063622454208756,16.07515379045527,0.5157421289355323,4.051929729545682,3.8903559194344757,0.0399800099950025,522,324,0.7783528360000105,0.13,0.61,351,8.485538233
S2,0.7,600,169,3.2393369364133733,8.320889419824422,16.945473221987765,0.8380809595202399,6.739759361028003,3.8170104146101456,0.0009995002498750624,351,315,0.7901180650000015,0.03,0.84,315,8.640529592999997
S2,0.7,600,170,3.09324616814101,18.164326741583523,16.565375182937593,0.025987006496751622,7.790460653311542,3.838738563305744,0.0004997501249375312,540,360,0.8156653870000241,0.01,0.02,360,8.652351141999986
S2,0.7,600,171,3.078834011212726,12.349304725558467,16.082539745916165,0.24287856071964017,5.125353081784576,3.721057456283703,0.008995502248875561,486,357,0.8232660500000293,0.07,0.4,357,8.515022310999996
S2,0.7,600,172,3.2194112974803297,10.235997711528132,17.008441833063344,0.5962018990504747,2.7294194797099838,3.746098981660749,0.18990504747626186,531,429,0.7987013910000087,0.07,0.65,429,8.491132864000008
S2,0.7,600,173,3.1318166053988854,16.697273722028772,16.608809059949337,0.04697651174412794,11.91872302584731,3.798462525853703,0.0004997501249375312,417,324,0.7983798729999876,0.01,0.11,321,8.409336258999986
S2,0.7,600,174,3.1768985584263865,11.290665348863467,16.8666316670437,0.4097951024487756,3.306480259524584,3.8222713086624913,0.09345327336331834,540,327,0.8281748640000046,0.09,0.56,366,8.539911089999976
S2,0.7,600,175,3.0397749749682097,19.07080535724025,16.21414820113885,0.014492753623188406,8.491226998919094,3.814610228548025,0.0004997501249375312,540,330,0.7986710109999535,0.01,0.02,336,8.432990642999982
S2,0.7,600,176,3.00950336010665,12.616695437764315,15.851283635294303,0.2178910544727636,2.5337689156391443,3.7887207738657134,0.2383808095952024,516,516,0.7891092580000532,0.26,0.3,516,8.450558995999984
S2,0.7,600,177,3.054273960426514,12.740137580414912,16.34049534303686,0.2223888055972014,1.4777685195711638,3.7857132454956886,0.6191904047976012,60,60,0.7744235270000104,0.66,0.29,60,8.395894391000013
S2,0.7,600,178,3.0070670188122484,16.860298614895108,16.483803536252786,0.0399800099950025,5.616980213909283,3.812486358113152,0.006496751624187906,531,336,0.7927631549999887,0.08,0.07,336,8.407646436999983
S2,0.7,600,179,3.160130322179038,11.103767269366932,16.583575699607433,0.42978510744627685,2.3730516209532304,3.826117148265672,0.28085957021489255,63,117,0.8100146790000053,0.59,0.51,117,8.393790007000007
S2,0.7,600,180,3.192962886391908,18.732221178937262,17.2658006851024,0.022988505747126436,6.804113388209212,3.8576102479790237,0.001999000499750125,540,321,0.7975793990000284,0.02,0.04,300,8.368884766999997
S2,0.7,600,181,3.2059086135958172,8.073671844143316,16.86867006043294,0.8600699650174912,4.2574488392434535,3.9527140799052995,0.03548225887056472,444,354,0.7784326930000134,0.2,0.84,354,8.421455037999976
S2,0.7,600,182,3.135563454286624,9.390881379632676,16.41101905972344,0.6591704147926037,3.55476275238809,3.78525684525738,0.06946526736631684,477,426,0.8093696189999946,0.12,0.71,423,6.502496628000017
S2,0.7,600,183,3.1881928688153867,13.711669764961785,17.09190122560795,0.1969015492253873,7.065438034271968,3.7995471679501818,0.0004997501249375312,483,333,0.5062342629999534,0.05,0.25,333,7.918831735000026
S2,0.7,600,184,3.0029592407044334,9.795530857706703,15.992135998846281,0.5502248875562219,7.986574383892971,3.8528783723110105,0.0004997501249375312,483,318,0.7735435519999783,0.03,0.68,303,8.395231421000005
S2,0.7,600,185,3.0509197341888363,9.734869870120077,16.534153456638997,0.585207396301849,3.7409155278259516,3.9004598453149497,0.05697151424287856,540,300,0.7814344430000233,0.03,0.7,300,8.458811163999997
S2,0.7,600,186,3.23002644265815,12.325092183278622,17.180435310853074,0.31784107946026985,2.769480209612884,3.746091523585535,0.1854072963518241,537,318,0.7893293390000053,0.43,0.42,318,8.538148583000009
S2,0.7,600,187,3.1498235661541116,18.083450968345307,16.605608130123542,0.020989505247376312,6.012185402103566,3.7807777228347277,0.0014992503748125937,501,318,0.7913332520000154,0.01,0.05,360,8.446811111999978
S2,0.7,600,188,3.070445532179385,11.809281360130218,16.337248249587027,0.30134932533733133,1.7878545670671995,3.936530457724936,0.4927536231884058,540,294,0.8055382910000048,0.57,0.46,294,8.67074154100004
S2,0.7,600,189,3.1526442171866833,17.568360209390782,16.972734602810366,0.037481259370314844,5.361044753531265,3.847449141882423,0.0069965017491254375,60,333,0.8167075430000068,0.01,0.04,330,8.751957613999991
S2,0.7,600,190,2.9295146089421653,7.097875779575198,15.777021141233584,0.8730634682658671,2.3471879056627283,3.870077190119501,0.3008495752123938,72,306,0.7803901130000099,0.56,0.94,366,8.695334747000004
S2,0.7,600,191,3.128137619384834,10.083413160961063,16.827681145872734,0.5747126436781609,7.873164223080297,3.8699201502029243,0.0009995002498750624,513,327,0.8091294879999964,0.02,0.59,339,8.59367972900003
S2,0.7,600,192,3.0754362585497144,9.610828346808955,16.594574863365242,0.6056971514242878,4.837688591476247,3.83711055628684,0.013493253373313344,60,342,0.8151232779999873,0.04,0.77,348,8.619522122000035
S2,0.7,600,193,3.1917842820020343,13.025021136388792,16.88862007170182,0.2368815592203898,6.92896386649286,3.8653159269888278,0.0009995002498750624,528,318,0.8386358920000134,0.01,0.3,333,8.525500507000004
S2,0.7,600,194,3.160130322177568,16.921559330262756,16.49161632343893,0.04597701149425287,7.390094266118031,3.864965348499715,0.0004997501249375312,513,345,0.801587679000022,0.01,0.06,345,8.389373425999963
S2,0.7,600,195,3.1917842820004494,11.408305281995219,17.01931500179393,0.41579210394802596,6.228219754219665,3.8516489025100715,0.0029985007496251873,537,336,0.7849237219999736,0.01,0.45,336,8.390152321000016
S2,0.7,600,196,3.1745051863803035,10.26986621454181,16.750614635418415,0.5482258870564718,5.357602018047138,3.7842514066945596,0.004997501249375313,537,342,0.8511231519999569,0.07,0.62,339,6.066101565999986
S2,0.7,600,197,3.1745051863812703,12.499905731593465,16.586573160363862,0.2818590704647676,3.766444995707918,3.8088166628859135,0.0544727636181909,537,294,0.5116430059999857,0.26,0.34,294,4.613804859999959
S2,0.7,600,198,3.1427869764133494,10.043598583365839,16.44459888026258,0.5817091454272864,3.876953643739474,3.7475608132401828,0.041979010494752625,540,306,0.7897073059999684,0.03,0.61,306,8.383199776000026
S2,0.7,600,199,3.1069264496785,10.557192597899263,16.76194463921743,0.48075962018990503,7.2921989640817575,3.8924853839890323,0.0014992503748125937,492,315,0.7932036840000478,0.03,0.5,321,8.319083722000016
S2,0.7,600,200,3.0542739604253613,10.440417745700083,16.314947727120504,0.47276361819090457,1.3080875200180153,3.775863478502405,0.6671664167916042,60,411,0.7763992019999932,0.74,0.61,144,8.489277300999959
S2,0.7,600,201,3.093246168140835,17.006868131035557,16.490920256157946,0.037481259370314844,9.086393939487508,3.828854133685751,0.0004997501249375312,477,315,0.7911109739999915,0.02,0.15,342,8.397358054999984
S2,0.7,600,202,3.0800592169071983,11.476599572122698,16.473442260157526,0.34132933533233384,5.114971512091408,3.8753124753946913,0.010994502748625687,525,327,0.7947597129999622,0.04,0.46,327,8.385784205999983
S2,0.7,600,203,3.2606004132895885,12.884020390930937,17.495955495806093,0.27636181909045476,5.831814922101002,3.788737612068309,0.0034982508745627187,540,348,0.7906645900000058,0.01,0.26,348,8.442477248000046
S2,0.7,600,204,3.2229975299835116,10.397895329728607,17.138205367651903,0.5527236381809095,3.5221942895057583,3.8582909995777324,0.079960019990005,483,336,0.5173618840000245,0.14,0.6,336,4.673164897999982
S2,0.7,600,205,3.238863925295355,13.674949500583491,17.239522651264142,0.20589705147426288,2.9757009741296008,3.8463258401503264,0.14442778610694654,540,309,0.551595739999982,0.13,0.24,309,4.766960952999966
S2,0.7,600,206,3.044107424938458,11.70442118494022,16.388918141147315,0.3308345827086457,3.354889664896661,3.9298748551849654,0.09345327336331834,540,339,0.7723006550000378,0.13,0.37,339,8.470269569000038
S2,0.7,600,207,3.0861392985720757,12.062316691243241,16.47760527951873,0.2938530734632684,4.6333384011512955,3.7719990763907014,0.022488755622188907,534,372,0.7909596089999695,0.17,0.48,375,8.342351704999999
S2,0.7,600,208,3.2013430826778717,13.017904438777249,17.09069771225488,0.2353823088455772,5.141201631960416,3.851261292516505,0.009495252373813094,462,330,0.7793892910000295,0.02,0.21,330,6.78866141200001
S2,0.7,600,209,3.1691318452109822,11.913804823447261,16.746783695460323,0.3583208395802099,2.7052498025001017,3.8865468793679785,0.1984007996001999,72,321,0.49339706799997884,0.04,0.45,321,6.2700492419999705
S2,0.7,600,210,3.135563454288804,17.28083920650017,16.834908125040663,0.04247876061969016,5.81885317454828,3.692362701028736,0.0029985007496251873,534,297,0.7945907540000121,0.02,0.08,357,8.37795333400004
S2,0.7,600,211,3.1634034467385,15.728301190691667,17.020152772747434,0.08345827086456771,4.459666789474307,3.8546711654537944,0.026986506746626688,540,309,0.7696948920000182,0.19,0.14,309,8.282747242000028
S2,0.7,600,212,3.082138615284649,11.375593841300201,16.796957697928747,0.3798100949525237,5.514967194573899,3.752851949022699,0.010994502748625687,426,399,0.7904615609999723,0.05,0.46,426,8.340727309999977
S2,0.7,600,213,3.1355634542884405,12.161038454512383,17.038049916111,0.2978510744627686,5.095517000854515,3.805781044119289,0.008995502248875561,528,321,0.8029612990000032,0.07,0.34,342,8.48069021699996
S2,0.7,600,214,3.191784281999987,11.436523590037437,16.59092580775,0.40729635182408797,1.7516899263427168,3.8638150361722525,0.49725137431284355,69,441,0.5006859519999693,0.59,0.5,363,7.984456738999995
S2,0.7,600,215,3.1200106679967314,15.237857652614867,16.57632866445777,0.09395302348825588,5.546823171344117,3.785281559492151,0.004997501249375313,537,396,0.7967296620000184,0.03,0.18,414,8.591872867999996
S2,0.7,600,216,3.1911871870522,14.839904009066764,17.038045392118295,0.1199400299850075,6.196422065898453,3.833956334707516,0.0009995002498750624,534,327,0.7818297439999924,0.02,0.15,327,8.526759242999958
S2,0.7,600,217,3.1034946353498496,8.767412127999448,16.677651035061626,0.7221389305347327,4.06577729144615,3.801427271077297,0.0399800099950025,540,312,0.8062618759999509,0.1,0.81,345,8.459032051000008
S2,0.7,600,218,3.120495178571535,9.349190876066467,16.827271912396238,0.6696651674162919,0.722632208356298,3.7696892773212447,0.889055472263868,528,528,0.7993981479999661,0.89,0.69,528,8.61526114000003
S2,0.7,600,219,3.219411297481574,24.232021997027044,16.871197804944707,0.001999000499750125,9.556335728521212,3.7807500496181072,0.0004997501249375312,462,462,0.764330770000015,0.01,0.04,462,8.377063308000004
S2,0.7,600,220,3.0881068866123984,13.248506186539023,16.601019519506924,0.18240879560219891,6.8713767516070074,3.885975800756898,0.001999000499750125,516,321,0.791830229000027,0.01,0.31,330,8.143618765999975
S2,0.7,600,221,3.310185123407606,19.059784964428136,17.162147655457762,0.0239880059970015,4.495495622476399,3.776970583442086,0.02148925537231384,525,381,0.4994237999999882,0.1,0.07,522,4.606749547999982
S2,0.7,600,222,3.1250052315472883,9.247904487650077,16.526328985894782,0.6711644177911045,2.5850063458481998,3.825829147563901,0.22288855572213892,474,408,0.8039604139999597,0.28,0.78,300,8.489013725000007
S2,0.7,600,223,3.1768985584259863,17.250472004320567,17.091216426652025,0.046476761619190406,3.275945536835491,3.838151824138061,0.10494752623688156,540,330,0.7871581230000402,0.01,0.06,330,8.380479538000031
S2,0.7,600,224,3.1814261050955253,9.307496520380871,16.8674843548862,0.6931534232883558,3.9220140972486957,3.8400621010703024,0.04547726136931534,540,321,0.7711025090000021,0.05,0.71,321,8.373540877999972
S2,0.7,600,225,3.1427869764132024,13.191423188512765,16.278274173959225,0.2063968015992004,6.327276831473698,3.8021935951113592,0.0029985007496251873,522,324,0.7922254669999802,0.1,0.33,324,8.415975103999983
S2,0.7,600,226,3.1844445404417434,8.72807527502975,16.765168763937854,0.7811094452773614,4.301437690407301,3.829822497824166,0.026986506746626688,444,291,0.5410971510000309,0.2,0.78,291,7.688026906999994
S2,0.7,600,227,2.9985702404019725,13.731140682178939,15.8557166842242,0.13043478260869565,5.897537652240877,3.81214003502209,0.00399800099950025,66,339,0.782850567999958,0.16,0.27,339,8.561866253999938
S2,0.7,600,228,3.100169780053901,6.731926614856547,16.230571126236203,0.9555222388805598,0.9107101098561959,3.842578970970551,0.8340829585207397,510,465,0.7883449770000084,0.92,0.98,438,8.675410134000003
S2,0.7,600,229,3.1135337550053315,10.410487482328271,16.77602798877289,0.519240379810095,2.317797316273085,3.9098366520950187,0.2798600699650175,492,465,0.8047936479999862,0.58,0.6,465,8.64528278900002
S2,0.7,600,230,3.128137619388667,10.162726769327259,16.623567270300015,0.5662168915542228,3.690353065428736,3.8111813755864756,0.05647176411794103,498,303,0.8049266539999849,0.04,0.57,351,8.59601298199999
S2,0.7,600,231,3.1917842820004996,16.04347745192838,16.570561251295867,0.06296851574212893,2.404053430802658,3.8392528551658036,0.2638680659670165,540,540,0.7862153349999517,0.24,0.1,306,8.517784482000025
S2,0.7,600,232,3.1881928688151335,14.681092832893569,16.662377695807372,0.13193403298350825,5.275157497825797,3.9036388741880512,0.0079960019990005,495,306,0.7960893380000016,0.01,0.15,306,8.416816184999902
S2,0.7,600,233,3.1200106679984216,10.68008222021322,16.4342033715454,0.4867566216891554,4.006550021814086,3.872753183589882,0.043478260869565216,60,303,0.7865129059999845,0.11,0.54,330,7.13014904399995
S2,0.7,600,234,3.110860099499158,12.721354463458232,16.44476486930222,0.23388305847076463,6.086225035107739,3.8702519020142883,0.001999000499750125,540,333,0.5040643429999818,0.01,0.3,327,4.931232350999949
S2,0.7,600,235,3.3151596518541586,12.064153682378524,17.295351468788887,0.38330834582708645,9.74792258936603,3.758521913130606,0.0004997501249375312,339,327,0.5187149810000165,0.01,0.39,339,8.354622710000058
S2,0.7,600,236,3.239336936412427,13.008021440423043,16.818248137774894,0.24587706146926536,1.971021626862427,3.8615503274636827,0.4027986006996502,540,468,0.799199276999957,0.68,0.35,468,8.53741884200008
S2,0.7,600,237,3.0468178709740013,11.576966593279534,16.478346972893714,0.3543228385807096,2.130558292966417,3.8095014338776734,0.36031984007996004,528,498,0.7881797599999345,0.6,0.52,498,8.589268597
S2,0.7,600,238,3.2300264426594545,10.859928725964211,16.835315693243903,0.5007496251874063,5.66784879890535,3.792879691733819,0.0074962518740629685,525,327,0.7851616230000218,0.02,0.56,306,8.578630761
S2,0.7,600,239,3.3209902632543917,8.959468210034432,17.186165306233196,0.7916041979010495,1.8547865542758866,3.929669805163378,0.45077461269365315,534,195,0.5180549799999881,0.31,0.81,189,5.459742066000047
S2,0.7,600,240,3.16013032217856,13.352929295275002,16.751379750807853,0.2013993003498251,5.572839331476417,3.812590282323638,0.004497751124437781,441,318,0.7840742700000192,0.05,0.22,441,8.500958067999932
S2,0.7,600,241,3.135563454288161,12.138909143052283,16.83746784034389,0.30634682658670664,6.587935406011621,3.7990170760760145,0.001999000499750125,525,306,0.807599820000064,0.02,0.34,345,8.454634817000056
S2,0.7,600,242,3.1355634542887234,10.591447022992531,16.54962417947759,0.4867566216891554,2.416740224009407,3.825467740648182,0.2673663168415792,66,330,0.8235984479999843,0.11,0.61,330,8.680334972000082
S2,0.7,600,243,3.0932461681424113,11.4105757424667,16.427773139471633,0.36281859070464767,5.758573240830135,3.8386065091642734,0.004997501249375313,531,360,0.8199369899999738,0.02,0.43,345,8.678434505999917
S2,0.7,600,244,3.184898611064998,6.573198860828265,16.679691323004814,0.9695152423788106,2.994191352267272,3.7650607777383334,0.12843578210894552,528,300,0.7835344220000025,0.34,0.96,303,8.332931239000004
S2,0.7,600,245,3.106926449679279,12.919147494125612,16.660046685872913,0.20389805097451275,8.494302014787822,3.7937080029868575,0.0004997501249375312,495,309,0.7799087920000147,0.01,0.28,327,8.33936651199997
S2,0.7,600,246,3.2242201537221384,10.031231956501957,17.06702332667728,0.6191904047976012,2.878189392340506,3.884753267988368,0.16241879060469766,534,315,0.8062643319999552,0.09,0.57,306,8.634088848000033
S2,0.7,600,247,3.075436258552033,7.342854582100073,16.44250287413872,0.8915542228885557,3.5979679527779638,3.819437515412504,0.07146426786606697,429,375,0.8112628940000377,0.19,0.93,375,8.577661420000027
S2,0.7,600,248,3.176585479165648,15.233742881635973,17.216337890333214,0.10394802598700649,3.6443016208136685,3.8148259510508096,0.07396301849075462,537,345,0.8172699739999416,0.15,0.14,363,8.605016120000073
S2,0.7,600,249,3.2157930252593245,15.358449418237278,17.193567942642385,0.10344827586206896,10.497931339755285,3.8071524195320667,0.0004997501249375312,537,312,0.8066602349999812,0.01,0.13,312,8.421797287000004
S2,0.7,600,250,3.104508373803125,7.716807222599834,16.48186615491201,0.8620689655172413,2.6556360193242297,3.769131909125463,0.20189905047476261,60,306,0.8130057509999915,0.29,0.9,306,8.41489295200006
S2,0.7,600,251,3.212728078041909,8.598574517205034,16.91587608441162,0.7986006996501749,3.5238166494497345,3.749640308653091,0.07196401799100449,507,351,0.7847428559999798,0.14,0.83,351,7.264168298999948
S2,0.7,600,252,3.0713162162641723,13.720572757153818,16.37446201430537,0.16841579210394803,2.7331197981702315,3.7913283001782987,0.1889055472263868,540,93,0.797971103000009,0.37,0.31,93,8.267049334000035
S2,0.7,600,253,3.1427869764138694,13.343778396209531,16.770657248158436,0.2098950524737631,8.70876268883785,3.7850252373290654,0.0004997501249375312,507,315,0.7976705770000763,0.03,0.36,318,7.934585389000063
S2,0.7,600,254,3.0932461681416434,10.30280720065152,16.38341899756042,0.5157421289355323,6.956470779512012,3.838455325018645,0.0009995002498750624,465,297,0.8165388969999867,0.03,0.62,297,8.385873645999936
S2,0.7,600,255,3.1674121490806106,10.132828157765468,16.41864374561282,0.5507246376811594,2.2112782129610475,3.828352274507807,0.32983508245877063,102,306,0.7873040589998936,0.56,0.6,102,8.338876869999922
S2,0.7,600,256,3.100169780052312,17.50510308683296,16.863848736326688,0.038980509745127435,6.960722951003914,3.868994323873601,0.0009995002498750624,540,321,0.7907513019999897,0.01,0.04,411,8.388399691999894
S2,0.7,600,257,3.142786976414325,10.110277584225376,16.55278333690933,0.5642178910544727,3.832683122349711,3.7476457082256625,0.04397801099450275,531,312,0.792431061000002,0.07,0.6,312,8.599118187000045
S2,0.7,600,258,3.1674121490800182,12.10388736095957,16.661367201259214,0.31584207896051975,3.6151812092969213,3.7803840648850313,0.06346826586706647,528,309,0.4880479749999722,0.07,0.38,399,4.642035439999972
S2,0.7,600,259,3.2536776736792272,11.762639603144004,16.901319235230922,0.37881059470264866,9.237186096335696,3.926492267003328,0.0004997501249375312,351,324,0.5089426619999813,0.01,0.54,342,4.661503113000094
S2,0.7,600,260,3.0468178709737717,11.164698189337177,16.389550433407326,0.3758120939530235,5.575398733177355,3.7341507416927846,0.005497251374312844,537,351,0.7727571100000432,0.01,0.39,303,8.430998562000013
S2,0.7,600,261,3.113533755005706,11.258342268781803,16.714208945215617,0.40679660169915044,2.3416329639274784,3.8084528785136627,0.27936031984008,516,303,0.8082810009999548,0.5,0.47,303,8.49403378999989
S2,0.7,600,262,3.014916982442099,10.331305148009315,16.226769080519983,0.48125937031484256,1.8173431369870556,3.916358401423713,0.47226386806596704,540,114,0.7835213960000829,0.79,0.61,114,8.563189872000066
S2,0.7,600,263,3.1069264496784714,15.019752528742071,16.45106039279777,0.09895052473763119,5.665864777327328,3.8042491110733048,0.00399800099950025,537,300,0.8096635709999873,0.01,0.14,303,8.46180124099999
S2,0.7,600,264,3.103494635350886,17.937108269168537,16.691533855287876,0.029985007496251874,5.602274396447878,3.928382755331933,0.00399800099950025,534,300,0.5059722239999473,0.06,0.05,315,6.511958967999931
S2,0.7,600,265,3.1250052315454195,10.95069274148389,16.737786606785328,0.45077461269365315,2.9806431937542905,3.837264666696419,0.14142928535732133,60,309,0.7931007149999232,0.23,0.42,321,8.416177808000043
S2,0.7,600,266,3.046817870973125,12.061914246437897,16.10279189420367,0.26936531734132935,9.239809179951997,3.9175876826099367,0.0004997501249375312,534,303,0.8000264620000053,0.01,0.51,294,8.375802500999953
S2,0.7,600,267,3.163588273435763,11.928406220039944,16.914150553108165,0.3308345827086457,7.575597675810096,3.884007972189989,0.0004997501249375312,459,345,0.771862552000016,0.01,0.36,330,8.40930997800001
S2,0.7,600,268,3.0861392985770575,10.862013018738216,16.230014324567996,0.4362818590704648,2.8384415377007652,3.7516387580866977,0.1664167916041979,534,405,0.7883662720000757,0.34,0.58,405,8.471204889999967
S2,0.7,600,269,3.1601303221784076,9.565143102615314,17.12242452343834,0.6511744127936032,3.117677301596962,3.8497771129312954,0.12893553223388307,462,408,0.7971444329999713,0.23,0.8,408,5.642984374999969
S2,0.7,600,270,3.191784282001438,11.062773264317844,16.837966759736254,0.45077461269365315,8.086666087450562,3.6537362199555936,0.0004997501249375312,516,327,0.7909617159999698,0.01,0.57,327,8.479196235000018
S2,0.7,600,271,3.1498235661555025,11.316436056801724,16.97725861572823,0.424287856071964,7.826528704256009,3.8561389434228697,0.0004997501249375312,372,285,0.7998683419999679,0.02,0.58,369,8.316783380999937
S2,0.7,600,272,3.120495178571661,12.113445262394881,16.583727671002215,0.30434782608695654,6.793040711409823,3.9186368449038325,0.0009995002498750624,474,378,0.7749585059999617,0.01,0.34,345,8.32843531200001
S2,0.7,600,273,3.1844445404427355,17.220184583522514,16.827284203317422,0.0399800099950025,6.062939713490503,3.8030140689728316,0.0029985007496251873,498,333,0.7813101699999834,0.01,0.06,330,8.384718025999973
S2,0.7,600,274,3.3137573501064495,13.96921343996835,17.153144494910926,0.19790104947526238,3.9808517062989055,3.719043426589408,0.04097951024487756,531,327,0.7799780450000071,0.02,0.19,327,8.293674346999978
S2,0.7,600,275,3.0713162162638237,6.489711121338765,16.14853598525327,0.9565217391304348,5.407570584467436,3.77181001519376,0.005497251374312844,537,306,0.7872758559999511,0.36,0.99,306,7.597644872000046
S2,0.7,600,276,3.201343082677317,13.105857438749043,16.915856820518556,0.21639180409795103,3.253268752164433,3.798947009347965,0.10194902548725637,540,363,0.7754967029999307,0.18,0.3,360,8.33845493299998
S2,0.7,600,277,3.1180252079705615,18.306305451560867,16.867782632497295,0.02948525737131434,3.037549867050345,3.7375815250387396,0.136431784107946,540,540,0.788419752999971,0.11,0.06,540,8.448940894999964
S2,0.7,600,278,3.1370026317424395,13.948093946348905,16.93591593975286,0.1794102948525737,4.311994165902378,3.8748564259475913,0.02948525737131434,489,330,0.532561998999995,0.11,0.22,330,5.442864539000084
S2,0.7,600,279,3.1281376193859223,10.931174296033115,16.683289857673433,0.42828585707146427,2.8534241033888432,3.8668498143505716,0.16541729135432284,540,432,0.7914659299999585,0.36,0.46,432,8.667169971000021
S2,0.7,600,280,3.1674121490818647,14.510600607218976,16.922476816175372,0.14392803598200898,5.547789740264717,3.8546775210020083,0.006496751624187906,528,378,0.7936392999999953,0.01,0.28,378,8.327602917000036
S2,0.7,600,281,3.0542739604257414,8.537768620938026,16.52303347684286,0.7526236881559221,4.0416373750002395,3.897929160438185,0.041979010494752625,84,354,0.7704200709999895,0.08,0.91,354,8.506093794000094
S2,0.7,600,282,3.0713162162646457,14.073905166260126,16.261415061600214,0.12593703148425786,6.324303533508748,3.7577820813937284,0.0009995002498750624,450,351,0.8232884130000002,0.01,0.2,384,8.66229776900002
S2,0.7,600,283,3.2368979736874928,6.1331916546055965,17.139817797238692,0.9910044977511244,2.5075290325450212,3.8463085215332473,0.23738130934532733,540,321,0.79547483500005,0.32,1.0,321,7.110219890999929
S2,0.7,600,284,3.156689777410961,8.238603621684867,16.651913119703423,0.84007996001999,2.664287444946249,3.7790316763698555,0.20389805097451275,525,366,0.837098578999985,0.51,0.88,366,8.66020821799998
S2,0.7,600,285,3.2194112974823854,14.258230880422689,16.94291839717045,0.1634182908545727,5.225951778539834,3.715128105622602,0.0069965017491254375,492,381,0.8159205429999474,0.29,0.36,381,8.59134468000002
S2,0.7,600,286,3.2318836014837333,6.928115025342035,16.945728704027367,0.9505247376311844,1.4103345191911492,3.8431776416872903,0.6496751624187906,60,417,0.8028928420000057,0.71,0.98,339,8.74684259500009
S2,0.7,600,287,3.1135337550071696,7.537710382616468,16.599207122919104,0.8840579710144928,5.861856000662122,3.8567622081574973,0.00399800099950025,60,330,0.8219250480000255,0.05,0.92,330,8.506119934000026
S2,0.7,600,288,3.225979398645452,8.639468953884181,16.582230267629104,0.7981009495252374,3.6416148854732615,3.8487632039248445,0.06646676661669165,483,294,0.7910160449999921,0.25,0.73,294,8.422222026999975
S2,0.7,600,289,3.037115412483359,18.171915680959433,16.551858283306167,0.02798600699650175,4.151775252605737,3.749039780379042,0.03398300849575212,522,522,0.7925395339999568,0.05,0.02,522,8.455404595999994
S2,0.7,600,290,3.1427869764145115,14.862301341448179,16.769488456329622,0.11944027986006997,5.009240252257079,3.806738645329309,0.0079960019990005,534,369,0.8220323709999775,0.02,0.09,369,8.491405310999994
S2,0.7,600,291,3.1204951785713524,9.954444648206593,16.301913800639316,0.5742128935532234,1.3073030627328432,3.694990037703905,0.7146426786606697,537,303,0.8308152780000455,0.95,0.7,129,6.240971138999953
S2,0.7,600,292,3.156689777411562,14.661534361093723,16.80948375469542,0.1294352823588206,2.343447533447041,3.782869384318471,0.27386306846576713,63,300,0.5579370189999509,0.35,0.28,81,5.966536754000003
S2,0.7,600,293,3.110860099498999,8.966708641016172,16.061749793270796,0.7276361819090454,2.7400238555495133,3.732663156794074,0.1969015492253873,60,345,0.7878808840000602,0.44,0.81,345,8.30395988600003
S2,0.7,600,294,3.1034946353533646,12.695959339968942,16.578953281574517,0.2413793103448276,5.893686907824771,3.8194609140105653,0.0029985007496251873,60,309,0.8088179899999659,0.14,0.39,309,8.364183252000089
S2,0.7,600,295,3.208396029979901,13.868493098276018,16.696424410212725,0.15742128935532235,4.945883221636227,3.887708538664904,0.013493253373313344,540,312,0.5118247340000153,0.15,0.35,357,5.169903686999987
S2,0.7,600,296,3.046817870975002,9.51292996514863,16.428727410033307,0.6196901549225388,4.257642706587855,3.8456021457065157,0.031484257871064465,66,324,0.7886094979999143,0.2,0.72,324,8.28416577300004
S2,0.7,600,297,3.1601303221777557,14.316964174928353,16.63829062296547,0.1359320339830085,3.9736426829440767,3.769167841047811,0.03948025987006497,519,306,0.7913241669999707,0.03,0.17,306,8.441444416000081
S2,0.7,600,298,3.21272807804233,16.422138529514992,16.963940551288463,0.06496751624187906,4.4436855995404,3.787983264994429,0.020989505247376312,528,447,0.7700485890001119,0.14,0.11,447,8.256100543999992
S2,0.7,600,299,3.0542739604289215,14.27858199744793,16.52750338672905,0.12093953023488256,6.628288798612131,3.8520300415024504,0.0009995002498750624,60,348,0.7746096099999704,0.01,0.21,348,8.555441733000066
S2,0.7,600,300,3.131816605398962,12.314424950196836,16.48779356661355,0.2723638180909545,4.740914137665842,3.8918532168858713,0.018490754622688656,477,438,0.7826145410000436,0.02,0.42,435,8.27297903300007
S2,0.7,600,301,3.212728078043416,18.891703145644037,17.33637242842778,0.02848575712143928,9.689733401338904,3.7729730449410095,0.0004997501249375312,483,330,0.7980849550000357,0.01,0.04,333,8.500232324999956
S2,0.7,600,302,3.1929628863914608,10.387916658418757,16.837605330417805,0.5547226386806596,6.520523666577716,3.751121895234332,0.0014992503748125937,534,324,0.7024929350000093,0.05,0.57,372,4.748397442999931
S2,0.7,600,303,3.1069264496788795,14.260483351653518,16.45823348911995,0.13543228385807096,3.9910163178308253,3.829842925145919,0.04247876061969016,489,489,0.5025967090000449,0.12,0.18,489,5.393892646999916
S2,0.7,600,304,3.0509197341892453,8.559026889155403,16.442963055943345,0.7606196901549226,3.55769484871479,3.8421757820890488,0.07446276861569215,69,336,0.7924653210000088,0.11,0.8,327,7.3158711570000605
S2,0.7,600,305,3.2318836014842214,12.58390671971365,17.19073292990981,0.2863568215892054,2.233673900041333,3.8296973669768257,0.3148425787106447,540,357,0.5172510469999452,0.28,0.23,357,6.470649263000041
S2,0.7,600,306,3.110860099498104,14.36182405342693,16.389625439071157,0.12643678160919541,1.9869546778266665,3.7804013233166214,0.4122938530734633,540,534,0.786738860000014,0.56,0.15,216,8.422516367999947
S2,0.7,600,307,3.1814261050955213,19.567081197761585,16.88057850365224,0.01649175412293853,6.498434608339055,3.85079099367235,0.0009995002498750624,519,300,0.7898214710000957,0.01,0.02,378,8.411361680000027
S2,0.7,600,308,3.1634034467379046,19.621460781543405,16.885803705941704,0.015992003998001,3.6827335915391957,3.8402167188911784,0.06096951524237881,540,75,0.7937148700000307,0.16,0.03,75,8.488561247999996
S2,0.7,600,309,3.2013430826777585,18.86398770802496,16.54442070125125,0.019490254872563718,3.296179084197623,3.726917884351879,0.09145427286356822,540,540,0.7739532900000086,0.09,0.02,408,8.501143837000086
S2,0.7,600,310,3.0685686361812223,7.096077567069927,16.537549940214397,0.9000499750124937,6.165222435925381,3.836008857593843,0.0034982508745627187,498,303,0.7970536840000477,0.02,0.92,303,8.700693304999959
S2,0.7,600,311,3.290576756990331,15.679975248891434,17.43688913634147,0.09845077461269365,2.70782184871654,3.769808526703675,0.20589705147426288,63,504,0.7963399619999336,0.3,0.14,504,8.527265134999993
S2,0.7,600,312,3.1699838269337928,12.660221138032652,16.55985707736393,0.2493753123438281,4.653687353127173,3.9008565236242885,0.01999000499750125,60,321,0.7874478300000192,0.09,0.27,321,8.63196829399999
S2,0.7,600,313,3.1917842820019406,12.090489735058757,16.840770946211517,0.3313343328335832,10.502765485534589,3.936174562273462,0.0004997501249375312,405,303,0.802571338000007,0.01,0.39,303,6.397200391000069
S2,0.7,600,314,3.167412149081126,8.486442475754286,16.731667403945448,0.7901049475262368,2.844624047682424,3.9169000284754416,0.16141929035482258,81,324,0.795591628000011,0.24,0.83,339,8.58877113299991
S2,0.7,600,315,3.2127280780427143,11.115031360523753,17.064532154406525,0.46276861569215394,3.796414556434145,3.836934469321135,0.053973013493253376,78,333,0.7866453979999051,0.14,0.52,333,8.377518466999959
S2,0.7,600,316,3.156689777411502,11.1333898656996,17.125974659539036,0.43778110944527737,4.057247854430698,3.860254887820047,0.037481259370314844,60,324,0.7823090289999755,0.06,0.41,324,7.777713845999983
S2,0.7,600,317,3.2871229233278054,19.19245124839765,17.586989174169013,0.025987006496751622,5.26708062898343,3.832853247387556,0.006496751624187906,537,336,0.5483743700000332,0.07,0.01,339,7.313216917999966
S2,0.7,600,318,3.2502491394416375,8.682314316370471,17.466751009749427,0.815592203898051,0.30826445218274523,3.783575423243433,0.9740129935032483,534,486,0.7792826799999375,1.0,0.88,516,8.385614580000038
S2,0.7,600,319,3.174505186378693,15.164898727915268,16.9100225536767,0.10644677661169415,4.844535234447785,3.846014795395044,0.008995502248875561,507,372,0.7885169420000011,0.03,0.24,411,8.550220115999991
S2,0.7,600,320,3.1108600994980113,12.130661671566987,16.078216653064334,0.3008495752123938,2.7474632726567325,3.8661724034164497,0.18590704647676162,540,303,0.49007786300001044,0.69,0.4,267,5.185510950999969
S2,0.7,600,321,3.149823566154746,11.442961632275066,16.773540822639525,0.3773113443278361,8.685950327386907,3.7754475768051607,0.0004997501249375312,63,306,0.5393364010000141,0.01,0.44,309,5.1455373999999665
S2,0.7,600,322,2.979698928376947,20.236458057203766,16.257807726622293,0.008995502248875561,8.055907753398014,3.894460653533977,0.0014992503748125937,528,321,0.7701676530000441,0.01,0.01,378,8.524380707999967
S2,0.7,600,323,3.1108600994976126,10.383537998296868,16.84960513127524,0.49225387306346824,5.154887677214674,3.8104347351645576,0.009995002498750625,540,294,0.7942186039999797,0.01,0.61,318,8.425066284999957
S2,0.7,600,324,3.205908613596921,20.933321634264285,16.804543452943783,0.0079960019990005,8.127776475109185,3.7662913528489064,0.0004997501249375312,510,345,0.7882246940000641,0.01,0.02,345,8.416578501999993
S2,0.7,600,325,3.1250052315476657,21.520624738315053,16.57240535408833,0.0024987506246876563,9.425407388727455,3.738168912317525,0.0004997501249375312,540,324,0.7948603060000323,0.01,0.02,318,8.32103559099994
S2,0.7,600,326,3.0555917325352473,17.313609047930473,16.46146207515489,0.03698150924537731,3.5678118342273044,3.8576530541037455,0.07646176911544228,528,525,0.7704449499999555,0.09,0.05,525,8.499139978000017
S2,0.7,600,327,3.078834011216317,15.544680257460023,16.61316251115287,0.0734632683658171,8.204617544791686,3.7487686252657397,0.0004997501249375312,528,303,0.7908419489999687,0.01,0.11,366,8.553159863000019
S2,0.7,600,328,3.152883407147065,12.803889515908633,16.849831631973135,0.25537231384307846,5.902603270843899,3.8156447477244684,0.0014992503748125937,540,312,0.7893689679999625,0.02,0.31,312,8.428359956000008
S2,0.7,600,329,3.167412149082071,13.78665621468618,16.863800620188062,0.1584207896051974,2.9552138087678355,3.856498826120099,0.1504247876061969,63,102,0.7903786399999717,0.27,0.21,105,6.9780074939999395
S2,0.7,600,330,3.0225335802789908,9.771896511071924,16.25169932187984,0.5722138930534733,3.7982473665349454,3.8209229412689685,0.05247376311844078,60,351,0.7837742919999755,0.03,0.66,330,8.35480945800009
S2,0.7,600,331,3.1566897774129803,19.09347842511071,16.492368812311188,0.017491254372813594,7.960716404380269,3.825941718351232,0.0004997501249375312,525,351,0.7949312199999667,0.01,0.06,351,8.497998539000037
S2,0.7,600,332,3.0932461681418553,16.734851405010033,16.82692468635528,0.051974012993503245,7.827658666736216,3.887171916633154,0.0004997501249375312,522,321,0.5678422049999199,0.04,0.1,288,5.046205096999984
S2,0.7,600,333,3.0932461681417287,14.862988268266928,16.583762562818208,0.11144427786106946,4.3016520829205565,3.692404686143103,0.025487256371814093,537,351,0.8044583909999119,0.08,0.18,330,8.499091819
S2,0.7,600,334,3.100169780052836,11.412506226104515,16.579510641634435,0.36681659170414793,6.944376789424056,3.849018784594431,0.0009995002498750624,531,312,0.5051648930000283,0.07,0.48,312,6.511560630999952
S2,0.7,600,335,3.16741214908174,11.659589166739645,16.604579602872484,0.35582208895552225,3.962876589336659,3.804747117665032,0.04547726136931534,534,324,0.7972388050000063,0.11,0.38,324,8.600687212000025
S2,0.7,600,336,3.125005231547516,12.963072229634184,16.29916040252919,0.223888055972014,4.106931510876884,3.843197166660978,0.03798100949525238,531,303,0.8000951180000584,0.4,0.36,300,8.486527889000058
S2,0.7,600,337,3.068568636181325,12.857116360190176,16.510545364630712,0.22338830584707647,6.9946823023097275,3.821690212112992,0.0009995002498750624,516,351,0.7967817070000365,0.01,0.27,351,8.42334400499999
S2,0.7,600,338,3.0886931539962768,10.820645797537919,16.606333323462685,0.4447776111944028,4.2490860783528,3.815422139317205,0.03298350824587706,525,321,0.8214526130000195,0.05,0.57,321,7.840408154000102
S2,0.7,600,339,3.1427869764145164,8.54905843713592,16.425309910573365,0.792103948025987,4.885589692992724,3.7744126069380886,0.01199400299850075,537,327,0.4944882319999806,0.02,0.77,297,6.649627915999986
S2,0.7,600,340,3.10016978005347,12.07496911938007,16.327458034706368,0.3053473263368316,1.3410368963201278,3.780271768562369,0.6856571714142928,60,348,0.8110599939999474,0.75,0.43,348,8.681555532999937
S2,0.7,600,341,3.0299287590431816,11.299534239101577,16.478409413734447,0.3618190904547726,6.29510488479424,3.7728499707003498,0.0014992503748125937,537,327,0.7934574899999234,0.04,0.53,336,8.190661449000004
S2,0.7,600,342,3.230961595195658,10.953790423440752,16.821065819521692,0.47876061969015493,5.059540431191686,3.8856812231492857,0.009495252373813094,540,318,0.8006228179999653,0.24,0.5,318,8.380248195999911
S2,0.7,600,343,3.1917842820017714,17.344904088963133,16.80745321118899,0.0399800099950025,7.6431903605385605,3.781689053282047,0.0009995002498750624,438,435,0.8070713150000302,0.02,0.07,435,8.620566580000059
S2,0.7,600,344,3.086139298575762,15.050006060715644,16.01783686334672,0.09095452273863068,6.865365330543366,3.80256576665127,0.0004997501249375312,540,354,0.8038154460000442,0.02,0.21,354,8.580230957999902
S2,0.7,600,345,3.1370026317441075,13.65018266386729,16.622189800469393,0.18640679660169915,4.191380805092288,3.8826775867160044,0.033483258370814596,540,342,0.8041693449999912,0.16,0.2,342,8.485780071000022
S2,0.7,600,346,3.152644217184997,12.151053035754773,16.590155866140744,0.29035482258870565,2.8374921800352264,3.683098846271078,0.16991504247876063,507,498,0.7954392660000167,0.26,0.3,357,8.558727568999984
S2,0.7,600,347,2.9962546193792026,10.274217651364882,16.134902416414537,0.4862568715642179,2.291978152943286,3.8230544405426485,0.30334832583708143,519,321,0.7936992030000738,0.45,0.57,321,8.506910783999956
S2,0.7,600,348,3.215793025260341,13.433626839548722,16.838001692270126,0.22038980509745126,4.84844991838497,3.8223624390379194,0.013993003498250875,507,300,0.791777948999993,0.19,0.32,282,8.599535193999941
S2,0.7,600,349,3.1745051863801454,13.522283347372062,16.80683393257209,0.19740129935032483,2.035003935347389,3.8909400354122194,0.39430284857571213,540,291,0.782156261999944,0.58,0.22,291,8.484424157000035
S2,0.7,600,350,3.1281376193864285,12.0189755949186,16.722136143681666,0.3263368315842079,2.2956364095033344,3.855549496447892,0.2993503248375812,528,174,0.8128522619999785,0.56,0.37,231,8.390114183999913
S2,0.7,600,351,3.1745051863804057,7.680113438794667,16.75423548365014,0.9025487256371814,3.17468794795226,3.8336792706458027,0.11744127936031984,534,348,0.7927954389999741,0.72,0.92,348,8.656901208000022
S2,0.7,600,352,3.149823566154849,14.517769530335453,16.738126457375497,0.12893553223388307,6.282689631800193,3.7433653137039316,0.0014992503748125937,528,315,0.796134219999999,0.04,0.26,315,8.422130536000054
S2,0.7,600,353,3.1427869764129097,13.708693363501395,16.681824211359334,0.16891554222888555,7.362115729840467,3.88965818766654,0.0004997501249375312,480,330,0.8231478360000892,0.01,0.17,321,8.785257725000065
S2,0.7,600,354,3.184444540441468,9.580722343781042,16.73688175800362,0.6661669165417291,4.160546297392705,3.753356835622297,0.030984507746126936,60,324,0.7638496540000688,0.08,0.71,324,7.476103150000085
S2,0.7,600,355,3.176898558427031,12.529674312318898,16.87793938296241,0.27786106946526734,2.149751903790211,3.7809282161355235,0.3458270864567716,531,222,0.4942583460000378,0.38,0.38,531,4.946972431999939
S2,0.7,600,356,3.112622861101982,15.199220396090722,16.53895973150938,0.08545727136431784,5.914161217661597,3.837918812778185,0.00399800099950025,522,312,0.8070301959999142,0.25,0.23,312,8.566953556000044
S2,0.7,600,357,3.2127280780429532,10.246103822954053,17.070703254922407,0.5757121439280359,6.725927213033637,3.7275623902560224,0.0009995002498750624,540,318,0.787547972000084,0.01,0.57,366,8.353278880999937
S2,0.7,600,358,3.1204951785688815,18.00547057066448,16.122194461391988,0.021989005497251374,6.1793663571425945,3.857473531413853,0.001999000499750125,540,381,0.8202160710000044,0.04,0.07,381,8.528181209999957
S2,0.7,600,359,3.1848986110616204,17.131572425905556,16.630414815267756,0.04047976011994003,8.693744486905858,3.794744081387553,0.0004997501249375312,540,318,0.7760488960000202,0.02,0.09,321,8.217598972000019
S2,0.7,600,360,3.0713162162637495,12.661127741056871,16.155514645037474,0.2273863068465767,8.359269558028997,3.770799999215786,0.0004997501249375312,537,300,0.8022892740000316,0.02,0.37,300,8.623669795999945
S2,0.7,600,361,3.2393369364119944,13.940262772896277,17.03338920653752,0.17491254372813594,3.2528183341824883,3.6891919142001695,0.09845077461269365,540,393,0.7977018399999452,0.14,0.18,393,8.783755025000005
S2,0.7,600,362,3.208396029981125,15.004723895649526,17.5529534086383,0.11644177911044477,4.507358422230971,3.8211239516868516,0.02348825587206397,522,375,0.6269051030000128,0.03,0.18,375,8.365486862000012
S2,0.7,600,363,3.1691318452118993,14.818253635212352,16.558213089627976,0.10794602698650675,6.900403043918495,3.878335319363078,0.0009995002498750624,528,375,0.8243708530000049,0.01,0.21,375,8.575234840000007
S2,0.7,600,364,3.0575684149791407,16.13976545822068,16.083163164512026,0.049475262368815595,5.59991930468694,3.8635693682103507,0.0034982508745627187,528,318,0.791680771000074,0.06,0.09,321,8.41695977400002
S2,0.7,600,365,3.1355634542890067,14.24998749857945,16.680650074000496,0.12893553223388307,3.644594531608596,3.819161233085684,0.06096951524237881,540,369,0.8004460920000156,0.07,0.17,369,8.48941331900005
S2,0.7,600,366,3.1250052315462185,11.455406649733495,16.577997787963408,0.38130934532733635,8.17935489012673,3.7466216869468223,0.0004997501249375312,522,318,0.7729722789999869,0.01,0.46,318,8.408539748000067
S2,0.7,600,367,3.1601303221787287,14.31449590742205,16.89839659694317,0.15142428785607195,4.196390072472817,3.8050307656501063,0.02798600699650175,531,468,0.7959591879999834,0.03,0.17,471,8.562468201999991
S2,0.7,600,368,3.1989333777047535,9.541336330900725,17.107013600712225,0.6671664167916042,4.234500565166349,3.813286671340404,0.033483258370814596,60,378,0.7979474080000273,0.07,0.71,378,8.649203707999959
S2,0.7,600,369,3.2059086135962622,8.92244162096684,17.12484552384999,0.7536231884057971,3.3179579560574717,3.79382873149797,0.09395302348825588,63,318,0.8346539390000771,0.29,0.77,318,8.403705215000059
S2,0.7,600,370,2.9662189238301666,14.2427447581064,16.011845171295743,0.09795102448775612,4.330101068433225,3.9238428442815083,0.029985007496251874,540,348,0.7818811259999165,0.08,0.16,417,8.045960682999976
S2,0.7,600,371,3.0371154124838875,16.01823893426345,16.405779366980386,0.06096951524237881,8.576622302622763,3.7212431429924826,0.0004997501249375312,522,321,0.7594420930000751,0.1,0.15,285,7.1362090159999525
S2,0.7,600,372,3.169131845211575,17.360850662771934,16.352887426342935,0.033483258370814596,10.314934724150419,3.8890267845579074,0.0004997501249375312,414,327,0.5418817699999181,0.01,0.12,378,8.360912245000009
S2,0.7,600,373,3.16741214908088,11.365849432668078,16.673317119923162,0.4002998500749625,7.201327180590488,3.844197521713188,0.0004997501249375312,540,294,0.7977055299999165,0.04,0.62,294,8.36455502900003
S2,0.7,600,374,3.070445532179174,20.127629048311857,16.303212412953403,0.00849575212393803,5.548527066003378,3.9506195644851743,0.004497751124437781,534,318,0.8467623209999147,0.02,0.02,396,8.341741564000017
S2,0.7,600,375,3.1284260454976027,8.892483923286143,16.84482024068304,0.7236381809095452,4.101249943031932,3.8255219898436703,0.034482758620689655,540,393,0.7924548400000049,0.02,0.73,393,8.388867022999989
S2,0.7,600,376,3.13847703735493,9.942576169490023,16.45340640875461,0.5702148925537232,4.027061970176759,3.832214354042247,0.038980509745127435,60,306,0.7985885829999688,0.24,0.63,300,8.323732770999982
S2,0.7,600,377,3.0542739604258453,9.182677039274685,16.55607087966508,0.6531734132933533,5.629703519035261,3.8717623446566884,0.0069965017491254375,540,321,0.7754377480000585,0.16,0.83,321,8.466873768000028
S2,0.7,600,378,3.071316216264522,16.490224156713875,16.16014638355375,0.043478260869565216,4.377960652446345,3.8075388454654555,0.025987006496751622,513,501,0.5150781900000538,0.05,0.04,501,4.943002347000061
S2,0.7,600,379,3.188192868815655,18.6133585603792,17.04503656112645,0.017991004497751123,6.851221228393146,3.7742315124098074,0.0009995002498750624,483,435,0.783009020999998,0.01,0.03,435,8.40715013800002
S2,0.7,600,380,3.142786976413488,14.34252677918227,16.835768772822984,0.1374312843578211,7.935215448766938,3.8135077490911997,0.0004997501249375312,477,330,0.7937273740000137,0.08,0.26,330,8.301649052000016
S2,0.7,600,381,3.1745051863792946,11.006220071132883,17.012368184179614,0.43428285857071464,1.907472098367931,3.8133898548009184,0.4142928535732134,84,315,0.7924840929999846,0.4,0.51,315,8.426889426999992
S2,0.7,600,382,3.026728089703634,24.106185157653222,16.312181124142803,0.0014992503748125937,6.009755849136871,3.7664436329253004,0.004497751124437781,528,528,0.7674713390000534,0.01,0.01,531,8.473944125999992
S2,0.7,600,383,3.1634034467373557,10.533599099154785,16.55295100623032,0.5292353823088456,2.0552847068100597,3.8089237279511816,0.37181409295352325,540,468,0.7966960339999787,0.66,0.54,468,8.537291745000061
S2,0.7,600,384,3.1034946353515354,10.963978918984713,16.291345650328406,0.42328835582208896,2.7864252672577803,3.8394269111767785,0.1714142928535732,60,327,0.8093369949999669,0.22,0.53,327,8.409449864999942
S2,0.7,600,385,3.1674121490808758,19.50400211507673,16.78621906089158,0.01249375312343828,4.064064141928038,3.8646828299868003,0.034482758620689655,69,69,0.8016257660000292,0.04,0.03,78,8.607711300999995
S2,0.7,600,386,3.1601303221792487,21.090999744730933,16.64473456165722,0.0069965017491254375,5.2094249400706545,3.8528884351813057,0.00849575212393803,537,513,0.813601331999962,0.05,0.01,513,8.453079103999926
S2,0.7,600,387,3.152644217185411,11.946273791814983,16.744681101349084,0.3278360819590205,5.356718188393787,3.7707307025612593,0.0079960019990005,540,309,0.8164425859999938,0.03,0.43,303,8.68463766100001
S2,0.7,600,388,3.1388731668594496,9.609089035536845,16.662995709547285,0.6416791604197901,4.5030107644957456,3.7764920606179326,0.021989005497251374,72,330,0.7962589420000086,0.16,0.68,330,8.552138250999974
S2,0.7,600,389,3.1814261050975614,9.272303438389365,16.92248046847315,0.7026486756621689,2.5659236080309458,3.8924038678498105,0.22088955522238882,540,294,0.8019859780000616,0.23,0.75,294,7.600590787999977
S2,0.7,600,390,3.12882141127024,17.131112218072246,16.75724657350589,0.04047976011994003,6.189591442173503,3.8823609414949636,0.004497751124437781,534,318,0.80394262599998,0.01,0.06,312,8.544866962000015
S2,0.7,600,391,3.0713162162648326,14.668515472683133,15.879433328388656,0.09145427286356822,6.841320887145271,3.820098690056181,0.0009995002498750624,510,324,0.8055350109999608,0.03,0.16,342,6.7258422889999565
S2,0.7,600,392,3.1917842820006284,9.234530537077212,17.138344045077982,0.7071464267866067,2.0576181389983903,3.8056492847909187,0.367816091954023,540,150,0.8112319319999415,0.66,0.78,150,8.48977253499993
S2,0.7,600,393,3.1691318452115484,17.162957992611283,16.44991232619605,0.03798100949525238,7.93219663700447,3.767119195594248,0.0004997501249375312,540,324,0.7962967639999761,0.01,0.1,318,8.482751795000013
S2,0.7,600,394,3.1745051863798044,14.634078789131486,16.9746780210535,0.13093453273363317,3.9003931533429816,3.875920621463963,0.04847576211894053,540,330,0.8072394170000052,0.36,0.22,330,8.420796225999993
S2,0.7,600,395,3.131816605398143,17.9927428548576,17.184961373823803,0.03548225887056472,6.481875248433505,3.86154650685472,0.0009995002498750624,504,312,0.7817571250000128,0.01,0.08,381,8.571989924000036
S2,0.7,600,396,3.0788340112170096,12.280643596986861,16.24854871624542,0.2673663168415792,2.0428624654559284,3.849173209589386,0.3963018490754623,60,141,0.5272447430000966,0.53,0.36,141,6.670467072999941
S2,0.7,600,397,3.068568636182001,12.989425163071216,16.2715940319433,0.21539230384807595,9.159424110397149,3.827764592272189,0.0004997501249375312,525,315,0.82294897700001,0.02,0.33,321,8.412116744000059
S2,0.7,600,398,3.0788340112163852,6.960476558163468,16.433857780663107,0.9310344827586207,1.769890918400369,3.7463967441392003,0.4897551224387806,78,306,0.8014212519999546,0.58,0.98,306,6.978509021000036
S2,0.7,600,399,3.144939441233872,9.947041188055707,16.426034347763903,0.6011994002998501,2.07762623522278,3.6874801587816997,0.39580209895052476,60,309,0.8117318189999878,0.28,0.59,309,8.61707296399993
S2,0.7,600,400,3.0299287590419666,20.418028831196022,16.62843997364546,0.011494252873563218,6.415483694638823,3.80649326729453,0.0024987506246876563,540,318,0.7938836719999927,0.03,0.02,351,8.519899280000004
S2,0.7,600,401,3.0635728303904397,6.481774503384799,16.31172294886405,0.9590204897551224,2.699715492281173,3.8016265537669924,0.20439780109945027,60,315,0.793239324999945,0.31,0.99,321,7.590354574999992
S2,0.7,600,402,3.128137619387524,10.298284882855427,16.870357532934324,0.5302348825587206,3.5232528847862192,3.8659998255533763,0.07546226886556721,507,318,0.801689228999976,0.03,0.63,306,8.55483557599996
S2,0.7,600,403,3.1449394412352083,19.715566838732247,16.815638136877322,0.013493253373313344,6.026881908549596,3.899765678288474,0.001999000499750125,540,321,0.7931089910000537,0.02,0.01,417,8.803972950999992
S2,0.7,600,404,3.1674121490820637,17.057524479624032,16.99738852745301,0.049475262368815595,5.307950142587876,3.8280263701800883,0.008995502248875561,519,342,0.7941013480000265,0.03,0.08,342,8.457530770000062
S2,0.7,600,405,3.188192868814872,11.274643488362953,17.150806947594017,0.41829085457271364,3.3515175572182163,3.80441725151263,0.09145427286356822,525,417,0.7939081480000141,0.05,0.45,426,7.691061400999956
S2,0.7,600,406,3.0371154124817212,13.440172900146829,16.224944036962803,0.16591704147926037,3.708488841725566,3.8807153722759344,0.063968015992004,63,411,0.8002294420000453,0.12,0.32,414,9.158389349000004
S2,0.7,600,407,3.088693153998895,13.570793436699095,16.489625143764556,0.16691654172913542,6.370949035736085,3.9078115306794547,0.001999000499750125,528,360,0.9331130130000247,0.02,0.34,393,8.230275263999943
S2,0.7,600,408,3.145005640385504,11.262768076547722,16.945002219013055,0.42478760619690153,2.460431863207269,3.8271265781446773,0.24987506246876562,540,333,0.5484454399999095,0.3,0.46,333,5.7526505250000355
S2,0.7,600,409,3.1250052315471333,14.984388732370135,16.60833820093343,0.10094952523738131,3.5799892621802907,3.8275799469441196,0.07396301849075462,540,402,0.6056104660000301,0.28,0.21,402,5.603256203000001
S2,0.7,600,410,3.1814261050952757,12.603559239424412,16.977952368112106,0.27436281859070466,6.6502144896146795,3.860097194770648,0.0009995002498750624,66,342,0.880454278000002,0.01,0.36,342,7.686976186000038
S2,0.7,600,411,3.0881068866115715,13.171265069390504,16.479758248165997,0.21139430284857572,2.3835560469499,3.8386968205032073,0.2698650674662669,531,465,0.935926691000077,0.28,0.27,465,8.904692673999989
S2,0.7,600,412,3.2436317821741394,11.613751183123284,16.882729717982574,0.3963018490754623,4.50142574168241,3.8416324281954757,0.01699150424787606,540,288,0.9050598599999375,0.21,0.53,288,8.87715136700001
S2,0.7,600,413,3.174505186380175,11.999395926662055,16.733570175482313,0.3168415792103948,4.82940588231067,3.740519929848849,0.01199400299850075,468,336,0.9231317989999752,0.03,0.37,357,8.76125006899997
S2,0.7,600,414,3.120495178569562,8.903255890968788,16.500848459802725,0.7381309345327336,0.7068975081047543,3.8321365071467115,0.9005497251374313,63,324,0.5921947020000289,0.85,0.8,306,8.672715118999918
S2,0.7,600,415,3.0881068866118504,10.807671451013212,16.39358615106682,0.4257871064467766,5.0259801133067015,3.855027856020269,0.011494252873563218,414,414,0.9177719449999131,0.01,0.47,414,7.709823019000055
S2,0.7,600,416,3.1034946353486697,20.05313470002949,16.241577300831693,0.0069965017491254375,6.6471318405147874,3.8177980175758086,0.0014992503748125937,60,330,0.6063759290000235,0.01,0.02,330,5.391660487999957
S2,0.7,600,417,3.1069264496791775,11.212277989996773,16.3288174755064,0.3798100949525237,5.874590113450298,3.844968504564984,0.0014992503748125937,540,306,0.6147929400000294,0.05,0.5,306,6.689105269000038
S2,0.7,600,418,3.2465959578058445,12.454093950039885,17.072342940146402,0.30934532733633185,7.628326689828324,3.825707162429568,0.0004997501249375312,495,312,0.8799504570000636,0.01,0.3,363,9.25083151800004
S2,0.7,600,419,3.0861392985758003,14.194912811829502,16.50836542412994,0.13543228385807096,8.25920372354145,3.7994352505848927,0.0009995002498750624,528,321,1.0350387720000072,0.01,0.16,297,7.876996978999955
S2,0.7,600,420,3.156689777411738,11.922643431664644,16.563648711434187,0.33983008495752126,4.487179840580439,3.8818012924981975,0.02348825587206397,465,318,0.9192706439999938,0.05,0.38,333,9.142427143999953
S2,0.7,600,421,3.1281376193848933,15.361166590624428,16.792841158132937,0.09545227386306847,13.063287391517047,3.8340826056202792,0.0004997501249375312,351,318,0.9852563760000521,0.01,0.22,351,9.422960394000029
S2,0.7,600,422,3.1498235661544176,10.35231704037319,17.002719934173136,0.5377311344327836,3.7215371849280348,3.859693704755326,0.062468765617191405,534,381,1.0421574599999985,0.28,0.63,381,7.884519324000053
S2,0.7,600,423,3.1768985584265756,14.41563657632001,16.887823942930186,0.1344327836081959,3.4062534576375625,3.749670667262165,0.07396301849075462,501,501,0.5667682300000934,0.04,0.12,501,8.788231851999967
S2,0.7,600,424,3.120495178571446,16.64681807688505,16.659581107323763,0.050974512743628186,7.915129762457171,3.779394228963603,0.0004997501249375312,540,315,0.6636356080000496,0.01,0.05,315,6.115667879999933
S2,0.7,600,425,3.1674121490823337,20.89098257935968,16.538995968805764,0.0069965017491254375,4.601669247289235,3.733001351556001,0.01649175412293853,69,102,0.595035562000021,0.02,0.01,69,6.356088388999979
S2,0.7,600,426,3.2696381784012956,14.506870948773889,17.077440491361163,0.1409295352323838,5.065334663262168,3.68753269375772,0.009995002498750625,540,294,0.6200858319999725,0.05,0.12,294,7.072241933999976
S2,0.7,600,427,3.1281376193874357,12.177366364399237,16.62706655087629,0.2848575712143928,8.379014715129905,3.8870620555090167,0.0004997501249375312,495,294,0.5609302149999849,0.02,0.48,294,6.847955872999933
S2,0.7,600,428,3.093246168144248,19.44581425112836,16.5107852068498,0.012993503248375811,5.285354839295591,3.8914718537321153,0.008995502248875561,537,309,0.9712794530000792,0.03,0.02,429,9.135709807000012
S2,0.7,600,429,3.1498235661559977,20.958331783661045,16.996912657952,0.0079960019990005,6.801301590403907,3.790773070380611,0.0009995002498750624,498,414,0.960011086999998,0.02,0.02,333,8.84216711299996
S2,0.7,600,430,3.112622861102007,14.34504914989632,16.655210569084606,0.13043478260869565,5.621140646961165,3.808800747611247,0.004497751124437781,513,306,0.9041504870000381,0.18,0.22,306,5.844540574000007
S2,0.7,600,431,3.1108600994980486,12.034967367716831,16.14807557832175,0.2958520739630185,5.9933383890250145,3.822406067752016,0.0024987506246876563,540,321,0.54752831899998,0.2,0.46,366,6.60202059300002
S2,0.7,600,432,3.1180252079704562,21.43244430668852,16.367558373773264,0.00399800099950025,5.3712132898704015,3.7751420692026816,0.005497251374312844,540,408,0.9523613740000201,0.03,0.02,402,9.141254688000004
S2,0.7,600,433,3.068568636180139,14.090208615858572,16.44212161613882,0.136431784107946,4.59842015441765,3.8544228717914324,0.02048975512243878,531,312,0.895934478000072,0.05,0.21,396,8.777071245000002
S2,0.7,600,434,3.100169780053056,10.773928262988587,16.866837192066804,0.4592703648175912,2.824412509395512,3.7785689710132546,0.17041479260369816,510,345,0.8706009800000629,0.07,0.37,315,8.927531353999939
S2,0.7,600,435,3.1281376193864276,13.554818298989424,16.920462241402625,0.18240879560219891,6.421632420126802,3.7789608399742445,0.0009995002498750624,453,357,0.8509221369999977,0.06,0.33,363,8.538228643000025
S2,0.7,600,436,3.2300264426592773,14.399450417660617,17.038960732187764,0.13943028485757122,2.644233634859186,3.7758781085728517,0.21739130434782608,60,327,0.8517430900000136,0.2,0.15,327,8.61399931699998
S2,0.7,600,437,3.138477037354083,13.512833698759898,16.793210540424035,0.19540229885057472,1.9381680249224498,3.8316783049906307,0.4302848575712144,69,69,0.6306394149999051,0.36,0.18,69,5.13315602199998
S2,0.7,600,438,3.149823566156893,9.874838569437346,16.537994447153423,0.585207396301849,2.2716693133110817,3.8782602745835666,0.30334832583708143,540,288,0.8760826520000364,0.62,0.65,288,8.914067147999958
S2,0.7,600,439,3.160130322178076,10.376151829320607,16.520461060823422,0.52023988005997,3.407225103668483,3.8762831132031614,0.09245377311344327,516,300,0.8971639719999303,0.1,0.53,333,8.991617937000001
S2,0.7,600,440,3.112622861100272,9.633258554823032,16.368588113526208,0.6216891554222889,4.655831636489268,3.840479305087665,0.01699150424787606,60,324,0.8968447770000694,0.03,0.72,324,6.4739944650000325
S2,0.7,600,441,3.1001697800511523,12.103319459820792,16.740380220047165,0.30934532733633185,5.0193285383208694,3.8507080040305057,0.00849575212393803,537,309,0.5661917429999903,0.02,0.32,309,6.888945528000022
S2,0.7,600,442,3.2157930252611644,16.248266221216703,17.448737695419624,0.07196401799100449,3.4078389596399066,3.8329659919093806,0.08595702148925537,528,327,0.8516246729999466,0.2,0.11,516,8.646334605999982
S2,0.7,600,443,3.198933377703598,18.870231445494564,16.58518648355555,0.018490754622688656,3.502892520060564,3.7724107098234025,0.07196401799100449,540,336,0.8745106829999258,0.19,0.04,534,8.765273017000027
S2,0.7,600,444,3.1281376193869055,9.403296890556136,16.535824634302102,0.6511744127936032,1.8829638500761994,3.7786247858874358,0.4547726136931534,69,129,0.5874468900000238,0.67,0.63,117,5.4638035159999845
S2,0.7,600,445,3.167412149081723,7.960900509889888,16.612722138059382,0.8505747126436781,5.423997731231001,3.7793196434911467,0.0069965017491254375,60,312,0.7864395500000683,0.05,0.89,318,6.703213670000082
S2,0.7,600,446,3.1680119235659294,8.603638041989065,16.628519517878832,0.7626186906546727,3.9701212108227075,3.818559022256954,0.0384807596201899,84,315,0.9244859760000281,0.06,0.75,351,9.056599223000035
S2,0.7,600,447,3.1250052315451704,11.331762860619607,16.482731566675085,0.39730134932533734,1.616777923626746,3.783254354944722,0.5617191404297851,60,282,0.8707752359999859,0.7,0.41,426,8.80137120900008
S2,0.7,600,448,3.2502491394405983,12.076247203191025,16.834751203799303,0.34332833583208394,4.916976191789186,3.8359346275873794,0.014992503748125937,528,315,0.875783636000051,0.01,0.42,318,8.362658742999997
S2,0.7,600,449,3.1108600994995954,9.6325678751771,16.671938643067172,0.6196901549225388,5.62211587203709,3.8396665514576425,0.005497251374312844,474,312,0.8962034149999454,0.1,0.73,312,9.242760998999984
S2,0.7,600,450,3.1034946353523916,11.459193584355717,16.421890001299953,0.3773113443278361,6.73225729120859,3.8661195376693978,0.0009995002498750624,519,327,0.8851305749999483,0.01,0.51,384,8.86162372900003
S2,0.7,600,451,3.163403446737451,9.569739765534889,16.709762198706503,0.6656671664167916,3.6566483312058007,3.854127133332638,0.06496751624187906,474,390,0.899799948000009,0.14,0.73,390,8.467759875999946
S2,0.7,600,452,3.215793025260468,9.181411666921466,16.83507818283945,0.712143928035982,2.6414946034677067,3.828213862770939,0.20539730134932535,99,399,0.8721604119999711,0.25,0.76,399,7.507394782999995
S2,0.7,600,453,3.06151955312914,14.396841883757233,16.313171029176573,0.12093953023488256,2.509744372844307,3.823645670142413,0.25287356321839083,72,72,0.5546761469998955,0.34,0.18,72,9.048077218999993
S2,0.7,600,454,3.212728078043466,14.954977849883987,16.89039879429299,0.12843578210894552,4.101282570306296,3.8582765460956217,0.03498250874562719,519,315,0.8663369769999463,0.09,0.11,501,8.878797564000024
S2,0.7,600,455,3.191784281999472,10.374375044359745,16.568413073584825,0.5357321339330335,6.720969492596177,3.834035427318462,0.0029985007496251873,540,306,0.910706469000047,0.01,0.58,333,7.93354715800001
S2,0.7,600,456,3.106926449678551,16.735933992734687,16.342537556444636,0.04297851074462768,4.315572302401926,3.730407458606068,0.02348825587206397,507,318,0.5845073870000306,0.16,0.09,507,6.541388604000076
S2,0.7,600,457,3.1180252079700415,12.612913538918162,16.29797465969454,0.25287356321839083,3.6661755512838607,3.757071111154601,0.05847076461769116,117,117,0.5454096309999841,0.24,0.33,117,5.5308807710000565
S2,0.7,600,458,3.1355634542886985,12.069001709587681,16.42780980080484,0.32233883058470764,6.624093073986903,3.7857821350881093,0.0024987506246876563,540,306,0.9861445170000707,0.02,0.41,306,9.137101097000027
S2,0.7,600,459,3.128137619387341,18.958930185889187,16.616236607715226,0.013993003498250875,5.789755750217563,3.8680300449833287,0.004497751124437781,525,348,0.8889368909999575,0.03,0.05,381,8.858619199999907
S2,0.7,600,460,3.0542739604275213,17.05672652389815,16.462791823783796,0.0384807596201899,7.311468144574228,3.836877588399813,0.0004997501249375312,540,294,0.8685294849999536,0.01,0.05,348,7.123680191999938
S2,0.7,600,461,3.239336936412416,22.667939181328684,16.847006607659235,0.00399800099950025,5.055880439032148,3.7795371752499434,0.008995502248875561,60,330,0.9041904849999582,0.04,0.01,60,9.223231318999979
S2,0.7,600,462,3.087508465643492,18.853941112590583,16.946606330172926,0.01999000499750125,4.013673435537183,3.793229059234462,0.04147926036981509,540,519,0.8619601990000092,0.1,0.02,519,9.059491535999996
S2,0.7,600,463,3.1814261050960253,11.789178044530491,16.87982397403587,0.3503248375812094,5.964622420772868,3.927353272475923,0.0024987506246876563,537,312,0.9264921019999974,0.05,0.37,312,6.597343948999878
S2,0.7,600,464,3.215793025261391,8.830207029610925,16.75237806570742,0.7891054472763618,4.714105029730347,3.8252707177788627,0.01699150424787606,441,321,0.9300707810000404,0.13,0.77,321,8.98848058700014
S2,0.7,600,465,3.1180252079712214,15.792441421759714,16.38240649078354,0.06696651674162919,8.256267268983867,3.7671972203053286,0.0009995002498750624,513,324,0.9543157819998669,0.01,0.13,324,8.893193914999983
S2,0.7,600,466,3.118025207971552,8.535243960435134,17.025680679247397,0.7851074462768616,4.191438678689063,3.8074332129895265,0.0239880059970015,63,318,0.6911765329998616,0.04,0.8,351,8.996295454999881
S2,0.7,600,467,3.120495178570574,8.98571030812243,16.598184341270088,0.7116441779110445,2.515450433913247,3.8495950724182153,0.23888055972013994,60,342,0.9678871759999765,0.38,0.76,342,6.981309845999931
S2,0.7,600,468,3.11802520797381,11.260845053319706,16.513089424584592,0.4007996001999001,3.040198776313097,3.792074856905308,0.12343828085957022,480,300,0.9505562389999795,0.29,0.51,483,9.035822445999997
S2,0.7,600,469,3.1204951785695108,14.660212709575909,17.075225461800713,0.12493753123438281,5.363063236015876,3.9345729742686633,0.005997001499250375,540,354,0.9317421879999301,0.01,0.19,315,8.911839162999968
S2,0.7,600,470,3.103494635351633,15.717023554758176,16.376034314213474,0.06846576711644178,6.900668904624058,3.831116833351812,0.0004997501249375312,531,333,0.6514647430001332,0.01,0.09,333,5.248217824999983
S2,0.7,600,471,3.0754362585476955,10.141584832728247,16.38038849938374,0.5472263868065967,3.2630737209121077,3.8118817849069924,0.09795102448775612,528,330,0.6109697899998991,0.37,0.77,291,6.488444475000051
S2,0.7,600,472,3.2229975299842897,15.005404530716184,16.686734986282556,0.1054472763618191,3.0917000978400826,3.8040238874566406,0.12743628185907047,540,357,0.9338626690000638,0.26,0.15,354,6.734820787000217
S2,0.7,600,473,3.1180252079709314,19.029734345467627,16.636811894658376,0.01649175412293853,5.852493807214264,3.8041985133816323,0.001999000499750125,531,333,0.8928668829998969,0.01,0.01,510,6.083539518999942
S2,0.7,600,474,3.168011923565135,17.220244376530072,16.78229552449748,0.04297851074462768,2.737947888859402,3.8376402167530057,0.19540229885057472,540,534,0.5737810590001118,0.18,0.1,300,7.4828850740000235
S2,0.7,600,475,3.2771196561427955,20.101159086537496,17.18834119489862,0.011494252873563218,3.9516087027697053,3.7650231032572212,0.03798100949525238,540,318,1.0183728819999942,0.03,0.01,330,9.217288919000111
S2,0.7,600,476,3.224220153722243,15.16993840388997,16.780833060328185,0.09845077461269365,4.418310556320973,3.7261978871853394,0.02048975512243878,540,327,0.9115066940000816,0.25,0.13,327,6.229739420999977
S2,0.7,600,477,3.0149169824446207,15.05334862434348,16.117064932118137,0.0944527736131934,4.462451175168805,3.831404284012046,0.0239880059970015,501,483,0.7621532010000465,0.1,0.17,483,6.901730961999988
S2,0.7,600,478,3.144939441233973,14.007075304075766,16.49545168691838,0.14942528735632185,2.65361010669445,3.833535589559816,0.20539730134932535,63,360,1.039481928999976,0.27,0.14,360,6.649355630999935
S2,0.7,600,479,3.181426105096488,15.813565630207709,17.20508539231822,0.08245877061469266,4.322658496463754,3.818798306946076,0.025987006496751622,525,306,1.044190596999897,0.14,0.08,456,6.895821966000085
S2,0.7,600,480,3.054273960425515,18.188980176061502,16.458096341999084,0.0239880059970015,7.625565678395335,3.891400846553821,0.0004997501249375312,453,453,0.9888858379999874,0.01,0.09,453,9.120806750000156
S2,0.7,600,481,3.21579302526095,10.01757850916377,16.760010009958755,0.5792103948025987,3.5089283934030733,3.7690523456710237,0.06796601699150424,540,306,0.968226217999927,0.19,0.69,306,9.075754409999945
S2,0.7,600,482,3.200790845815154,14.500411681052602,17.271331799720848,0.14042978510744628,5.784809559731006,3.861151514042724,0.004497751124437781,486,345,1.0190976090000277,0.02,0.14,345,9.126839462999897
S2,0.7,600,483,3.1201237436362774,15.653859541810483,17.184543761515787,0.095952023988006,6.15007573224002,3.893502142707451,0.0024987506246876563,537,321,0.9769123230000787,0.02,0.09,384,9.211236482000004
S2,0.7,600,484,3.215793025259829,12.551309080355361,16.921959715564235,0.27636181909045476,2.0688152696053335,3.8584097669858632,0.37181409295352325,60,138,0.9554799169999342,0.57,0.29,138,7.655376126999954
S2,0.7,600,485,3.2536776736820476,12.17762356687094,16.977032006037216,0.32983508245877063,4.229557071452235,3.765554179898933,0.030984507746126936,60,324,0.6520488070000283,0.07,0.41,324,5.1620239129999845
S2,0.7,600,486,3.174505186380283,21.979204845333165,16.463633448890274,0.005497251374312844,5.828297911692908,3.7964136092269185,0.005497251374312844,81,99,1.015569232999951,0.02,0.01,93,8.888179378999894
S2,0.7,600,487,3.1989333777047975,8.327118223237191,16.862124169413057,0.8150924537731135,0.841751211272267,3.7456519149596037,0.8700649675162418,69,315,0.8846496470000602,0.89,0.92,315,7.763342750999982
S2,0.7,600,488,3.039138296173664,14.000202910819535,16.3397453334166,0.13143428285857073,6.334939262224273,3.8191532417806466,0.0009995002498750624,540,312,0.9107351739999103,0.02,0.29,312,8.939445495999962
S2,0.7,600,489,3.160130322177631,8.244125588795196,16.442894884179157,0.8215892053973014,5.271617501599393,3.8364159076609434,0.009495252373813094,504,300,0.8998445669999455,0.03,0.87,303,8.81857904100002
S2,0.7,600,490,3.149823566155627,10.38101933902981,16.753605877471504,0.5402298850574713,3.296038915661035,3.8442418893555788,0.09845077461269365,522,303,1.0469657150001694,0.55,0.63,303,9.185708700000077
S2,0.7,600,491,3.142786976413728,13.06470609927925,16.912468908876072,0.21389305347326337,2.163577474909291,3.8725402659984733,0.34132933533233384,63,312,0.8241894880000018,0.29,0.34,330,7.054812773999856
S2,0.7,600,492,3.2393369364129527,14.807983640386944,16.52952770354368,0.11294352823588207,8.104548324243188,3.777814053838913,0.0004997501249375312,540,330,0.5874420389999386,0.01,0.15,339,8.023166758999992
S2,0.7,600,493,3.1135337550047546,15.233709163658038,16.82751627546678,0.10194902548725637,6.4609099111982475,3.872878699705441,0.0014992503748125937,504,327,0.8038717360000192,0.01,0.16,330,8.49016555500009
S2,0.7,600,494,3.103494635352373,13.336240816008532,16.426205691283272,0.17791104447776113,3.9835263428731684,3.7887985056658575,0.043478260869565216,501,462,0.8180919270000686,0.03,0.25,324,8.285857694000015
S2,0.7,600,495,3.201343082679076,10.49358563440171,16.933076834478527,0.5232383808095952,5.576334432188194,3.861084701989089,0.004497751124437781,537,324,0.7827526290000151,0.04,0.61,324,8.334384676000127
S2,0.7,600,496,3.1917842820014384,10.365510984251078,16.785028171180674,0.543728135932034,6.343366788304422,3.901354714898666,0.0009995002498750624,396,315,0.7799592169999414,0.02,0.58,393,8.468562462000136
S2,0.7,600,497,3.078834011216759,17.637920242059668,16.225850771502117,0.031484257871064465,5.622504649342035,3.816158165944787,0.004497751124437781,537,306,0.7955847739999626,0.01,0.03,309,8.520871373999853
S2,0.7,600,498,3.1526442171850486,9.224394416697551,16.856863834154062,0.6936531734132934,3.612042797568285,3.83424083268033,0.06646676661669165,525,318,0.8044248539999899,0.14,0.72,318,8.444980244999897
S2,0.7,600,499,3.1204951785705455,10.232688035924767,16.53581289023292,0.544727636181909,5.4957955969094305,3.7695158144414513,0.004997501249375313,504,327,0.8132887799999935,0.04,0.65,327,8.574924527999883
S2,0.7,2400,0,3.1612712510644814,16.03777315780866,16.759122536128476,0.07146426786606697,12.68319509261404,3.865515839509169,0.0004997501249375312,2136,1224,0.6321170720000282,0.01,0.17,1296,6.421381630000042
S2,0.7,2400,1,3.2211058087369437,24.20814257013541,17.109178734675954,0.0029985007496251873,23.056693618831908,3.821206600327569,0.0004997501249375312,1308,1200,0.8153182900000502,0.01,0.01,1224,8.739998040000046
S2,0.7,2400,2,3.1441691573461616,19.633506072976417,16.519912332181214,0.012993503248375811,17.484010772194605,3.8197417722408193,0.0004997501249375312,1452,1284,0.803055815000107,0.01,0.06,1284,8.11690178699996
S2,0.7,2400,3,3.173857615399954,21.151861577226036,16.8200773457453,0.0074962518740629685,17.329475406985875,3.830751502470259,0.0004997501249375312,1584,1200,0.7928313370000524,0.01,0.04,1272,8.673297809999895
S2,0.7,2400,4,3.053851041121829,31.12208716981615,16.057937528183942,0.0004997501249375312,22.65408160421998,3.7997870215656318,0.0004997501249375312,1812,1236,0.8069155640000645,0.01,0.01,1236,6.972839503999921
S2,0.7,2400,5,3.07912769441116,18.131215100683953,16.606163294696596,0.021989005497251374,15.661776436472557,3.8642550988359696,0.0004997501249375312,2052,1212,0.5069051590000981,0.01,0.05,1212,8.061806653000076
S2,0.7,2400,6,3.0210162024142337,20.382028326022205,16.41994340276046,0.004497751124437781,18.250564043916796,3.7997343049424983,0.0004997501249375312,1452,1236,0.8131911799998761,0.01,0.05,1356,7.886774325000033
S2,0.7,2400,7,3.0718962802429473,11.730596824415462,16.571165951485153,0.3313343328335832,7.418322401013861,3.834693914951603,0.0004997501249375312,1836,1320,0.7998743010000453,0.01,0.29,1200,8.621541017000027
S2,0.7,2400,8,3.219994945589476,26.136355667524942,17.04770628055764,0.0014992503748125937,20.03069251986335,3.814442854948089,0.0004997501249375312,2100,1224,0.7984323819998735,0.01,0.02,1140,8.612562367999999
S2,0.7,2400,9,3.203990038987675,22.57057396442369,17.192323329266383,0.004497751124437781,21.447981667341974,3.927817256000036,0.0004997501249375312,1248,1248,0.8608503599998585,0.01,0.02,1284,8.678995064999981
S2,0.7,2400,10,3.0807878586720827,24.050882922294036,16.21081379542044,0.0024987506246876563,17.661473746410614,3.8475388814473286,0.0004997501249375312,1884,1212,0.8037030849998246,0.01,0.01,1380,6.845744558999968
S2,0.7,2400,11,3.316997137286598,28.472240542585325,17.088141619977957,0.0004997501249375312,19.60416625917429,3.839992534466213,0.0004997501249375312,2160,1260,0.7505550419998599,0.01,0.01,1284,8.265347124000073
S2,0.7,2400,12,3.3378285332445623,27.379618004609693,17.416695103625905,0.0014992503748125937,26.189389916326007,3.7823429680295777,0.0004997501249375312,1308,1248,0.8595478160000312,0.01,0.03,1308,8.707252462000042
S2,0.7,2400,13,3.1457270894073495,22.02990209561439,17.043573630282705,0.004997501249375313,21.539269510596732,3.8459112811650007,0.0004997501249375312,1464,1248,0.822157038000114,0.01,0.05,1248,8.725197366999964
S2,0.7,2400,14,3.071320976417996,18.534581625397365,16.299439406626558,0.017991004497751123,12.249507900772283,3.805859836806407,0.0004997501249375312,1932,1308,0.8242362900000444,0.01,0.07,1224,8.54023268700007
S2,0.7,2400,15,3.309924916150285,25.211880162827192,17.8531813321976,0.0024987506246876563,19.72370293534095,3.8450641631458065,0.0004997501249375312,2040,1332,0.7874283680000644,0.01,0.01,1392,8.588468189999958
S2,0.7,2400,16,3.0350919540605803,22.619327049302655,16.529425840901695,0.001999000499750125,20.44584896597252,3.8246266564764215,0.0004997501249375312,1380,1260,0.7955486719999953,0.01,0.04,1248,8.555151114999944
S2,0.7,2400,17,3.0632899581903987,19.769621904806932,16.35911193201959,0.010994502748625687,16.8648281234185,3.804154189731977,0.0004997501249375312,2052,1320,0.8112327979999918,0.01,0.03,1308,5.898530340999969
S2,0.7,2400,18,3.1382978619139417,23.574102836347542,16.75159639570154,0.0014992503748125937,23.22127106256242,3.782393869602035,0.0004997501249375312,1464,1200,0.5067039470000054,0.01,0.02,1200,5.702285088000053
S2,0.7,2400,19,3.185107888085237,25.748541687758397,16.5864971184876,0.0004997501249375312,25.42503170648957,3.75739872929907,0.0004997501249375312,1200,1212,1.036800736000032,0.01,0.02,1200,9.331927324000162
S2,0.7,2400,20,3.0625612810887732,23.291438994918064,16.278652472641873,0.0029985007496251873,17.864729674508148,3.793578014179607,0.0004997501249375312,1632,1212,0.8105731740001829,0.01,0.01,1560,8.54848696199997
S2,0.7,2400,21,3.1240171500185907,18.37974677024666,16.865486059033792,0.02448775612193903,17.889672304147844,3.7629683718777582,0.0004997501249375312,1212,1212,1.0400284130000728,0.01,0.08,1224,9.420991821000143
S2,0.7,2400,22,3.2667183029928513,37.85514883663305,17.264479148377113,0.0004997501249375312,27.070050317437456,3.808971965579876,0.0004997501249375312,1812,1260,0.7741696709999815,0.01,0.01,1380,9.070916495999882
S2,0.7,2400,23,3.1543437699560006,25.320281137035312,16.686891301895873,0.0014992503748125937,21.412384944829807,3.807263286449163,0.0004997501249375312,2148,1200,0.9995686919999116,0.01,0.01,1356,9.102753252000184
S2,0.7,2400,24,3.0887914583504554,28.044343478405867,16.848114246018003,0.0009995002498750624,27.006202934533,3.8780526388395624,0.0004997501249375312,1428,1260,0.5911083699998017,0.01,0.01,1416,5.331454537000127
S2,0.7,2400,25,3.130525655814405,27.86369478008328,16.683367711298956,0.0004997501249375312,18.53085150806062,3.79858935230521,0.0004997501249375312,1704,1224,0.9360401500000535,0.01,0.01,1572,9.133153429999993
S2,0.7,2400,26,3.0933660603798865,30.277910469641157,16.350498298696923,0.0004997501249375312,26.273335049103235,3.9178902421207673,0.0004997501249375312,1956,1212,1.0135632550000082,0.01,0.02,1260,7.180634818000044
S2,0.7,2400,27,3.2122086656606,22.34504730842068,17.104676188587845,0.00399800099950025,13.860168511667492,3.8129596327061126,0.0004997501249375312,1776,1320,0.9725472170000558,0.01,0.03,1320,9.793124620999833
S2,0.7,2400,28,3.082801810000866,20.231947880111356,16.501589200898422,0.009995002498750625,20.54634822709636,3.8694550396290226,0.0004997501249375312,1236,1236,1.0131761239999832,0.01,0.04,1260,6.959187158999839
S2,0.7,2400,29,3.202612271230005,17.169595143317768,16.729465942164186,0.037481259370314844,15.717570680624023,3.8511305199346646,0.0004997501249375312,1464,1248,0.9839648879999459,0.01,0.11,1320,9.599814552999987
S2,0.7,2400,30,3.254184128550506,27.30370973047968,16.919676680477334,0.0009995002498750624,25.32742159230983,3.9282006864264627,0.0004997501249375312,1824,1200,0.907370382000181,0.01,0.01,1224,9.117995353999959
S2,0.7,2400,31,3.1948226778897753,24.578047360838887,16.613131716422263,0.0014992503748125937,22.6359334720261,3.769400048556851,0.0004997501249375312,1308,1248,0.9205061340001066,0.01,0.03,1248,9.417590880000034
S2,0.7,2400,32,3.0424393849898754,29.87861726525693,16.40400928774792,0.0004997501249375312,25.08458313358694,3.779465924384228,0.0004997501249375312,1848,1272,1.0003677679999328,0.01,0.01,1272,9.512158726000052
S2,0.7,2400,33,3.147149845339674,23.60393404272864,16.9444291367601,0.0029985007496251873,22.790271945007234,3.917879391099358,0.0004997501249375312,1308,1260,1.0234631319999608,0.01,0.06,1296,9.375134419000005
S2,0.7,2400,34,3.1391460533668707,28.90921652189835,16.4134205938995,0.0009995002498750624,18.500739082203562,3.7918046636301015,0.0004997501249375312,2160,1200,1.022816518000127,0.01,0.01,1704,9.105876693000027
S2,0.7,2400,35,3.2378983512699735,25.999942301813686,17.220144379550355,0.0014992503748125937,19.741684275978496,3.7829276468138615,0.0004997501249375312,1704,1224,0.8898879999999281,0.01,0.01,1428,9.071054546999903
S2,0.7,2400,36,3.0776888446909934,25.54328547138191,16.65508096960328,0.001999000499750125,25.240959922029578,3.7590308302720286,0.0004997501249375312,1260,1260,1.0303436920000877,0.01,0.02,1308,9.566763783999932
S2,0.7,2400,37,3.072246731861517,23.554273612566956,16.472492898270858,0.00399800099950025,10.579396915052273,3.7783528378675832,0.0004997501249375312,2112,1272,1.0136729149999155,0.01,0.02,1452,9.153019416999996
S2,0.7,2400,38,3.1382132899038986,26.91683710466635,16.314424492832213,0.0014992503748125937,22.541865272114567,3.7839114897143653,0.0004997501249375312,1452,1236,1.017679643000065,0.01,0.01,1320,8.867717292999941
S2,0.7,2400,39,3.12097964739588,23.798697047968602,16.615695842001454,0.001999000499750125,18.2119957751943,3.8151429120849984,0.0004997501249375312,1764,1236,0.9573447939999369,0.01,0.01,1248,9.191376734999949
S2,0.7,2400,40,2.9076405064373025,26.368643211587223,15.725349582078858,0.0004997501249375312,24.394364138765038,3.8133955622725972,0.0004997501249375312,2124,1200,0.9533171059999859,0.01,0.01,1284,7.149978900000178
S2,0.7,2400,41,3.220955432578538,26.1143834621376,16.87094595514399,0.0004997501249375312,19.49429334080832,3.81533144136547,0.0004997501249375312,1836,1320,0.9585368840000683,0.01,0.01,1248,7.438321739999992
S2,0.7,2400,42,3.246476975502705,28.513365633689403,17.06983149480321,0.0014992503748125937,23.31781762049326,3.7596604062338264,0.0004997501249375312,2076,1212,0.9094974150000326,0.01,0.01,1284,6.058410558000105
S2,0.7,2400,43,3.285597198406066,22.68382055146119,16.962192650843427,0.00399800099950025,15.08045494153666,3.6965086331032078,0.0004997501249375312,1860,1200,0.567702860000054,0.01,0.01,1572,4.899004253000157
S2,0.7,2400,44,3.188591088506209,19.45713498328932,16.867997738654516,0.018490754622688656,17.730454230050423,3.8815581759637223,0.0004997501249375312,1380,1200,0.884852047999857,0.01,0.13,1380,9.10660480699994
S2,0.7,2400,45,3.3296026929458824,33.221406531842035,16.986779594129104,0.0004997501249375312,22.366284836660405,3.8716326753137356,0.0004997501249375312,1980,1176,0.938289586999872,0.01,0.01,1152,9.068883214999914
S2,0.7,2400,46,3.1790834764253257,21.88968115402609,16.975603776615596,0.0074962518740629685,18.273838763353684,3.8392625368238082,0.0004997501249375312,2148,1236,0.8788273120001122,0.01,0.01,1224,9.093141272000139
S2,0.7,2400,47,3.0775653166710604,16.5425967199475,16.48162673179689,0.04897551224387806,11.791105190744547,3.7884100167635966,0.0004997501249375312,2064,1200,0.9195094199999403,0.01,0.06,1248,9.080534955000076
S2,0.7,2400,48,3.2677366363831477,25.78274360548229,17.541969856989784,0.0004997501249375312,19.040535400255003,3.818650399213492,0.0004997501249375312,1944,1236,0.6127333800000088,0.01,0.01,1212,6.93606303699994
S2,0.7,2400,49,3.1789799771785345,19.857630139444492,16.586033153838027,0.009995002498750625,16.148155674288052,3.829966248244628,0.0004997501249375312,1476,1200,0.8684643439999036,0.01,0.02,1368,9.009898883999995
S2,0.7,2400,50,3.1974950739705297,13.514127465922037,17.032143235919268,0.18940529735132433,13.155729417801853,3.7995415202587575,0.0004997501249375312,1188,1200,0.5407890500000576,0.01,0.36,1212,5.3558288809999794
S2,0.7,2400,51,3.164091206283183,24.247308935114674,16.377149094262677,0.0014992503748125937,24.023945045588036,3.803040226691353,0.0004997501249375312,1296,1272,0.5531439149999642,0.01,0.02,1356,5.36033978599994
S2,0.7,2400,52,3.0141971692942215,20.787998623995225,16.33535862877623,0.0074962518740629685,16.371144084184987,3.911029512428021,0.0004997501249375312,1848,1212,0.89254948100006,0.01,0.05,1176,9.295807673000127
S2,0.7,2400,53,2.954881723397789,16.802071842107853,16.17174648112655,0.0384807596201899,16.001606541407842,3.8442864932494687,0.0004997501249375312,2136,1224,0.9282699240000056,0.01,0.14,1260,9.043851902999904
S2,0.7,2400,54,3.313429290360697,16.524644354967037,17.188701601479753,0.06746626686656672,15.7820604908397,3.8724488213834296,0.0004997501249375312,1248,1248,0.9457545689999733,0.01,0.15,1236,9.142801321999968
S2,0.7,2400,55,3.1739646018517966,18.32974915092055,16.51942889398506,0.017491254372813594,11.966874314472019,3.7718359531007652,0.0004997501249375312,2148,1224,0.9404995419999977,0.02,0.07,1224,8.559050592999938
S2,0.7,2400,56,3.113281202806353,22.897549340592857,16.69373220102478,0.001999000499750125,18.62781160313521,3.8769323025883518,0.0004997501249375312,1884,1236,0.8648992839998755,0.01,0.02,1236,8.33230287299989
S2,0.7,2400,57,3.0957330116176474,24.927642423494245,16.597717180632372,0.0009995002498750624,23.857744250540094,3.7981627821976276,0.0004997501249375312,1704,1272,0.900566237999783,0.01,0.02,1296,6.529815154000062
S2,0.7,2400,58,3.2689021702675367,20.657246515083543,17.229677755059914,0.010994502748625687,13.682696226297901,3.853583613486162,0.0004997501249375312,2160,1212,0.5565566089999265,0.01,0.04,1176,5.785689569999931
S2,0.7,2400,59,3.109742052788778,20.258029484612372,16.824880352635084,0.01249375312343828,12.036200734511821,3.776980913220258,0.0004997501249375312,1944,1200,0.5824782739998682,0.01,0.04,1944,7.617205336000097
S2,0.7,2400,60,3.0789408354354952,24.835149212346927,16.185514144136526,0.0009995002498750624,17.697723478078565,3.8063715084882164,0.0004997501249375312,1848,1260,0.9932894910000414,0.01,0.01,1560,9.159542812999916
S2,0.7,2400,61,3.1073900071239695,23.01109007531695,16.828217962937643,0.00399800099950025,19.49341940319748,3.897156334247415,0.0004997501249375312,1668,1212,1.0166511459999583,0.01,0.02,1428,9.548264851000113
S2,0.7,2400,62,3.05020492044535,19.247243009851985,16.379448266549044,0.013993003498250875,15.65182876033481,3.7429742485117234,0.0004997501249375312,2088,1188,0.6009800680001263,0.01,0.03,1188,5.6468598160001875
S2,0.7,2400,63,3.1137312192466022,22.652949505150172,16.42237930506549,0.0024987506246876563,17.659743367695587,3.8104307625822624,0.0004997501249375312,2100,1236,0.5717531740001505,0.01,0.01,1392,7.909304071999941
S2,0.7,2400,64,3.171241990649622,14.48734622364397,17.379781719055174,0.13893053473263367,12.862565485686288,3.7953155293328096,0.0004997501249375312,1428,1272,0.8616784190000999,0.01,0.15,1272,9.05403767100006
S2,0.7,2400,65,3.1436021691521194,28.862123155244802,16.89337327821578,0.0014992503748125937,24.700971627705922,3.8003365047123747,0.0004997501249375312,1500,1284,0.9617392880002171,0.01,0.02,1488,9.196973012000171
S2,0.7,2400,66,3.1937413466667084,19.55373717456304,16.791573582832466,0.015992003998001,14.015756086745109,3.9378441925859162,0.0004997501249375312,2100,1296,0.5765580180000143,0.01,0.05,1380,6.577390710999907
S2,0.7,2400,67,3.055731840554252,20.97229753017817,16.14452956427929,0.006496751624187906,17.59597913900487,3.7925857263232587,0.0004997501249375312,1728,1200,0.9281634589999612,0.01,0.02,1200,8.976069959000142
S2,0.7,2400,68,3.087910694575073,15.852769141076596,17.04673380675468,0.07296351824087956,14.296047660085733,3.8148725451399756,0.0004997501249375312,1320,1200,0.9903481770002145,0.01,0.22,1200,7.907631289999927
S2,0.7,2400,69,3.2211570263687923,18.1575706326079,17.227648010102055,0.031484257871064465,16.271444195888755,3.818287440044236,0.0004997501249375312,2076,1248,0.6729340049998882,0.01,0.05,1332,5.96029026400015
S2,0.7,2400,70,3.2077432038765665,21.524358034574526,17.09851388240947,0.0074962518740629685,17.875370984456545,3.904728541084372,0.0004997501249375312,2136,1236,0.9665194469998823,0.01,0.02,1212,7.369854146999842
S2,0.7,2400,71,3.1586774888485145,19.036057860120543,16.60285429949738,0.01649175412293853,14.073983562752026,3.804751445124969,0.0004997501249375312,2160,1200,0.9267977679999149,0.01,0.09,1224,9.244077945000072
S2,0.7,2400,72,3.2694144929956543,27.33992841091536,17.198274536069608,0.0004997501249375312,23.80823279609526,3.778966793747801,0.0004997501249375312,1488,1200,0.8825742349999928,0.01,0.01,1488,9.195763217000149
S2,0.7,2400,73,2.9353613269619667,20.327889946670542,15.929073047534516,0.0069965017491254375,19.966415062952922,3.93280575554756,0.0004997501249375312,1368,1260,0.9945244470000034,0.01,0.02,1248,7.165115834000062
S2,0.7,2400,74,3.061715656829228,15.481208794380832,16.512656419875558,0.08295852073963018,14.682534966051861,3.8978996130152863,0.0004997501249375312,1212,1212,0.997030341000027,0.01,0.21,1212,9.128979317999892
S2,0.7,2400,75,3.1503132980547965,19.861299858913487,16.76112957687026,0.010494752623688156,18.752404141395903,3.727051202048551,0.0004997501249375312,1452,1212,0.7821515339999223,0.01,0.02,1332,5.677618733999907
S2,0.7,2400,76,3.0160305676145303,32.28008991342211,16.455850347234183,0.0009995002498750624,32.038300854273324,3.8430891556955067,0.0004997501249375312,1476,1236,0.6412978739999744,0.01,0.01,1176,5.788362842999959
S2,0.7,2400,77,3.033942442900987,20.629389942903053,16.132195834206577,0.005497251374312844,15.107051377766494,3.7446831614836515,0.0004997501249375312,1932,1296,0.6013285789999827,0.01,0.03,1296,8.094879381000055
S2,0.7,2400,78,2.988719290955356,28.615033825397056,15.96858577175726,0.0004997501249375312,16.700712536997756,3.8636931123231446,0.0004997501249375312,2160,1212,0.596139783000126,0.01,0.01,1272,7.548613373999842
S2,0.7,2400,79,2.9784458244808683,17.28782941637025,15.892682027813601,0.0239880059970015,10.56850144029965,3.834329296710817,0.0004997501249375312,1968,1212,1.0091381619999993,0.01,0.11,1680,9.287140184999998
S2,0.7,2400,80,3.03435270925937,22.081496859924375,16.447037759979217,0.0029985007496251873,20.375667690509292,3.818664884591718,0.0004997501249375312,2136,1224,0.8765524950001691,0.01,0.01,1224,9.428167949999988
S2,0.7,2400,81,3.2791565796400466,19.734007693579436,17.184766205996016,0.017991004497751123,18.214635433486322,3.773601956183177,0.0004997501249375312,1296,1260,0.9978068200000507,0.01,0.04,1200,9.242311628000152
S2,0.7,2400,82,3.1158117679196224,20.650706568524416,16.26824555835096,0.005997001499250375,15.070971194373872,3.8108817040690024,0.0004997501249375312,1716,1236,0.5901382470001408,0.01,0.02,1668,8.249614616999907
S2,0.7,2400,83,3.106667312449922,22.11067452400555,16.627030456556966,0.004497751124437781,19.31599185486863,3.880114290980412,0.0004997501249375312,1944,1248,1.0657584880000286,0.01,0.01,1392,7.635698791000095
S2,0.7,2400,84,3.167390596475588,17.85810982075997,16.890337884788703,0.03398300849575212,17.569227273618463,3.8209944677055194,0.0004997501249375312,1200,1200,1.066212790999998,0.01,0.09,1200,9.289616871999897
S2,0.7,2400,85,3.256164263712878,31.421201133276604,17.082845548851793,0.0004997501249375312,12.488281388345499,3.8185480677446137,0.0004997501249375312,2160,1212,0.9393656419999843,0.01,0.01,1224,8.950750350000135
S2,0.7,2400,86,3.153617141952819,21.823259126175554,16.801995230827412,0.004497751124437781,20.763297804993407,3.8766417095193475,0.0004997501249375312,1452,1212,1.0185592440000164,0.01,0.04,1308,9.328820403999998
S2,0.7,2400,87,3.1859120153728955,23.191403838985423,16.708970706194183,0.001999000499750125,18.502240596615444,3.7190831794391155,0.0004997501249375312,1536,1236,1.0169485030000942,0.01,0.02,1272,6.038452271999859
S2,0.7,2400,88,3.1177426981736867,27.55317728985151,16.243879423692288,0.0009995002498750624,25.608068818456704,3.795694063856535,0.0004997501249375312,1332,1200,0.9308331299998827,0.01,0.01,1200,9.261544748999995
S2,0.7,2400,89,3.0315331463651023,19.348024845092294,16.60151222518049,0.015492253873063468,10.91436694956646,3.979483221907464,0.0004997501249375312,2148,1212,0.8710120230000484,0.01,0.03,1224,9.058994389999953
S2,0.7,2400,90,3.3093462125375335,15.419516049827564,17.2371223500007,0.10994502748625687,11.479233937473406,3.8060450593800073,0.0004997501249375312,1536,1284,0.944384601000138,0.03,0.2,1536,8.979383224999992
S2,0.7,2400,91,3.0755825341554957,22.468423225147447,16.62880388101199,0.0034982508745627187,21.783917561415056,3.8905717385558534,0.0004997501249375312,1404,1260,0.9341196999998829,0.01,0.03,1392,9.029193396999972
S2,0.7,2400,92,3.1886614475472275,20.38816859458778,16.907902186800722,0.011494252873563218,16.19027432469914,3.8034891788874474,0.0004997501249375312,1380,1380,0.7946216069999537,0.01,0.04,1380,8.974620312999832
S2,0.7,2400,93,3.1367658354123815,19.539977615124084,16.687513180289066,0.009495252373813094,19.015682147344602,3.828270703934175,0.0004997501249375312,1248,1248,0.94559789799996,0.01,0.04,1248,8.991050582999833
S2,0.7,2400,94,3.1434326958067857,16.584373632812216,16.59419696442462,0.050974512743628186,14.690150752907831,3.82695884344086,0.0004997501249375312,1344,1344,0.6315139510002155,0.01,0.1,1248,6.08597107200012
S2,0.7,2400,95,3.200144143199675,25.427910855251582,16.78129181152961,0.0014992503748125937,18.886293329103164,3.7700273589019546,0.0004997501249375312,1536,1200,0.5914045280001119,0.01,0.01,1212,5.583028957000124
S2,0.7,2400,96,3.155136814800304,18.336993815667725,16.663912286230165,0.027486256871564217,11.000116593996388,3.807889502184642,0.0004997501249375312,2028,1200,0.9439328979999573,0.01,0.11,1200,9.199034591999862
S2,0.7,2400,97,3.1304844763965636,26.81741111521401,16.770857083428936,0.0004997501249375312,23.3790222032801,3.774819796717744,0.0004997501249375312,2100,1212,0.9873574430000644,0.01,0.01,1344,9.148843978000059
S2,0.7,2400,98,3.139840770604569,23.8083425850535,16.688339228243144,0.0024987506246876563,15.241553240492806,3.781236056882061,0.0004997501249375312,2100,1188,0.9486794819999886,0.01,0.02,1188,9.611265335000098
S2,0.7,2400,99,3.1493061746652016,16.139683519318915,16.662588630821627,0.06296851574212893,14.097744113372872,3.9804914264255693,0.0004997501249375312,2076,1212,1.0898601339999914,0.01,0.15,1248,9.437875293999923
S2,0.7,2400,100,3.1473640332654114,17.29104891892406,16.401450690733327,0.02948525737131434,12.004681242349202,3.808395086345455,0.0004997501249375312,1680,1224,0.9096943250001459,0.01,0.05,1356,9.059665759000154
S2,0.7,2400,101,3.0975273466396667,25.847914847662505,16.414415605336828,0.0004997501249375312,14.230146476752743,3.6868313446942547,0.0004997501249375312,2112,1200,0.7609042030001092,0.01,0.01,1404,8.612884909000059
S2,0.7,2400,102,3.2186717450123834,27.58363549020171,17.004378961052037,0.0004997501249375312,18.244179748258603,3.889944785152843,0.0004997501249375312,1800,1356,0.6185388859998966,0.01,0.01,1356,7.972306665000133
S2,0.7,2400,103,3.1112406956379366,10.158964395147958,16.420336355385253,0.5577211394302849,9.418176201239584,3.8396991049526905,0.0004997501249375312,1656,1200,1.0116476780001449,0.01,0.58,1200,9.029945214000008
S2,0.7,2400,104,3.018245221560964,21.251058149337315,16.36985692997852,0.00399800099950025,14.03275441346998,3.89326698190093,0.0004997501249375312,2064,1248,0.9905084150000221,0.01,0.06,1248,9.11406762799993
S2,0.7,2400,105,3.2795511270308872,16.57335468854305,16.733344476106705,0.05647176411794103,15.917661221808782,3.856259341781405,0.0004997501249375312,1272,1272,0.8683653499999764,0.01,0.2,1356,8.934615016999942
S2,0.7,2400,106,3.1107877214319166,25.415299692340746,16.457294208346703,0.001999000499750125,23.826647080525042,3.8252110367216554,0.0004997501249375312,1344,1200,1.0249672920001558,0.01,0.01,1344,9.295921808000003
S2,0.7,2400,107,3.155692431511919,23.020039850528473,16.79615486187176,0.0034982508745627187,19.991462114738347,3.825294101120699,0.0004997501249375312,1344,1200,1.027172954999969,0.01,0.02,1344,9.041511977000027
S2,0.7,2400,108,3.1381295563073017,18.131293004568512,16.421743161210376,0.019490254872563718,10.527165535280277,3.8095254228834445,0.0004997501249375312,1980,1236,1.0279032419998657,0.01,0.1,1416,9.055323312999917
S2,0.7,2400,109,3.067950604974758,18.23039110828391,16.35344992693891,0.026986506746626688,17.426616713441238,3.824543701393283,0.0004997501249375312,1560,1296,0.9903156519999357,0.01,0.06,1296,8.582072503000063
S2,0.7,2400,110,3.1990166900132677,28.44390895043876,16.93030219520455,0.0004997501249375312,25.5177771501785,3.7991498185508785,0.0004997501249375312,2160,1272,0.8594631149999259,0.01,0.02,1308,8.068467929000008
S2,0.7,2400,111,3.143865563969986,16.084952770538493,16.944698693980545,0.07446276861569215,13.880860552919387,3.8514503634624426,0.0004997501249375312,1332,1260,0.527605986000026,0.01,0.15,1260,4.963528003999954
S2,0.7,2400,112,3.2363954487437723,31.726095023048348,16.964196178699343,0.0004997501249375312,27.0942475756705,3.78151995069627,0.0004997501249375312,1452,1236,0.8282105180001054,0.01,0.01,1428,8.358169537999856
S2,0.7,2400,113,3.2150459609807562,18.325338221628165,16.963902984581555,0.030984507746126936,15.37808532368597,3.8017638776720646,0.0004997501249375312,1896,1224,0.7548544490000495,0.01,0.06,1368,8.15314962399998
S2,0.7,2400,114,3.1999771247090543,24.44449703700188,16.811463155404933,0.0009995002498750624,20.69353006147431,3.8449684512260145,0.0004997501249375312,1668,1248,0.7891533209999579,0.01,0.01,1308,8.16348095300009
S2,0.7,2400,115,3.100468748316931,26.483460170756107,16.14766074976849,0.0004997501249375312,21.915374126259046,3.802159934082886,0.0004997501249375312,1596,1236,0.7753886899999998,0.01,0.02,1236,8.118180658000028
S2,0.7,2400,116,3.1443261233855777,24.71392481768769,16.60572585286058,0.001999000499750125,21.637592550795596,3.844442094166985,0.0004997501249375312,1452,1236,0.7717963480001799,0.01,0.02,1368,4.560807200999989
S2,0.7,2400,117,3.275895326140356,40.463439604976976,17.572124634460884,0.0004997501249375312,29.47536847466878,3.8806840086765058,0.0004997501249375312,1896,1224,0.49910422299990387,0.01,0.01,1284,4.509128780000083
S2,0.7,2400,118,3.212208665660945,22.27640255524211,16.96555256708664,0.004497751124437781,21.554007962669733,3.842036736898539,0.0004997501249375312,1224,1224,0.667121748999989,0.01,0.03,1224,6.455123129999947
S2,0.7,2400,119,3.2559215036384965,20.8129368348292,17.201525419937592,0.008995502248875561,16.59185379452161,3.7947369210105406,0.0004997501249375312,1500,1272,0.49132122400010303,0.01,0.03,1320,4.505786371000113
S2,0.7,2400,120,3.099099468315118,25.58442964199536,16.503319630107647,0.001999000499750125,26.589130650547162,3.9160340213695672,0.0004997501249375312,1260,1176,0.7654924729999948,0.01,0.01,1224,8.109108419999984
S2,0.7,2400,121,3.0851638923174676,19.798588158701307,16.296315522077634,0.008995502248875561,16.294983090121498,3.812584376607102,0.0004997501249375312,1536,1296,0.7587667150000925,0.01,0.02,1380,8.044906516000083
S2,0.7,2400,122,3.1815023152978816,26.379061684877712,16.68933906973148,0.0014992503748125937,19.531032614520523,3.8052468547595883,0.0004997501249375312,2100,1200,0.48454540099987753,0.01,0.01,1356,4.508063167000046
S2,0.7,2400,123,3.1053181399122725,22.87202418072404,16.913223530668663,0.001999000499750125,8.428343918454436,3.8183610809047663,0.0004997501249375312,2136,1308,0.4830608929999016,0.01,0.02,1452,4.498975820000169
S2,0.7,2400,124,3.1568898374462515,20.932590860247185,16.735252206813843,0.0079960019990005,20.438997509018833,3.8173837286664494,0.0004997501249375312,1380,1260,0.7699265080000259,0.01,0.04,1380,7.4490537500000755
S2,0.7,2400,125,3.1321208511583323,20.466798416502673,16.90413863054469,0.010994502748625687,18.5816366470261,3.8618821061068664,0.0004997501249375312,1320,1272,0.4890563160001875,0.01,0.03,1272,4.511703936999993
S2,0.7,2400,126,3.227750418531701,24.510951465428807,16.872668994485636,0.0029985007496251873,19.686730006036942,3.7901753298698306,0.0004997501249375312,2076,1248,0.4920869790000779,0.01,0.02,1416,4.507336719000023
S2,0.7,2400,127,3.066099985362423,15.334360000302745,16.223797073580954,0.06896551724137931,11.268901979216807,3.827987476167588,0.0004997501249375312,2160,1236,0.49320584399993095,0.01,0.24,1500,4.8945419050000964
S2,0.7,2400,128,3.191215968249205,19.36061539231819,17.040777959406796,0.017491254372813594,19.593192250842804,3.8547447860996837,0.0004997501249375312,1212,1212,0.4839872180000384,0.01,0.05,1236,4.517310076000058
S2,0.7,2400,129,3.171639023959206,27.494307376883846,16.683245493514164,0.0004997501249375312,18.8897520593419,3.790342580005797,0.0004997501249375312,2064,1224,0.4836109210000359,0.01,0.01,1236,7.911983221000128
S2,0.7,2400,130,3.1903837445760312,24.781902982380544,16.67210009492684,0.0004997501249375312,21.847123677499553,3.8284445285022852,0.0004997501249375312,2160,1200,0.7462120789998608,0.01,0.03,1200,8.049229563000154
S2,0.7,2400,131,3.0586345959389334,23.412392169712763,15.995052054503612,0.0014992503748125937,17.502837342990873,3.8342257461466733,0.0004997501249375312,2148,1200,0.7396798799998123,0.01,0.01,1260,8.037616754000055
S2,0.7,2400,132,3.1916818891999403,18.009033238755556,16.67264477686776,0.031484257871064465,11.796852741605765,4.011354427600918,0.0004997501249375312,2124,1248,0.4927161140001317,0.01,0.09,1416,4.500729330000013
S2,0.7,2400,133,3.035457645553249,25.846951773104863,16.408627275793076,0.0014992503748125937,25.969343430883022,3.9292067713454344,0.0004997501249375312,1596,1284,0.4859410999999909,0.01,0.01,1284,4.558286382000006
S2,0.7,2400,134,3.0547066709805795,30.50818739385795,16.434291161229336,0.0004997501249375312,28.333743369018258,3.885354626661072,0.0004997501249375312,1500,1200,0.7428337280000505,0.01,0.02,1500,6.52811702300005
S2,0.7,2400,135,3.1273654404111575,23.08878028804141,16.5304348173918,0.00399800099950025,21.067190625245846,3.818116110219209,0.0004997501249375312,1416,1308,0.48386232399980145,0.01,0.01,1416,4.5000511709999955
S2,0.7,2400,136,3.1135551079598787,19.22045148465184,16.83121767689399,0.012993503248375811,12.94157820643015,3.7619384232232953,0.0004997501249375312,2076,1284,0.7648316580000483,0.01,0.07,1308,6.176004760000069
S2,0.7,2400,137,3.1830820237843307,22.819261749216537,16.961880234669465,0.004497751124437781,20.01069017577446,3.8405739265383074,0.0004997501249375312,1740,1248,0.49212299000009807,0.01,0.02,1368,4.508365151000135
S2,0.7,2400,138,3.1570829118362984,16.36120937779527,16.673443014230404,0.05897051474262868,13.579162668338201,3.8398558948697437,0.0004997501249375312,1440,1224,0.4944553849998101,0.01,0.12,1296,4.519757742000138
S2,0.7,2400,139,3.2115347881209066,38.7704353658259,16.946720631766816,0.0004997501249375312,25.62286483890247,3.734506358756085,0.0004997501249375312,2148,1200,0.5074248339999485,0.01,0.01,1368,7.955029964999994
S2,0.7,2400,140,3.147687039887665,21.90968353203998,16.60837242074373,0.005497251374312844,13.160110821972632,3.976207155606671,0.0004997501249375312,1956,1224,0.767821265000066,0.01,0.01,1272,8.045515925000018
S2,0.7,2400,141,3.1664146700826423,23.15618653167074,16.91106056847125,0.0024987506246876563,21.77461714251711,3.7534407968350814,0.0004997501249375312,1380,1248,0.7683419960001174,0.01,0.04,1248,7.446470212000122
S2,0.7,2400,142,3.0704993697923317,18.31742282410397,16.65646775798526,0.02848575712143928,15.616459465200812,3.9124470949196044,0.0004997501249375312,1356,1356,0.4856132099998831,0.01,0.1,1380,4.599730408000141
S2,0.7,2400,143,3.0171290206608816,28.17833690610661,16.250309495668933,0.0004997501249375312,24.91756895666272,3.868495384900942,0.0004997501249375312,1536,1212,0.4919202399998994,0.01,0.01,1212,4.567676910000046
S2,0.7,2400,144,3.248308207322245,23.197504546024177,17.037195838073284,0.0014992503748125937,17.29615657667143,3.808002836432629,0.0004997501249375312,1692,1284,0.5066308729999491,0.01,0.01,1416,4.55543325199983
S2,0.7,2400,145,2.9925394215339978,26.985733203758507,16.176587619357502,0.0004997501249375312,20.106690288229768,3.9298759814182977,0.0004997501249375312,1608,1248,0.4846041799999057,0.01,0.02,1224,4.495769730999882
S2,0.7,2400,146,3.0183036030683335,26.095730566955904,16.187383699074434,0.0009995002498750624,28.290768833151372,3.8508505083200357,0.0004997501249375312,1176,1188,0.7471065820000149,0.01,0.01,1296,8.022165227999949
S2,0.7,2400,147,3.1056649429963494,22.028567084796954,16.31713494329477,0.0024987506246876563,18.81000508038256,3.798130614660715,0.0004997501249375312,2124,1176,0.7835853799999768,0.01,0.02,1176,8.038097623000112
S2,0.7,2400,148,3.116426928745844,28.02695141733626,16.39807752084972,0.0004997501249375312,21.618982100761198,3.777455746554013,0.0004997501249375312,1500,1236,0.4856641609999315,0.01,0.01,1428,4.962493291999863
S2,0.7,2400,149,3.161800587959285,25.103649108498495,16.740618018153224,0.0004997501249375312,20.649155074468034,3.901487827537268,0.0004997501249375312,1620,1248,0.7600722260001476,0.01,0.02,1152,8.064286435999975
S2,0.7,2400,150,3.109327246767001,23.67482307202762,16.3883771377413,0.0024987506246876563,19.50602605599962,3.8390861541118637,0.0004997501249375312,1860,1272,0.4853063470000052,0.01,0.02,1272,4.511499681000032
S2,0.7,2400,151,3.1082946709719774,25.157570069051715,16.627293056365414,0.0009995002498750624,19.455019125565297,3.8513841317726594,0.0004997501249375312,1860,1236,0.49670089400001416,0.01,0.02,1296,4.492752990999861
S2,0.7,2400,152,3.144680167652936,20.352619498142744,17.144009092771146,0.010994502748625687,14.484684225534417,3.738841752745862,0.0004997501249375312,2148,1200,0.4893691019999551,0.01,0.01,1308,4.4970326229999955
S2,0.7,2400,153,3.115667472322142,24.246626764664093,16.42978475105278,0.0014992503748125937,17.868694894764783,3.814134891868667,0.0004997501249375312,1680,1248,0.49414218500010065,0.01,0.01,1392,4.752141473999927
S2,0.7,2400,154,3.281639880804264,19.43727270252007,17.297816417913264,0.015992003998001,16.371059197883852,3.763216261465176,0.0004997501249375312,2040,1248,0.4919998119999036,0.01,0.08,1260,4.521192897999981
S2,0.7,2400,155,3.1260243343785854,21.57181901651661,16.595328371281134,0.004997501249375313,10.166356799255757,3.8611005105166054,0.0004997501249375312,264,1236,0.4855942120000236,0.02,0.04,1320,5.983706957999857
S2,0.7,2400,156,3.1594245936212415,21.354713023079142,16.606561294511973,0.00849575212393803,20.93133873235932,3.810870231491924,0.0004997501249375312,1332,1212,0.7713551889999053,0.01,0.02,1140,8.028981079999994
S2,0.7,2400,157,3.014023186226915,19.729168639546458,16.159257142977726,0.010494752623688156,18.266644462601985,3.8132853943022353,0.0004997501249375312,1824,1236,0.7429925389999426,0.01,0.05,1416,8.13521477900008
S2,0.7,2400,158,3.2457843568760816,25.369403950237576,16.810906712110153,0.0004997501249375312,16.750045544737787,3.766747891154178,0.0004997501249375312,1692,1332,0.7461250620001465,0.01,0.01,1332,8.027920717999905
S2,0.7,2400,159,3.0962155821142736,18.6928250177289,16.58707796464336,0.018490754622688656,13.35054034816557,3.8708406781005498,0.0004997501249375312,2148,1224,0.7621252699998422,0.01,0.04,1392,5.046332110999856
S2,0.7,2400,160,3.0042033775209,29.294628719419393,15.931894016702373,0.0004997501249375312,18.788911738170622,3.856310713403018,0.0004997501249375312,2088,1308,0.4836848379998173,0.01,0.01,1380,5.463200804000053
S2,0.7,2400,161,3.0361320626764963,20.76810816357306,16.105754705957384,0.0069965017491254375,17.439552519182165,3.835293561234529,0.0004997501249375312,1464,1236,0.49361588200008555,0.01,0.03,1464,4.501855496999951
S2,0.7,2400,162,3.0708144525791883,25.171810509672483,16.341143003197953,0.0024987506246876563,19.491000607284832,3.8463167378108767,0.0004997501249375312,1680,1200,0.777207836000116,0.01,0.01,1212,8.062960658999828
S2,0.7,2400,163,3.0178063195517586,26.73667052645669,16.22838707663335,0.0009995002498750624,21.072675655549798,3.8054513888861523,0.0004997501249375312,2160,1212,0.7496671669998705,0.01,0.01,1200,8.058438140999897
S2,0.7,2400,164,3.244198556813992,20.46781461231795,17.309392521537696,0.013493253373313344,18.6029261449289,3.8761206892625943,0.0004997501249375312,2160,1260,0.4944378879999931,0.01,0.04,1188,6.461868009999989
S2,0.7,2400,165,3.1289215542310638,17.212153599186973,16.844618497111842,0.04147926036981509,14.587966253770672,3.843559941809222,0.0004997501249375312,1728,1272,0.7677204030001121,0.01,0.12,1164,7.857428605999985
S2,0.7,2400,166,3.2158124202847045,19.826186796880624,17.070593621733565,0.013993003498250875,20.587145542930408,3.700691835297816,0.0004997501249375312,1224,1224,0.7439843180000025,0.01,0.02,1224,8.105464357000074
S2,0.7,2400,167,3.08539503990342,18.693152886145466,16.301131770996466,0.021989005497251374,15.64196621593545,3.8705423443271108,0.0004997501249375312,1500,1272,0.775973889999932,0.01,0.07,1248,6.81337867000002
S2,0.7,2400,168,2.970216909926765,22.206310413757492,16.08416100155491,0.0034982508745627187,16.93139785405466,3.8590719597134977,0.0004997501249375312,1956,1236,0.47445331699987037,0.01,0.01,1344,4.526096860000052
S2,0.7,2400,169,3.268785333934809,15.104099905424842,17.05045298430195,0.1184407796101949,13.094103833769234,3.784944660394351,0.0004997501249375312,1380,1236,0.4916648849998637,0.01,0.15,1236,7.908135622999907
S2,0.7,2400,170,3.1070520317386885,18.749416123253784,16.632689109984238,0.02048975512243878,18.429477070881553,3.8507178260880877,0.0004997501249375312,1236,1236,0.7719053960001929,0.01,0.03,1224,8.071853922999935
S2,0.7,2400,171,3.218266029726462,22.849414136933003,16.928886276605915,0.004997501249375313,22.077700082542723,3.7881158971090523,0.0004997501249375312,1896,1224,0.7530932069998926,0.01,0.05,1296,8.17616563799993
S2,0.7,2400,172,2.86898629517161,34.101667409130556,15.227510061361562,0.0004997501249375312,35.94281226392065,3.8155916851562504,0.0004997501249375312,1272,1260,0.4822437479999735,0.01,0.01,1296,4.50321017400006
S2,0.7,2400,173,3.164339412015466,24.52775307362156,16.678502273408892,0.0014992503748125937,19.68776956086289,3.7717257958842234,0.0004997501249375312,1692,1368,0.48601532999987285,0.01,0.01,1416,4.575939914000173
S2,0.7,2400,174,3.2683740516666493,17.757743127452454,17.229157397957778,0.0399800099950025,14.68318838113464,3.7762907198058193,0.0004997501249375312,2148,1188,0.4888805779999075,0.01,0.08,1368,4.503847274999998
S2,0.7,2400,175,3.1265219160764577,25.06535046625642,16.62591431545154,0.0004997501249375312,19.976742258133324,3.8528501220073896,0.0004997501249375312,1908,1248,0.49328537500014136,0.01,0.01,1248,5.970768558000145
S2,0.7,2400,176,3.072666107338539,16.640616836226087,16.354692452736202,0.044977511244377814,16.452826080124616,3.860718996892416,0.0004997501249375312,1320,1248,0.7683738279999943,0.01,0.11,1284,8.028199464999943
S2,0.7,2400,177,3.0810155867801523,32.354522917034075,16.36736370806286,0.0009995002498750624,21.564487895731023,3.8355618739769146,0.0004997501249375312,1752,1248,0.7738180989999819,0.01,0.01,1608,4.967709972999955
S2,0.7,2400,178,3.2694144929974858,24.743447721732522,17.50882729284197,0.001999000499750125,19.66282850648125,3.855936931555244,0.0004997501249375312,1512,1296,0.7605126869998458,0.01,0.02,1296,8.278374696000128
S2,0.7,2400,179,3.1560903714309245,20.301036260937508,16.55568008111665,0.009495252373813094,9.650696947740022,3.8248082502811536,0.0004997501249375312,1980,1464,0.7616045680001662,0.01,0.03,1464,7.623046987999942
S2,0.7,2400,180,3.1594245936215346,30.078964003518692,17.15552149432887,0.0004997501249375312,24.755116319098036,3.8410428832585604,0.0004997501249375312,1644,1212,0.8014052590001484,0.01,0.01,1644,8.021726796000166
S2,0.7,2400,181,3.0660437226970876,21.49119338224558,16.325988469034975,0.005497251374312844,16.664096910611196,3.6744094479572795,0.0004997501249375312,1728,1212,0.7721703090001029,0.01,0.01,1344,5.7528921659998105
S2,0.7,2400,182,3.2104355197243524,18.41989805580025,16.925357657283083,0.0239880059970015,17.008996040002035,3.8685561808698807,0.0004997501249375312,2100,1224,0.7693497339998885,0.01,0.1,1464,6.181038158999854
S2,0.7,2400,183,3.052115486059873,20.46412537490683,16.50062295843073,0.00849575212393803,19.42427917035903,3.7865777903715383,0.0004997501249375312,1716,1248,0.49533196099991983,0.01,0.02,1380,4.629974426999979
S2,0.7,2400,184,3.0995885293415957,22.71874321680267,16.879740390846788,0.001999000499750125,22.336182410712613,3.8547398554684946,0.0004997501249375312,1272,1272,0.5004018669999368,0.01,0.01,1188,4.516950719000079
S2,0.7,2400,185,3.286142137655364,21.128704935045953,16.994648577131446,0.00849575212393803,16.684720869567027,3.8502730291615537,0.0004997501249375312,1572,1260,0.5220760079998854,0.01,0.03,1296,7.12108672599993
S2,0.7,2400,186,3.094083569098186,22.376990935463382,16.650977363703035,0.00399800099950025,14.877085566099135,3.7767300418832774,0.0004997501249375312,2112,1200,0.7639399869999579,0.01,0.01,1332,8.06789562799986
S2,0.7,2400,187,3.100259848622131,33.48216437864856,16.42098494979932,0.0004997501249375312,26.190945724815688,3.776843684876078,0.0004997501249375312,1896,1236,0.7809390759998678,0.01,0.01,1260,7.997468408000032
S2,0.7,2400,188,3.135191228251014,25.041463282197615,16.566003331222472,0.0014992503748125937,21.9681749353941,3.93356841993138,0.0004997501249375312,2112,1272,0.4867901340001026,0.01,0.01,1368,4.820277136999948
S2,0.7,2400,189,3.1316205023931456,18.18842799470457,16.918023260757742,0.030984507746126936,8.343999939755017,3.843021622684973,0.0004997501249375312,2076,1260,0.5215181460000622,0.01,0.05,1404,4.563579304000086
S2,0.7,2400,190,3.084082890065353,17.58342255909766,16.278443776102666,0.02798600699650175,18.097679758651054,3.821940743605961,0.0004997501249375312,1188,1188,0.487827857999946,0.01,0.04,1188,4.792452529999991
S2,0.7,2400,191,3.172104181176322,18.393588200722764,17.25132631778223,0.031984007996002,15.988190915082516,3.9151652939566737,0.0004997501249375312,1440,1200,0.5364077230001385,0.01,0.08,1356,4.539325285999894
S2,0.7,2400,192,3.2876465485391297,27.844895890059096,17.17672597346915,0.0004997501249375312,19.86653032982944,3.808178639700717,0.0004997501249375312,2088,1200,0.748940857999969,0.01,0.01,1188,8.081943034000005
S2,0.7,2400,193,3.0836482671956222,20.61180732082614,16.49851224921341,0.0074962518740629685,17.814446196418416,3.8357706547008212,0.0004997501249375312,2064,1236,0.7656011930000659,0.01,0.03,1272,8.029021232999867
S2,0.7,2400,194,3.1524731260940704,25.966088621073357,16.43372660699891,0.0009995002498750624,25.616571818660596,3.9126686521668272,0.0004997501249375312,1392,1200,0.4935871400000451,0.01,0.01,1200,4.511552105999954
S2,0.7,2400,195,3.071426354577283,18.398868745748125,16.37750112228192,0.020989505247376312,14.979092855640317,3.830042808301756,0.0004997501249375312,2160,1260,0.4846796709998671,0.01,0.08,1392,4.507648359000086
S2,0.7,2400,196,3.1716390239599463,23.866484294492814,16.68557704861792,0.001999000499750125,23.63509962371627,3.8348536774496487,0.0004997501249375312,1332,1236,0.482217786000092,0.01,0.02,1332,5.66433872499988
S2,0.7,2400,197,3.0111421980174176,19.185134438057215,15.849271363684027,0.010994502748625687,18.0100340652738,3.834719326809732,0.0004997501249375312,1404,1200,0.7483563499999946,0.01,0.03,1200,8.075229497999999
S2,0.7,2400,198,3.1739646018525,26.950027312616044,16.595540614658468,0.0009995002498750624,27.454076640075378,3.7166679716874667,0.0004997501249375312,1236,1236,0.4898096350000287,0.01,0.01,1224,4.60711550200017
S2,0.7,2400,199,3.0938425785294394,23.421760498298774,16.726099793265682,0.0034982508745627187,11.562831332872392,3.8785577175985044,0.0004997501249375312,2160,1284,0.4853564000000006,0.01,0.01,1404,5.079032304000066
S2,0.7,2400,200,3.080910757697635,19.633124274597968,16.719575385039697,0.015992003998001,14.042236977929598,3.7825694240214314,0.0004997501249375312,2064,1200,0.7645095629998195,0.01,0.07,1332,8.059536994000155
S2,0.7,2400,201,3.229251367253206,26.630895999493728,16.885202615793204,0.0004997501249375312,14.959016577962624,3.840999055674823,0.0004997501249375312,1920,1368,0.7461728390001099,0.01,0.01,1488,8.03629177699986
S2,0.7,2400,202,3.2260303235608414,22.596075520057212,16.78801676089635,0.0029985007496251873,21.035095851467858,3.770461091583806,0.0004997501249375312,1332,1236,0.4916409830000248,0.01,0.02,1032,4.661686029000066
S2,0.7,2400,203,3.149146879538529,18.989728282923206,16.764956429115674,0.013993003498250875,17.337121193988878,3.8421312913555394,0.0004997501249375312,1392,1224,0.5623338460000014,0.01,0.05,1332,4.918902520000074
S2,0.7,2400,204,3.263100249075066,22.372974468882628,17.30171109734467,0.005497251374312844,18.987663734072747,3.850609007063025,0.0004997501249375312,2076,1212,0.4924348330000612,0.01,0.02,1212,5.171998901000052
S2,0.7,2400,205,3.135894811711117,17.89533304880706,16.702774976729568,0.030484757621189407,15.47956044107849,3.8498167270477475,0.0004997501249375312,2160,1212,0.4843059979998543,0.01,0.06,1212,4.511942397999974
S2,0.7,2400,206,3.1843524451312946,27.18093882312752,17.011215802728803,0.0004997501249375312,20.327499777424535,3.8758890387663962,0.0004997501249375312,1824,1224,0.7678788999999142,0.01,0.01,1236,8.041645011000128
S2,0.7,2400,207,3.185238200856866,26.41958214942384,16.448697478881506,0.0004997501249375312,19.881874174496744,3.786286125921202,0.0004997501249375312,1980,1236,0.7474392760000228,0.01,0.01,1236,5.149277052999878
S2,0.7,2400,208,3.151969273589677,25.503914818297453,16.852315185638528,0.001999000499750125,21.59504534434207,3.8348415163121916,0.0004997501249375312,1500,1236,0.7622004089998882,0.01,0.01,1320,8.002160437000157
S2,0.7,2400,209,3.024000845916086,13.923042850590472,16.312859907296648,0.13243378310844578,10.599109279459242,3.7116347404149095,0.0004997501249375312,1608,1236,0.7356776139999965,0.01,0.27,1356,8.008428555999899
S2,0.7,2400,210,3.054652180031981,22.7645893766347,16.53374709910572,0.001999000499750125,19.17499814610755,3.975279038084281,0.0004997501249375312,2148,1212,0.6185012529999767,0.01,0.02,1392,8.03096702899984
S2,0.7,2400,211,3.024756108809859,19.565075367126752,16.281456734462488,0.010494752623688156,17.595427933129532,3.9366308178324236,0.0004997501249375312,1356,1356,0.7465624760000082,0.01,0.09,1368,8.026833753999881
S2,0.7,2400,212,3.0534978665381747,23.752702825780844,16.070998981201093,0.001999000499750125,20.92736618572337,3.7550436605075097,0.0004997501249375312,1476,1236,0.48403370500000165,0.01,0.02,1380,4.518339016000027
S2,0.7,2400,213,3.2354095354583476,23.681073483582082,17.20964573900471,0.0029985007496251873,22.686021772372577,3.8136384769578764,0.0004997501249375312,1200,1200,0.49300572500010276,0.01,0.04,1128,4.5133892450000985
S2,0.7,2400,214,3.2660189642538175,26.532994755879756,16.897976013914434,0.0009995002498750624,24.05412134190324,3.8368729247038096,0.0004997501249375312,1356,1272,0.4925095799999326,0.01,0.01,1272,4.5138556490001065
S2,0.7,2400,215,3.0169378707826127,21.34471196119346,16.466758424358524,0.005997001499250375,16.07036197448351,3.781639964818042,0.0004997501249375312,2160,1284,0.48412868000013987,0.01,0.03,1296,5.088032713000075
S2,0.7,2400,216,3.067598105115595,18.568781421214744,16.53739986795714,0.020989505247376312,15.20741839693465,3.8532274150495924,0.0004997501249375312,2064,1188,0.7630092429999422,0.01,0.09,1260,8.066814256999805
S2,0.7,2400,217,3.2786044792793696,28.125288512809707,16.540321815915682,0.0004997501249375312,24.53432076832701,3.6906018607908653,0.0004997501249375312,1500,1224,0.7613047150000511,0.01,0.02,1200,8.120464885000047
S2,0.7,2400,218,3.2776277445079516,21.455202354233588,17.148790760708163,0.0069965017491254375,19.062804407106775,3.8061293396867133,0.0004997501249375312,1332,1260,0.602728733000049,0.01,0.02,1320,4.9221924660000695
S2,0.7,2400,219,3.258067825875432,25.934558232302898,16.908934735306513,0.0014992503748125937,16.678502729293385,3.755588292088263,0.0004997501249375312,2160,1212,0.49637320099986937,0.01,0.02,1332,5.454606723000097
S2,0.7,2400,220,3.2369624149610177,26.346657945590316,17.038889230620278,0.0009995002498750624,23.380802797316743,3.7445553899948605,0.0004997501249375312,2112,1284,0.7653436539999348,0.01,0.01,1296,8.112127332
S2,0.7,2400,221,3.211534788121713,30.463848636913912,16.78430565350478,0.0009995002498750624,22.805357358170976,3.8126379118109175,0.0004997501249375312,1596,1188,0.7521729099998993,0.01,0.01,1596,8.137782363000042
S2,0.7,2400,222,3.0827934498491767,27.35119574827166,16.416160627689713,0.0009995002498750624,21.294906547413305,3.8518086976117045,0.0004997501249375312,2112,1284,0.4857252609999705,0.01,0.01,1308,4.524678429000005
S2,0.7,2400,223,3.129390766372787,22.406089993122343,16.891886909048562,0.00399800099950025,19.549661740973907,3.859177704930401,0.0004997501249375312,1488,1308,0.4856563370001368,0.01,0.03,1344,4.57029823899984
S2,0.7,2400,224,3.199934263905786,29.243005428550124,16.833365401750374,0.0004997501249375312,28.551280290420664,3.846031377594002,0.0004997501249375312,1320,1200,0.4919787690000703,0.01,0.01,1212,4.511539141999947
S2,0.7,2400,225,3.1401901233967715,22.644075964086824,16.269664493589968,0.0024987506246876563,18.096337577396874,3.8102892232975965,0.0004997501249375312,1560,1356,0.48820946199998616,0.01,0.02,1356,6.99732144099994
S2,0.7,2400,226,2.9370406066045245,19.96523386171568,15.638013677356657,0.005497251374312844,20.424341486264343,3.7992849696786397,0.0004997501249375312,1296,1212,0.7491083959998832,0.01,0.04,1248,8.13605276699991
S2,0.7,2400,227,3.37298609115386,25.884896212769764,17.353663636512145,0.0014992503748125937,24.536527341118088,3.7619700083723884,0.0004997501249375312,1224,1212,0.7875160979999691,0.01,0.01,1224,8.15180410899984
S2,0.7,2400,228,3.2859471320604303,27.67179209065266,17.625243068550557,0.001999000499750125,21.889001253940307,3.9177035198118957,0.0004997501249375312,1896,1200,0.7514284100000168,0.01,0.01,1164,8.153690810999933
S2,0.7,2400,229,3.25496347241449,21.215326257895953,16.947058056861852,0.010994502748625687,16.410364475372777,3.806974142542297,0.0004997501249375312,1776,1224,0.7650861099998565,0.01,0.04,1224,8.165947674000108
S2,0.7,2400,230,3.015845034285186,17.243350137193513,15.950124144472936,0.027486256871564217,17.310588795668707,3.8378985215925656,0.0004997501249375312,1236,1236,0.4853841540000303,0.01,0.1,1284,4.547235527000112
S2,0.7,2400,231,3.227227519814712,19.715556463790822,16.750797455773597,0.011494252873563218,18.56774416934073,3.791389854483069,0.0004997501249375312,1308,1200,0.49103047199992034,0.01,0.03,1200,7.219470849000118
S2,0.7,2400,232,3.162396994111061,23.43478817064301,16.26006713546654,0.0024987506246876563,19.989719838668105,3.7449098228133746,0.0004997501249375312,1872,1200,0.762726659000009,0.01,0.03,1176,6.097643524999967
S2,0.7,2400,233,3.1024048690734602,20.293861039724323,16.398935461171764,0.009495252373813094,17.8714662350376,3.875684230580872,0.0004997501249375312,1572,1200,0.48400821099994573,0.01,0.05,1464,6.003193904999989
S2,0.7,2400,234,3.180392093326731,33.31531009724285,16.724535100610105,0.0004997501249375312,30.59101821886035,3.8881344488744807,0.0004997501249375312,1296,1284,0.7716983340001207,0.01,0.01,1284,8.113303057999929
S2,0.7,2400,235,3.0625612810884717,14.661666896591555,15.80800425639919,0.08995502248875563,13.700571604407365,3.797398289779361,0.0004997501249375312,1332,1248,0.7714031010000326,0.01,0.27,1248,8.032533737999984
S2,0.7,2400,236,3.1634463343629946,16.221950727999104,16.99727186318059,0.0704647676161919,13.925421720944337,3.8209845209386817,0.0004997501249375312,1836,1200,0.7671260009999514,0.01,0.14,1248,6.011059676000059
S2,0.7,2400,237,3.248558394071779,26.09857138458604,17.094662875729544,0.0009995002498750624,15.684220269049094,3.8661426438821036,0.0004997501249375312,2100,1200,0.4985952389999966,0.01,0.01,1464,4.516966102999959
S2,0.7,2400,238,3.080247333635684,13.744307970372587,16.504380282590176,0.15792103948025987,12.455898436995842,3.8560823506823874,0.0004997501249375312,2028,1200,0.7662088110000695,0.01,0.28,1200,7.262001288999954
S2,0.7,2400,239,3.23304771398559,30.811654441803466,17.45105523149118,0.0004997501249375312,23.82455982271201,3.7538923424709365,0.0004997501249375312,1992,1260,0.7701270390000445,0.01,0.01,1392,6.095627571000023
S2,0.7,2400,240,3.1987799178649015,20.694327948262437,16.735552522668797,0.0079960019990005,17.939428193641735,3.850306498092143,0.0004997501249375312,1344,1236,0.7492960539998421,0.01,0.01,1332,8.026767394999979
S2,0.7,2400,241,3.0183152931080595,19.33543626892102,16.06265300210812,0.01249375312343828,15.879573489945122,3.8924231081635,0.0004997501249375312,1728,1212,0.7452191610000227,0.01,0.06,1212,4.553280868000002
S2,0.7,2400,242,3.1643394120164166,18.01669333426351,16.678026925075482,0.02848575712143928,16.10848179329891,3.8103846145615963,0.0004997501249375312,1452,1200,0.4873957840000003,0.01,0.11,1392,5.9496203269998205
S2,0.7,2400,243,3.192054068644131,22.130364880516908,17.245247716005665,0.0029985007496251873,21.67370237934575,3.857107922343731,0.0004997501249375312,1716,1224,0.7494449420000819,0.01,0.01,1248,6.1164616779999506
S2,0.7,2400,244,3.09075498319755,28.95980773948964,16.35728946627098,0.0004997501249375312,29.658731133010022,3.7888745328853983,0.0004997501249375312,1212,1200,0.7722015159999955,0.01,0.01,1212,8.029702002000022
S2,0.7,2400,245,3.037348369259471,22.370417843851865,15.87311963665136,0.00399800099950025,20.71887549330896,3.8997174506211154,0.0004997501249375312,1284,1284,0.7435687039999266,0.01,0.03,1284,8.01376107499982
S2,0.7,2400,246,3.1335221759748646,19.98463587114256,16.778248878102126,0.009495252373813094,19.57773975971287,3.7571553890243785,0.0004997501249375312,1236,1236,0.4907033940000929,0.01,0.06,1236,4.5088961080000445
S2,0.7,2400,247,3.249079967950228,23.905907649750915,17.046467346177263,0.0024987506246876563,17.149295400061924,3.8098686594186413,0.0004997501249375312,2088,1212,0.49738427500005855,0.01,0.01,1212,5.397595982999974
S2,0.7,2400,248,3.2500490163049633,13.516755259688047,17.03962511201247,0.21389305347326337,8.297613880154431,3.806249727711821,0.0004997501249375312,2160,1308,0.49808579499995176,0.01,0.27,1308,4.503180272999998
S2,0.7,2400,249,3.0808630390422675,17.291845789445187,16.709840453419154,0.03948025987006497,17.098253386454115,3.800066592590783,0.0004997501249375312,1272,1224,0.4985989909998807,0.01,0.15,1296,5.343150295999976
S2,0.7,2400,250,3.1659382357361863,20.52040459645528,16.54135119053703,0.010994502748625687,19.385875503191727,3.8504526071815914,0.0004997501249375312,1296,1248,0.5043136570000115,0.01,0.01,1296,4.510324770999887
S2,0.7,2400,251,3.1260453956290672,15.873869828891957,16.797075855745646,0.07246376811594203,13.417873438083465,3.8100250259815693,0.0004997501249375312,2136,1212,0.4855300950000583,0.01,0.15,1212,4.735097730000007
S2,0.7,2400,252,3.2490799679493185,33.864977939102445,17.104827954929956,0.0004997501249375312,25.509842249665404,3.736120004458432,0.0004997501249375312,2160,1236,0.7634211199999754,0.01,0.01,1176,8.043676585999947
S2,0.7,2400,253,3.2617858604361754,16.80223013902944,17.36489276969342,0.06446776611694154,15.260687714106204,3.8493531590225776,0.0004997501249375312,2148,1212,0.7488561299999219,0.02,0.22,1212,8.060823059000086
S2,0.7,2400,254,2.96846008900402,16.196102384241794,15.681446252116361,0.038980509745127435,15.545186771681122,3.797323952980355,0.0004997501249375312,1476,1236,0.7497612929998922,0.01,0.12,1296,8.083255038000061
S2,0.7,2400,255,3.0484068813085,23.136003638580004,16.280317551157346,0.0024987506246876563,17.93516890040076,3.8434115148421593,0.0004997501249375312,1716,1236,0.7473181569998815,0.01,0.03,1188,5.414980750000041
S2,0.7,2400,256,3.209657615820136,22.623868730088187,16.565540782916624,0.00399800099950025,22.594145241398298,3.776067883846015,0.0004997501249375312,2124,1200,0.7513010560001021,0.01,0.01,1260,6.358178052000085
S2,0.7,2400,257,3.151824152159341,23.288019883763774,16.57301875400696,0.001999000499750125,14.581358356412817,3.7484411553795836,0.0004997501249375312,2148,1236,0.4872714610000912,0.01,0.01,1500,7.689198729999816
S2,0.7,2400,258,3.2000930076320473,29.20516494752492,17.04615213937552,0.0004997501249375312,21.87630820336525,3.8136833348231676,0.0004997501249375312,1884,1236,0.49038195299999643,0.01,0.01,1212,4.507857126999852
S2,0.7,2400,259,3.1189591332620865,25.255382844897767,16.134688138224913,0.0004997501249375312,26.514937900620335,3.7532526063719436,0.0004997501249375312,1200,1200,0.485386483999946,0.01,0.04,1200,4.5098007839999354
S2,0.7,2400,260,3.233722055499317,26.302326420217288,17.055304751827162,0.0024987506246876563,24.82099569150272,3.810470071307927,0.0004997501249375312,1212,1212,0.7413524070000221,0.01,0.01,1188,8.042442440000059
S2,0.7,2400,261,3.3166845766648225,26.28259180155304,17.338860803719083,0.0014992503748125937,19.04850829036909,3.8935221169217678,0.0004997501249375312,2160,1320,0.7727928930000871,0.01,0.02,1356,8.036164222000025
S2,0.7,2400,262,3.165005707416917,21.31247720464561,16.480452884869386,0.004997501249375313,19.28120952131331,3.844853921317986,0.0004997501249375312,2160,1284,0.4900828489999185,0.01,0.02,1284,4.50848320099999
S2,0.7,2400,263,3.185107888086377,34.79874221558899,17.09833427426261,0.0004997501249375312,34.336245839714145,3.8478528669476075,0.0004997501249375312,1428,1224,0.4935180429999946,0.01,0.01,1212,4.501086938999833
S2,0.7,2400,264,3.10707748327579,22.935690924251244,16.81106329493571,0.00399800099950025,15.929581031334024,3.919227924658944,0.0004997501249375312,2124,1200,0.756765937000182,0.01,0.01,1380,8.00512330200013
S2,0.7,2400,265,3.3228328889525502,26.981858796062298,17.348121167747458,0.0009995002498750624,24.829607136332033,3.8347285105229694,0.0004997501249375312,1560,1248,0.7829583549998915,0.01,0.01,1248,8.07646085700003
S2,0.7,2400,266,3.048531213860401,18.920241765181416,16.06295237938851,0.01649175412293853,19.777599349266797,3.9027849173241456,0.0004997501249375312,1212,1212,0.48426709099999243,0.01,0.1,1212,4.50856064200002
S2,0.7,2400,267,3.206986064184657,25.488642959277396,16.725290259216266,0.0004997501249375312,25.473722444886388,3.7650109053182774,0.0004997501249375312,1176,1176,0.49709209000002375,0.01,0.01,1320,7.267075904999956
S2,0.7,2400,268,3.048546510253977,28.11069238450656,16.80427565320774,0.0014992503748125937,19.880314395253937,3.902729313601148,0.0004997501249375312,1836,1212,0.49196645699998953,0.01,0.01,1620,4.513151370999822
S2,0.7,2400,269,3.213137029578911,22.909659572238585,17.172862763693555,0.00399800099950025,19.60017814547478,3.830083578871148,0.0004997501249375312,1440,1200,0.4928621999999905,0.01,0.02,1272,5.115875074000087
S2,0.7,2400,270,3.0884652240826034,17.92656470675534,16.68308710783816,0.031484257871064465,16.193429901969566,3.7499289177148754,0.0004997501249375312,2124,1272,0.7736769030000232,0.01,0.11,1188,8.03714408299993
S2,0.7,2400,271,3.077406175222019,15.025334174349254,16.657316632782564,0.10044977511244378,14.684732257748259,3.85676467362857,0.0004997501249375312,1212,1212,0.7888636980001138,0.01,0.21,1260,5.936121216000174
S2,0.7,2400,272,3.135837491833945,20.610032075240266,16.644204591870732,0.011494252873563218,20.21802553965877,3.90825738858935,0.0004997501249375312,1236,1236,0.7735368790001758,0.01,0.02,1236,8.148978604000149
S2,0.7,2400,273,3.180804960231042,26.466939170843993,16.73562158213816,0.001999000499750125,23.32353374571037,3.8133218132714766,0.0004997501249375312,2088,1272,0.7557267730001058,0.01,0.02,1212,4.976158580999936
S2,0.7,2400,274,3.22383023471153,14.785095059055074,16.887472214122276,0.13693153423288357,12.888617087063826,3.7322294563984433,0.0004997501249375312,1512,1236,0.7754408270000113,0.01,0.1,1236,8.14300649400002
S2,0.7,2400,275,3.1320671223408256,28.61153540153024,16.426650335562492,0.0004997501249375312,21.208212646913868,3.75032930233023,0.0004997501249375312,1584,1200,0.7722130219999599,0.01,0.01,1584,8.051103193000017
S2,0.7,2400,276,3.218730274863921,20.874279562427155,17.050121078642064,0.005997001499250375,16.746140827908622,3.754338776935403,0.0004997501249375312,1716,1212,0.4845991199999844,0.01,0.05,1236,4.51708403900011
S2,0.7,2400,277,3.1064376759836305,23.28859985971748,16.819264482429823,0.0024987506246876563,18.54431185573417,3.7280060928802348,0.0004997501249375312,2148,1272,0.4886554409999917,0.01,0.03,1272,4.488656300000002
S2,0.7,2400,278,3.1036548995212874,18.662583641178326,16.859324950250308,0.021989005497251374,10.355404769653322,3.874554851676162,0.0004997501249375312,2112,1272,0.48588869200011686,0.01,0.03,1404,4.499005002999866
S2,0.7,2400,279,3.2110554726287828,25.157737667927265,17.049710730911542,0.0014992503748125937,20.492300054538198,3.8314040219566166,0.0004997501249375312,1620,1200,0.4928101190000689,0.01,0.01,1200,4.506607618000089
S2,0.7,2400,280,3.2567991681698887,29.532752011336907,16.507819518185954,0.0004997501249375312,17.69627309054867,3.8576235612111365,0.0004997501249375312,2148,1224,0.49347999199994774,0.01,0.01,1152,4.521352456000159
S2,0.7,2400,281,3.352908080656187,21.009997206007515,17.584303746597662,0.01249375312343828,19.975052739021223,3.7691511522605636,0.0004997501249375312,1332,1224,0.49076505600010023,0.01,0.06,1332,7.109470785999974
S2,0.7,2400,282,3.020247130584899,14.936030353762789,16.122748524049094,0.08995502248875563,15.0407703202394,3.938805453549702,0.0004997501249375312,1500,1224,0.4876618549999421,0.01,0.09,1224,7.146581854000033
S2,0.7,2400,283,2.896012132890654,17.79382689257522,15.687322136044621,0.02048975512243878,17.224140957313175,3.9395844341091455,0.0004997501249375312,1404,1200,0.735135363000154,0.01,0.1,1368,7.803387491999956
S2,0.7,2400,284,3.1623969941105488,17.775527692715848,16.76422926864587,0.028985507246376812,11.10915052503795,3.8660340628616994,0.0004997501249375312,2052,1356,0.7750772809999944,0.01,0.02,1356,7.737442878000138
S2,0.7,2400,285,3.066507160630709,21.053865476552005,16.244681657208112,0.006496751624187906,16.45484570442227,3.7970709739757895,0.0004997501249375312,1608,1200,0.5126685990001079,0.01,0.03,1368,4.512442584999917
S2,0.7,2400,286,3.1311271486085315,22.416854721062915,16.458803620334262,0.00399800099950025,16.74498691361683,3.9284678829501107,0.0004997501249375312,1980,1236,0.4838835509999626,0.01,0.02,1236,4.501403263999919
S2,0.7,2400,287,3.124961789578953,26.68123945360416,16.6106545331055,0.0004997501249375312,25.257447512851694,3.8670504144727804,0.0004997501249375312,1368,1212,0.49792551300015475,0.01,0.01,1368,4.500409284999932
S2,0.7,2400,288,3.1819046176566252,17.65543058174881,16.404074375314988,0.025487256371814093,16.920808935505395,3.8639054824064893,0.0004997501249375312,1200,1200,0.761605980000013,0.01,0.11,1188,8.031769237999924
S2,0.7,2400,289,3.059709679315629,23.526166580975165,16.516996213447747,0.0024987506246876563,23.48600418770055,3.8157842050837063,0.0004997501249375312,2064,1224,0.7484368740001628,0.01,0.02,1224,8.05636538900012
S2,0.7,2400,290,3.275804727755873,21.709384631855528,17.428067788478433,0.005997001499250375,21.15312988246331,3.774781604133113,0.0004997501249375312,1416,1236,0.4916121930000372,0.01,0.07,1296,6.877551207999886
S2,0.7,2400,291,3.2423833713341863,24.239583477442345,17.142236369322323,0.0029985007496251873,15.976937021026409,3.9167705696139197,0.0004997501249375312,1572,1272,0.5047359010000037,0.01,0.01,1260,4.562636037000175
S2,0.7,2400,292,3.185629920149382,26.90991557064797,16.946155880713242,0.0024987506246876563,13.442419483561553,3.780142194715244,0.0004997501249375312,2148,1272,0.5410697030001757,0.01,0.01,1524,4.592407728000126
S2,0.7,2400,293,3.1391460533649416,18.80882392572466,16.140576351150738,0.01199400299850075,18.124266239177505,3.7008314530615074,0.0004997501249375312,1284,1284,0.497501949000025,0.01,0.12,1308,5.292634837000151
S2,0.7,2400,294,3.04949332141738,25.182009373895458,16.44400574167322,0.0014992503748125937,21.93951082813328,3.831573625745297,0.0004997501249375312,1488,1260,0.48440488799997183,0.01,0.01,1296,4.498993103999965
S2,0.7,2400,295,3.0279741334923513,32.30762428502721,16.455874301683114,0.0004997501249375312,26.17545492446269,3.7988045170179485,0.0004997501249375312,1776,1236,0.49031096299995625,0.01,0.01,1320,5.069222037000145
S2,0.7,2400,296,3.1639485862857604,18.979815058868105,16.82939460103665,0.020989505247376312,12.235607779585319,3.806359748507685,0.0004997501249375312,1992,1272,0.7523807169998236,0.01,0.04,1356,8.022410516000036
S2,0.7,2400,297,3.1810872042664307,21.81671139695211,16.66539354220444,0.0069965017491254375,20.080165764031516,3.74323912073467,0.0004997501249375312,1968,1212,0.7586260839998431,0.01,0.02,1200,8.088101941000104
S2,0.7,2400,298,3.183779020505961,23.659830066094955,16.831558708174867,0.0034982508745627187,19.317374420915723,3.794216678896768,0.0004997501249375312,2148,1224,0.5064500169999064,0.01,0.01,1224,4.546760096000071
S2,0.7,2400,299,3.1821193063422273,26.39353155991218,16.623498896716782,0.0014992503748125937,24.47294812080475,3.773122519051962,0.0004997501249375312,1608,1212,0.4949790489999941,0.01,0.01,1428,6.5937511439999525
S2,0.7,2400,300,3.108417564287844,22.191906560085243,16.389740114386804,0.0034982508745627187,21.319215261202608,3.877937246831182,0.0004997501249375312,1380,1284,0.5009955380000974,0.01,0.04,1284,4.531405513999971
S2,0.7,2400,301,3.0689705449343707,20.27791384750202,16.590527475987354,0.008995502248875561,18.965455893115784,3.8530498896722363,0.0004997501249375312,1800,1236,0.49914971899988814,0.01,0.04,1236,4.5268374760000825
S2,0.7,2400,302,3.257680847822077,29.453993061774,17.072975589485196,0.0004997501249375312,18.051163746900425,3.747967650813586,0.0004997501249375312,2160,1224,0.5067874399999255,0.01,0.01,1296,5.375070453000035
S2,0.7,2400,303,3.0352269953726196,17.890176896233875,16.238709793907667,0.02498750624687656,17.070126377350647,3.8932532068163908,0.0004997501249375312,1440,1212,0.7794841119998637,0.01,0.06,1212,7.763272018999942
S2,0.7,2400,304,3.2193270582821847,25.319822150301537,16.85523786552614,0.0014992503748125937,16.67507091123314,3.7643147390108167,0.0004997501249375312,2124,1224,0.7460288730001139,0.01,0.01,1224,5.373783689999982
S2,0.7,2400,305,3.148262161637618,20.64893219097805,16.939802979885656,0.010994502748625687,19.503760903903544,3.8860169616697,0.0004997501249375312,1380,1236,0.5495699959999456,0.01,0.01,1176,6.713687859000174
S2,0.7,2400,306,3.15696715970721,36.35509501797373,16.532191112539543,0.0004997501249375312,23.62199032085371,3.7755257418911388,0.0004997501249375312,1752,1416,0.4895862620001026,0.01,0.01,1524,4.495395288999816
S2,0.7,2400,307,3.2243352007384294,23.508713795921178,17.03912510194298,0.0029985007496251873,19.811384706473767,3.8226341187647366,0.0004997501249375312,1560,1200,0.49937154000008377,0.01,0.02,1560,6.640626394000037
S2,0.7,2400,308,3.0131973142770456,21.930056947024585,16.17021393581445,0.004997501249375313,11.046117528400892,3.8514063880637965,0.0004997501249375312,2064,1452,0.7479468210001414,0.01,0.03,1452,6.386541442999942
S2,0.7,2400,309,3.1777099614999735,17.41821080175029,16.429665900375127,0.03498250874562719,14.264549441971612,3.7277879696738494,0.0004997501249375312,1428,1260,0.5686816390000331,0.01,0.11,1404,4.679025291000016
S2,0.7,2400,310,3.04685168279346,23.676946554674352,16.447664803793646,0.0034982508745627187,16.836308361151108,3.8265612959692463,0.0004997501249375312,2160,1224,0.4848296440000013,0.01,0.01,1344,4.98017819100005
S2,0.7,2400,311,3.038120764779483,20.27284610370816,16.012102531789264,0.008995502248875561,19.85868684526508,3.8331738247940295,0.0004997501249375312,1236,1236,0.4971062979998351,0.01,0.06,1248,4.981353402999957
S2,0.7,2400,312,3.08974183436553,18.594733245143367,16.384190717740424,0.01899050474762619,15.082158555205337,3.7639637399532146,0.0004997501249375312,1800,1236,0.7845400300000165,0.01,0.04,1380,8.157449369999995
S2,0.7,2400,313,3.187489073501696,21.961588918702805,16.832067930574844,0.004997501249375313,18.816821145639025,3.9347798347777587,0.0004997501249375312,1596,1248,0.7946756540000024,0.01,0.02,1248,8.161730550999891
S2,0.7,2400,314,3.1814219253486713,22.439638898962535,16.77440079778195,0.005497251374312844,18.38240901101762,3.7566127337884203,0.0004997501249375312,2160,1224,0.5048766689999411,0.01,0.02,1428,7.659529006999946
S2,0.7,2400,315,3.054624208898041,23.080563780625923,16.54564065425616,0.0014992503748125937,14.643484985648579,3.811049399391248,0.0004997501249375312,2016,1200,0.781000124000002,0.01,0.03,1200,5.850179004999973
S2,0.7,2400,316,3.0830996021203787,21.87782282202757,16.45630435068777,0.0069965017491254375,17.116829529802672,3.7941121472099155,0.0004997501249375312,1884,1308,0.792873137000015,0.01,0.03,1296,6.248212733999935
S2,0.7,2400,317,3.056436009196484,23.665866494977074,16.206227309452892,0.0024987506246876563,23.851197196888336,3.761644456834982,0.0004997501249375312,1272,1260,0.5006299670001226,0.01,0.03,1212,4.525453523000124
S2,0.7,2400,318,3.0827854548828193,31.452785730333588,16.473827515025615,0.0004997501249375312,18.724067488139053,3.79705041830817,0.0004997501249375312,1980,1260,0.7583404810000047,0.01,0.01,1596,8.105871994000154
S2,0.7,2400,319,3.020119757083987,28.922671070458215,16.478575232177707,0.0004997501249375312,20.004807466675405,3.870530716117323,0.0004997501249375312,2148,1212,0.7621699129999797,0.01,0.02,1332,8.179608967999911
S2,0.7,2400,320,3.220918545142166,22.728920567953363,17.160641997847314,0.004997501249375313,20.12937272373583,3.759487390789866,0.0004997501249375312,2064,1236,0.49989513000014085,0.01,0.02,1272,6.535486912999886
S2,0.7,2400,321,3.2406543336777354,21.265696475638762,17.362603795343638,0.00849575212393803,20.681084407058208,3.8212535100509957,0.0004997501249375312,1848,1212,0.7635425370001485,0.01,0.01,1212,8.026510605000112
S2,0.7,2400,322,3.007478269036178,19.82674014922221,16.078138457345087,0.011494252873563218,16.757703361415096,3.787492825813967,0.0004997501249375312,2100,1284,0.49479198800008817,0.01,0.03,1284,7.558685967000201
S2,0.7,2400,323,3.117992310629514,26.213872989438215,16.930382154893874,0.0014992503748125937,21.657161925733213,3.8122654491355505,0.0004997501249375312,1812,1212,0.777647743999978,0.01,0.01,1188,5.714935703000037
S2,0.7,2400,324,3.2235907489474096,17.335026626354697,16.823526797286387,0.041979010494752625,8.533137163205495,3.7752443173909973,0.0004997501249375312,2160,1296,0.7691679429999567,0.01,0.09,1260,8.198451590000104
S2,0.7,2400,325,3.0565189937708586,24.3626275003777,15.958864857864288,0.0004997501249375312,18.682607630642586,3.8553731211191886,0.0004997501249375312,2112,1296,0.7547124860000167,0.01,0.02,1344,8.030899393000027
S2,0.7,2400,326,3.13195600499021,18.46194650777921,16.529049349117535,0.02148925537231384,17.269952503811904,3.806002728526771,0.0004997501249375312,1320,1260,0.7743398340001022,0.01,0.04,1320,6.813980722999986
S2,0.7,2400,327,3.26754285019672,19.459517952277416,17.19813439888352,0.01999000499750125,17.79230610040403,3.855450652981296,0.0004997501249375312,1260,1200,0.49418829299997924,0.01,0.05,1212,4.545429303999981
S2,0.7,2400,328,3.2160522363267807,23.30850007959366,17.279141667857527,0.00399800099950025,16.220511529510866,3.751717392135245,0.0004997501249375312,1752,1260,0.7556705619999775,0.01,0.03,1320,8.044598494999946
S2,0.7,2400,329,3.1616286261939472,13.964847784981924,16.874559727543126,0.15342328835582209,10.576673909179469,3.8536599819272266,0.0004997501249375312,2040,1320,0.7731569520001358,0.01,0.2,1392,5.617439572999956
S2,0.7,2400,330,3.012339477917796,23.029613120718853,16.18727602736035,0.0014992503748125937,20.393024261199557,3.8246242224722726,0.0004997501249375312,1644,1236,0.7431190790000528,0.01,0.01,1296,7.680805426000006
S2,0.7,2400,331,3.318055099585313,25.511535546260568,17.11422189142399,0.0024987506246876563,21.14560568000351,3.7954590045628773,0.0004997501249375312,1584,1212,0.5407121490000009,0.01,0.01,1212,4.702386178999859
S2,0.7,2400,332,3.150491320073727,18.24580804602309,17.1659137974858,0.02948525737131434,16.561659462923185,3.876094866121652,0.0004997501249375312,1284,1188,0.49201156100002663,0.01,0.12,1332,4.536359424000011
S2,0.7,2400,333,3.223590748947135,21.29938742668305,16.691801676195706,0.006496751624187906,18.74836821145472,3.862721242872886,0.0004997501249375312,1284,1284,0.5740649049998865,0.01,0.06,1260,6.845883586999889
S2,0.7,2400,334,3.122041354977948,29.019028710430007,16.671293117453747,0.0004997501249375312,25.24541182197678,3.841364575992262,0.0004997501249375312,1536,1236,0.7802682619999359,0.01,0.01,1404,8.051865159000045
S2,0.7,2400,335,3.2259338034167686,28.582033015823505,16.839891251777313,0.0004997501249375312,28.040529966908252,3.7738599843221086,0.0004997501249375312,1224,1224,0.7502091910000672,0.01,0.01,1200,8.039010835999989
S2,0.7,2400,336,3.062816914968499,18.126266755020783,16.450987611131673,0.026986506746626688,16.713418877442155,3.762414666508449,0.0004997501249375312,1368,1200,0.5045702160000474,0.01,0.06,1200,4.509108192999975
S2,0.7,2400,337,3.0564360091978875,14.466199236246664,16.464081599230052,0.12143928035982009,12.760591912548671,3.824236457945742,0.0004997501249375312,1920,1200,0.4976101590000326,0.01,0.22,1176,4.523844054999927
S2,0.7,2400,338,3.0899002835611773,20.347712009295265,16.615800996404428,0.009495252373813094,19.668629692253795,3.8238540555929528,0.0004997501249375312,1224,1224,0.5011440299999776,0.01,0.02,1236,4.519850024000107
S2,0.7,2400,339,3.135410180924104,30.594559963895303,16.401899523331934,0.0004997501249375312,31.125733412623973,3.777414805745085,0.0004997501249375312,1608,1200,0.49550992300009966,0.01,0.01,1224,4.514065788999915
S2,0.7,2400,340,3.3132430278217457,31.531059705031403,17.738982602648942,0.0004997501249375312,25.810361368715352,3.840719859477327,0.0004997501249375312,2064,1224,0.7458634079998774,0.01,0.01,1224,8.129115607999893
S2,0.7,2400,341,3.1932830277827597,17.620053492201357,16.660341469933847,0.03248375812093953,12.614608352741465,3.7344328934708355,0.0004997501249375312,2064,1200,0.766865241000005,0.01,0.09,1284,8.104931030999978
S2,0.7,2400,342,3.079902735954632,19.000357608633607,16.189412277519583,0.01199400299850075,18.786188180684444,3.893538272961406,0.0004997501249375312,1368,1236,0.7648489130001508,0.01,0.09,1368,8.17074384600005
S2,0.7,2400,343,3.135894811712796,31.898321204036726,16.55621285400903,0.0004997501249375312,21.369042461412448,3.713664776983101,0.0004997501249375312,2064,1224,0.7753434629998992,0.01,0.01,1464,8.103573869999991
S2,0.7,2400,344,3.151824152157768,30.080232207939375,16.31232352737543,0.0004997501249375312,20.606105136156234,3.796622745051997,0.0004997501249375312,1848,1212,0.49374061299999994,0.01,0.01,1668,4.511113060000071
S2,0.7,2400,345,3.1031832304518123,26.841628417112343,16.555077361975002,0.0004997501249375312,23.210336495791722,3.908162790225,0.0004997501249375312,1392,1284,0.48392519599997286,0.01,0.01,1392,7.376263564000055
S2,0.7,2400,346,3.2686494113981817,21.23502975364406,17.387250689895257,0.00849575212393803,20.708502831464497,3.802467927696309,0.0004997501249375312,1296,1200,0.4956484699998782,0.01,0.03,1200,4.480198787000063
S2,0.7,2400,347,3.0418072539859224,20.985341786357125,16.24295309262171,0.0069965017491254375,18.31660864528503,3.8002191851908393,0.0004997501249375312,1512,1200,0.4984985090000009,0.01,0.02,1464,4.507045902000073
S2,0.7,2400,348,3.251341920327699,21.753217824944578,16.991409686794814,0.005997001499250375,20.591315774748647,3.8170782725390224,0.0004997501249375312,1272,1248,0.7603857819999575,0.01,0.03,1272,8.150372694999987
S2,0.7,2400,349,3.0774783441035396,24.897928088235403,16.174511524141657,0.0009995002498750624,17.062302577237418,3.8386834719155485,0.0004997501249375312,1536,1272,0.7949319150000065,0.01,0.01,1536,8.146455563000018
S2,0.7,2400,350,3.2319616586311537,22.858351725418146,16.965108389592654,0.004497751124437781,21.614740902361753,3.832581738074792,0.0004997501249375312,1392,1200,0.754671880999922,0.01,0.05,1392,4.528665604999787
S2,0.7,2400,351,3.1117245835871077,26.039116237850934,16.587893936782734,0.0009995002498750624,24.360573720622398,3.85631973240973,0.0004997501249375312,1584,1224,0.4966329279998263,0.01,0.01,1320,4.502209014999835
S2,0.7,2400,352,3.225229658941953,20.653965118392005,16.878534941233152,0.009995002498750625,13.532293094652967,3.7704682945793193,0.0004997501249375312,1896,1200,0.4945734520001679,0.01,0.03,1200,4.515098351999995
S2,0.7,2400,353,3.2989131532153855,14.14710211844636,17.249427291461117,0.17841079460269865,11.066935178829564,3.8795292578113307,0.0004997501249375312,2112,1248,0.49652949200003604,0.01,0.26,1236,4.511552212999959
S2,0.7,2400,354,2.9472434226224635,26.92180439244453,15.579873744701054,0.0009995002498750624,14.454130047080893,3.795459647971421,0.0004997501249375312,2040,1200,0.7766753050000261,0.01,0.01,1188,8.113014881000026
S2,0.7,2400,355,2.9507904369659705,25.509228511022364,15.841770762589372,0.0004997501249375312,19.237055023854875,3.8758930484485745,0.0004997501249375312,2112,1188,0.7523816749999241,0.01,0.01,1176,8.012827569000137
S2,0.7,2400,356,3.2524915871247866,22.699443215172646,17.309261235571693,0.004997501249375313,20.14841133672089,3.7989990299344885,0.0004997501249375312,1308,1176,0.4903191999999308,0.01,0.08,1308,4.501293887999964
S2,0.7,2400,357,2.9699281149046004,15.089515271366578,16.018846832478605,0.07746126936531735,13.36039370258075,3.853170597052776,0.0004997501249375312,1356,1344,0.4759151670000392,0.01,0.25,1344,4.495952645999978
S2,0.7,2400,358,3.1734930718448338,14.034681150934007,16.685315734535806,0.16241879060469766,13.572286722158521,3.7338098952564627,0.0004997501249375312,2100,1200,0.763494086000037,0.01,0.24,1200,7.427422380000053
S2,0.7,2400,359,3.2277170662853876,27.77929287466769,16.587031626513483,0.0004997501249375312,22.933439245523918,3.7524435391811632,0.0004997501249375312,2160,1236,0.49048268899991854,0.01,0.01,1188,4.511138064000079
S2,0.7,2400,360,3.156379706272849,19.92620301848409,16.53977259194176,0.0074962518740629685,18.133146638707892,3.7489800776350046,0.0004997501249375312,1740,1260,0.4859000980000019,0.01,0.05,1308,4.498600928000087
S2,0.7,2400,361,3.160535687313784,23.03044045085742,16.764894107606427,0.0024987506246876563,17.79845520530652,3.726286342388614,0.0004997501249375312,2148,1320,0.4996925820000797,0.01,0.01,1320,4.48602778999998
S2,0.7,2400,362,3.1980354879375392,20.04013078926309,17.476477762810187,0.015992003998001,17.338213149902543,3.816102263943509,0.0004997501249375312,1428,1200,0.7505254870000044,0.01,0.06,1200,8.051094047000106
S2,0.7,2400,363,3.102076820079628,26.032535160870854,16.192730491953583,0.0014992503748125937,16.349885543606483,3.8840772056505055,0.0004997501249375312,2112,1188,0.7673930949999885,0.01,0.03,1428,5.130022339999869
S2,0.7,2400,364,3.0547083312230527,23.76746857703388,16.101591714159348,0.0034982508745627187,14.836708892608991,3.841963931998027,0.0004997501249375312,2160,1260,0.4855315459999474,0.01,0.01,1332,7.895724247000089
S2,0.7,2400,365,3.0533740357389267,16.966726580711157,16.21382089606777,0.037481259370314844,16.491768430845838,3.7848748741072002,0.0004997501249375312,1212,1212,0.7477681630000461,0.01,0.06,1212,8.13382161200002
S2,0.7,2400,366,3.100468748319462,29.164372851359857,16.499963320367147,0.0009995002498750624,23.714426872356306,3.733749020493689,0.0004997501249375312,2028,1212,0.648897955999928,0.01,0.01,1212,8.02517289299999
S2,0.7,2400,367,3.206162730550965,20.197347578545966,16.83299872696317,0.009995002498750625,20.337083270829147,3.8116277637800984,0.0004997501249375312,1200,1200,0.740930556000194,0.01,0.08,1200,8.131886675000032
S2,0.7,2400,368,3.3827858425743718,17.640945016180186,17.79398551229692,0.05347326336831584,14.886193739567101,3.7935038719635523,0.0004997501249375312,1824,1200,0.5013080209998861,0.01,0.13,1116,5.34745212200005
S2,0.7,2400,369,3.2404494468129204,23.411888772031872,17.280651583322086,0.0034982508745627187,19.52113070532217,3.7981286546754234,0.0004997501249375312,1896,1188,0.7571493210000426,0.01,0.04,1284,5.815496208000013
S2,0.7,2400,370,3.062443493382194,20.56863459583678,16.476093328876004,0.006496751624187906,19.297814682695385,3.9227087271685317,0.0004997501249375312,1332,1212,0.4839026580000336,0.01,0.03,1308,4.5109418480001295
S2,0.7,2400,371,3.159148521297555,24.202190532623927,16.490450735769617,0.0014992503748125937,23.089897624222424,3.78781759926787,0.0004997501249375312,1212,1212,0.483776650999971,0.01,0.02,1212,4.5556511770000725
S2,0.7,2400,372,3.158785134082705,23.32556822485061,16.345584464670644,0.0029985007496251873,21.896592874037953,3.898472722915621,0.0004997501249375312,2124,1224,0.7673157710000851,0.01,0.01,1284,8.147768823999968
S2,0.7,2400,373,3.2266098287584932,26.65669482668136,17.363943467785077,0.0009995002498750624,20.83333592426577,3.794190914252123,0.0004997501249375312,2160,1200,0.7560616660000505,0.01,0.02,1704,5.549737467000114
S2,0.7,2400,374,3.148066435504442,21.855341592065322,16.633301012735355,0.004997501249375313,18.299080440180163,3.900238236039974,0.0004997501249375312,1608,1296,0.7677613589999055,0.01,0.03,1296,7.011638737000112
S2,0.7,2400,375,3.135837491832598,14.101842348377396,16.835689775927957,0.1504247876061969,11.988779486063684,3.801756340650268,0.0004997501249375312,1800,1236,0.7795413889998599,0.01,0.22,1236,8.149363701999846
S2,0.7,2400,376,3.252491587124431,24.66890560449497,17.254812922146453,0.0029985007496251873,21.621964458358782,3.7997640178790695,0.0004997501249375312,1932,1224,0.7463083979998828,0.01,0.03,1248,8.048754717000065
S2,0.7,2400,377,3.1249210143677955,18.547260263503304,16.39069179897213,0.014992503748125937,18.3981699942377,3.6563650409719566,0.0004997501249375312,1164,1164,0.6751055750000887,0.01,0.09,1248,5.577036537999902
S2,0.7,2400,378,3.1909392915613,22.241793863918804,16.68756145157382,0.004497751124437781,21.64781258514762,3.8888834147462945,0.0004997501249375312,1584,1224,0.7731869009999173,0.01,0.05,1212,8.123825192999902
S2,0.7,2400,379,3.2887018249148894,18.074581998649215,17.50727526288248,0.03948025987006497,15.126337073287623,3.811401669295364,0.0004997501249375312,1896,1200,0.7951851029999943,0.01,0.05,1296,5.6324366080000345
S2,0.7,2400,380,3.2164526248870042,23.18091926608408,16.76546100243563,0.004497751124437781,20.074044351726695,3.8522377233702194,0.0004997501249375312,1932,1308,0.48986766799998804,0.01,0.03,1356,4.520441269999992
S2,0.7,2400,381,3.2467003452638523,21.89160909237402,17.298166256040663,0.011494252873563218,17.37286619271598,3.819569430559168,0.0004997501249375312,2052,1200,0.4919357660000969,0.01,0.03,1200,4.493916829
S2,0.7,2400,382,3.28603113467299,25.477231261773163,17.107009811754473,0.001999000499750125,21.058314823518124,3.7475337341811574,0.0004997501249375312,2016,1284,0.7638365949999297,0.01,0.02,1284,8.078957034000041
S2,0.7,2400,383,3.1128693199539366,19.10324124746071,16.84354647500607,0.01699150424787606,12.88493627124125,3.7953039541417426,0.0004997501249375312,1956,1212,0.7779857040000024,0.01,0.03,1380,7.204491700000062
S2,0.7,2400,384,3.2494683617519473,26.227025814884293,16.879278221350035,0.0009995002498750624,23.297479142944216,3.8328584714006726,0.0004997501249375312,1716,1200,0.4860664060001909,0.01,0.01,1440,4.572692267999855
S2,0.7,2400,385,3.0691632491647245,24.927248782721776,16.40572014505818,0.0014992503748125937,20.682334789688912,3.889803563673644,0.0004997501249375312,2160,1236,0.5582685439999295,0.01,0.01,1260,4.845372324999971
S2,0.7,2400,386,3.2284042928508154,21.30715183133752,16.895247296853782,0.0069965017491254375,13.236696337039907,3.7814703846850155,0.0004997501249375312,2160,1260,0.5247863030001554,0.01,0.04,1260,4.933745212000076
S2,0.7,2400,387,3.213371204024632,20.399861496019973,17.02792805182244,0.014992503748125937,19.669221245228123,3.933869476952879,0.0004997501249375312,2064,1224,0.5051833140000781,0.01,0.06,1224,4.699571227999968
S2,0.7,2400,388,3.029172968091549,28.126579013442065,16.28738276621767,0.0004997501249375312,23.821758188377782,3.9128782641850735,0.0004997501249375312,1872,1200,0.49763918000007834,0.01,0.02,1320,7.6049104559999705
S2,0.7,2400,389,2.989810698166805,18.449714542650952,15.887724780749304,0.01649175412293853,17.786827712106458,3.8318293190757418,0.0004997501249375312,1500,1212,0.7522420180000609,0.01,0.05,1188,8.008169199999884
S2,0.7,2400,390,2.9992462680157366,18.209564779521244,15.984278798537913,0.01649175412293853,19.230863085228023,3.8491145312309007,0.0004997501249375312,1212,1212,0.5127730199999405,0.01,0.09,1320,4.508478934999857
S2,0.7,2400,391,3.3625641286705115,15.931213291057436,17.90112459438044,0.1054472763618191,13.581685490170374,3.718069320253604,0.0004997501249375312,1296,1284,0.49270305000004555,0.01,0.16,1236,4.987444233999895
S2,0.7,2400,392,3.0457404964285124,18.60925223686799,16.482835442933787,0.01999000499750125,14.912471280517064,3.9419072846596057,0.0004997501249375312,2016,1248,0.5083300270000564,0.01,0.07,1260,4.647122619000129
S2,0.7,2400,393,3.264868199401613,18.26081694064232,17.40644463013598,0.03548225887056472,17.56821723508862,3.845965551869188,0.0004997501249375312,1200,1200,0.4990364170000703,0.01,0.05,1284,6.442668120999997
S2,0.7,2400,394,3.1586307596111305,28.689288131672768,16.514561082408587,0.0004997501249375312,17.504594335270518,3.8295487607504852,0.0004997501249375312,2148,1248,0.49201035999999476,0.01,0.01,1200,4.50013001100001
S2,0.7,2400,395,3.1012551841146094,24.488484148538774,16.982830867041077,0.0009995002498750624,15.825351788468588,3.860148780402962,0.0004997501249375312,2160,1236,0.5374259019999954,0.01,0.01,1548,5.451695132000168
S2,0.7,2400,396,3.30225156361754,25.255891510995042,17.322209592836717,0.001999000499750125,21.323110575419843,3.754796363190332,0.0004997501249375312,1776,1224,0.7485077599999386,0.01,0.01,1296,8.053515400999913
S2,0.7,2400,397,3.0627225274022165,21.98200467599939,16.44286408374908,0.00399800099950025,13.394274974067654,3.845183202550073,0.0004997501249375312,2160,1260,0.756868268000062,0.01,0.05,1392,5.205442408999943
S2,0.7,2400,398,3.230728655734338,21.021351868961485,17.480351298848166,0.009995002498750625,12.498983525565722,3.7890642370278567,0.0004997501249375312,2088,1284,0.5144893100000445,0.01,0.03,1284,4.667906440999786
S2,0.7,2400,399,3.1304844763991673,24.21709088111541,16.40061296021963,0.001999000499750125,23.65879474848611,3.693891458582953,0.0004997501249375312,1260,1224,0.6861379289998695,0.01,0.01,1236,8.023136943999816
S2,0.7,2400,400,3.211836557675123,23.721953862298193,16.681687604855473,0.0029985007496251873,18.158808400867567,3.832437043705759,0.0004997501249375312,2160,1188,0.7525451899998643,0.01,0.02,1524,8.085827918000177
S2,0.7,2400,401,3.2675428501969415,21.319770611881815,17.231887120167137,0.00849575212393803,17.670468436985214,3.817214515438306,0.0004997501249375312,1680,1188,0.750054303999832,0.01,0.03,1188,7.317579088999992
S2,0.7,2400,402,3.2833753944989437,20.8183008158775,17.16622859328425,0.0074962518740629685,19.076795811620176,3.8241043725427843,0.0004997501249375312,2160,1188,0.4929698240000562,0.01,0.05,1188,4.4997005459999855
S2,0.7,2400,403,3.0784060027732143,22.232279337613168,16.60977921626329,0.0029985007496251873,16.334730891577365,3.9295224387798187,0.0004997501249375312,2100,1200,0.48725526899988836,0.02,0.05,1392,4.498469408999881
S2,0.7,2400,404,3.1380692050794767,28.131086256885744,16.844055857149584,0.0014992503748125937,22.4209766698227,3.83099538264135,0.0004997501249375312,2148,1236,0.4834280289999242,0.01,0.01,1344,4.4993199530001675
S2,0.7,2400,405,3.2824270855813533,22.851843122343492,17.62725980197096,0.00399800099950025,17.8257007864394,3.8009179451649477,0.0004997501249375312,2112,1260,0.49110600800008797,0.01,0.01,1284,4.555160893999982
S2,0.7,2400,406,3.1650244884265923,24.32688065032166,16.708127214891235,0.0014992503748125937,21.371312964384074,3.8499411530084293,0.0004997501249375312,1356,1320,0.7613836870000341,0.01,0.01,1356,7.542830960999936
S2,0.7,2400,407,3.1980354879378328,22.121971729171122,16.841206126172615,0.005497251374312844,20.830219836345766,3.79703798064016,0.0004997501249375312,1296,1224,0.4930612079999719,0.01,0.03,1284,4.513565716999892
S2,0.7,2400,408,3.0870120582234026,31.284952335920522,16.67814822198437,0.0004997501249375312,21.358600378239963,3.843671109784719,0.0004997501249375312,2088,1260,0.4849354880000192,0.01,0.01,1476,5.958045618999904
S2,0.7,2400,409,2.986545496636874,25.160562124911003,16.03611744304877,0.001999000499750125,24.424585670630293,3.789930982470451,0.0004997501249375312,1368,1284,0.7414783899998838,0.01,0.01,1188,7.971652996999865
S2,0.7,2400,410,3.207887997001356,21.895329412532792,17.07968962609493,0.0034982508745627187,19.10292100387697,3.8586526113338433,0.0004997501249375312,2124,1224,0.4831557160000557,0.01,0.02,1236,4.500335818999929
S2,0.7,2400,411,3.180039963272814,25.082958626689518,16.845454918412315,0.0014992503748125937,20.106528466628603,3.8118226251718292,0.0004997501249375312,2160,1224,0.4850831310000103,0.01,0.01,1212,4.513050023999995
S2,0.7,2400,412,3.1050203455672905,21.79188314881694,16.899514857770786,0.005497251374312844,17.5455519166428,3.842017308532181,0.0004997501249375312,1992,1224,0.4846002399999634,0.01,0.02,1164,4.490991738000048
S2,0.7,2400,413,3.1814219253499387,20.9575745351672,16.74503972477523,0.0079960019990005,14.483956896508973,3.7428738554684413,0.0004997501249375312,1944,1212,0.49084882500005733,0.01,0.02,1212,4.52741917100002
S2,0.7,2400,414,2.999757269571932,25.979967659434802,15.898498568717654,0.0004997501249375312,16.60195632557108,3.828298020764322,0.0004997501249375312,2052,1200,0.49286150600005385,0.01,0.01,1200,4.506774806000067
S2,0.7,2400,415,3.1483186115466313,24.24897015056901,16.64023049033815,0.001999000499750125,22.841226505110168,3.83375425653377,0.0004997501249375312,1272,1272,0.4927189370000633,0.01,0.03,1272,5.969824000000017
S2,0.7,2400,416,3.30163152410541,23.720284684158173,17.15202333193285,0.005497251374312844,20.610358102643037,3.856012144824596,0.0004997501249375312,1524,1188,0.49491004600008637,0.01,0.01,1188,4.5248321770000075
S2,0.7,2400,417,3.0571614885451837,27.29991554827538,16.434110270739986,0.0004997501249375312,27.70779770539489,3.8516113199687485,0.0004997501249375312,1440,1200,0.48906773499993506,0.01,0.01,1368,4.520795906999865
S2,0.7,2400,418,3.254333112041942,19.904099232860357,17.094327491533637,0.01699150424787606,19.017048147088122,3.8207939503521438,0.0004997501249375312,1224,1188,0.4906329129998994,0.01,0.09,1356,4.5045129280001674
S2,0.7,2400,419,3.101493986166191,17.33337212753569,16.547434026271343,0.03398300849575212,14.304783311455425,3.7951000056879134,0.0004997501249375312,1704,1260,0.5690914320000502,0.01,0.13,1320,4.754139961999954
S2,0.7,2400,420,3.2266452425387517,21.02408329863639,16.885958028814247,0.009995002498750625,18.743090085189582,3.8520439906626116,0.0004997501249375312,2160,1200,0.4924932379999518,0.01,0.03,1236,4.524369783999873
S2,0.7,2400,421,3.13410345666316,21.009329247981402,16.81087718289456,0.0069965017491254375,17.279524426418902,3.838505915616281,0.0004997501249375312,1668,1308,0.4860134890000154,0.01,0.03,1260,4.9096419780000815
S2,0.7,2400,422,3.0836482671955663,26.353706525970374,16.776339692592693,0.0004997501249375312,22.05198269811539,3.873153002409434,0.0004997501249375312,2064,1212,0.4880361210000501,0.01,0.02,1212,6.097568334000016
S2,0.7,2400,423,3.225490752102842,23.695450202028212,16.88811217116091,0.00399800099950025,20.300079359386096,3.838585150363141,0.0004997501249375312,2160,1200,0.7523358830001143,0.01,0.01,1296,4.841966417000094
S2,0.7,2400,424,3.142266646353639,25.378211221654706,16.71749728696059,0.0009995002498750624,11.452381969142394,3.7699480540493884,0.0004997501249375312,2148,1200,0.4869506669999737,0.01,0.01,1308,4.593123191999894
S2,0.7,2400,425,3.273780247185154,26.888173634605344,17.29810148247034,0.0009995002498750624,17.749998621562245,3.797771934291059,0.0004997501249375312,2016,1260,0.4992655519999971,0.01,0.01,1320,4.525886948000107
S2,0.7,2400,426,3.2165654530141636,24.299497148403006,16.967510509981956,0.00399800099950025,22.786698145807044,3.7082207338785538,0.0004997501249375312,1308,1212,0.49567793200003507,0.01,0.01,1212,4.580501613000024
S2,0.7,2400,427,3.1476870398853434,29.18246984106111,16.672561737311334,0.0009995002498750624,17.79995074899867,3.88832106150374,0.0004997501249375312,2124,1224,0.6824905610001224,0.01,0.01,1224,8.018021593999947
S2,0.7,2400,428,3.1519692735896725,27.462672051726962,16.690612416709477,0.0004997501249375312,25.144221785697752,3.8812703324935898,0.0004997501249375312,2160,1200,0.7635495659999378,0.01,0.01,1332,6.319920309999816
S2,0.7,2400,429,3.2207151266317737,25.51845954901156,16.907336253416563,0.0009995002498750624,25.566644747490297,3.801339184418327,0.0004997501249375312,1296,1200,0.49452779400007785,0.01,0.01,1488,4.492523219000077
S2,0.7,2400,430,3.099471991726522,28.482717109034304,16.640496172074137,0.0004997501249375312,21.618795542267616,3.777126385170591,0.0004997501249375312,1824,1284,0.4836054919999242,0.01,0.01,1656,4.509282175999942
S2,0.7,2400,431,3.2349452828806604,22.249790894767386,17.394769082626958,0.0074962518740629685,21.220670157911915,3.8286437522185053,0.0004997501249375312,1236,1236,0.5000888540000687,0.01,0.04,1248,4.511605431000135
S2,0.7,2400,432,2.991482826936031,15.70515979874649,16.058759887662376,0.059470264867566215,8.050656870476235,3.8990774218888715,0.0004997501249375312,2148,1332,0.48498127099992416,0.01,0.09,1332,4.484851982999999
S2,0.7,2400,433,2.977097260452877,22.919884980102733,16.025588569261654,0.00399800099950025,18.184972796780272,3.8729022157176973,0.0004997501249375312,1788,1284,0.4833548909998626,0.01,0.01,1404,4.96828888999994
S2,0.7,2400,434,3.0322336041955658,27.90062398519428,15.776612200115261,0.0004997501249375312,13.952410131243978,3.8521567143012865,0.0004997501249375312,2160,1176,0.7473279630000889,0.01,0.01,1176,8.008171355000059
S2,0.7,2400,435,3.105737609095997,21.133589909178536,16.830136950679357,0.005997001499250375,19.633547233960932,3.7812550580124995,0.0004997501249375312,1800,1284,0.7558006399999613,0.01,0.04,1284,8.007138190999967
S2,0.7,2400,436,3.0738937712742374,32.45435311407385,16.37636309965349,0.0004997501249375312,18.994947649758963,3.8245745220924854,0.0004997501249375312,2148,1308,0.4839059610001186,0.01,0.01,1260,4.868321520999871
S2,0.7,2400,437,3.2840562181898028,24.64212738094236,17.391821092493586,0.0029985007496251873,21.679830588354072,3.9740115163376895,0.0004997501249375312,2088,1224,0.5622800319999897,0.01,0.03,1392,4.495326155999919
S2,0.7,2400,438,3.0333867536766377,22.17473130122242,16.01837045283262,0.0029985007496251873,11.829984858772965,3.8702687418669823,0.0004997501249375312,1824,1380,0.4849023029998989,0.01,0.02,1476,6.369433482999966
S2,0.7,2400,439,3.0475237299247,23.282544233572693,16.242901038973823,0.0024987506246876563,20.80604161985718,3.8408219706161684,0.0004997501249375312,1740,1236,0.7482455839999602,0.01,0.02,1416,5.909049709000101
S2,0.7,2400,440,3.03209179744982,28.14408021115051,16.40960664038066,0.0009995002498750624,24.208721242363424,3.7957304607976594,0.0004997501249375312,2040,1308,0.4866697089998979,0.01,0.01,1248,4.488401427999861
S2,0.7,2400,441,3.1249617895782267,21.49637730261648,16.838471557419084,0.0069965017491254375,18.90376562167399,3.840629473599059,0.0004997501249375312,1428,1188,0.49248679699985587,0.01,0.01,1428,4.52443540299987
S2,0.7,2400,442,3.2856706059718617,19.815706379758282,17.79680900327346,0.02048975512243878,13.059555655390767,3.812950519438993,0.0004997501249375312,2160,1260,0.49288455700002487,0.01,0.05,1428,4.517357348999894
S2,0.7,2400,443,3.1007032101911656,15.254224848468922,16.60696905412271,0.08895552223888056,14.437839195319944,3.8777257233202844,0.0004997501249375312,1200,1200,0.4870319340000151,0.01,0.19,1188,4.876816202999862
S2,0.7,2400,444,3.118289825484164,19.844542521025165,16.60210940816105,0.01249375312343828,19.675522295192764,3.7788946290530894,0.0004997501249375312,1512,1212,0.7485349569999471,0.01,0.05,1212,6.659376971000029
S2,0.7,2400,445,3.133489562911023,20.2164458802311,16.483230928448055,0.009495252373813094,15.692819677959642,3.7993303224125263,0.0004997501249375312,1596,1236,0.49788994799996544,0.01,0.02,1296,7.5716179199998805
S2,0.7,2400,446,3.167289086909628,22.130003556125146,16.628107541188353,0.005997001499250375,20.494727638442626,3.8121206405740127,0.0004997501249375312,1944,1200,0.501247284000101,0.01,0.05,1188,5.421712156000012
S2,0.7,2400,447,3.0625612810895664,22.791816843676354,16.278102465214758,0.0014992503748125937,19.671902082699052,3.7935938108702603,0.0004997501249375312,1776,1260,0.4858232950000456,0.01,0.03,1284,7.915112304000104
S2,0.7,2400,448,3.20078914045395,24.13881022577933,16.644433051282324,0.001999000499750125,16.864346510211277,3.8562762455407475,0.0004997501249375312,2040,1224,0.4954575130000194,0.01,0.01,1176,4.58454083599986
S2,0.7,2400,449,3.213715083596996,35.03143158586516,17.117731782109477,0.0004997501249375312,22.0527007068005,3.897640101719339,0.0004997501249375312,1992,1224,0.4981157170000188,0.01,0.01,1272,4.509467933999986
S2,0.7,2400,450,2.942669001872047,27.400799155504245,16.05297081667235,0.0009995002498750624,17.091296265523972,3.835520569755494,0.0004997501249375312,2148,1200,0.5480027060000339,0.01,0.01,1200,4.976907892999861
S2,0.7,2400,451,3.167698079688075,20.722470932765383,16.682765628182967,0.004497751124437781,15.177794536310572,3.832656658846745,0.0004997501249375312,2076,1260,0.5036386009999205,0.01,0.01,1380,6.225370302999863
S2,0.7,2400,452,3.2084346712643503,23.745872428327846,16.74818796780055,0.0009995002498750624,23.081975571342902,3.753673472704067,0.0004997501249375312,1488,1236,0.7769418079999468,0.01,0.01,1200,7.866977937999991
S2,0.7,2400,453,3.10046874831919,23.51006760634054,16.47263961995887,0.004497751124437781,24.288177635082306,3.8213328903760497,0.0004997501249375312,1236,1236,0.4835248560000309,0.01,0.03,1248,4.486399969999866
S2,0.7,2400,454,3.2457158458251003,20.372563672902416,16.840230325776513,0.013493253373313344,19.98055396538859,3.7885414510827307,0.0004997501249375312,1212,1212,0.48471466000000873,0.01,0.02,1308,7.3212782130001415
S2,0.7,2400,455,3.1976996499852754,30.41998729010521,16.578235350311548,0.0004997501249375312,15.201966054606762,3.8381758770013574,0.0004997501249375312,2076,1212,0.7598556870000266,0.01,0.02,1212,8.10202715299988
S2,0.7,2400,456,3.170268956409993,19.641437376868968,16.578289556960396,0.009495252373813094,10.53125826050613,3.7099659084435954,0.0004997501249375312,2040,1200,0.7691183049998926,0.01,0.09,1512,6.115839963999861
S2,0.7,2400,457,3.233220456474862,31.59091139333025,16.789744193158715,0.0004997501249375312,10.833321555865963,3.828818531113856,0.0004997501249375312,2136,1296,0.7624963799999023,0.01,0.01,1440,8.00117421699997
S2,0.7,2400,458,3.0443339162971794,20.80908142011052,16.486108979546476,0.0074962518740629685,21.018265971782345,3.8178393182963073,0.0004997501249375312,1224,1188,0.5675905890000195,0.01,0.05,1188,5.383048419000033
S2,0.7,2400,459,3.1644133944825006,17.624810466725513,16.707320573614677,0.03648175912043978,15.457240146407267,3.8558458261367425,0.0004997501249375312,1332,1248,0.48250697299999956,0.01,0.07,1332,4.502408697999954
S2,0.7,2400,460,3.1535880425420837,23.779171537545555,16.85354729174895,0.00399800099950025,18.13286614842501,3.782387672106988,0.0004997501249375312,1776,1308,0.4985296830000152,0.01,0.02,1308,7.401523911999902
S2,0.7,2400,461,3.224335200738674,20.65786337686493,16.751744435868204,0.009495252373813094,17.11170043803326,3.796278914667968,0.0004997501249375312,1608,1248,0.802465520999931,0.01,0.07,1284,8.116703249000011
S2,0.7,2400,462,2.903170877585993,19.095577027294482,15.933021702831015,0.01199400299850075,17.799537213382443,3.8461205247320267,0.0004997501249375312,1380,1212,0.7723088339998867,0.01,0.1,1212,8.147887566999998
S2,0.7,2400,463,3.001051296119252,19.42485288104713,16.207727727393127,0.01199400299850075,17.20634782042459,3.8483673622400234,0.0004997501249375312,1872,1284,0.7617538199999672,0.01,0.07,1284,8.02643543499994
S2,0.7,2400,464,3.2677366363821183,26.49720964307906,16.945376116591042,0.0014992503748125937,23.59443296243378,3.8156549239369784,0.0004997501249375312,1452,1248,0.7644658619999518,0.01,0.01,1332,8.00378600099998
S2,0.7,2400,465,3.1541592279722606,20.25385562596907,16.45941234493926,0.009995002498750625,15.447032857803041,3.744829026906143,0.0004997501249375312,1776,1272,0.7927463690000423,0.01,0.03,1332,6.523441275000096
S2,0.7,2400,466,3.1821143451972667,25.727838315686746,16.92216393679182,0.0024987506246876563,11.430777487764269,3.8700587876733517,0.0004997501249375312,2088,1260,0.4905070729998897,0.01,0.01,1476,4.505839028000082
S2,0.7,2400,467,3.048406881305425,25.009768249233815,16.293962414535372,0.0009995002498750624,16.532703150342478,3.8060880342728627,0.0004997501249375312,1704,1296,0.48472248999996737,0.01,0.01,1260,7.74741955699983
S2,0.7,2400,468,3.1128693199535067,20.83206415676946,16.515065690201002,0.0074962518740629685,19.86906134700051,3.795655939513147,0.0004997501249375312,1284,1200,0.7853845160000219,0.01,0.04,1236,8.099086545999853
S2,0.7,2400,469,3.28207242174318,23.371501694057024,17.304575889421056,0.005997001499250375,20.560675680267636,3.7936704592871577,0.0004997501249375312,1872,1308,0.76229072000001,0.01,0.03,1404,8.140407115000016
S2,0.7,2400,470,3.1378333477836975,27.122315661898565,16.54785158169288,0.0009995002498750624,26.191859718631047,3.8428990220370607,0.0004997501249375312,1296,1200,0.49598236699989684,0.01,0.01,1284,4.501180171999977
S2,0.7,2400,471,3.1234451515156345,15.03317209123488,16.5671027266354,0.10794602698650675,11.761423351638312,3.8022467865031846,0.0004997501249375312,1848,1236,0.4852343850000125,0.01,0.28,1236,4.518528327000013
S2,0.7,2400,472,3.1600747748740714,24.90401377900234,16.640831148559332,0.0009995002498750624,18.799544329476948,3.779230353106207,0.0004997501249375312,2160,1212,0.7879390690000037,0.01,0.02,1212,8.030756077999968
S2,0.7,2400,473,3.202082828318474,18.150583202324253,16.6488194364166,0.022988505747126436,12.531078250562462,3.9427970662161473,0.0004997501249375312,2136,1284,0.7467060410001523,0.01,0.06,1320,8.040840499000069
S2,0.7,2400,474,2.9803563287385413,27.95231681903337,15.92964474121459,0.0004997501249375312,21.801592485360977,3.7775221312367857,0.0004997501249375312,1872,1296,0.7570850940001037,0.01,0.01,1404,8.143627623999919
S2,0.7,2400,475,2.971907948021401,25.860900076654783,15.958843536189285,0.0009995002498750624,25.189000432178347,3.8542288656930728,0.0004997501249375312,1320,1272,0.7659507839998696,0.01,0.01,1308,7.178290699000172
S2,0.7,2400,476,3.094982589752527,21.139266534527525,16.33386816075319,0.005997001499250375,17.735712694863505,3.7826365735773804,0.0004997501249375312,2088,1248,0.7704408879999392,0.01,0.04,1212,6.315643698000031
S2,0.7,2400,477,3.0912909021567088,20.236081478734462,16.584713841997097,0.009495252373813094,16.57434520130839,3.813746533575233,0.0004997501249375312,1920,1200,0.48539121299995713,0.01,0.03,1200,4.511853193999968
S2,0.7,2400,478,3.157082911835787,16.609911569555827,16.723056145075613,0.05247376311844078,15.166628552711027,3.8331300030391073,0.0004997501249375312,1380,1260,0.6506022510000093,0.01,0.13,1380,7.99033535999979
S2,0.7,2400,479,3.058771423901789,15.512999545295584,16.351007709176226,0.07096451774112944,13.250583042210327,3.8051786077974175,0.0004997501249375312,1716,1200,0.7397644220000075,0.01,0.14,1164,8.096485016000088
S2,0.7,2400,480,3.032111338348592,20.333749259074196,16.38207059666925,0.006496751624187906,17.868798434353266,3.8942124543370458,0.0004997501249375312,1380,1284,0.7420894179999777,0.01,0.03,1380,8.026227835999862
S2,0.7,2400,481,3.1206405018346066,29.39016095919686,16.74808111572781,0.0004997501249375312,19.469691740417034,3.8001134819288245,0.0004997501249375312,1968,1344,0.7562799560000713,0.01,0.01,1452,8.057507350999913
S2,0.7,2400,482,3.046009960821517,26.651402492486618,16.146198616646362,0.0009995002498750624,23.275697694549457,3.828715675046009,0.0004997501249375312,1368,1368,0.48421920000009777,0.01,0.02,1380,4.9520660309999585
S2,0.7,2400,483,3.141901092766384,19.257313643101348,17.25206605554035,0.017491254372813594,17.590948958370124,3.9148240519381314,0.0004997501249375312,2160,1212,0.7665923350000412,0.01,0.07,1164,7.29425702699973
S2,0.7,2400,484,3.094499282557491,25.99804209694624,16.231862489871016,0.0004997501249375312,25.029883179583788,3.854215368290611,0.0004997501249375312,1404,1236,0.4849460049999834,0.01,0.02,1404,4.502286763000029
S2,0.7,2400,485,3.144286128848528,15.204941892793395,16.14430254460006,0.08245877061469266,11.2994456319402,3.864165267227616,0.0004997501249375312,2148,1260,0.481841544999952,0.01,0.22,1308,4.4988993279998795
S2,0.7,2400,486,3.1911490473991058,23.453255724004322,16.4832923966724,0.00399800099950025,20.350529859887722,3.776516079377524,0.0004997501249375312,1560,1236,0.7480138800001441,0.01,0.02,1284,8.01561308800001
S2,0.7,2400,487,3.1801927449263676,25.104098583708485,16.775810202508637,0.0024987506246876563,21.49256506273887,3.733815389412871,0.0004997501249375312,1740,1272,0.7495939440000257,0.01,0.02,1272,8.018444421999902
S2,0.7,2400,488,2.997795104119423,37.062333977771864,16.19753242953865,0.0004997501249375312,33.22235246270904,3.8231032109819676,0.0004997501249375312,1632,1260,0.7365166730000965,0.01,0.01,1452,8.031159097
S2,0.7,2400,489,2.998217956087688,19.695664493946047,16.36818776276818,0.005997001499250375,16.108722132444743,3.8318598683782215,0.0004997501249375312,1572,1344,0.744881555999882,0.01,0.03,1344,5.15710277900007
S2,0.7,2400,490,3.0955061154046013,17.53565459200253,16.455108285023304,0.02948525737131434,14.873438117169007,3.8670505811418394,0.0004997501249375312,2160,1200,0.4883884479995686,0.01,0.12,1224,4.51205339299986
S2,0.7,2400,491,3.0536061747453713,18.78850939528638,16.589822293535057,0.020989505247376312,16.572218188149957,3.879550424791216,0.0004997501249375312,2148,1236,0.48534164500006227,0.01,0.07,1212,5.97854267699995
S2,0.7,2400,492,3.106898342392439,31.527903880829605,16.228008450634142,0.0004997501249375312,26.15576206903394,3.8727043734919095,0.0004997501249375312,1956,1296,0.48423270100010996,0.01,0.01,1332,4.519408370999827
S2,0.7,2400,493,3.0406696070559445,17.357524582876906,16.198682825369364,0.02848575712143928,16.381104196340484,3.851262855272965,0.0004997501249375312,1440,1248,0.5199428670000543,0.01,0.1,1248,4.499903259000121
S2,0.7,2400,494,3.2711601218320343,21.305470436012175,17.29708411658239,0.005997001499250375,19.199708760123258,3.815382049471026,0.0004997501249375312,1464,1224,0.7509393240000009,0.01,0.02,1224,8.106409120999842
S2,0.7,2400,495,3.101629487423815,21.908127910514498,16.391711463388855,0.004497751124437781,18.58388284360997,3.7817775189515217,0.0004997501249375312,1392,1284,0.766802025999823,0.01,0.02,1320,8.107306564000055
S2,0.7,2400,496,3.15881442467353,26.996603942699483,16.608888546917136,0.0004997501249375312,22.994926807005715,3.902365487585855,0.0004997501249375312,1476,1236,0.7594101579998096,0.01,0.01,1476,8.112201286000072
S2,0.7,2400,497,3.142757695296222,17.99107191803546,16.52057383164316,0.030484757621189407,16.59776117912189,3.7829557871064323,0.0004997501249375312,1836,1200,0.8005741309998484,0.01,0.05,1308,8.11205226400034
S2,0.7,2400,498,3.0782875228712547,28.616541085673326,16.149544229163805,0.0004997501249375312,24.33701233838306,3.6742863090109785,0.0004997501249375312,2160,1176,0.4972323829999823,0.01,0.01,1368,4.534299848000046
S2,0.7,2400,499,2.9054048844096236,19.542681798484345,15.851414179789378,0.00849575212393803,18.522802469594836,3.846245626304173,0.0004997501249375312,1464,1200,0.49362293499984844,0.01,0.09,1164,7.673042023000107
S2,0.7,9600,0,3.086785633220748,72.10489498948698,16.60165370604308,0.0004997501249375312,74.39299940658775,3.8769540632134425,0.0004997501249375312,5184,4896,0.48813229300003513,,,,
S2,0.7,9600,1,3.0879036221682585,81.71031360035667,16.54171915386651,0.0004997501249375312,85.15497295911625,3.881814837671186,0.0004997501249375312,4944,4848,0.4845804000001408,,,,
S2,0.7,9600,2,3.157822911049919,84.76219791086507,16.53398184621954,0.0004997501249375312,88.35894549520597,3.7695386410221117,0.0004997501249375312,5184,4800,0.48927876200014,,,,
S2,0.7,9600,3,3.224238050783108,64.29416856843277,17.01875980532571,0.0004997501249375312,60.16650587037339,3.7940120592672435,0.0004997501249375312,8400,4848,0.4911355720000756,,,,
S2,0.7,9600,4,3.038224298767796,80.80236634085296,16.00370909529221,0.0004997501249375312,80.69528503929486,3.795971278146258,0.0004997501249375312,4992,4848,0.48476404600000933,,,,
S2,0.7,9600,5,3.0557484781523825,85.36904502386724,16.44422769582803,0.0004997501249375312,83.32903466067344,3.883187789358152,0.0004997501249375312,5280,4992,0.4828043909999451,,,,
S2,0.7,9600,6,2.969466693700391,74.26088075533603,16.305662426435834,0.0004997501249375312,77.61343621668905,3.8246952608446767,0.0004997501249375312,5568,4944,0.48374333399988245,,,,
S2,0.7,9600,7,3.1004882891524597,64.16621393676196,16.733337623650858,0.0004997501249375312,64.94222855750752,3.8408849932462026,0.0004997501249375312,4848,4848,0.4842992300000333,,,,
S2,0.7,9600,8,3.0407400493276473,75.83067685411255,16.381069159152982,0.0004997501249375312,79.13762801785975,3.7421603332209754,0.0004997501249375312,4848,4848,0.49235166099992966,,,,
S2,0.7,9600,9,3.1712381026898355,71.81376305398217,17.117268418859357,0.0004997501249375312,71.24928419039374,3.9584052755697097,0.0004997501249375312,4992,4992,0.4969267110000146,,,,
S2,0.7,9600,10,3.141001451238692,72.09274073075568,16.305639608918387,0.0004997501249375312,73.71202382397948,3.819410329364704,0.0004997501249375312,4848,4848,0.496782445000008,,,,
S2,0.7,9600,11,3.143709825538023,75.52250100339229,17.445040984451357,0.0004997501249375312,67.14877113103539,3.84931238990063,0.0004997501249375312,6768,4800,0.4909112309999273,,,,
S2,0.7,9600,12,3.3038696416100874,82.21646250560215,17.367512208917045,0.0004997501249375312,85.71531962572918,3.7676431822611556,0.0004997501249375312,4944,4848,0.4958343240000431,,,,
S2,0.7,9600,13,3.259966021304628,82.07138402241547,16.9205668521207,0.0004997501249375312,86.86509449380095,3.8679721132225526,0.0004997501249375312,4896,4752,0.6971873959998902,,,,
S2,0.7,9600,14,3.0065213852145987,83.61512948718612,16.021786663315844,0.0004997501249375312,91.21500199883023,3.795268629751078,0.0004997501249375312,4800,4800,0.7529279279999628,,,,
S2,0.7,9600,15,3.226461110911028,97.27691559330218,17.528021681736607,0.0004997501249375312,98.72355590861348,3.8450645262107397,0.0004997501249375312,5376,4800,0.742323671999884,,,,
S2,0.7,9600,16,3.042970589325931,82.85053016451289,16.535611149735654,0.0004997501249375312,87.48668544471212,3.8331892238341974,0.0004997501249375312,4848,4848,0.7397135560001971,,,,
S2,0.7,9600,17,3.2395965767209827,87.25777112680375,17.324179296238885,0.0004997501249375312,83.35546845258656,3.8714698689338465,0.0004997501249375312,6096,4752,0.7475630530000217,,,,
S2,0.7,9600,18,3.0922260769752445,69.99652557849026,16.53688131079222,0.0004997501249375312,72.93587992958355,3.77644423571041,0.0004997501249375312,4896,4896,0.48230088400009663,,,,
S2,0.7,9600,19,3.1606398810086413,70.54631864560672,16.489253525790048,0.0004997501249375312,72.35967861444189,3.7586661098717373,0.0004997501249375312,4848,4848,0.49479436600017834,,,,
S2,0.7,9600,20,3.0360201108616933,65.51853476336066,16.319483991347365,0.0004997501249375312,67.74262220502659,3.8343847065866337,0.0004997501249375312,4848,4848,0.7575080920000801,,,,
S2,0.7,9600,21,3.156328923125913,72.94321528536793,17.025093904876794,0.0004997501249375312,73.95206780432835,3.7675355420680257,0.0004997501249375312,4896,4848,0.7734710610000093,,,,
S2,0.7,9600,22,3.121196905416525,75.20483339073367,16.718779634353798,0.0004997501249375312,76.61369812990229,3.792947586516284,0.0004997501249375312,4896,4896,0.4929264559998501,,,,
S2,0.7,9600,23,3.1632459187963704,79.9941597742226,16.69310035259549,0.0004997501249375312,82.72248458003536,3.8187754352587193,0.0004997501249375312,4800,4800,0.49699379599996973,,,,
S2,0.7,9600,24,3.2646967398216273,83.74160242281107,17.189979555422426,0.0004997501249375312,86.2794209918147,3.9245081052357196,0.0004997501249375312,4944,4896,0.7811628750000637,,,,
S2,0.7,9600,25,3.301455186824718,85.84195838751424,17.356584319864627,0.0004997501249375312,87.85163326435786,3.7746459433057353,0.0004997501249375312,4944,4896,0.8392094240000461,,,,
S2,0.7,9600,26,2.938468848292815,69.46556711893777,16.359031228142978,0.0004997501249375312,71.28112633473528,3.896707291565863,0.0004997501249375312,5184,4992,0.7921010879999812,,,,
S2,0.7,9600,27,3.2239086576127396,77.37406082964095,17.242083318867138,0.0004997501249375312,72.03550310239633,3.8323239924387367,0.0004997501249375312,6000,4848,0.8000932659999762,,,,
S2,0.7,9600,28,3.2466040993596788,83.41863276038393,17.006826515447997,0.0004997501249375312,80.96101497291231,3.829736463778996,0.0004997501249375312,5712,5040,0.5135380889998942,,,,
S2,0.7,9600,29,3.213759977037046,75.08353430015025,16.733635317026465,0.0004997501249375312,78.51056760278729,3.8531813854489347,0.0004997501249375312,4944,4944,0.5247312670001065,,,,
S2,0.7,9600,30,3.1420848892467395,83.20744954810871,16.626228116325084,0.0004997501249375312,87.3438406741742,3.872211545660365,0.0004997501249375312,4896,4848,0.8395483270001023,,,,
S2,0.7,9600,31,3.109122623203546,82.112096062487,16.356197376029016,0.0004997501249375312,84.94579556461194,3.8799661444531566,0.0004997501249375312,4944,4944,0.8298915639998086,,,,
S2,0.7,9600,32,3.0656334952233513,73.71169258803008,16.496694312547213,0.0004997501249375312,79.34830971695266,3.915399822558748,0.0004997501249375312,4800,4800,0.8274145010000211,,,,
S2,0.7,9600,33,3.307224212963419,72.48942930802934,17.29389344671612,0.0004997501249375312,71.79896957973097,3.7842288445774983,0.0004997501249375312,4896,4800,0.8331446540000798,,,,
S2,0.7,9600,34,3.092175160951095,78.18777781571102,16.197666811138184,0.0004997501249375312,77.91762567398004,3.7999578511895526,0.0004997501249375312,6432,4992,0.8205048499999066,,,,
S2,0.7,9600,35,3.112251187732683,88.91453157369436,16.133781779604732,0.0004997501249375312,82.29111515395645,3.7874513400084355,0.0004997501249375312,5712,4944,0.8199124739999206,,,,
S2,0.7,9600,36,3.071295902459231,79.55482517221792,16.59683219508073,0.0004997501249375312,73.96679740331417,3.7567906700736113,0.0004997501249375312,5808,4896,0.5181153930000164,,,,
S2,0.7,9600,37,2.965065846008207,71.85605756345826,16.163421668554093,0.0004997501249375312,74.38634801795413,3.84164733303503,0.0004997501249375312,5280,4944,0.505981489000078,,,,
S2,0.7,9600,38,3.320691266502448,83.39765258234969,17.26250544889779,0.0004997501249375312,85.43333257043143,3.878598552739624,0.0004997501249375312,5184,4896,0.7986501119999048,,,,
S2,0.7,9600,39,2.9515129943856158,75.02108167023516,15.84892178333689,0.0004997501249375312,78.81098670414602,3.82798547064129,0.0004997501249375312,5088,4800,0.8137909750003018,,,,
S2,0.7,9600,40,3.3252938763338507,88.4357278525825,17.631160485820804,0.0004997501249375312,87.3251893470642,3.830617221702693,0.0004997501249375312,4896,4800,0.7880551840000862,,,,
S2,0.7,9600,41,3.0918312347976835,81.46643641619437,16.515983816834677,0.0004997501249375312,81.52891276806234,3.789563226387703,0.0004997501249375312,5040,4992,0.8181123990000287,,,,
S2,0.7,9600,42,3.2049275874556087,76.23513823089799,16.866091167515503,0.0004997501249375312,78.79069620760589,3.782770727468781,0.0004997501249375312,5856,4848,0.8007138559999021,,,,
S2,0.7,9600,43,2.99296124580072,77.27762993781464,16.140087628329475,0.0004997501249375312,80.16662171001052,3.9798795278045493,0.0004997501249375312,4896,4848,0.7979452070001116,,,,
S2,0.7,9600,44,3.1709945830976745,81.31683833089869,16.397924424883993,0.0004997501249375312,79.34907502153223,3.796740372562959,0.0004997501249375312,5664,4848,0.5093023110000559,,,,
S2,0.7,9600,45,3.179941400732682,79.71288522614527,17.102749463280396,0.0004997501249375312,79.23706727184792,3.837182440802765,0.0004997501249375312,4896,4896,0.5212646649999897,,,,
S2,0.7,9600,46,3.098901360592563,65.2110676573986,16.715699787789298,0.0004997501249375312,65.33440484569513,3.923793220621272,0.0004997501249375312,5760,4800,0.8248722440002894,,,,
S2,0.7,9600,47,3.198048791505665,91.32762287426826,16.85833852249848,0.0004997501249375312,92.03884452213096,3.7777807474149796,0.0004997501249375312,5424,4896,0.8299565009997423,,,,
S2,0.7,9600,48,3.1489434781736128,73.35691550660854,16.37856347546575,0.0004997501249375312,74.80581369412714,3.832490753366034,0.0004997501249375312,5088,4944,0.8212026349999633,,,,
S2,0.7,9600,49,3.3043404285494837,73.76285758319767,16.920501871594766,0.0004997501249375312,73.05360265781664,3.7963328671807512,0.0004997501249375312,4800,4800,0.7965067129998715,,,,
S2,0.7,9600,50,3.1916282654670365,74.66315513102685,17.03674181314806,0.0004997501249375312,71.10375143147799,3.7945905120262924,0.0004997501249375312,6000,4896,0.8020987719999084,,,,
S2,0.7,9600,51,2.9682689312195394,74.29536239352836,15.834526264530256,0.0004997501249375312,78.34037051385354,3.8064525274137004,0.0004997501249375312,6384,4944,0.8231307250000555,,,,
S2,0.7,9600,52,3.0539891049317243,61.22925461493382,16.42421996535532,0.0004997501249375312,60.589451309061445,3.902217222309534,0.0004997501249375312,5712,4896,0.5162508690000323,,,,
S2,0.7,9600,53,3.1884187237169934,80.88009750376415,17.131478817356296,0.0004997501249375312,85.63978739015185,3.7981403353321643,0.0004997501249375312,4800,4800,0.5293300579999141,,,,
S2,0.7,9600,54,3.2031685696575685,75.6927847217612,16.972347355961354,0.0004997501249375312,77.04475076282546,3.8231244457188986,0.0004997501249375312,5232,4944,0.8133306409999932,,,,
S2,0.7,9600,55,3.069841819812938,64.57419067479506,16.17301430836374,0.0004997501249375312,67.28617529119865,3.7717218894889015,0.0004997501249375312,4800,4848,0.6932007850000446,,,,
S2,0.7,9600,56,3.1226299588827335,83.7030305510521,16.629659456405594,0.0004997501249375312,87.82640419158845,3.8634369128826007,0.0004997501249375312,4992,4944,0.7140329759999986,,,,
S2,0.7,9600,57,3.0092008478217442,61.44826172930872,16.12734467157115,0.0004997501249375312,64.34618390156248,3.8265982502085474,0.0004997501249375312,5040,4848,0.5232656489999954,,,,
S2,0.7,9600,58,3.1064477269061936,74.90258755604131,16.723004249258796,0.0004997501249375312,78.40218261149265,3.8350178902822494,0.0004997501249375312,4800,4800,0.6933518589999039,,,,
S2,0.7,9600,59,3.1457385264484263,64.65451163698782,16.99056768006415,0.0004997501249375312,67.10526097624806,3.7695515480756128,0.0004997501249375312,5568,4800,0.5243817890000173,,,,
S2,0.7,9600,60,3.1072544002469513,84.52678495484498,16.1121262810647,0.0004997501249375312,87.61395502163866,3.7897650094892086,0.0004997501249375312,5520,4896,0.8031586720001087,,,,
S2,0.7,9600,61,3.426706682938146,66.05253586644591,17.78359700636323,0.0004997501249375312,60.5062700658847,3.833421075957632,0.0004997501249375312,5760,5040,0.8378337980000197,,,,
S2,0.7,9600,62,3.093121094470924,74.65552004071468,16.399222622985267,0.0004997501249375312,76.40047036378772,3.7615152117381982,0.0004997501249375312,5280,4896,0.5183885359997475,,,,
S2,0.7,9600,63,3.2571387764033934,75.13255196367359,16.952604499813816,0.0004997501249375312,71.48966870890091,3.8005269281446403,0.0004997501249375312,6336,4944,0.5212171980001585,,,,
S2,0.7,9600,64,3.112004165821606,93.8915659102808,16.64229424477978,0.0004997501249375312,92.50669825688054,3.916810428224947,0.0004997501249375312,5664,4800,0.508552742999882,,,,
S2,0.7,9600,65,3.326053542580592,78.59687280922743,17.3047765936915,0.0004997501249375312,79.72824401253808,3.7978734241485297,0.0004997501249375312,7584,4848,0.5168714520000321,,,,
S2,0.7,9600,66,3.1281654161860724,78.07771542507496,16.519863324375684,0.0004997501249375312,80.45207670892836,3.9552397164974678,0.0004997501249375312,4800,4800,0.516739520000101,,,,
S2,0.7,9600,67,2.921721219473692,62.18300213463098,15.758731864993651,0.0004997501249375312,65.13319414081734,3.8868412409615063,0.0004997501249375312,5616,4800,0.5021913960001712,,,,
S2,0.7,9600,68,3.1631227767030303,76.93288280407555,16.887721517029593,0.0004997501249375312,75.41402328461967,3.843850728794844,0.0004997501249375312,5616,4896,0.7756342860000132,,,,
S2,0.7,9600,69,3.041734559695956,59.22055738787957,16.521020754565104,0.0004997501249375312,61.508879271145034,3.920104687084263,0.0004997501249375312,4848,4896,0.7915553430000273,,,,
S2,0.7,9600,70,3.118160051883307,81.3364500746537,16.478153624312966,0.0004997501249375312,76.14139082144649,3.820227651887439,0.0004997501249375312,5712,4896,0.5114976770000794,,,,
S2,0.7,9600,71,3.0426630563646007,64.9294128408566,15.910344851473868,0.0004997501249375312,64.17556769415219,3.8438271389349508,0.0004997501249375312,5376,5040,0.5308560779999425,,,,
S2,0.7,9600,72,3.067378968077641,86.34192448728926,16.580967961468378,0.0004997501249375312,90.96310877150903,3.7073772468063453,0.0004997501249375312,5040,5040,0.5190035640000588,,,,
S2,0.7,9600,73,3.13489170298843,75.92526747852644,17.04537053693402,0.0004997501249375312,79.42376307901503,3.8782861755224642,0.0004997501249375312,5232,4800,0.5141671910000696,,,,
S2,0.7,9600,74,3.1733915779248663,63.889816895448746,17.11843057696776,0.0004997501249375312,64.03214113519934,3.827944526891136,0.0004997501249375312,5856,4992,0.5342877180000869,,,,
S2,0.7,9600,75,3.1003630366510047,73.1420183262507,16.491539623969157,0.0004997501249375312,70.95032650070671,3.737737129729027,0.0004997501249375312,5904,4848,0.5130369349999455,,,,
S2,0.7,9600,76,2.9972153636018843,83.14540803904802,15.810614103591625,0.0004997501249375312,86.16637048987094,3.8230399813870726,0.0004997501249375312,5280,4896,0.5080261849998351,,,,
S2,0.7,9600,77,3.291404830587862,73.86153893330074,17.689826332417763,0.0004997501249375312,74.87097490145271,3.8731248644704124,0.0004997501249375312,5376,4800,0.529122364000159,,,,
S2,0.7,9600,78,3.1577801441462015,79.31991421189865,17.033582872890857,0.0004997501249375312,80.77329431164452,3.8381142528987175,0.0004997501249375312,5184,4848,0.8185484969999379,,,,
S2,0.7,9600,79,3.1269169172890554,70.41445175517937,17.013363653634112,0.0004997501249375312,74.52197607694274,3.797811788132548,0.0004997501249375312,4992,4992,0.8131585920000362,,,,
S2,0.7,9600,80,3.222653042989743,89.38413692615306,17.695569320363187,0.0004997501249375312,94.13254422820222,3.8520183825673673,0.0004997501249375312,5040,4800,0.5157656950000273,,,,
S2,0.7,9600,81,3.0331880482460964,77.41336360764512,16.217758673407996,0.0004997501249375312,81.28630357005059,3.821282361686387,0.0004997501249375312,4896,4848,0.5223162600000251,,,,
S2,0.7,9600,82,3.100863457423254,76.2730570356549,16.167514968008938,0.0004997501249375312,74.8886646028392,3.8208373368532698,0.0004997501249375312,5664,4800,0.5152719749999051,,,,
S2,0.7,9600,83,3.1629320715260474,78.53220239153877,16.812986537007312,0.0004997501249375312,77.1437964514239,3.7436659038728575,0.0004997501249375312,7104,4800,0.5195719270000154,,,,
S2,0.7,9600,84,2.9914419785684117,68.04855750418943,16.393771391345144,0.0004997501249375312,71.24831177059792,3.931075844933744,0.0004997501249375312,5472,4800,0.5097358709999753,,,,
S2,0.7,9600,85,3.1418282012030385,74.721373273674,16.362597477239234,0.0004997501249375312,70.36792050895755,3.7743055664924112,0.0004997501249375312,5760,4896,0.5162200939998911,,,,
S2,0.7,9600,86,3.133917592492349,83.48057572076311,16.66120221028666,0.0004997501249375312,82.31239062286065,3.8763461351404036,0.0004997501249375312,5664,4800,0.8748969450000459,,,,
S2,0.7,9600,87,3.2092851940279883,60.88799450270947,16.793962497167964,0.0004997501249375312,61.710225186053925,3.700173491590287,0.0004997501249375312,5616,4800,0.8360991039999135,,,,
S2,0.7,9600,88,3.3078245622596265,81.94029805862577,17.254561236927916,0.0004997501249375312,80.64898229813768,3.818697923997972,0.0004997501249375312,5904,4848,0.5402879590001248,,,,
S2,0.7,9600,89,3.253322807675983,88.480094153777,17.007659285688835,0.0004997501249375312,84.55953666681242,3.761633574890427,0.0004997501249375312,5424,4992,0.5211599350000142,,,,
S2,0.7,9600,90,3.2912551924485176,74.81833022298487,17.302026938883962,0.0004997501249375312,76.72037232248817,3.7249479052579644,0.0004997501249375312,5376,4800,0.863717066999925,,,,
S2,0.7,9600,91,2.962183316769057,64.31748736693196,16.56129441824504,0.0004997501249375312,60.353043709415005,3.91797141043195,0.0004997501249375312,5568,4896,0.8443126059999031,,,,
S2,0.7,9600,92,3.1893956733692512,64.94217060969133,16.938796344582798,0.0004997501249375312,66.93821209780648,3.9958484855442347,0.0004997501249375312,7632,4848,0.5136520640000981,,,,
S2,0.7,9600,93,3.272862436988838,76.94905245598818,17.31156352630566,0.0004997501249375312,75.02699601001767,3.7766082076470595,0.0004997501249375312,5280,4944,0.5419062570001643,,,,
S2,0.7,9600,94,3.2033499964020473,72.32329213831039,16.744973403163076,0.0004997501249375312,72.21713344593408,3.833800352744847,0.0004997501249375312,5184,4800,0.5102187830002549,,,,
S2,0.7,9600,95,3.0874076380797457,71.00131575859905,16.16061224244494,0.0004997501249375312,75.57992324045833,3.8173902053341675,0.0004997501249375312,4800,4848,0.5111599420001767,,,,
S2,0.7,9600,96,2.994734966256141,77.23652179007269,16.11843665872165,0.0004997501249375312,75.78616526075248,3.8124462435955406,0.0004997501249375312,5856,5040,0.8523531859998457,,,,
S2,0.7,9600,97,3.046116270818197,73.81012290772412,15.90449655493136,0.0004997501249375312,76.48925917880844,3.8277249083335376,0.0004997501249375312,5184,5040,0.8171870889998445,,,,
S2,0.7,9600,98,2.8522035386107523,76.38634381236993,15.28858368115073,0.0004997501249375312,84.82940826499517,3.8233741864741284,0.0004997501249375312,4944,4944,0.8298775770001612,,,,
S2,0.7,9600,99,3.0730203451254297,78.36093301971871,16.310387203907197,0.0004997501249375312,82.0195475360972,3.992318217913318,0.0004997501249375312,4800,4800,0.8563075120000576,,,,
S2,0.7,9600,100,3.3248424005282207,73.06218198702048,17.123663389296944,0.0004997501249375312,69.93504287500902,3.682777356502692,0.0004997501249375312,4848,4848,0.5439588039998853,,,,
S2,0.7,9600,101,3.2017162610754206,87.73900005682461,16.648391625977737,0.0004997501249375312,91.29304767223711,3.7746254937487853,0.0004997501249375312,4848,4800,0.5804154610000296,,,,
S2,0.7,9600,102,3.218790061901534,86.52170658552708,17.005208463580033,0.0004997501249375312,86.35960832441643,3.8792059116857875,0.0004997501249375312,6960,4944,0.6029448870001488,,,,
S2,0.7,9600,103,3.1504549687421988,70.11380205602487,16.58913797313454,0.0004997501249375312,73.33085757327505,3.8062548794384603,0.0004997501249375312,4896,4848,0.5406590800000686,,,,
S2,0.7,9600,104,3.248578518918142,85.71488436158876,17.10781860655828,0.0004997501249375312,90.02133475873954,3.70560283121392,0.0004997501249375312,5040,4992,0.8355435500000112,,,,
S2,0.7,9600,105,3.272359671214659,80.05116662790641,16.764760578376247,0.0004997501249375312,82.30284829829579,3.857184887109079,0.0004997501249375312,4944,4944,0.8499305679999907,,,,
S2,0.7,9600,106,3.2912226406921565,73.84450900667616,17.11996850299264,0.0004997501249375312,74.4997125169811,3.824129945932465,0.0004997501249375312,4800,4800,0.8461987829998634,,,,
S2,0.7,9600,107,2.9320215182758793,65.51728608692144,16.200078769177857,0.0004997501249375312,71.40670020429445,3.7987231295130193,0.0004997501249375312,4800,4752,0.8730610729999171,,,,
S2,0.7,9600,108,3.149719820744696,81.13300696072302,16.495817380969264,0.0004997501249375312,82.05334617045027,3.750469697966585,0.0004997501249375312,6096,4800,0.6323292689999107,,,,
S2,0.7,9600,109,2.9932518567786266,80.1571309980698,15.889065710936453,0.0004997501249375312,83.70830125524321,3.7605559451854473,0.0004997501249375312,5136,4800,0.8247819240000354,,,,
S2,0.7,9600,110,3.212491378231676,79.06873711174914,16.974034204894693,0.0004997501249375312,75.97025688335637,3.7711052504030325,0.0004997501249375312,5280,4896,0.5100482440000178,,,,
S2,0.7,9600,111,2.9188894802017105,72.15393958810712,15.832373787629733,0.0004997501249375312,75.29548245876587,3.911393168951078,0.0004997501249375312,4896,4848,0.5030300509999961,,,,
S2,0.7,9600,112,3.257628050639426,88.19956163190338,17.033000131766713,0.0004997501249375312,85.81340927653638,3.781109960933188,0.0004997501249375312,5568,4992,0.8710521489999792,,,,
S2,0.7,9600,113,3.190384865366402,73.76006014864869,16.920780065383198,0.0004997501249375312,76.73323919442615,3.821108672665717,0.0004997501249375312,4944,4896,0.8327365220000047,,,,
S2,0.7,9600,114,3.1090521972612426,72.69290302607929,16.253938261648702,0.0004997501249375312,75.17135253329164,3.8380075898901542,0.0004997501249375312,5040,4752,0.8222854669998014,,,,
S2,0.7,9600,115,3.3332872804142957,83.81761142436476,17.513936453759186,0.0004997501249375312,81.00366302777543,3.796790561132561,0.0004997501249375312,5568,4800,0.5726938450002308,,,,
S2,0.7,9600,116,3.0905049034497383,70.72801954342081,16.1808692403983,0.0004997501249375312,64.6649858610413,3.7869228719356887,0.0004997501249375312,5664,4848,0.8409915629999887,,,,
S2,0.7,9600,117,3.2785745316154222,85.27782927677067,17.638766360352747,0.0004997501249375312,84.39835197571963,3.8705347840163813,0.0004997501249375312,5280,4800,0.8474241360001997,,,,
S2,0.7,9600,118,3.1108405514206567,76.39284725087546,16.78036666685697,0.0004997501249375312,69.79130385446564,3.8379927821100703,0.0004997501249375312,5616,4800,0.5198797020000256,,,,
S2,0.7,9600,119,3.0875951498687604,80.10330880687074,16.62247555242504,0.0004997501249375312,80.13928537626954,3.7697421105466122,0.0004997501249375312,5184,4848,0.5111289720000514,,,,
S2,0.7,9600,120,3.0642660627996885,74.59048139073232,16.361036815306853,0.0004997501249375312,80.7457637705139,3.9188612345997815,0.0004997501249375312,4800,4800,0.8526496449999286,,,,
S2,0.7,9600,121,3.201897222375331,77.38299201620511,16.714499532149397,0.0004997501249375312,73.39003232327579,3.8065450461357213,0.0004997501249375312,5232,4896,0.8212175070000285,,,,
S2,0.7,9600,122,3.1488715731355614,65.38128768794707,16.66762640865802,0.0004997501249375312,67.31463260465914,3.807484357077272,0.0004997501249375312,4800,4800,0.5114274410002508,,,,
S2,0.7,9600,123,3.097408332443519,71.28762706004203,16.708368589452512,0.0004997501249375312,74.61819022789786,3.82992905176647,0.0004997501249375312,4896,4800,0.5193233919999329,,,,
S2,0.7,9600,124,3.328218371519468,86.2658118532953,17.44002305926414,0.0004997501249375312,83.10550329169347,3.8183096916310144,0.0004997501249375312,5664,4800,0.8287746260000404,,,,
S2,0.7,9600,125,3.2114866666299284,79.51555310645072,16.98111566619087,0.0004997501249375312,81.84777484046481,3.866950117976648,0.0004997501249375312,4896,4896,0.8219226619999063,,,,
S2,0.7,9600,126,3.0231675808103353,67.37825821276797,16.493744140517986,0.0004997501249375312,65.39129219414437,3.852022574409927,0.0004997501249375312,5424,5088,0.5153760910000074,,,,
S2,0.7,9600,127,3.147377204421968,69.15356254365581,16.479086033588178,0.0004997501249375312,74.5559618700339,3.8051505619501587,0.0004997501249375312,4992,4800,0.5198479630000747,,,,
S2,0.7,9600,128,3.09925634143406,75.1551476252227,16.29090251608865,0.0004997501249375312,68.91804770363245,3.8117118530973735,0.0004997501249375312,6816,4944,0.8186965130000772,,,,
S2,0.7,9600,129,3.1206595574992906,79.30833491416028,16.482659766902984,0.0004997501249375312,77.1578065893287,3.7915180957998587,0.0004997501249375312,6672,4848,0.8605277399999522,,,,
S2,0.7,9600,130,3.2172008244565204,71.7231851459888,16.793087968275824,0.0004997501249375312,69.69413078331388,3.8369008160154587,0.0004997501249375312,5376,4800,0.543703381999876,,,,
S2,0.7,9600,131,3.0894186087010342,90.37580109932745,16.62736359578366,0.0004997501249375312,91.15345536800528,3.7381428918226596,0.0004997501249375312,5664,4896,0.9014442289999351,,,,
S2,0.7,9600,132,3.119508606640247,76.31710776631184,16.612750496996412,0.0004997501249375312,72.162959267059,3.8352944729969907,0.0004997501249375312,5328,4800,0.8584101259998533,,,,
S2,0.7,9600,133,3.1655457812317165,76.32943692159704,16.61177160871988,0.0004997501249375312,76.44517570063273,3.8397972098239475,0.0004997501249375312,5376,4944,0.8664173949998712,,,,
S2,0.7,9600,134,3.110544126447433,69.6184736915113,16.709343885387977,0.0004997501249375312,76.00687967555895,3.8521495913696,0.0004997501249375312,4848,4848,0.5061527739999292,,,,
S2,0.7,9600,135,3.078550384177106,68.73981333739313,16.334013837605113,0.0004997501249375312,69.27548806432608,3.84563996159716,0.0004997501249375312,6096,5088,0.5135120720001396,,,,
S2,0.7,9600,136,3.27932355320396,69.11911259714877,16.840630966543927,0.0004997501249375312,69.88899101885765,3.732566583792711,0.0004997501249375312,5040,4848,0.895343787999991,,,,
S2,0.7,9600,137,3.1897594944304046,84.28697858302377,17.005994811221353,0.0004997501249375312,83.61895118536684,3.831157500332259,0.0004997501249375312,5376,5040,0.9000201720000405,,,,
S2,0.7,9600,138,3.1162606412685836,67.37701924189943,16.590603071839872,0.0004997501249375312,69.25815875652485,3.713314147922245,0.0004997501249375312,5184,4848,0.9165962469996884,,,,
S2,0.7,9600,139,2.8643426136730303,74.47735555094195,15.457874064998764,0.0004997501249375312,79.02519775873702,3.8994108144424606,0.0004997501249375312,4896,4800,0.880144040000232,,,,
S2,0.7,9600,140,3.124812086229659,75.37507974064056,16.509148872938454,0.0004997501249375312,74.54424552557884,3.9826675877134665,0.0004997501249375312,5184,5040,0.8963841909999246,,,,
S2,0.7,9600,141,3.0219009790667104,77.27817477155246,16.69146762128593,0.0004997501249375312,79.79931048027738,3.690534128022374,0.0004997501249375312,5184,4800,0.8872866189999513,,,,
S2,0.7,9600,142,3.2489770529867266,87.49327179864277,17.18567287994597,0.0004997501249375312,88.6121832539541,3.8396900723333873,0.0004997501249375312,5280,4848,0.515587835000133,,,,
S2,0.7,9600,143,3.1016233456721567,78.81473481699254,16.444237829036656,0.0004997501249375312,80.8661039384642,3.834055260118196,0.0004997501249375312,4848,4848,0.5066975079998883,,,,
S2,0.7,9600,144,3.346666165093161,75.41311491785966,17.68109340330096,0.0004997501249375312,72.4253577069089,3.7408927614249,0.0004997501249375312,5472,4800,0.9246747800000321,,,,
S2,0.7,9600,145,3.2169076313416385,74.25110624625425,16.823771770656524,0.0004997501249375312,73.36165428047015,3.742497710738339,0.0004997501249375312,5712,4800,0.8835659179999311,,,,
S2,0.7,9600,146,3.0706491327664,71.67005990928402,16.552912426798095,0.0004997501249375312,72.97067775400748,3.8453118080737267,0.0004997501249375312,5280,4800,0.897098571999777,,,,
S2,0.7,9600,147,3.025806249180218,57.214425239257494,16.084975036611883,0.0004997501249375312,63.4660674209205,3.8502722758646173,0.0004997501249375312,4848,4848,0.8628201659998922,,,,
S2,0.7,9600,148,3.153225043812159,75.84630630861574,16.397141820523427,0.0004997501249375312,77.87158112427218,3.7795120990857938,0.0004997501249375312,4848,4848,0.9138589560000128,,,,
S2,0.7,9600,149,2.979645496334714,77.69379226538531,16.349549185764698,0.0004997501249375312,79.42335871187223,3.8756366102192525,0.0004997501249375312,4896,4896,0.8947247260000495,,,,
S2,0.7,9600,150,3.039430147125722,61.508172372290545,16.624522984011925,0.0004997501249375312,64.63558499977933,3.87002160266191,0.0004997501249375312,4848,4848,0.5141535400000521,,,,
S2,0.7,9600,151,3.0901718670842713,64.04414164863752,16.536554850246727,0.0004997501249375312,66.56039861749322,3.853205996223701,0.0004997501249375312,4800,4848,0.5093578110002,,,,
S2,0.7,9600,152,3.1815386049285244,78.58789992694568,16.587917292065928,0.0004997501249375312,80.89136179205559,3.867809124862753,0.0004997501249375312,4800,4800,0.8836680859999433,,,,
S2,0.7,9600,153,3.1933383258446515,60.01822722470069,17.139359982479714,0.0004997501249375312,58.48317812683117,3.901018296741158,0.0004997501249375312,6000,4896,0.9324697009999454,,,,
S2,0.7,9600,154,3.0464360507861445,86.83933450433564,16.305212111440717,0.0004997501249375312,83.88427573308887,3.911926055038162,0.0004997501249375312,5760,4848,0.8682629170002656,,,,
S2,0.7,9600,155,3.297486774577802,73.55483484039105,16.935149134490015,0.0004997501249375312,62.808632401035105,3.8384934567864395,0.0004997501249375312,5856,4944,0.9158053350001865,,,,
S2,0.7,9600,156,3.027070932783099,79.07702446351162,16.426024997382708,0.0004997501249375312,85.96642116187903,3.9802264236636984,0.0004997501249375312,4992,4944,0.8794576000000234,,,,
S2,0.7,9600,157,3.027510584707068,61.48757449009018,16.335900147326996,0.0004997501249375312,65.60518982134087,3.818739876975795,0.0004997501249375312,4848,4848,0.884137070999941,,,,
S2,0.7,9600,158,3.076913839204214,77.69046404234881,16.49087967170213,0.0004997501249375312,77.59785370026304,3.71439155186623,0.0004997501249375312,6384,4800,0.5062470049999774,,,,
S2,0.7,9600,159,3.202559465809882,75.57223029461274,17.438127825496107,0.0004997501249375312,73.78810825143978,3.9929391719951637,0.0004997501249375312,6384,5040,0.5195035950000602,,,,
S2,0.7,9600,160,3.1260084554560614,60.01261032270083,16.32979076691585,0.0004997501249375312,61.3040892254687,3.744496588951468,0.0004997501249375312,5328,4800,0.9030209829998057,,,,
S2,0.7,9600,161,3.190360348562595,77.30730382890893,16.419222398865077,0.0004997501249375312,75.04525852373465,3.7620024415069713,0.0004997501249375312,5904,4848,0.875984285999948,,,,
S2,0.7,9600,162,3.162107355443448,86.9132275348277,16.761952537486483,0.0004997501249375312,81.06408163408798,3.8546687614659096,0.0004997501249375312,6624,4800,0.9037130169999728,,,,
S2,0.7,9600,163,3.1485230872722365,82.65218288907522,16.78813346212372,0.0004997501249375312,82.14428264976021,3.876074536710924,0.0004997501249375312,5136,4944,0.9182505159997163,,,,
S2,0.7,9600,164,3.1930230650364146,106.40331440379308,17.06736312709913,0.0004997501249375312,105.1554843810401,3.85996323974305,0.0004997501249375312,5664,4992,0.5179932270000336,,,,
S2,0.7,9600,165,3.1390246050957726,76.59369474753952,16.727195458811618,0.0004997501249375312,77.36297401019505,3.8489230993408383,0.0004997501249375312,5904,4800,0.508963089999952,,,,
S2,0.7,9600,166,3.2558703197789125,67.12383085924839,17.222619478791977,0.0004997501249375312,71.45284359808403,3.705005301095354,0.0004997501249375312,4944,4944,0.8696759570000268,,,,
S2,0.7,9600,167,3.0054488560806547,76.88029955469946,15.781783774284278,0.0004997501249375312,81.58109137685145,3.909126665664089,0.0004997501249375312,4896,4800,0.8714424300001156,,,,
S2,0.7,9600,168,3.2503941039076,84.26417383701846,17.052750677076986,0.0004997501249375312,81.94861280259674,3.7349619856386647,0.0004997501249375312,6048,4896,0.5129746609998165,,,,
S2,0.7,9600,169,3.016399439012016,83.20528876308093,16.02691052966762,0.0004997501249375312,85.07220365078322,3.8672993229438775,0.0004997501249375312,5664,4896,0.5099833039998884,,,,
S2,0.7,9600,170,3.184712321173017,68.18295386728241,16.74985868717156,0.0004997501249375312,69.52878455598493,3.726555499914032,0.0004997501249375312,5568,4848,0.8793057739999313,,,,
S2,0.7,9600,171,3.252953281901844,72.82034692568443,17.045633453196054,0.0004997501249375312,72.61717870143758,3.784208913077486,0.0004997501249375312,5088,4848,0.8864722220000658,,,,
S2,0.7,9600,172,3.129891506236563,74.76781760675954,16.276035865572542,0.0004997501249375312,78.25313574173785,3.847806555750914,0.0004997501249375312,5088,4800,0.9157672890000867,,,,
S2,0.7,9600,173,3.0717227286876927,67.39020463378722,16.33657340915368,0.0004997501249375312,69.97636619223192,3.8071889189583152,0.0004997501249375312,4800,4800,0.9324860980000267,,,,
S2,0.7,9600,174,3.0458239072608526,80.76329964094485,16.482756071605838,0.0004997501249375312,81.75665902902557,3.827027317903781,0.0004997501249375312,5040,4800,0.867227345999936,,,,
S2,0.7,9600,175,3.1696199238538427,66.53233295181107,16.74562588654384,0.0004997501249375312,67.0147180238586,3.8385247233132365,0.0004997501249375312,5760,5040,0.9217670030000136,,,,
S2,0.7,9600,176,3.126550492382006,77.22949838255707,16.559509201106152,0.0004997501249375312,77.97673444035715,3.829272185308794,0.0004997501249375312,5664,4944,0.8313440310000715,,,,
S2,0.7,9600,177,3.1503231288732265,82.70771786986732,16.560025954867555,0.0004997501249375312,86.10254907208004,3.850969538600055,0.0004997501249375312,4992,4992,0.9413940269998875,,,,
S2,0.7,9600,178,3.252574589269319,76.7665938922047,17.47291170872262,0.0004997501249375312,76.62225350350911,3.8667189675503244,0.0004997501249375312,5328,4848,0.9019748480002363,,,,
S2,0.7,9600,179,3.193166290374125,85.00926776492975,16.967543476114933,0.0004997501249375312,76.88775260793994,3.8422830758546977,0.0004997501249375312,6144,4896,0.9114730320002309,,,,
S2,0.7,9600,180,3.281451954681617,86.70593340301042,17.70098042983129,0.0004997501249375312,77.78113745643498,3.8255917036621763,0.0004997501249375312,6240,4800,0.9602772719999848,,,,
S2,0.7,9600,181,3.120528695109712,81.56189596239552,16.55707976914804,0.0004997501249375312,80.50894860096828,3.869309856927291,0.0004997501249375312,5376,4896,0.9182168870001988,,,,
S2,0.7,9600,182,3.2442500491280195,57.55067131537028,17.073943291562557,0.0004997501249375312,57.45021359480547,3.8640001991038497,0.0004997501249375312,5760,4848,0.9146563350000179,,,,
S2,0.7,9600,183,3.1594294417407376,83.68847867455749,16.880096339306146,0.0004997501249375312,87.31297679108143,3.8801970272669855,0.0004997501249375312,5088,4800,0.9456685350000953,,,,
S2,0.7,9600,184,3.252837932415343,90.57900943665275,16.91482649305944,0.0004997501249375312,93.73497245020171,3.8080123736841744,0.0004997501249375312,5136,4800,0.9343629049999436,,,,
S2,0.7,9600,185,2.9983259810733283,78.38271792963204,16.369052782758825,0.0004997501249375312,78.93863152984802,3.894851163498348,0.0004997501249375312,7392,4800,0.6984032230000139,,,,
S2,0.7,9600,186,3.065071860229583,70.16513614406394,16.321616718594285,0.0004997501249375312,72.3157889164228,3.8951709291397654,0.0004997501249375312,4992,4944,0.9007786410002154,,,,
S2,0.7,9600,187,3.106920467303838,84.66818539620894,16.481894409081733,0.0004997501249375312,87.95402702373467,3.7889440538033545,0.0004997501249375312,5328,4848,0.8910055840001405,,,,
S2,0.7,9600,188,3.126717959208211,70.14803163358421,16.350192419679882,0.0004997501249375312,76.54672985529791,3.9057670066215766,0.0004997501249375312,4848,4848,0.9128643389999525,,,,
S2,0.7,9600,189,3.0403504061344995,77.86289541478878,15.878725291428804,0.0004997501249375312,77.29851848015089,3.972999702061026,0.0004997501249375312,5760,4896,0.8443097280000984,,,,
S2,0.7,9600,190,3.1844520295589653,79.77009373845497,16.395404639207083,0.0004997501249375312,82.61005586455876,3.80373861471955,0.0004997501249375312,5712,4800,0.9090653490000022,,,,
S2,0.7,9600,191,2.9671914313744985,72.03844037368157,15.732646360434176,0.0004997501249375312,78.7447758800986,3.742890543187726,0.0004997501249375312,4800,4800,0.6760641629998645,,,,
S2,0.7,9600,192,3.177599067038712,97.68793427035743,16.809324918916207,0.0004997501249375312,97.6729233034166,3.840873609987694,0.0004997501249375312,5856,5040,0.5223138900000777,,,,
S2,0.7,9600,193,3.1440359745858113,68.17207207823515,16.705891910343855,0.0004997501249375312,71.03741564190278,3.830207266688012,0.0004997501249375312,4800,4800,0.5106478390000575,,,,
S2,0.7,9600,194,3.013465357763175,77.59798763773955,16.23325202848888,0.0004997501249375312,78.16696691793629,3.769901844906055,0.0004997501249375312,6096,4800,0.8358269830000609,,,,
S2,0.7,9600,195,3.134713299893671,69.41024456968066,16.473694901039217,0.0004997501249375312,70.0646376662094,3.828161993261111,0.0004997501249375312,4800,4800,0.860017771999992,,,,
S2,0.7,9600,196,3.040499956614102,65.3016181960315,16.04407624265418,0.0004997501249375312,68.8259186764216,3.76620669927974,0.0004997501249375312,4848,4800,0.8504110340004445,,,,
S2,0.7,9600,197,3.194161910484271,83.29568091150624,16.690044746768365,0.0004997501249375312,83.66566256088814,3.80390820155463,0.0004997501249375312,5904,4944,0.8509721870000249,,,,
S2,0.7,9600,198,3.1098094539624386,69.26147433098606,16.354065741727513,0.0004997501249375312,74.06944913065827,3.765272105085217,0.0004997501249375312,4800,4800,0.5155961130001288,,,,
S2,0.7,9600,199,3.1820910816406185,74.50731431434284,16.874059440187516,0.0004997501249375312,70.79770991374433,3.7788793340048255,0.0004997501249375312,5328,4896,0.6296951860001627,,,,
S2,0.7,9600,200,3.093480890445497,79.6337623307274,16.818919260940124,0.0004997501249375312,79.68404767976006,3.77535017068602,0.0004997501249375312,4992,4896,0.5124938189999284,,,,
S2,0.7,9600,201,2.984271194507932,71.8885234132759,16.55388319161908,0.0004997501249375312,72.00438953578777,3.838384054213504,0.0004997501249375312,6240,4848,0.5061726789999739,,,,
S2,0.7,9600,202,3.265634737583258,67.23447098667208,16.87251033058191,0.0004997501249375312,70.11083864822,3.753325154079082,0.0004997501249375312,4800,4800,0.825932185000056,,,,
S2,0.7,9600,203,3.2504294899426993,99.62392197832537,17.448997824243747,0.0004997501249375312,96.62443898766887,3.7895526946394003,0.0004997501249375312,6144,5040,0.8504192850000436,,,,
S2,0.7,9600,204,3.1283298765802843,76.34654140073619,16.33743156713023,0.0004997501249375312,81.22396029016753,3.7384888359118107,0.0004997501249375312,5472,4800,0.882308225000088,,,,
S2,0.7,9600,205,3.1542710797673537,82.8628710065009,16.788736779838526,0.0004997501249375312,84.98558710698208,3.848655537097061,0.0004997501249375312,4896,4896,0.8571130980003545,,,,
S2,0.7,9600,206,3.0736722992226944,67.79892899996881,16.443530398745686,0.0004997501249375312,69.45539640946917,3.916244503073942,0.0004997501249375312,5280,5040,0.8203653880000275,,,,
S2,0.7,9600,207,3.136993486203759,69.6416819021587,16.67524986725229,0.0004997501249375312,67.13406065329484,3.779247631424854,0.0004997501249375312,4944,4848,0.8204014230000212,,,,
S2,0.7,9600,208,3.1010930830955123,70.26577478706338,16.647294744102126,0.0004997501249375312,69.84003999080217,3.837944800930713,0.0004997501249375312,4944,4944,0.5086070479999307,,,,
S2,0.7,9600,209,3.4084774279711807,76.14029458379363,17.4548631906877,0.0004997501249375312,75.29725275308758,3.7899740959315658,0.0004997501249375312,4800,4848,0.5272370120001142,,,,
S2,0.7,9600,210,3.290958973440793,83.84700451886472,16.80747181319801,0.0004997501249375312,88.33733066313044,3.763450793177311,0.0004997501249375312,4992,4848,0.8438756519999515,,,,
S2,0.7,9600,211,2.983670378785234,75.82859871865921,16.51660788975444,0.0004997501249375312,76.82543765034566,3.847434121604144,0.0004997501249375312,5376,4800,0.8348238530002163,,,,
S2,0.7,9600,212,3.145326842573325,98.8833313877168,16.911855335132213,0.0004997501249375312,102.32812531216643,3.7214129817783244,0.0004997501249375312,5904,4944,0.8248580889999175,,,,
S2,0.7,9600,213,3.1790004221811157,85.2729028219618,16.98000859802635,0.0004997501249375312,81.94169149505815,3.7807515855629856,0.0004997501249375312,5040,4800,0.7947232419999182,,,,
S2,0.7,9600,214,3.1754038026350293,85.93074219457932,16.566936304581628,0.0004997501249375312,88.631026250359,3.858738703768892,0.0004997501249375312,4800,4752,0.8288924379999116,,,,
S2,0.7,9600,215,3.1017438517970106,82.60385867043567,16.507022742974662,0.0004997501249375312,85.14078118806863,3.7961278525386057,0.0004997501249375312,4800,4848,0.8602388900003461,,,,
S2,0.7,9600,216,3.1323335801683156,81.29180711379969,16.784925070435882,0.0004997501249375312,83.10075571974278,3.857437287366738,0.0004997501249375312,4848,4848,0.509785949000161,,,,
S2,0.7,9600,217,3.2263716858718827,61.966103472921844,16.40875334556601,0.0004997501249375312,63.15599266334463,3.6908190703178865,0.0004997501249375312,5136,4896,0.5196229259997835,,,,
S2,0.7,9600,218,3.0622843754923537,81.67808083367711,16.618854391388062,0.0004997501249375312,84.78748333533406,3.7654818113130015,0.0004997501249375312,5088,4992,0.8632358059999206,,,,
S2,0.7,9600,219,3.113432851486005,75.51737988602513,16.352692270155227,0.0004997501249375312,77.47494296881175,3.8212072221944835,0.0004997501249375312,5424,4800,0.8880169620001652,,,,
S2,0.7,9600,220,3.1946305664844066,80.76676948368163,16.79079654907173,0.0004997501249375312,84.04592332308738,3.755628570682705,0.0004997501249375312,4896,4896,0.7933665809998729,,,,
S2,0.7,9600,221,2.9275332937505563,77.78105715712906,15.858151630651339,0.0004997501249375312,84.60905364985132,3.936230709859556,0.0004997501249375312,5040,4992,0.836921269999948,,,,
S2,0.7,9600,222,2.905582371910707,90.70143299901936,16.05503014303694,0.0004997501249375312,90.68203712200922,3.812169496534333,0.0004997501249375312,5856,5184,0.8227223300000333,,,,
S2,0.7,9600,223,3.1211969054161197,80.18904767366077,16.866225029813243,0.0004997501249375312,80.91879320445196,3.844884645361968,0.0004997501249375312,5376,4800,0.825740138999663,,,,
S2,0.7,9600,224,3.087197471654114,85.93862183261844,16.33364636604935,0.0004997501249375312,87.04659787055066,3.813137924972592,0.0004997501249375312,5568,4992,0.5709757429999627,,,,
S2,0.7,9600,225,3.2045570136959967,70.13582900174448,17.27833850737585,0.0004997501249375312,69.99442173681031,3.8368538513410213,0.0004997501249375312,5136,4800,0.801666442999931,,,,
S2,0.7,9600,226,3.2596672088023997,68.3903553831918,17.00259988010272,0.0004997501249375312,69.10529493434909,3.8046514435593357,0.0004997501249375312,4800,4800,0.8449538330000905,,,,
S2,0.7,9600,227,3.082105227262645,66.31798272959627,16.600939475872675,0.0004997501249375312,68.23809363587019,3.8541129597178023,0.0004997501249375312,6960,4896,0.8602140879997933,,,,
S2,0.7,9600,228,2.943275435261671,77.2266511082775,15.849596835370933,0.0004997501249375312,81.98231301817582,3.925851944650561,0.0004997501249375312,4848,4848,0.8550604189999831,,,,
S2,0.7,9600,229,3.1681330230592333,84.74152458011356,16.901747706563917,0.0004997501249375312,83.74648289655025,3.9302009325311773,0.0004997501249375312,4944,4944,0.8764817960000073,,,,
S2,0.7,9600,230,3.181688544880044,64.98937320395157,17.15833367227305,0.0004997501249375312,67.32050509836293,3.786011633620755,0.0004997501249375312,4800,4704,0.8126414549997207,,,,
S2,0.7,9600,231,3.2268652330000225,77.14371278661218,16.71799289304192,0.0004997501249375312,79.2390659767896,3.8344944817410576,0.0004997501249375312,4800,4800,0.8048116899999513,,,,
S2,0.7,9600,232,2.953770456245831,70.29136547991335,15.790216741517918,0.0004997501249375312,76.19403420707454,3.816543045208266,0.0004997501249375312,4848,4848,0.8096793869999601,,,,
S2,0.7,9600,233,3.2529037464833896,85.31289717880583,17.152488467378348,0.0004997501249375312,88.19256063900319,3.7941094435990848,0.0004997501249375312,4992,4896,0.8043963650000023,,,,
S2,0.7,9600,234,3.0879016573759683,72.635308613609,16.407669536446694,0.0004997501249375312,72.67006176135617,3.867961136610514,0.0004997501249375312,5088,4848,0.8629503030001615,,,,
S2,0.7,9600,235,3.3179877089197087,75.01470247628812,17.36036335811547,0.0004997501249375312,75.71484577093575,3.771696496263834,0.0004997501249375312,5184,4800,0.8255429290002212,,,,
S2,0.7,9600,236,3.181658944251789,71.33320554869329,16.72256016390357,0.0004997501249375312,71.44237951248762,3.888130049207637,0.0004997501249375312,5712,4896,0.8331794140001421,,,,
S2,0.7,9600,237,3.1171172961998237,69.80884941313832,16.43045931173551,0.0004997501249375312,73.25112941416413,3.7991193594083894,0.0004997501249375312,4800,4800,0.8492345080001087,,,,
S2,0.7,9600,238,2.9353919795795007,69.33289222517242,15.783562017120301,0.0004997501249375312,72.97650652815513,3.9834177742937014,0.0004997501249375312,4896,4896,0.8000161280001521,,,,
S2,0.7,9600,239,3.0840769319344057,81.197153207744,16.787675534170162,0.0004997501249375312,87.22240317937896,3.8268784795160817,0.0004997501249375312,4896,4896,0.8204982520001067,,,,
S2,0.7,9600,240,3.1310687948190368,91.28281450943719,16.596759484248686,0.0004997501249375312,92.08161993733107,3.8313189244244277,0.0004997501249375312,5424,4896,0.8118233959999088,,,,
S2,0.7,9600,241,2.9721718450226193,78.95136855062432,16.28228273303262,0.0004997501249375312,82.30649318842204,3.9014505470561263,0.0004997501249375312,4800,4944,0.8014896479999152,,,,
S2,0.7,9600,242,3.096056118370131,85.81079046537201,16.36608123167034,0.0004997501249375312,86.81528151732701,3.823540724571581,0.0004997501249375312,5568,4800,0.8693269039999905,,,,
S2,0.7,9600,243,3.080880755612878,80.83997814119527,16.38440500939997,0.0004997501249375312,81.4702659132727,3.85593102536984,0.0004997501249375312,5712,4848,0.8841784569999618,,,,
S2,0.7,9600,244,2.98073231702706,71.0808011244275,16.236401649993603,0.0004997501249375312,75.23417414704595,3.790573270588339,0.0004997501249375312,4800,4800,0.8344305740001801,,,,
S2,0.7,9600,245,3.238755806783501,78.31543402566706,16.749538968326338,0.0004997501249375312,73.1523284812754,3.744963247044909,0.0004997501249375312,5904,4896,0.8773653169998852,,,,
S2,0.7,9600,246,3.140494767411351,89.62770998810974,16.80097606103982,0.0004997501249375312,91.91463344438887,3.758786033405013,0.0004997501249375312,4944,4944,0.8280696690003424,,,,
S2,0.7,9600,247,3.184360844776458,71.82725052951417,16.961184157300217,0.0004997501249375312,71.96865956826761,3.8187285574830083,0.0004997501249375312,4944,4848,0.7967707500001779,,,,
S2,0.7,9600,248,3.0242435001254155,69.71446367373275,16.102619998603334,0.0004997501249375312,73.83658108717044,3.8142077212813934,0.0004997501249375312,4800,4800,0.8017693889999009,,,,
S2,0.7,9600,249,3.133095690628521,71.68571900475543,16.932069615427817,0.0004997501249375312,75.75222774509966,3.7815672581932067,0.0004997501249375312,4992,4800,0.8842625020001833,,,,
S2,0.7,9600,250,3.192405545366067,82.68767737927618,16.83595732774652,0.0004997501249375312,81.53163040130342,3.7619708687709594,0.0004997501249375312,5136,4800,0.9040109819998179,,,,
S2,0.7,9600,251,3.365820767243626,78.68756547545928,17.66903312170897,0.0004997501249375312,78.80699847140112,3.7562774164549655,0.0004997501249375312,4848,4848,0.8620586749998438,,,,
S2,0.7,9600,252,3.322688697037506,82.96089106093093,17.380795000682845,0.0004997501249375312,84.48935510077617,3.70352093806515,0.0004997501249375312,6192,4896,0.7965690760001962,,,,
S2,0.7,9600,253,3.0821338010592347,76.52368907320562,16.563339402349307,0.0004997501249375312,80.73367279664014,3.8006616204946457,0.0004997501249375312,5088,5040,0.814188326999556,,,,
S2,0.7,9600,254,3.393060317957045,76.47622511212475,17.83874016688287,0.0004997501249375312,74.56035199285859,3.7902584665289,0.0004997501249375312,4800,4800,0.9272981449998952,,,,
S2,0.7,9600,255,3.0336618057886566,78.2259834091508,16.296625043609602,0.0004997501249375312,80.96669941875619,3.8428438379824796,0.0004997501249375312,4944,4944,0.8795375639999747,,,,
S2,0.7,9600,256,3.0046881826333127,62.19161949569465,16.348113291861978,0.0004997501249375312,62.348947014447674,3.858482928753878,0.0004997501249375312,5760,5040,0.8656701229999726,,,,
S2,0.7,9600,257,3.1313276459785406,64.13332801748737,16.527734201023073,0.0004997501249375312,58.742911160714016,3.7498080128391322,0.0004997501249375312,5856,4944,0.8913734160000786,,,,
S2,0.7,9600,258,3.2901192351746933,71.6781059505853,17.458058606850507,0.0004997501249375312,72.765489417133,3.8129631692895116,0.0004997501249375312,4896,4896,0.7945676200001799,,,,
S2,0.7,9600,259,3.1683990039289256,64.15033248090877,16.661239698485584,0.0004997501249375312,57.085579317958725,3.92247641461791,0.0004997501249375312,6816,4800,0.7886643389997516,,,,
S2,0.7,9600,260,3.138358396308368,77.12607357140182,16.826157672524847,0.0004997501249375312,77.74462630986442,3.943813153502355,0.0004997501249375312,5568,4944,0.8844488489999094,,,,
S2,0.7,9600,261,3.0596487894958564,71.66021300952505,16.473743204716254,0.0004997501249375312,74.95707586200419,3.843444534673935,0.0004997501249375312,4848,4848,0.8878903140002876,,,,
S2,0.7,9600,262,3.151207913428287,79.66955503142292,17.00138528400385,0.0004997501249375312,80.67096443463714,3.7854609247256166,0.0004997501249375312,5232,4848,0.9014564740000424,,,,
S2,0.7,9600,263,3.1449222498528324,79.66971890571898,16.587202740184956,0.0004997501249375312,79.34092354303536,3.79611474830936,0.0004997501249375312,5088,4944,0.912471233999895,,,,
S2,0.7,9600,264,3.0060754105022474,58.95860408848119,16.089730670048496,0.0004997501249375312,57.69154147657228,3.8137534600870118,0.0004997501249375312,5376,4800,0.8686962550000317,,,,
S2,0.7,9600,265,3.2486285388626817,68.71962553062119,16.985394480245343,0.0004997501249375312,71.45925846652058,3.816333017520946,0.0004997501249375312,4800,4800,0.8998213820000274,,,,
S2,0.7,9600,266,3.1685286898273737,80.54529997909076,17.02568686758252,0.0004997501249375312,79.50630382099715,3.759222972793598,0.0004997501249375312,5856,4800,0.8131728459998158,,,,
S2,0.7,9600,267,3.1882021873680246,84.19942408452866,16.63194404925115,0.0004997501249375312,80.58276056692213,3.7722847151740457,0.0004997501249375312,5808,4752,0.7930953570003112,,,,
S2,0.7,9600,268,3.242643216556737,82.44606779263971,17.158996869585188,0.0004997501249375312,79.38435159761897,3.912794322053919,0.0004997501249375312,6624,4848,0.90573875400014,,,,
S2,0.7,9600,269,3.205028519425355,88.56306722853923,17.164324490928426,0.0004997501249375312,89.14628286963244,3.8272803865698592,0.0004997501249375312,5808,4848,0.8699751280000783,,,,
S2,0.7,9600,270,3.156473254676438,86.65570949779229,16.801148797042966,0.0004997501249375312,83.99211679373668,3.7396686635983225,0.0004997501249375312,6576,5040,0.9305762389999472,,,,
S2,0.7,9600,271,3.246604099359991,71.95246620771569,17.288941090706793,0.0004997501249375312,72.31743670804289,3.774949215686796,0.0004997501249375312,6672,4800,0.8975038989999575,,,,
S2,0.7,9600,272,3.176341315269345,83.84405517384396,16.834031976711906,0.0004997501249375312,81.81084369699376,3.9221812694699696,0.0004997501249375312,5760,4848,0.9249309940000785,,,,
S2,0.7,9600,273,3.2143768742213417,84.32510764263554,16.932014093823472,0.0004997501249375312,85.50029991728381,3.8646971983896763,0.0004997501249375312,4800,4800,0.911075978999861,,,,
S2,0.7,9600,274,3.2493999360785484,77.5599018668693,17.00053493927821,0.0004997501249375312,78.92742779242508,3.741239947814439,0.0004997501249375312,4800,4800,0.7909763449997627,,,,
S2,0.7,9600,275,3.280220668382463,74.04467072021953,17.392948788221634,0.0004997501249375312,73.99393275669296,3.7903862498691105,0.0004997501249375312,5136,5040,0.800421367999661,,,,
S2,0.7,9600,276,2.927049291063577,63.613221786574314,15.658292787996603,0.0004997501249375312,68.15264131450083,3.870211443788262,0.0004997501249375312,4800,4848,0.8399638020000566,,,,
S2,0.7,9600,277,2.992782644576732,71.23103365200862,16.311239359967427,0.0004997501249375312,75.8223988351788,3.899812027685848,0.0004997501249375312,5472,4752,0.7934789769997224,,,,
S2,0.7,9600,278,3.070942785461312,73.61356196337093,16.7395380950912,0.0004997501249375312,74.60079218302904,3.8941048886409706,0.0004997501249375312,4896,5088,0.5676069000001007,,,,
S2,0.7,9600,279,3.1972802688939344,80.67838177118142,17.045448876266573,0.0004997501249375312,77.40159281693376,3.82717828305672,0.0004997501249375312,6144,4944,0.6172763190002115,,,,
S2,0.7,9600,280,3.123317715753547,77.18106270239106,16.746408528751488,0.0004997501249375312,75.08015786788246,3.8411949986073965,0.0004997501249375312,5232,4896,0.8285475790000874,,,,
S2,0.7,9600,281,3.2095341681480565,66.56853917121082,16.88946682637739,0.0004997501249375312,70.68449624452654,3.8112095333544493,0.0004997501249375312,5088,4800,0.7921993420000035,,,,
S2,0.7,9600,282,3.2938003439199126,88.274573181757,17.564985834803107,0.0004997501249375312,86.33976589025983,3.8105450939824355,0.0004997501249375312,4944,4944,0.8433711930001664,,,,
S2,0.7,9600,283,3.084964786940273,71.41514933505101,16.191282286985267,0.0004997501249375312,70.21934854687247,3.8475538406391996,0.0004997501249375312,5328,5040,0.8226466440000877,,,,
S2,0.7,9600,284,3.1830544306777897,54.57521711778189,16.81052220811124,0.0004997501249375312,53.16643831684297,3.8570780041599777,0.0004997501249375312,5328,4896,0.8239546229997359,,,,
S2,0.7,9600,285,3.015068803321458,65.57826841995366,16.41587931406892,0.0004997501249375312,66.54506469196507,3.9031863553981183,0.0004997501249375312,5616,4896,0.7981601289998252,,,,
S2,0.7,9600,286,3.1064709578634937,73.1608514497115,16.375325564428117,0.0004997501249375312,76.59701492186694,3.916369251781144,0.0004997501249375312,4848,4848,0.8710243309999441,,,,
S2,0.7,9600,287,3.224238050783694,82.05736827385768,16.870642607023427,0.0004997501249375312,79.56953251526313,3.7976949041297674,0.0004997501249375312,5136,5040,0.8030973509999058,,,,
S2,0.7,9600,288,3.135446868137481,66.18786818479758,17.00586670768528,0.0004997501249375312,66.13292672049658,3.8412750579172488,0.0004997501249375312,5088,5088,0.8439308300000903,,,,
S2,0.7,9600,289,3.144499638102053,78.37085108115052,16.795228531584442,0.0004997501249375312,78.1766034490463,3.7643767494285307,0.0004997501249375312,5424,4848,0.5110073939999893,,,,
S2,0.7,9600,290,3.1566920302361363,69.59942992898571,16.792108460948985,0.0004997501249375312,69.72174663757166,3.8070442325005005,0.0004997501249375312,8400,4800,0.816227574000095,,,,
S2,0.7,9600,291,3.265043272774698,78.15223541733118,17.285860760186146,0.0004997501249375312,76.6695699339414,3.923946260791174,0.0004997501249375312,5136,4752,0.8008153379996656,,,,
S2,0.7,9600,292,3.0666442830048863,66.68556639482753,16.71988317398962,0.0004997501249375312,69.08683807636092,3.9136815279301893,0.0004997501249375312,4896,4752,0.7929975000001832,,,,
S2,0.7,9600,293,3.178484770836084,81.28466390498897,16.43281579656068,0.0004997501249375312,81.40232951526255,3.822429732970299,0.0004997501249375312,5136,4800,0.8062677210000402,,,,
S2,0.7,9600,294,3.1884732658593173,85.27986623029588,16.4417206524518,0.0004997501249375312,84.3363756118912,3.7318873813247824,0.0004997501249375312,5184,4896,0.7974964779998572,,,,
S2,0.7,9600,295,3.041062158487248,82.86494340887747,16.49151286900491,0.0004997501249375312,86.37850698220183,3.795699031454063,0.0004997501249375312,5088,4800,0.7945273189998261,,,,
S2,0.7,9600,296,3.2018608486553704,76.89266677287893,16.86932912581948,0.0004997501249375312,77.50183611403438,3.7956353211539375,0.0004997501249375312,5904,4896,0.5205213130000175,,,,
S2,0.7,9600,297,3.4316941784749746,86.04492070007129,17.77187825220245,0.0004997501249375312,77.96221970373558,3.6882553753926413,0.0004997501249375312,6288,4800,0.5676920430000791,,,,
S2,0.7,9600,298,3.099460440451146,55.033663069666694,16.56269840570426,0.0004997501249375312,53.47670996447936,4.0201958801511015,0.0004997501249375312,5088,4896,0.7612485899999228,,,,
S2,0.7,9600,299,3.1345914062675853,76.76921251302936,16.428633405309366,0.0004997501249375312,79.51414434441647,3.8062377381194286,0.0004997501249375312,4848,4848,0.5177017080000041,,,,
S2,0.7,9600,300,3.098237045666085,76.77089324649894,16.396936908527252,0.0004997501249375312,75.87081067464223,3.8917980992194474,0.0004997501249375312,5568,4800,0.8203460719996656,,,,
S2,0.7,9600,301,3.08226167210782,79.55527337126891,16.43351118950372,0.0004997501249375312,85.42180372815851,3.7821526011130207,0.0004997501249375312,4704,4752,0.8241046019998066,,,,
S2,0.7,9600,302,3.0827725636406487,78.68804542669092,16.39299218524729,0.0004997501249375312,75.81601130105263,3.761089325606414,0.0004997501249375312,5952,4848,0.8070577870000761,,,,
S2,0.7,9600,303,3.172693268116101,85.13201977432554,16.960510716825926,0.0004997501249375312,81.62474296724696,3.78434078379353,0.0004997501249375312,5856,4944,0.7924602690000029,,,,
S2,0.7,9600,304,3.14505682207161,75.42042685494455,16.69347620302321,0.0004997501249375312,79.39329425490192,3.824450187835124,0.0004997501249375312,4992,4944,0.8219239360000756,,,,
S2,0.7,9600,305,3.2754526689800803,81.07696709097087,17.41824583986337,0.0004997501249375312,77.04119249221353,3.834837238324221,0.0004997501249375312,5184,4944,0.7966424319999987,,,,
S2,0.7,9600,306,3.085659052631079,82.4352884935738,16.26016748184887,0.0004997501249375312,88.1450842651689,3.7905044227879086,0.0004997501249375312,5088,4800,0.5152415920001658,,,,
S2,0.7,9600,307,3.1549645155635972,77.51945632920754,16.747256734848786,0.0004997501249375312,82.4373438286346,3.8256716027785664,0.0004997501249375312,5040,4800,0.5124388969998108,,,,
S2,0.7,9600,308,3.2203394089524813,95.35188263522026,17.11147533645042,0.0004997501249375312,93.66328966990203,3.8091720131699995,0.0004997501249375312,5184,5088,0.8050072999999429,,,,
S2,0.7,9600,309,2.975181069986836,83.05322935731242,15.925186909168708,0.0004997501249375312,83.19656728709772,3.92545675022634,0.0004997501249375312,5760,4992,0.8248636819998865,,,,
S2,0.7,9600,310,3.3379912598475725,76.13447113643544,17.587390799243263,0.0004997501249375312,70.60368967230062,3.6457300377365236,0.0004997501249375312,6720,4848,0.8000624349999725,,,,
S2,0.7,9600,311,3.222447182784115,76.24702710697206,17.143921302277057,0.0004997501249375312,76.0449668448485,3.7820954117713215,0.0004997501249375312,4944,4800,0.8093658000000232,,,,
S2,0.7,9600,312,3.1569395400077003,86.60896085124905,16.539216763234446,0.0004997501249375312,90.04914481254161,3.7335858372293824,0.0004997501249375312,5424,4800,0.791973760000019,,,,
S2,0.7,9600,313,3.162706693031575,74.2644732186154,16.712210977719913,0.0004997501249375312,73.03771846296323,3.9475077817158963,0.0004997501249375312,6240,4800,0.5280362799999239,,,,
S2,0.7,9600,314,3.2133442033980715,86.15393433941207,16.915463563506588,0.0004997501249375312,82.83087594344839,3.7609893936998096,0.0004997501249375312,5088,5088,0.5188233049998416,,,,
S2,0.7,9600,315,3.234503242439642,87.24919786939567,17.024981294639293,0.0004997501249375312,90.5697197519819,3.817525068968515,0.0004997501249375312,4848,4848,0.5280438660001892,,,,
S2,0.7,9600,316,3.0316739882099024,73.58118362550567,16.435843981706878,0.0004997501249375312,74.63324505970282,3.7718300147471906,0.0004997501249375312,5856,4848,0.7879301570001189,,,,
S2,0.7,9600,317,3.3723140751268126,85.61629353907918,17.955480536367215,0.0004997501249375312,85.71784183711527,3.767581692744314,0.0004997501249375312,4800,4800,0.6306283529997927,,,,
S2,0.7,9600,318,3.2125509708037274,58.73067856145455,17.32982656583241,0.0004997501249375312,60.76933807845164,3.8004513467785688,0.0004997501249375312,5088,4848,0.7914903119999508,,,,
S2,0.7,9600,319,3.0969827574231306,67.45372433019341,16.481958715804097,0.0004997501249375312,72.60784348320774,3.8653867336209324,0.0004997501249375312,4800,4800,0.8057473400001527,,,,
S2,0.7,9600,320,3.1079125934368874,86.3177262961444,16.053250501774464,0.0004997501249375312,77.16738958789496,3.868621391068743,0.0004997501249375312,5904,4848,0.5103704729999663,,,,
S2,0.7,9600,321,3.1481530621019393,84.70079633748306,16.79514222717075,0.0004997501249375312,90.25980209297582,3.769733295234358,0.0004997501249375312,4944,4896,0.5205354049999187,,,,
S2,0.7,9600,322,3.053709581666285,72.79283267539688,15.956641766255146,0.0004997501249375312,77.5404384672486,3.818558023672717,0.0004997501249375312,4896,4896,0.516175247999854,,,,
S2,0.7,9600,323,3.247999746589079,70.07966747284068,16.8757984059186,0.0004997501249375312,70.96066106715782,3.773349873972173,0.0004997501249375312,6480,4800,0.6692959649999466,,,,
S2,0.7,9600,324,3.1244630460521523,75.82828527809912,17.074615905260526,0.0004997501249375312,75.51439988256567,3.820866196554811,0.0004997501249375312,5424,4896,0.8281844910000018,,,,
S2,0.7,9600,325,3.020207972112959,74.22911368526705,15.814558174737407,0.0004997501249375312,77.13749207921451,3.8721087585432823,0.0004997501249375312,5328,4848,0.7935145040000862,,,,
S2,0.7,9600,326,3.081290693922207,69.70555942172183,16.443073181428538,0.0004997501249375312,75.19772769097133,3.8307600151874275,0.0004997501249375312,4800,4800,0.5149685799999588,,,,
S2,0.7,9600,327,3.048744073267385,74.41099809259119,16.350893307695994,0.0004997501249375312,77.00159737161816,3.840872142737417,0.0004997501249375312,4848,4848,0.5129327380000177,,,,
S2,0.7,9600,328,3.361133171209605,97.41416330620142,17.50029298968992,0.0004997501249375312,98.74709668441953,3.7702703374939035,0.0004997501249375312,5376,4848,0.5270775829999366,,,,
S2,0.7,9600,329,2.9719121437878813,63.315239459301495,15.85993140289933,0.0004997501249375312,68.3400857423306,3.8558887994172735,0.0004997501249375312,5088,4848,0.5048173899999711,,,,
S2,0.7,9600,330,3.122897609320777,89.74441329107174,16.642663352797644,0.0004997501249375312,91.18174267404028,3.8241188410104083,0.0004997501249375312,5232,4896,0.8220966720000433,,,,
S2,0.7,9600,331,2.9817021348116017,60.89882005038473,16.17158507623019,0.0004997501249375312,64.19755158830226,3.8443255513880383,0.0004997501249375312,4848,4848,0.8016446370002086,,,,
S2,0.7,9600,332,2.9786396716915533,66.11297880619276,15.99052918709895,0.0004997501249375312,71.92156701415112,3.8249319473348558,0.0004997501249375312,4800,4800,0.5124049820001346,,,,
S2,0.7,9600,333,3.2608276532635747,72.42002880521596,16.96431453148345,0.0004997501249375312,69.82772011673225,3.8627764626087893,0.0004997501249375312,4992,4800,0.5219080980000399,,,,
S2,0.7,9600,334,2.980245728193484,59.297608038411255,16.377498564543814,0.0004997501249375312,60.780727646163555,3.9326120471442523,0.0004997501249375312,4992,4800,0.5156151399999089,,,,
S2,0.7,9600,335,3.1695913430858336,67.44288246510706,16.58970048782621,0.0004997501249375312,68.28855143246659,3.8101755543624645,0.0004997501249375312,4992,4800,0.5287276970000221,,,,
S2,0.7,9600,336,3.3591923791294347,76.41491235186376,17.53636264864031,0.0004997501249375312,75.95121275118608,3.753478659605434,0.0004997501249375312,5136,4992,0.8537105499999598,,,,
S2,0.7,9600,337,3.261975905116609,82.05684809072126,17.131344165863933,0.0004997501249375312,79.19411591750237,3.842571590435849,0.0004997501249375312,5280,4896,0.8055809550000959,,,,
S2,0.7,9600,338,3.1896546461341053,70.7501012180022,17.038377768279695,0.0004997501249375312,70.99115480231603,3.829225192386097,0.0004997501249375312,5520,4848,0.7971418050001375,,,,
S2,0.7,9600,339,3.3305075877504837,88.77271134862193,17.576518492659243,0.0004997501249375312,90.53557702853364,3.8075835056871257,0.0004997501249375312,4944,4944,0.8447499939998124,,,,
S2,0.7,9600,340,3.14823618629336,71.51752865585193,16.51910604813175,0.0004997501249375312,74.33821586955581,3.7724707401130972,0.0004997501249375312,4992,4800,0.5173466930000359,,,,
S2,0.7,9600,341,3.0567214028680643,65.693512368928,16.36216998823853,0.0004997501249375312,70.83183393958518,3.8810446542359878,0.0004997501249375312,4800,4800,0.5201672340003825,,,,
S2,0.7,9600,342,3.196835167258654,83.82280140141842,17.028763887840004,0.0004997501249375312,81.86962804071895,3.7740439384592173,0.0004997501249375312,5040,5040,0.5163291520000257,,,,
S2,0.7,9600,343,3.0964460661640176,61.55877469490823,16.377637367955447,0.0004997501249375312,60.17216628719226,3.82879197541074,0.0004997501249375312,5808,4848,0.5284360349999133,,,,
S2,0.7,9600,344,3.0572873332105517,78.23464489523914,15.962279819001335,0.0004997501249375312,83.7434263869147,3.8158172922365914,0.0004997501249375312,5088,4944,0.8208135859999857,,,,
S2,0.7,9600,345,3.2076991088776885,82.84269116534732,16.879203357587507,0.0004997501249375312,85.11643772111411,3.9312427756637325,0.0004997501249375312,5280,4800,0.6985817959998712,,,,
S2,0.7,9600,346,3.168444669651747,78.00812197938916,16.670595073437827,0.0004997501249375312,79.51341460009978,3.6703683997005205,0.0004997501249375312,4944,4944,0.8159883980001723,,,,
S2,0.7,9600,347,3.2689192629255635,84.67591417187923,17.406009585949437,0.0004997501249375312,87.72848120897957,3.789688879870184,0.0004997501249375312,4848,4848,0.7819866139998339,,,,
S2,0.7,9600,348,3.0745895983336426,60.35993492178946,16.27904020037146,0.0004997501249375312,65.22924679665466,3.7886913881706947,0.0004997501249375312,4800,4800,0.5127685549996386,,,,
S2,0.7,9600,349,3.3506177570473255,75.78436699706556,17.5820508601971,0.0004997501249375312,72.81492848125558,3.7634478860848852,0.0004997501249375312,5616,4992,0.5373447419997319,,,,
S2,0.7,9600,350,3.193065217199414,68.57396906984927,16.79895684827058,0.0004997501249375312,71.05483668678534,3.8205249708864013,0.0004997501249375312,4896,4848,0.5305382369999734,,,,
S2,0.7,9600,351,3.1262356224154946,89.32152751420156,16.497618387872347,0.0004997501249375312,94.13363972943525,3.8340707838095116,0.0004997501249375312,5520,4800,0.5204703029999109,,,,
S2,0.7,9600,352,3.156405200943256,102.48575027401415,16.68929594093478,0.0004997501249375312,104.033351789356,3.7793748940596954,0.0004997501249375312,5664,4800,0.545887089000189,,,,
S2,0.7,9600,353,3.1337249075414353,77.83051113382986,16.633761566765873,0.0004997501249375312,83.17825489514624,3.892482445142344,0.0004997501249375312,4992,4800,0.5088177919999453,,,,
S2,0.7,9600,354,3.3390447177675573,92.02280701896382,17.55101803048707,0.0004997501249375312,87.30281454200504,3.899694872449695,0.0004997501249375312,5904,4848,0.8350562590003392,,,,
S2,0.7,9600,355,2.891746071114738,65.11948989032564,16.113043826348555,0.0004997501249375312,68.36145592884493,3.837507836117025,0.0004997501249375312,4848,4848,0.7621101569998245,,,,
S2,0.7,9600,356,3.123024557753536,75.10938485357356,16.56758542678993,0.0004997501249375312,78.71288801290551,3.8389805296811286,0.0004997501249375312,5088,4896,0.515311154000301,,,,
S2,0.7,9600,357,3.115068138215441,79.12691331173677,16.58749238308656,0.0004997501249375312,77.26209716880017,3.8128508169730893,0.0004997501249375312,5424,4800,0.7774613159999717,,,,
S2,0.7,9600,358,3.0684134514337766,62.39441130611311,15.882924719086525,0.0004997501249375312,58.35620087104368,3.826296918988252,0.0004997501249375312,5760,4896,0.5070140560001164,,,,
S2,0.7,9600,359,3.1731952564405743,78.77927351903274,16.604013204139374,0.0004997501249375312,77.67174548513007,3.8069006576404507,0.0004997501249375312,5136,4896,0.5215655709998828,,,,
S2,0.7,9600,360,3.2998347543275686,91.40766521067663,16.928167069777167,0.0004997501249375312,92.88584218384892,3.8526614975735862,0.0004997501249375312,4992,4848,0.5232478719999563,,,,
S2,0.7,9600,361,3.3111886270928834,91.65079178749828,17.279259419992613,0.0004997501249375312,91.0571549066949,3.6934267673286816,0.0004997501249375312,5520,4848,0.5300369010001305,,,,
S2,0.7,9600,362,2.9695612035548087,76.50590818164686,16.372351816650614,0.0004997501249375312,81.1848337439649,3.7927777369437146,0.0004997501249375312,5136,4944,0.8078392920001534,,,,
S2,0.7,9600,363,3.1314696913570086,74.00662770445976,16.349571837233146,0.0004997501249375312,77.2223458586717,3.8575492315211353,0.0004997501249375312,4800,4800,0.8287031680001746,,,,
S2,0.7,9600,364,3.212730812677562,79.51201472320554,16.606647581439674,0.0004997501249375312,83.68889223690493,3.808766834623952,0.0004997501249375312,6144,4848,0.8212678350000715,,,,
S2,0.7,9600,365,3.0476561544487715,74.82885288115907,16.261972945215135,0.0004997501249375312,76.25397890003363,3.784607899558736,0.0004997501249375312,4944,4944,0.7877169429998503,,,,
S2,0.7,9600,366,3.2477181951924874,81.72358157334659,17.20484626505559,0.0004997501249375312,78.92763722826344,3.7642799796712123,0.0004997501249375312,5568,4848,0.5269283689999611,,,,
S2,0.7,9600,367,3.0922450076435477,80.13205998611312,16.585409464760588,0.0004997501249375312,84.16448370928231,3.8907491840608683,0.0004997501249375312,5904,4896,0.5185231100001602,,,,
S2,0.7,9600,368,3.2540032315534315,83.89299649121998,17.4137797226872,0.0004997501249375312,76.1997356219864,3.834491525558343,0.0004997501249375312,5760,4800,0.5203497259999494,,,,
S2,0.7,9600,369,3.2162127935346505,75.59028415495096,16.67863561269547,0.0004997501249375312,80.10384787025711,3.886280202234463,0.0004997501249375312,5088,4992,0.5175628709998819,,,,
S2,0.7,9600,370,3.3110649660183333,85.02965543240406,17.16402718586568,0.0004997501249375312,83.31160688680977,3.728921861486983,0.0004997501249375312,5136,4944,0.8231891220002581,,,,
S2,0.7,9600,371,3.1863478849993188,77.7990717048688,17.10617096564647,0.0004997501249375312,77.7821467781746,3.8232671260303284,0.0004997501249375312,4800,4800,0.5292634590000489,,,,
S2,0.7,9600,372,3.1521134771799333,69.2259750712596,16.402007159167297,0.0004997501249375312,70.83572479310561,3.9044453078140395,0.0004997501249375312,4992,4992,0.5107411599999523,,,,
S2,0.7,9600,373,3.165902377142996,74.08273030022215,16.660620527116112,0.0004997501249375312,74.47839513127668,3.8438938805753198,0.0004997501249375312,5232,4848,0.5152372190000278,,,,
S2,0.7,9600,374,3.1287396392579203,81.08933592135129,16.5249053948081,0.0004997501249375312,86.1275001720063,3.9363188400754705,0.0004997501249375312,6192,4944,0.8117974980000326,,,,
S2,0.7,9600,375,3.021200672743749,67.57595920002423,16.678331764447403,0.0004997501249375312,64.96270469809613,3.7533410956018707,0.0004997501249375312,5424,4992,0.7957317740001599,,,,
S2,0.7,9600,376,3.221925181323007,58.86420522750994,17.095646862575396,0.0004997501249375312,58.04035985268462,3.815836435731249,0.0004997501249375312,6528,4800,0.527561488000174,,,,
S2,0.7,9600,377,3.1159315119088147,90.27001154858472,16.357431394460946,0.0004997501249375312,94.18783965596103,3.6581501914513836,0.0004997501249375312,4992,4992,0.583945563000043,,,,
S2,0.7,9600,378,3.0153073180728485,73.13318704380399,15.931116701087971,0.0004997501249375312,77.1121475772512,3.8546751862669386,0.0004997501249375312,5136,4800,0.5671053189998929,,,,
S2,0.7,9600,379,3.096091126287415,68.54406494381237,16.449857774432754,0.0004997501249375312,72.1314660147238,3.8649628217758765,0.0004997501249375312,6144,4896,0.5842498350002643,,,,
S2,0.7,9600,380,3.156070759343602,76.01139717742457,16.915001004712675,0.0004997501249375312,76.71658493266924,3.8130746538258817,0.0004997501249375312,4992,4992,0.509940343000153,,,,
S2,0.7,9600,381,3.2214103944022834,82.28384158349047,17.138792987436688,0.0004997501249375312,79.49658959539055,3.7988933586169846,0.0004997501249375312,6528,4800,0.5346312490000855,,,,
S2,0.7,9600,382,3.2715903335304666,79.10300617085582,17.17632533548472,0.0004997501249375312,78.0889993813132,3.755724743769189,0.0004997501249375312,5424,4848,0.5883686829999988,,,,
S2,0.7,9600,383,3.0878397815192704,79.0012703068112,16.816586261863183,0.0004997501249375312,83.55886758930612,3.821981304177338,0.0004997501249375312,4896,4896,0.567268593000108,,,,
S2,0.7,9600,384,3.292925563128547,94.2245045737403,17.336417134193272,0.0004997501249375312,93.40577771497605,3.827697977258281,0.0004997501249375312,4992,4992,0.7939863199999309,,,,
S2,0.7,9600,385,3.1254774024687495,74.95443974176328,16.549047737633217,0.0004997501249375312,76.87919957725164,3.8749120626846234,0.0004997501249375312,5520,4848,0.8076594879998993,,,,
S2,0.7,9600,386,3.3329883690020687,85.01499594748869,17.219206194396754,0.0004997501249375312,85.83501990062867,3.755327678785545,0.0004997501249375312,4944,4800,0.5992780229998971,,,,
S2,0.7,9600,387,3.316138709117325,81.11176061766837,17.474368503554498,0.0004997501249375312,73.3968487892464,3.896788195759076,0.0004997501249375312,6192,4800,0.5731242840001869,,,,
S2,0.7,9600,388,3.0658211531006905,78.00993186335641,16.353575520243048,0.0004997501249375312,80.79624901393065,3.789044752423877,0.0004997501249375312,5328,5088,0.5176044160000401,,,,
S2,0.7,9600,389,3.188951313485516,64.0254743915662,16.502651730327425,0.0004997501249375312,67.05640747466788,3.8377674847765904,0.0004997501249375312,4800,4800,0.5098272780001025,,,,
S2,0.7,9600,390,3.327105945300516,65.76334075484047,17.417822568873486,0.0004997501249375312,68.64388003509134,3.7811183196758544,0.0004997501249375312,5568,4896,0.5833152039999732,,,,
S2,0.7,9600,391,3.350140907744642,82.09569390876297,17.4835874675911,0.0004997501249375312,82.38135292639227,3.8094994785776697,0.0004997501249375312,4800,4800,0.5249868200000947,,,,
S2,0.7,9600,392,3.0443307898304037,71.39396215770536,16.470482887426368,0.0004997501249375312,69.06078901437935,3.9466301774345514,0.0004997501249375312,5568,5136,0.7889871729998958,,,,
S2,0.7,9600,393,3.061513722919466,70.66019029461188,16.48105118118573,0.0004997501249375312,77.80140788241701,3.851584484932359,0.0004997501249375312,4800,4800,0.7908394460000636,,,,
S2,0.7,9600,394,3.0669730932665407,59.54363095126531,16.157364580532295,0.0004997501249375312,61.85884752852567,3.841392391360561,0.0004997501249375312,4896,4896,0.5139068759999645,,,,
S2,0.7,9600,395,3.0546218379547483,76.14632826065166,16.773393501826973,0.0004997501249375312,78.05149411313384,3.8827195422444354,0.0004997501249375312,5280,4800,0.5174219509999602,,,,
S2,0.7,9600,396,3.0265599371382237,67.65101515432367,16.04352941098845,0.0004997501249375312,71.86849568665927,3.7096437879551676,0.0004997501249375312,5232,4800,0.5121739629998956,,,,
S2,0.7,9600,397,3.1020274713160103,74.86862636751157,16.574375796289345,0.0004997501249375312,79.05497343012111,3.7902919415731,0.0004997501249375312,4992,4848,0.5241535300001487,,,,
S2,0.7,9600,398,3.080322256258919,65.02597486017213,16.39342974850556,0.0004997501249375312,65.95902872594256,3.751039243450191,0.0004997501249375312,4896,4896,0.5183599669999239,,,,
S2,0.7,9600,399,3.053885262777695,77.18730419551414,16.108193858516184,0.0004997501249375312,80.64766140805081,3.713364000351296,0.0004997501249375312,4848,4848,0.5195164670001304,,,,
S2,0.7,9600,400,3.1007347561509717,85.1702657773167,16.172080126783307,0.0004997501249375312,88.63722153032141,3.828468241113268,0.0004997501249375312,4800,4800,0.8089106889997311,,,,
S2,0.7,9600,401,2.939034476806923,71.33927234622992,15.769534710028257,0.0004997501249375312,77.1588455862425,3.864918960297473,0.0004997501249375312,4896,4800,0.7956423000000541,,,,
S2,0.7,9600,402,3.183566341615395,77.74675824879942,16.768138989196146,0.0004997501249375312,78.625304636955,3.832509147784969,0.0004997501249375312,7200,4800,0.5233457350000208,,,,
S2,0.7,9600,403,3.1430091268858162,81.5744281804368,16.86825598848008,0.0004997501249375312,80.5248176223827,3.911951080035562,0.0004997501249375312,5280,4848,0.5157220709998,,,,
S2,0.7,9600,404,2.9337295128726057,84.46949224230379,15.864834265411824,0.0004997501249375312,82.62851465046408,3.83846476819601,0.0004997501249375312,6288,4944,0.5106983949999631,,,,
S2,0.7,9600,405,3.1480418493026354,67.36597685077302,16.3834275981403,0.0004997501249375312,68.1699748684202,3.9118399827048966,0.0004997501249375312,4752,4752,0.5215625050000199,,,,
S2,0.7,9600,406,2.954583435603411,75.68395270307306,15.817355428129602,0.0004997501249375312,79.52416985617559,3.782358034608652,0.0004997501249375312,5760,4944,0.510465553000131,,,,
S2,0.7,9600,407,3.116733346758211,63.21215255745167,16.630902628673567,0.0004997501249375312,65.91241137500712,3.8996173490120505,0.0004997501249375312,5136,4752,0.7239936569999372,,,,
S2,0.7,9600,408,3.081894134576056,74.08279549299691,16.501975811442772,0.0004997501249375312,75.91603653446614,3.8124657969521683,0.0004997501249375312,5280,4848,0.7787893730001088,,,,
S2,0.7,9600,409,3.3284909708463744,78.43054980266493,17.504651406896794,0.0004997501249375312,78.11658847969628,3.8062098483801896,0.0004997501249375312,4848,4848,0.8584209749997171,,,,
S2,0.7,9600,410,3.1605550566380187,96.28982016933048,17.039561300016878,0.0004997501249375312,95.40649923595649,3.855077444817876,0.0004997501249375312,5136,5088,0.5118949759998941,,,,
S2,0.7,9600,411,3.0333500586124473,88.65964179702131,15.99872720772413,0.0004997501249375312,89.57903391989113,3.8660517422736524,0.0004997501249375312,6192,4944,0.5327719900001284,,,,
S2,0.7,9600,412,2.999649676580739,65.54171623547518,16.67642885342738,0.0004997501249375312,70.04655987252319,3.8829281225494117,0.0004997501249375312,4800,4800,0.5272889069999565,,,,
S2,0.7,9600,413,3.124940521439094,83.0887999502588,16.142613928976008,0.0004997501249375312,83.25624738619408,3.8364287915814947,0.0004997501249375312,5568,4800,0.5143389550000848,,,,
S2,0.7,9600,414,3.1932130079054124,94.08848620402128,16.90438480640382,0.0004997501249375312,95.12609771531545,3.7819345776566284,0.0004997501249375312,7536,4800,0.7939648799999759,,,,
S2,0.7,9600,415,3.0261519174820872,74.57571432225524,16.121379398263972,0.0004997501249375312,79.92230421359851,3.8683689426175167,0.0004997501249375312,4944,4800,0.7229585860000043,,,,
S2,0.7,9600,416,3.2425193418693143,71.20661107301987,16.947620973112308,0.0004997501249375312,68.51146225623236,3.8084788728134082,0.0004997501249375312,6192,5184,0.525286830999903,,,,
S2,0.7,9600,417,3.316980256419032,80.37095225878348,17.504973256631658,0.0004997501249375312,79.22752917632957,3.809608988165342,0.0004997501249375312,4848,4848,0.5409730369997305,,,,
S2,0.7,9600,418,3.085250935945009,58.041494494888795,16.55604673572005,0.0004997501249375312,53.80086281730827,3.8494506053133817,0.0004997501249375312,5472,4896,0.8034334089998083,,,,
S2,0.7,9600,419,3.203365337102658,64.38476859626955,16.926914550899145,0.0004997501249375312,67.28689568578964,3.8326880611855616,0.0004997501249375312,4848,4848,0.7981150279997564,,,,
S2,0.7,9600,420,3.263636276546121,97.40111662499103,17.055015267654333,0.0004997501249375312,88.33675303129769,3.850037956838497,0.0004997501249375312,6288,4896,0.5770225649998793,,,,
S2,0.7,9600,421,3.2331875935608974,84.37417148931061,17.345853264283626,0.0004997501249375312,86.72435663734235,3.787710828417885,0.0004997501249375312,4800,4800,0.6224003869999706,,,,
S2,0.7,9600,422,3.298743751849337,78.80295818471488,17.067775790461724,0.0004997501249375312,77.7751171323103,3.7253129663667197,0.0004997501249375312,4896,4896,0.5264926380000361,,,,
S2,0.7,9600,423,3.1722293853184835,85.78113625080177,16.879845023390164,0.0004997501249375312,87.29745350339464,3.754190356162671,0.0004997501249375312,4992,4944,0.5173870359999455,,,,
S2,0.7,9600,424,3.278427744160956,66.85183952938198,16.974715018360463,0.0004997501249375312,68.09875556885963,3.8548492078629453,0.0004997501249375312,5040,4896,0.5831793659999676,,,,
S2,0.7,9600,425,3.0975710664710796,78.89031500047858,16.520619685044956,0.0004997501249375312,81.61806069639822,3.7897195344131536,0.0004997501249375312,5616,4848,0.5820276279996506,,,,
S2,0.7,9600,426,3.0758672568259344,77.98960068860495,16.217010944759068,0.0004997501249375312,78.62173532693978,3.872714596380637,0.0004997501249375312,5712,4848,0.8037279629998011,,,,
S2,0.7,9600,427,2.9896348948250893,75.72389869076379,15.92411804065415,0.0004997501249375312,80.32258806645785,3.8529633934469096,0.0004997501249375312,5136,4800,0.7890244150003127,,,,
S2,0.7,9600,428,3.129504394010965,88.59819662126098,16.594234465915186,0.0004997501249375312,88.93822195826067,3.869127054849488,0.0004997501249375312,6768,4800,0.5178825880000204,,,,
S2,0.7,9600,429,3.1894116739964296,65.86881806304572,17.07655130911679,0.0004997501249375312,65.26103468999374,3.7678179748243945,0.0004997501249375312,5136,4848,0.5265418789999785,,,,
S2,0.7,9600,430,3.189040612015945,69.70714226032412,16.772031964244388,0.0004997501249375312,68.54833395318285,3.8176366859945308,0.0004997501249375312,5280,4752,0.5386928840002838,,,,
S2,0.7,9600,431,3.0625210667029568,72.4231216534438,15.928823862428375,0.0004997501249375312,74.91202513510211,3.835393177515286,0.0004997501249375312,6336,4992,0.5206220459999713,,,,
S2,0.7,9600,432,2.978313783665227,66.20496365042506,15.9835445967356,0.0004997501249375312,64.94796725374087,3.8503405402851993,0.0004997501249375312,5760,4992,0.5351492489999146,,,,
S2,0.7,9600,433,3.1168639981383937,69.0723840716907,16.49989291432359,0.0004997501249375312,70.07699209501423,3.8218593917064143,0.0004997501249375312,4992,4944,0.5122844850000092,,,,
S2,0.7,9600,434,2.966140974975645,78.60288707190325,16.056354552432232,0.0004997501249375312,83.88032560964093,3.856626270621898,0.0004997501249375312,4848,4800,0.7924755449998884,,,,
S2,0.7,9600,435,2.9600342914913735,86.8858264166928,15.95596482851727,0.0004997501249375312,89.39954739656878,3.8994706066260627,0.0004997501249375312,4848,4848,0.7854272429999583,,,,
S2,0.7,9600,436,2.9249359412486444,59.854859245151665,15.71368000579113,0.0004997501249375312,65.52274966673113,3.8522248108018107,0.0004997501249375312,5040,4944,0.5114676919999965,,,,
S2,0.7,9600,437,3.136355569004071,71.22345908834873,16.745356787223567,0.0004997501249375312,70.30786351293604,3.8271386245182084,0.0004997501249375312,4992,4992,0.5692704850000609,,,,
S2,0.7,9600,438,3.02941271416159,77.88304696924813,16.02753001925071,0.0004997501249375312,78.32773274245648,3.8644638782553162,0.0004997501249375312,5040,4800,0.5224438520001513,,,,
S2,0.7,9600,439,3.106083406307884,68.55377325777526,16.33252762784873,0.0004997501249375312,72.5071738382653,3.898596045405272,0.0004997501249375312,5520,4800,0.7619288939999933,,,,
S2,0.7,9600,440,3.2214023573228374,73.07620773172123,17.214369713723745,0.0004997501249375312,73.50922407933865,3.8098166566537315,0.0004997501249375312,5184,4848,0.5374689119998948,,,,
S2,0.7,9600,441,3.208285895016144,83.06626319970515,16.88885789848781,0.0004997501249375312,81.3137356163258,3.9011927977675005,0.0004997501249375312,4896,4896,0.5714965770002891,,,,
S2,0.7,9600,442,3.214186469749777,94.753889690489,17.4894235224191,0.0004997501249375312,94.22772848213614,3.8347971155080702,0.0004997501249375312,5328,4848,0.7833948879997479,,,,
S2,0.7,9600,443,3.2362024408908563,73.84302290275495,16.75696765723384,0.0004997501249375312,72.8436895337436,3.7669238238169216,0.0004997501249375312,6288,4848,0.7988232669999888,,,,
S2,0.7,9600,444,3.204769317584066,72.58488632931765,16.837950672521313,0.0004997501249375312,72.9050500355971,3.7196420092480826,0.0004997501249375312,5040,5040,0.5370083660000091,,,,
S2,0.7,9600,445,3.0746974366627264,65.50069340321771,16.22112858983639,0.0004997501249375312,67.26285605589204,3.8220251253938264,0.0004997501249375312,4896,4896,0.5308815989999403,,,,
S2,0.7,9600,446,3.2704857627827497,72.53695820543216,17.195299686716787,0.0004997501249375312,69.52637570342604,3.7130928404834993,0.0004997501249375312,7104,4848,0.5271356519997425,,,,
S2,0.7,9600,447,3.034675211122627,76.21673447220724,16.21192636281061,0.0004997501249375312,77.73745262480368,3.787905494762393,0.0004997501249375312,5328,4896,0.5399516630000107,,,,
S2,0.7,9600,448,3.131668368165439,82.11639767463333,16.429844477930995,0.0004997501249375312,80.88414697860857,3.8590664308231513,0.0004997501249375312,5424,4992,0.8347366899997724,,,,
S2,0.7,9600,449,3.1380382710536017,59.269330850675225,16.828229119616903,0.0004997501249375312,59.16762061255566,3.813933239996814,0.0004997501249375312,5424,4800,0.817378861999714,,,,
S2,0.7,9600,450,3.0057391552104793,60.16424595268575,16.032457532242482,0.0004997501249375312,62.57610133407475,3.840926125495111,0.0004997501249375312,4800,4800,0.6604969600002732,,,,
S2,0.7,9600,451,3.1784485074983015,86.1355054515834,16.719178892791675,0.0004997501249375312,78.96952503290287,3.7265422906593773,0.0004997501249375312,6096,4800,0.5214198730000135,,,,
S2,0.7,9600,452,3.2513206040567,96.60357993032765,17.02539421390596,0.0004997501249375312,92.14818062831938,3.806415291767778,0.0004997501249375312,6288,4896,0.5323871380001037,,,,
S2,0.7,9600,453,3.059340268798322,71.6980150973832,16.41242229169133,0.0004997501249375312,73.81735962910734,3.846176052405035,0.0004997501249375312,5808,4848,0.5207061389999126,,,,
S2,0.7,9600,454,3.107902624743372,74.38484972767057,16.451079735079713,0.0004997501249375312,76.24095155744868,3.8107003736389955,0.0004997501249375312,5424,4800,0.5089590289999251,,,,
S2,0.7,9600,455,3.283595334864534,76.87087767711954,16.958246990151203,0.0004997501249375312,75.28949377852034,3.7763412993813343,0.0004997501249375312,5328,4944,0.5211994260002939,,,,
S2,0.7,9600,456,3.0255491113375648,68.32141392720263,16.01511874265082,0.0004997501249375312,68.83388200162354,3.9444338781212225,0.0004997501249375312,4992,4992,0.5150999120000961,,,,
S2,0.7,9600,457,3.157704885947753,86.21218793208922,16.548382731578602,0.0004997501249375312,87.84570400640699,3.847179761647799,0.0004997501249375312,5376,4800,0.5318042689996219,,,,
S2,0.7,9600,458,3.190733276931901,84.07278816321183,17.274681143599317,0.0004997501249375312,85.53698342615161,3.815696830750428,0.0004997501249375312,5520,4800,0.7884076860000278,,,,
S2,0.7,9600,459,3.1049648325298778,73.20921850519093,16.61207713848097,0.0004997501249375312,69.83298549406584,3.875504814625524,0.0004997501249375312,5904,4896,0.8160164999999324,,,,
S2,0.7,9600,460,3.363300721695988,72.42152486913709,16.992663964066537,0.0004997501249375312,67.95880693718388,3.7434858587135045,0.0004997501249375312,5328,4848,0.528543204000016,,,,
S2,0.7,9600,461,3.3183904262978006,82.40219073614128,17.14460528865183,0.0004997501249375312,80.43664869461085,3.7582779796281245,0.0004997501249375312,4800,4800,0.5263868780000394,,,,
S2,0.7,9600,462,3.229686680625091,80.80334075601263,17.16184426642668,0.0004997501249375312,80.57910572933628,3.7412316406727366,0.0004997501249375312,5328,4896,0.5349879210002655,,,,
S2,0.7,9600,463,3.3825264147940333,93.34583340640809,17.520848637720366,0.0004997501249375312,87.30424408057122,3.7585746296503824,0.0004997501249375312,6576,4944,0.5760278889997608,,,,
S2,0.7,9600,464,3.190562886859772,67.2404462753122,16.70128676520411,0.0004997501249375312,67.95271776439678,3.8470971773940694,0.0004997501249375312,6096,4896,0.528959408999981,,,,
S2,0.7,9600,465,3.181773921979308,76.51634733033484,16.574561486603553,0.0004997501249375312,79.45439198179567,3.8112253711244404,0.0004997501249375312,4944,4944,0.5800164439997388,,,,
S2,0.7,9600,466,3.3558912291435243,84.52681606176469,17.57787376385288,0.0004997501249375312,87.18066108725327,3.9137409298262056,0.0004997501249375312,4944,4944,0.8503208289998838,,,,
S2,0.7,9600,467,3.1963693318767605,74.19858992370449,17.109935431922302,0.0004997501249375312,72.83384900672999,3.9076075330556974,0.0004997501249375312,5952,4848,0.787309044000267,,,,
S2,0.7,9600,468,3.01700433405994,83.16378314251524,15.917749631702279,0.0004997501249375312,87.64377460401744,3.7875765866772038,0.0004997501249375312,5712,4848,0.5242641800000456,,,,
S2,0.7,9600,469,3.0710948030200536,62.087731075528936,16.88432455004053,0.0004997501249375312,64.79630313493948,3.956003211429552,0.0004997501249375312,5088,4800,0.5165153870000267,,,,
S2,0.7,9600,470,3.026863031968764,80.68954244413406,16.21397973718854,0.0004997501249375312,86.60068226210092,3.926837609673078,0.0004997501249375312,4896,4896,0.5695822790003149,,,,
S2,0.7,9600,471,2.9812191937937484,67.70571461822342,16.189609933669665,0.0004997501249375312,71.26428659735069,3.892873521430286,0.0004997501249375312,5280,4944,0.5730652879997251,,,,
S2,0.7,9600,472,3.0691704699507185,85.45934101074691,16.189688213032056,0.0004997501249375312,86.58301831191645,3.7929727932725905,0.0004997501249375312,5376,4992,0.5883417599998211,,,,
S2,0.7,9600,473,3.098003256474593,73.22957200692619,16.672033130024015,0.0004997501249375312,75.40769379082663,3.80886001444112,0.0004997501249375312,5040,4848,0.6092863660001058,,,,
S2,0.7,9600,474,3.001685165868886,75.90248007371208,16.048461963196047,0.0004997501249375312,80.67322994200444,3.7956653990957006,0.0004997501249375312,4848,4848,0.7858778790000542,,,,
S2,0.7,9600,475,3.1931018057225327,78.35406084958602,16.765996071699018,0.0004997501249375312,72.28456361546806,3.783681888499099,0.0004997501249375312,5712,4896,0.7883659219996844,,,,
S2,0.7,9600,476,3.319120651142989,74.87407197028037,17.180861626804123,0.0004997501249375312,70.95478364503859,3.7200405128481826,0.0004997501249375312,5376,4848,0.5272582919999422,,,,
S2,0.7,9600,477,3.1178023678902678,85.26685368421892,16.69781982985742,0.0004997501249375312,89.64995483811822,3.815459969967899,0.0004997501249375312,5184,4848,0.5151422920000641,,,,
S2,0.7,9600,478,3.0260909923409005,73.62332648078676,16.263099964397433,0.0004997501249375312,72.896371182774,3.8973692724527593,0.0004997501249375312,5424,4944,0.5846998070001064,,,,
S2,0.7,9600,479,3.2392219892911585,81.7255923031318,17.40855657717071,0.0004997501249375312,88.05954218665843,3.7998667359178158,0.0004997501249375312,4752,4752,0.5793932750002568,,,,
S2,0.7,9600,480,3.27114210320683,67.2573925082499,17.01917030382265,0.0004997501249375312,66.55546385776404,3.7836267521814118,0.0004997501249375312,4896,4896,0.5922199060000821,,,,
S2,0.7,9600,481,3.1497972219152883,77.14878751882165,16.86150843567022,0.0004997501249375312,76.32045180022901,3.7398952152105935,0.0004997501249375312,5856,4800,0.5454686980001497,,,,
S2,0.7,9600,482,3.1056029201975717,70.38383930944003,16.445387223441692,0.0004997501249375312,73.10399799454368,3.8515749194144124,0.0004997501249375312,5904,4896,0.523483619999979,,,,
S2,0.7,9600,483,3.075238169346686,74.45711002678792,16.42542096091276,0.0004997501249375312,71.83537596779648,3.753001298210192,0.0004997501249375312,5808,4800,0.7969220830000268,,,,
S2,0.7,9600,484,3.273733537605746,87.94192973831585,17.204755355642206,0.0004997501249375312,87.46235161106016,3.8489902359808146,0.0004997501249375312,4800,4800,0.790560915000242,,,,
S2,0.7,9600,485,3.11418703809768,82.50169039139455,16.102282229182357,0.0004997501249375312,86.39423555789232,3.858124560728056,0.0004997501249375312,4944,4944,0.8348484410003039,,,,
S2,0.7,9600,486,3.228753173775901,68.6201686744904,16.660708928871806,0.0004997501249375312,68.06427778562329,3.759113466968641,0.0004997501249375312,5520,4896,0.5614606679996541,,,,
S2,0.7,9600,487,3.016634136195757,75.90443226124826,16.294283785281486,0.0004997501249375312,71.74937902307401,3.874141135644403,0.0004997501249375312,6288,4896,0.5108463209999172,,,,
S2,0.7,9600,488,3.010340746600972,73.27836997146625,16.260253976722495,0.0004997501249375312,77.31306835357177,3.823587187895027,0.0004997501249375312,4848,4848,0.511847115999899,,,,
S2,0.7,9600,489,3.140369966805642,80.66979967565796,16.403866566865887,0.0004997501249375312,81.20330239101536,3.852494302663641,0.0004997501249375312,5472,4896,0.5253995809998742,,,,
S2,0.7,9600,490,3.168706417331592,76.00885688271333,16.756807089861077,0.0004997501249375312,76.04906759379591,3.854282845097468,0.0004997501249375312,5280,5040,0.8220510219998687,,,,
S2,0.7,9600,491,3.104591803504442,70.668791972966,16.703606290709033,0.0004997501249375312,73.35105222101065,3.882526024031976,0.0004997501249375312,4800,4800,0.8236137270000654,,,,
S2,0.7,9600,492,3.0303283386295665,76.63900613541074,16.286831437703366,0.0004997501249375312,81.00776396632529,3.8868416170060525,0.0004997501249375312,5232,4896,0.7924574899998333,,,,
S2,0.7,9600,493,3.2800655516296215,81.03183627084535,17.10628922486224,0.0004997501249375312,81.07205105816257,3.7732959256327385,0.0004997501249375312,4848,4848,0.8062085769997793,,,,
S2,0.7,9600,494,2.9776283581724274,67.44116825774968,16.013719993857983,0.0004997501249375312,68.12783447380035,3.802076157884477,0.0004997501249375312,4992,4992,0.5068113899997115,,,,
S2,0.7,9600,495,3.0760804172027916,79.59631344968138,16.229478566067055,0.0004997501249375312,80.80540689233966,3.8068039697380684,0.0004997501249375312,4992,4896,0.5243210020003062,,,,
S2,0.7,9600,496,3.114386608144201,66.48395238109488,16.749839236692733,0.0004997501249375312,68.09641641284644,3.889293670691222,0.0004997501249375312,5088,4800,0.5181357320002462,,,,
S2,0.7,9600,497,3.1866681528292347,83.68298642366682,16.690533906873483,0.0004997501249375312,84.83575750781193,3.7428250357005655,0.0004997501249375312,5232,4896,0.5137647699998524,,,,
S2,0.7,9600,498,3.302588457673013,82.46474667225243,17.324773011827897,0.0004997501249375312,82.92993260178866,3.7727374927048785,0.0004997501249375312,4800,4800,0.5280287769996903,,,,
S2,0.7,9600,499,3.202338852265709,90.09993200936019,16.83127172810026,0.0004997501249375312,86.01052175784267,3.8322620901174203,0.0004997501249375312,5184,4848,0.5240023169999404,,,,
S2,0.7,38400,0,3.2268989211870673,318.11140700339706,16.86415206652005,0.0004997501249375312,343.22995592495204,3.742055397189684,0.0004997501249375312,19200,19584,0.850287863000176,,,,
S2,0.7,38400,1,3.3313087740774523,306.0270977654267,17.29216451325519,0.0004997501249375312,308.7227020813646,3.7756673375528846,0.0004997501249375312,19392,19200,0.8795009489999757,,,,
S2,0.7,38400,2,3.1023223722514643,303.07446993739114,16.353911514476096,0.0004997501249375312,320.6868206369275,3.8344832667156976,0.0004997501249375312,20928,19392,0.8677002210001774,,,,
S2,0.7,38400,3,2.930393224525365,329.0602241730994,16.098540845011954,0.0004997501249375312,330.9911020550826,3.872088800809035,0.0004997501249375312,21312,19776,0.8629222570002639,,,,
S2,0.7,38400,4,3.125401567215533,290.58146106223717,16.886826695946016,0.0004997501249375312,301.53917473310673,3.8459981421917937,0.0004997501249375312,19200,19200,0.5569879919999039,,,,
S2,0.7,38400,5,3.0402796478322047,287.9392297494135,16.404252631475917,0.0004997501249375312,289.6228991472085,3.887559085139369,0.0004997501249375312,19968,19392,0.5574975640001867,,,,
S2,0.7,38400,6,3.280950640033679,315.46524222428457,17.832934456212584,0.0004997501249375312,308.5716966052073,3.761169831319656,0.0004997501249375312,19584,19200,0.5577974809998523,,,,
S2,0.7,38400,7,3.4361979942698877,324.35129179930266,17.64113433100623,0.0004997501249375312,316.6291973226217,3.7498269045506216,0.0004997501249375312,20928,19200,0.5621649120002985,,,,
S2,0.7,38400,8,3.029997993533031,293.21785868175795,16.399788060002503,0.0004997501249375312,309.19408396801214,3.752169719699418,0.0004997501249375312,19584,19584,0.842107267999836,,,,
S2,0.7,38400,9,3.1296923725799393,316.1624810901386,16.761235818761012,0.0004997501249375312,332.0275747907274,3.780390517328388,0.0004997501249375312,20928,19200,0.8722222749997854,,,,
S2,0.7,38400,10,3.2348329697418725,342.7704098237744,16.92126576189477,0.0004997501249375312,332.8842451727702,3.8332459709777202,0.0004997501249375312,21696,19200,0.8424628319999101,,,,
S2,0.7,38400,11,3.0148235710192304,297.487508996693,16.452612462056106,0.0004997501249375312,314.74328683821483,3.7851273150954645,0.0004997501249375312,19776,19200,0.8345370960000764,,,,
S2,0.7,38400,12,2.997349173246073,307.0574676511793,16.20885677441436,0.0004997501249375312,316.5206732933305,3.7695523788179206,0.0004997501249375312,21120,19200,0.5486285000001772,,,,
S2,0.7,38400,13,3.076897703543144,280.8433629902225,16.298035682527765,0.0004997501249375312,304.81678086113817,3.8214922793087878,0.0004997501249375312,20544,19200,0.5577597599999535,,,,
S2,0.7,38400,14,3.299675183505652,307.82344125979233,17.094932224772716,0.0004997501249375312,304.1269411140408,3.7620431398237058,0.0004997501249375312,19584,19584,0.5633156130002135,,,,
S2,0.7,38400,15,3.122317530347225,313.8534237066317,16.64793915111625,0.0004997501249375312,321.9305485413623,3.8744047722117543,0.0004997501249375312,21888,19584,0.5570513620000384,,,,
S2,0.7,38400,16,3.194152348160078,314.81126526786755,17.030205668263996,0.0004997501249375312,326.6272038802232,3.780676855755262,0.0004997501249375312,21504,19584,0.8532660749997376,,,,
S2,0.7,38400,17,3.167060791457853,269.8852342177454,17.047524460384864,0.0004997501249375312,282.6708839439138,3.8908863555054607,0.0004997501249375312,20160,19584,0.8524435240001367,,,,
S2,0.7,38400,18,3.344960632880998,360.7325414526286,17.391994132202168,0.0004997501249375312,366.9305878980694,3.7898888263069086,0.0004997501249375312,21312,19584,0.8569239920002474,,,,
S2,0.7,38400,19,3.316891030060198,316.7353853483007,17.101261668621465,0.0004997501249375312,318.0832195593559,3.7427991692294684,0.0004997501249375312,19200,19392,0.8572447389997251,,,,
S2,0.7,38400,20,3.0963356951989836,292.8419244824627,16.499667778066897,0.0004997501249375312,307.0104177596891,3.769874753522927,0.0004997501249375312,20160,19200,0.559259122000185,,,,
S2,0.7,38400,21,3.2344607884862016,306.46154173851414,16.92763767321289,0.0004997501249375312,303.7042633598225,3.900189250605185,0.0004997501249375312,19200,19392,0.5563356859997839,,,,
S2,0.7,38400,22,3.1542777311056738,324.5691729051447,16.769449728313756,0.0004997501249375312,335.08881423902153,3.7836126844667914,0.0004997501249375312,19584,19200,0.6680308649997642,,,,
S2,0.7,38400,23,3.150017353555106,319.033719401625,16.69170554652879,0.0004997501249375312,333.0749674209444,3.8277187855976,0.0004997501249375312,19584,19200,0.8667644130000554,,,,
S2,0.7,38400,24,3.115130317209191,272.45410871644305,16.92731246950389,0.0004997501249375312,290.10886996211957,3.8495478912427132,0.0004997501249375312,19392,19392,0.8654910690001998,,,,
S2,0.7,38400,25,3.0007994632763437,298.9231883231891,16.320844186506978,0.0004997501249375312,330.03218695202526,3.794118483060643,0.0004997501249375312,23040,19200,0.8387056920000759,,,,
S2,0.7,38400,26,3.1528671660418444,282.7962628498911,16.579445028766273,0.0004997501249375312,301.74302238248123,3.918652972901521,0.0004997501249375312,19584,19392,0.8604656630000136,,,,
S2,0.7,38400,27,3.0344301239066764,297.00393447739077,16.761728721699384,0.0004997501249375312,323.8253750671751,3.932253115479429,0.0004997501249375312,19392,19584,0.8451960970000982,,,,
S2,0.7,38400,28,3.0861132268242097,294.35867390832243,16.50372558974979,0.0004997501249375312,311.8804961924919,3.86181306287204,0.0004997501249375312,20736,19968,0.5499534890000177,,,,
S2,0.7,38400,29,3.1991686082204422,293.3531195273787,16.923494130794232,0.0004997501249375312,300.1685316503649,3.87676504489554,0.0004997501249375312,19200,19968,0.5537312569999813,,,,
S2,0.7,38400,30,3.223239471301693,308.48937308423797,16.700415520334445,0.0004997501249375312,325.43287593800306,3.8146554651066418,0.0004997501249375312,20736,19392,0.8784171859997514,,,,
S2,0.7,38400,31,3.2458912120033414,295.8909610095269,16.79821191052057,0.0004997501249375312,300.3194831735671,3.7493160813509383,0.0004997501249375312,19584,19584,0.8522759519996725,,,,
S2,0.7,38400,32,3.1028845483372165,291.36788688548023,16.706846085034368,0.0004997501249375312,313.5189793126238,3.885160755009868,0.0004997501249375312,20352,19200,0.8770307289996708,,,,
S2,0.7,38400,33,2.9123962839348434,274.60820086692644,15.538705504583978,0.0004997501249375312,298.8303432430575,3.8621136058570014,0.0004997501249375312,20160,19776,0.85405215100036,,,,
S2,0.7,38400,34,3.0321023517366394,265.40739512117284,16.611382223227274,0.0004997501249375312,287.59977900586284,3.8750990131839647,0.0004997501249375312,19200,19200,0.8673543079999035,,,,
S2,0.7,38400,35,3.2638682208159944,263.91849035051774,17.30466865189539,0.0004997501249375312,271.42080002118826,3.7922127992515953,0.0004997501249375312,20736,19200,0.8737296009999227,,,,
S2,0.7,38400,36,3.088045141732711,290.38131893338743,16.678734447467903,0.0004997501249375312,304.3288158226675,3.74856276030677,0.0004997501249375312,19200,19200,0.7020215500001541,,,,
S2,0.7,38400,37,3.0632656673666045,283.2361871462102,16.40603928841729,0.0004997501249375312,299.91493653473975,3.7906518645969607,0.0004997501249375312,22272,19776,0.9390003680000518,,,,
S2,0.7,38400,38,3.110009695997717,295.7972396164013,16.33124866115224,0.0004997501249375312,313.58805648620944,3.779014392367037,0.0004997501249375312,19776,19200,0.8595554819999052,,,,
S2,0.7,38400,39,3.160153603868235,296.7164417712899,16.38810109400744,0.0004997501249375312,310.2284190510035,3.912106213828233,0.0004997501249375312,21120,19392,0.8766426299998784,,,,
S2,0.7,38400,40,2.875563936299151,278.84934002181006,15.60534088181156,0.0004997501249375312,302.94567417873816,3.8168214805722522,0.0004997501249375312,23232,19200,0.8176720380001825,,,,
S2,0.7,38400,41,3.239261106254624,305.33396500995025,16.88188299500085,0.0004997501249375312,311.57518919628995,3.7965968901391514,0.0004997501249375312,19200,19200,0.8471748480001224,,,,
S2,0.7,38400,42,3.1912956431827766,324.83323642524897,16.76510237350743,0.0004997501249375312,335.7925555719458,3.7924293416082877,0.0004997501249375312,21888,19584,0.9154402539998046,,,,
S2,0.7,38400,43,3.009852303636156,298.2706121035196,16.311916367791216,0.0004997501249375312,304.2419988257035,3.8942557464550944,0.0004997501249375312,20352,19584,0.9028550950001772,,,,
S2,0.7,38400,44,3.1242668280842127,327.6811475613647,16.253971470087198,0.0004997501249375312,340.2436266824951,3.8290262537876507,0.0004997501249375312,20160,19392,0.934418924000056,,,,
S2,0.7,38400,45,3.207084273300097,291.9958553038037,17.21369219422531,0.0004997501249375312,294.31784887177133,3.8169121888216457,0.0004997501249375312,19392,19392,0.894532555999831,,,,
S2,0.7,38400,46,3.0061024430704157,274.0719025813523,16.233105946140324,0.0004997501249375312,289.41728533671505,3.903106444248195,0.0004997501249375312,20544,19968,0.8499410480003462,,,,
S2,0.7,38400,47,3.0503352565845736,263.60268662974306,16.290753497434647,0.0004997501249375312,274.8290639557931,3.8501729190384566,0.0004997501249375312,20352,19968,0.8420721379998213,,,,
S2,0.7,38400,48,3.075787084015444,308.58381924799335,16.14624707734599,0.0004997501249375312,328.8393682972082,3.8495317653141865,0.0004997501249375312,19392,19392,0.8763379309998527,,,,
S2,0.7,38400,49,3.1601792912517266,280.64906177080786,17.06641535881324,0.0004997501249375312,292.75518308224656,3.831889061050302,0.0004997501249375312,19200,19200,0.8712849570001708,,,,
S2,0.7,38400,50,3.263910670704581,309.57119504014145,17.273679095432794,0.0004997501249375312,320.9970389674008,3.785192551032798,0.0004997501249375312,21120,19200,0.8804390039999817,,,,
S2,0.7,38400,51,3.0775123195396414,283.03016187178883,16.054136889912673,0.0004997501249375312,306.12217492457614,3.826418125355021,0.0004997501249375312,19968,19968,0.9038925919999201,,,,
S2,0.7,38400,52,3.12876083294892,299.4755186326009,16.343273616327213,0.0004997501249375312,322.0192873006406,3.833764373836999,0.0004997501249375312,20736,19392,0.9207220640000742,,,,
S2,0.7,38400,53,3.277582951639568,290.63258588837186,17.42884306653952,0.0004997501249375312,305.9653655222323,3.8031501691492027,0.0004997501249375312,19200,19200,0.7382921389998955,,,,
S2,0.7,38400,54,3.066271565153602,319.25705088325316,16.493206878189017,0.0004997501249375312,346.12987468091114,3.832725930646461,0.0004997501249375312,20544,19968,0.8578517469995859,,,,
S2,0.7,38400,55,3.13478205810122,279.9593415504646,16.44937517588086,0.0004997501249375312,291.44044146025686,3.758402282179813,0.0004997501249375312,19392,19584,0.8768440619996909,,,,
S2,0.7,38400,56,3.327115342051733,326.3196227621143,17.478830971409305,0.0004997501249375312,341.74744507166946,3.730448531067922,0.0004997501249375312,20352,19392,0.8479172190000099,,,,
S2,0.7,38400,57,3.2714058553548755,298.74323418847837,17.082960059991034,0.0004997501249375312,310.8210073832588,3.760829534118894,0.0004997501249375312,19200,19200,0.851357630000166,,,,
S2,0.7,38400,58,3.0936584177459836,261.5459927860653,16.674059807275285,0.0004997501249375312,276.9009267141005,3.8333510788782967,0.0004997501249375312,19584,19584,0.9031385719999889,,,,
S2,0.7,38400,59,3.152295661952184,307.2229463212125,17.033684725918526,0.0004997501249375312,322.84040071575873,3.7637732898496257,0.0004997501249375312,19200,19200,0.8691329329999462,,,,
S2,0.7,38400,60,3.0369595271043135,293.07165200145903,15.887926724153639,0.0004997501249375312,315.02365222114935,3.8119803691373924,0.0004997501249375312,20544,19392,0.5466082000002643,,,,
S2,0.7,38400,61,3.2364690720651903,305.52504911258956,16.731661958064073,0.0004997501249375312,309.3073871574478,3.83892401922005,0.0004997501249375312,19584,19392,0.5571993390003627,,,,
S2,0.7,38400,62,2.995966083453512,309.8781891499959,16.601555948408162,0.0004997501249375312,336.1897419447966,3.8628552575840303,0.0004997501249375312,19968,19776,0.8397972570001002,,,,
S2,0.7,38400,63,3.180536852439917,303.2574263610911,16.6744070256033,0.0004997501249375312,319.5693175809111,3.8240802811701435,0.0004997501249375312,19200,19392,0.8430912399999215,,,,
S2,0.7,38400,64,3.2928611057029706,295.57064840319356,17.854959772762115,0.0004997501249375312,300.342713194609,3.8156415699779,0.0004997501249375312,19200,19200,0.8432934689999456,,,,
S2,0.7,38400,65,3.198776283532958,295.16241086680037,16.770053206921254,0.0004997501249375312,315.0014468811036,3.78235358543465,0.0004997501249375312,20736,19584,0.8607388910004374,,,,
S2,0.7,38400,66,3.0907321648940997,301.8284290924784,16.39799307696778,0.0004997501249375312,313.4957564390741,3.9740187290298254,0.0004997501249375312,20352,19584,0.8691921039999215,,,,
S2,0.7,38400,67,3.282932619818103,297.00540747176376,17.25835406287892,0.0004997501249375312,296.26644030627864,3.794556913675129,0.0004997501249375312,19200,19200,0.8599904279999464,,,,
S2,0.7,38400,68,3.29158438092165,331.1602790995044,17.36214697251315,0.0004997501249375312,329.75113193280606,3.7893143462243386,0.0004997501249375312,21312,19392,0.558041570000114,,,,
S2,0.7,38400,69,3.1084540643701404,278.4304991046997,16.559567063048085,0.0004997501249375312,291.2763690021741,3.833327845427601,0.0004997501249375312,19392,19200,0.5504462799999601,,,,
S2,0.7,38400,70,3.1277766477318716,304.7210211597722,16.514302727700972,0.0004997501249375312,311.98576808332757,3.8311929224872423,0.0004997501249375312,19584,19584,0.8721667649997471,,,,
S2,0.7,38400,71,3.227467963331525,256.49897072183023,16.86939620974188,0.0004997501249375312,262.24943308407666,3.796813677118455,0.0004997501249375312,19200,19200,0.8748001479998493,,,,
S2,0.7,38400,72,3.117621547828717,316.10694793994355,16.713525382602377,0.0004997501249375312,338.09996769891376,3.7051001429828494,0.0004997501249375312,20544,19584,0.8735724660000415,,,,
S2,0.7,38400,73,3.2853635521611677,319.7780908109089,17.33805227957887,0.0004997501249375312,328.24194297471047,3.7605658552376333,0.0004997501249375312,19584,19584,0.8438683730000776,,,,
S2,0.7,38400,74,3.353032510009522,313.2176145103358,17.41125875601769,0.0004997501249375312,314.6905686971234,3.82461361170605,0.0004997501249375312,19200,19200,0.889462273999925,,,,
S2,0.7,38400,75,3.2644028201875015,325.50505691605736,17.150705835612438,0.0004997501249375312,339.8982329257591,3.7116107628920973,0.0004997501249375312,19200,19200,0.878848184999697,,,,
S2,0.7,38400,76,3.1744691440596284,301.51456038221664,17.264844109276343,0.0004997501249375312,315.7611248602312,3.8522538591709985,0.0004997501249375312,20352,19200,0.5543600709997918,,,,
S2,0.7,38400,77,3.12647857523017,306.6947142798087,16.658849663201018,0.0004997501249375312,311.74364509735466,3.819850872397513,0.0004997501249375312,19968,19392,0.5504199199999675,,,,
S2,0.7,38400,78,3.287193404539824,326.37525032718304,17.101549546979978,0.0004997501249375312,343.3864585078563,3.8576397454555145,0.0004997501249375312,20352,19392,0.8529246130001411,,,,
S2,0.7,38400,79,3.309245245060907,306.43800174196184,17.01263342644354,0.0004997501249375312,314.3861278899295,3.67587244386404,0.0004997501249375312,20544,19392,0.8795282800001587,,,,
S2,0.7,38400,80,3.2214355636164558,342.4947917424457,17.62057517038624,0.0004997501249375312,367.2457277317369,3.8504781193744146,0.0004997501249375312,22272,19200,0.5683807450000131,,,,
S2,0.7,38400,81,2.94131390285096,268.34663399859704,16.024358857745625,0.0004997501249375312,296.80686180943366,3.805342770073306,0.0004997501249375312,19584,19200,0.5407181740001761,,,,
S2,0.7,38400,82,3.0624369850148647,309.6814714268435,16.044198275986105,0.0004997501249375312,329.11787553024175,3.826303373293654,0.0004997501249375312,20160,19392,0.8631641439997111,,,,
S2,0.7,38400,83,3.24613366857594,296.6657699904885,17.114213496976852,0.0004997501249375312,296.7084301227526,3.7404381639701225,0.0004997501249375312,21696,19200,0.8284060070000123,,,,
S2,0.7,38400,84,2.897294316763344,280.83462817853774,15.900126563229172,0.0004997501249375312,313.75742590456633,3.8789004665998315,0.0004997501249375312,19584,19584,0.5515828640000109,,,,
S2,0.7,38400,85,3.0676028263514485,289.89161388356183,16.058339958718623,0.0004997501249375312,299.82628846961046,3.786216578277406,0.0004997501249375312,19968,19200,0.5487039849999746,,,,
S2,0.7,38400,86,3.031534562363658,280.52994151539923,15.878303050258518,0.0004997501249375312,297.6728563933892,3.7945023222779217,0.0004997501249375312,19392,19200,0.8336423799996737,,,,
S2,0.7,38400,87,2.9843957721435315,290.6820241750892,15.911648928264503,0.0004997501249375312,305.8777307315775,3.7974370462998954,0.0004997501249375312,20928,19584,0.8610336879996794,,,,
S2,0.7,38400,88,2.9542921986786634,280.6972564885882,15.861031502727867,0.0004997501249375312,305.6783266419106,3.9013056655066083,0.0004997501249375312,19200,19200,0.5394664309997097,,,,
S2,0.7,38400,89,3.345864072289396,340.06940877008327,17.53558468689852,0.0004997501249375312,360.2443513417261,3.759372135585729,0.0004997501249375312,19392,19200,0.5635460700000294,,,,
S2,0.7,38400,90,3.1947566398165574,307.03890279454293,16.9072541018647,0.0004997501249375312,325.7831021133303,3.7668490103738814,0.0004997501249375312,20544,19392,0.8473504630001116,,,,
S2,0.7,38400,91,3.1118562165185337,301.5261877035963,16.571027977234177,0.0004997501249375312,318.0885507929091,3.812970899940673,0.0004997501249375312,19584,19200,0.8450673980000829,,,,
S2,0.7,38400,92,3.1312573001606085,300.118989680714,16.75461102494487,0.0004997501249375312,311.1787616711261,3.9897812516849025,0.0004997501249375312,20928,19392,0.5458279589997801,,,,
S2,0.7,38400,93,3.1782823262783944,273.67658937840457,16.953344742293723,0.0004997501249375312,283.7985743400279,3.7920879639064817,0.0004997501249375312,19584,19392,0.5597205580002083,,,,
S2,0.7,38400,94,2.978872929794224,277.413333673258,15.72011507794969,0.0004997501249375312,297.98588059928215,3.7629581257147113,0.0004997501249375312,22080,19776,0.8487030189999132,,,,
S2,0.7,38400,95,3.2852040562447025,296.6934992409988,17.22241739113534,0.0004997501249375312,298.8703717117961,3.777906064572393,0.0004997501249375312,21312,19584,0.6449175450002258,,,,
S2,0.7,38400,96,3.0559859686930566,296.0381139376722,16.382285331522908,0.0004997501249375312,321.9626908538051,3.823447686563465,0.0004997501249375312,21312,19200,0.5459367580001526,,,,
S2,0.7,38400,97,3.094210336779428,284.8098369539599,16.65808388152237,0.0004997501249375312,295.6195753537161,3.7833082335864567,0.0004997501249375312,21120,19200,0.5516553540001041,,,,
S2,0.7,38400,98,3.21412989383328,304.6648590795138,17.01065163808323,0.0004997501249375312,312.407997741906,3.7527899982645856,0.0004997501249375312,21888,19968,0.8520850090003478,,,,
S2,0.7,38400,99,3.2859401993749002,299.7823769811731,17.322640827368783,0.0004997501249375312,310.0431026337908,3.9130595475553744,0.0004997501249375312,19200,19200,0.8380262079999738,,,,
S2,0.7,38400,100,3.2022729483063053,302.31704496943536,17.075247615682525,0.0004997501249375312,301.7884899094773,3.8264098217105427,0.0004997501249375312,20736,19200,0.5603143230000569,,,,
S2,0.7,38400,101,3.2159281587968955,287.6427438253808,16.816945631622676,0.0004997501249375312,294.4324808275329,3.6674503775755856,0.0004997501249375312,19392,19200,0.5478572900001382,,,,
S2,0.7,38400,102,3.172375514193242,325.553847742259,17.184093070703117,0.0004997501249375312,332.31133720911697,3.7952698428171616,0.0004997501249375312,19200,19200,0.5468643239996709,,,,
S2,0.7,38400,103,2.9801790740547975,312.2495647599471,16.159572693385957,0.0004997501249375312,325.6841140763123,3.770507595153786,0.0004997501249375312,21696,19776,0.5391288880000502,,,,
S2,0.7,38400,104,3.007369107112464,294.09749535318497,16.35949209839684,0.0004997501249375312,311.52673279347476,3.900637519032915,0.0004997501249375312,19200,19200,0.5435171250001076,,,,
S2,0.7,38400,105,3.066126892235765,294.68985692725767,16.36184765132086,0.0004997501249375312,307.77601486469115,3.813471702682117,0.0004997501249375312,19200,19200,0.5571780260002015,,,,
S2,0.7,38400,106,2.942932077058157,269.68900651601655,16.0972229513964,0.0004997501249375312,288.58793105532874,3.963618330908303,0.0004997501249375312,23040,19200,0.8378791129998717,,,,
S2,0.7,38400,107,3.050024712654472,286.28039803524814,16.450308841037824,0.0004997501249375312,291.9735706609848,3.8591129326807727,0.0004997501249375312,19200,19200,0.865523727999971,,,,
S2,0.7,38400,108,3.266948411171559,311.43136350215167,16.84875717322959,0.0004997501249375312,313.7365565311359,3.7256228782246525,0.0004997501249375312,21504,19776,0.5521470130001944,,,,
S2,0.7,38400,109,3.0911189453499515,292.82335437217455,16.357654872185147,0.0004997501249375312,320.79027961909964,3.820194298383389,0.0004997501249375312,19200,19200,0.5591811580002286,,,,
S2,0.7,38400,110,3.1434583957618325,289.466038877498,16.766446184882657,0.0004997501249375312,294.2873351532378,3.7901372803238704,0.0004997501249375312,19200,19200,0.563143158999992,,,,
S2,0.7,38400,111,3.3007115061680223,318.536715125515,17.10705092447386,0.0004997501249375312,337.55934462381543,3.6977193194443636,0.0004997501249375312,19200,19200,0.6633231209998485,,,,
S2,0.7,38400,112,3.3430759312917826,292.61821872360446,17.62786149319752,0.0004997501249375312,288.21881372544146,3.8462081991775836,0.0004997501249375312,21888,19392,0.5921270519997961,,,,
S2,0.7,38400,113,3.1619067629218782,286.84869056160613,16.720944641618534,0.0004997501249375312,304.3468204668295,3.7969405538698626,0.0004997501249375312,20736,19200,0.654715835999923,,,,
S2,0.7,38400,114,3.1922528487909942,305.40048953574154,16.809852175616122,0.0004997501249375312,329.9705568360651,3.8336365503156355,0.0004997501249375312,19776,19392,0.5945448180000312,,,,
S2,0.7,38400,115,3.076240679752711,305.70609867712733,16.034028319356022,0.0004997501249375312,315.83909536577033,3.8191167134928437,0.0004997501249375312,19584,19392,0.5605567220000012,,,,
S2,0.7,38400,116,3.039485962496418,274.017052240177,16.024846170677026,0.0004997501249375312,278.9682951507667,3.829721465407671,0.0004997501249375312,21504,19392,0.6913174720002644,,,,
S2,0.7,38400,117,3.0948370396284077,296.3496321861271,15.99798685957887,0.0004997501249375312,316.52209994102526,3.766993802418206,0.0004997501249375312,19200,19200,0.7055651589998888,,,,
S2,0.7,38400,118,3.285511098549888,316.42022590983623,17.240218429236673,0.0004997501249375312,316.06091402425056,3.8360102746994387,0.0004997501249375312,19776,19584,0.7238692830001128,,,,
S2,0.7,38400,119,3.0144616122258836,289.99354365453485,15.887435114248948,0.0004997501249375312,316.3236224039183,3.8653782683928894,0.0004997501249375312,19200,19392,0.7010107359997164,,,,
S2,0.7,38400,120,3.317244032029771,310.7690979064346,17.47116447866833,0.0004997501249375312,310.65741326264913,3.799971487855005,0.0004997501249375312,20544,19776,0.5743148420001489,,,,
S2,0.7,38400,121,3.1501480048735204,299.28187022668453,17.335713054278262,0.0004997501249375312,312.67895537838393,3.9016789003244554,0.0004997501249375312,19200,19200,0.5622046779999437,,,,
S2,0.7,38400,122,3.066729212166944,279.95755491782575,16.417070513400734,0.0004997501249375312,295.9516809345576,3.8366720766013267,0.0004997501249375312,19200,19200,0.5577431639999304,,,,
S2,0.7,38400,123,3.1512759483024806,301.65014023232857,16.99491910613072,0.0004997501249375312,310.3271570242819,3.814158702528075,0.0004997501249375312,20160,19200,0.5408301840002423,,,,
S2,0.7,38400,124,3.0963082021760715,298.3582470496671,16.43128508705098,0.0004997501249375312,326.5435770941148,3.838580676926089,0.0004997501249375312,19968,19584,0.6433120970000346,,,,
S2,0.7,38400,125,3.0118500088158626,289.98425450382115,16.18457383808341,0.0004997501249375312,323.28730424198363,3.8422877717778077,0.0004997501249375312,19200,19200,0.6085077960001399,,,,
S2,0.7,38400,126,3.091890025738897,298.733033086674,16.806130878122307,0.0004997501249375312,314.4051779819331,3.8943473255262373,0.0004997501249375312,19200,19200,0.5493097700000362,,,,
S2,0.7,38400,127,3.2163444672136254,288.53724778059075,17.268704923357202,0.0004997501249375312,293.23808340680745,3.723843698112603,0.0004997501249375312,19776,19200,0.5626892180002869,,,,
S2,0.7,38400,128,3.230675653284349,321.1488810228915,17.151322216083216,0.0004997501249375312,340.34529673952835,3.839439152928236,0.0004997501249375312,19776,19776,0.6128768250000576,,,,
S2,0.7,38400,129,3.2992895000033355,310.9229735018974,17.213692278007194,0.0004997501249375312,316.02559701616315,3.8029617760501786,0.0004997501249375312,19968,19200,0.6255410970002231,,,,
S2,0.7,38400,130,3.0751416305232495,288.4880769117523,16.262601493439124,0.0004997501249375312,299.9520801232267,3.7784077289687574,0.0004997501249375312,21120,19968,0.5418590300000687,,,,
S2,0.7,38400,131,3.221304941330751,313.9484108300553,16.641195882270242,0.0004997501249375312,324.7894338833533,3.840904496081618,0.0004997501249375312,21120,19968,0.5578121190001184,,,,
S2,0.7,38400,132,2.996448057470883,286.7414202847935,16.19492271905086,0.0004997501249375312,296.90225163639155,3.7471342632653117,0.0004997501249375312,21120,19584,0.6105629680000675,,,,
S2,0.7,38400,133,3.1629488979711744,309.9481915130185,16.219581738629504,0.0004997501249375312,349.7854594814019,3.6739796089143337,0.0004997501249375312,21120,19200,0.6902643389998957,,,,
S2,0.7,38400,134,2.8571571810509777,278.94944365817383,15.387421859696902,0.0004997501249375312,300.88794152550844,3.7808825273590916,0.0004997501249375312,20160,19776,0.6655170869998983,,,,
S2,0.7,38400,135,3.0592749450865,278.0801434131648,16.23341655713354,0.0004997501249375312,282.8035281889213,3.8512866503645564,0.0004997501249375312,22848,19968,0.6746225679999043,,,,
S2,0.7,38400,136,3.1950339811402735,299.4656803057989,17.16023750050981,0.0004997501249375312,304.7974564786876,3.754098223701953,0.0004997501249375312,19584,19584,0.56036856000037,,,,
S2,0.7,38400,137,3.17870003718081,320.5844221797909,17.105082293435288,0.0004997501249375312,321.56277242178004,3.86396344586736,0.0004997501249375312,21120,19200,0.5479453670000112,,,,
S2,0.7,38400,138,3.047952106699165,273.3244700371848,16.508018342337994,0.0004997501249375312,295.9479774557347,3.7651500158022557,0.0004997501249375312,19968,19968,0.5515089799996531,,,,
S2,0.7,38400,139,3.2932970936022743,301.07779300849023,17.15586914546881,0.0004997501249375312,304.432206142083,3.6933276117177343,0.0004997501249375312,19968,19200,0.5598608120003519,,,,
S2,0.7,38400,140,3.0553710666476417,290.4269885419044,16.2934214194799,0.0004997501249375312,310.04961988813324,3.866716115542337,0.0004997501249375312,20544,19968,0.640229368999826,,,,
S2,0.7,38400,141,3.01562854974354,274.34766166036417,16.67384416431293,0.0004997501249375312,289.85002639514624,3.6957617460601355,0.0004997501249375312,20160,19200,0.6107703080001556,,,,
S2,0.7,38400,142,3.2516640079344117,317.39207636843213,17.231446175583248,0.0004997501249375312,323.12075469811583,3.843351699079917,0.0004997501249375312,20928,19392,0.6428297890001886,,,,
S2,0.7,38400,143,3.2227761310010408,319.14508673459807,17.55309634937166,0.0004997501249375312,336.256807932981,3.930986603785813,0.0004997501249375312,20736,19584,0.6508472489999804,,,,
S2,0.7,38400,144,3.137739755819156,296.8445693612797,16.451241940447964,0.0004997501249375312,310.5568419945494,3.717233501006073,0.0004997501249375312,19584,19392,0.5424978150003881,,,,
S2,0.7,38400,145,2.996984349349361,284.43286266350697,16.079067408143615,0.0004997501249375312,289.87947692301356,3.9057744148777016,0.0004997501249375312,20160,19776,0.5540350659998694,,,,
S2,0.7,38400,146,3.2115270587153777,287.05224381077204,16.977328880716115,0.0004997501249375312,296.0542755196204,3.7929619099276257,0.0004997501249375312,20160,19200,0.5620188500001859,,,,
S2,0.7,38400,147,3.024508894840817,292.91415975256984,16.1350385603486,0.0004997501249375312,326.39653865414135,3.870878462082787,0.0004997501249375312,19584,19392,0.5584849459996803,,,,
S2,0.7,38400,148,3.028328016013681,293.88278948528824,15.97215432687201,0.0004997501249375312,303.3474201352026,3.8001197025954743,0.0004997501249375312,23040,19200,0.6528651070002525,,,,
S2,0.7,38400,149,3.306418816307751,302.23054476356594,17.3540052098666,0.0004997501249375312,312.6542959542956,3.792522795226543,0.0004997501249375312,19200,19200,0.6790999180002473,,,,
S2,0.7,38400,150,3.2678221574776516,328.18891870322204,17.101809032480645,0.0004997501249375312,344.38160461963844,3.9098288101446497,0.0004997501249375312,19200,19200,0.6839182159997108,,,,
S2,0.7,38400,151,3.2705013293023795,322.1812469422225,17.26549970252648,0.0004997501249375312,328.62572368585126,3.7051075937415483,0.0004997501249375312,20352,19200,0.6394814240002233,,,,
S2,0.7,38400,152,3.254547315311643,318.01643585097275,16.8679631447332,0.0004997501249375312,326.4151571347528,3.822894808905902,0.0004997501249375312,21696,19392,0.5689820420002434,,,,
S2,0.7,38400,153,3.1173553239923306,290.05270939675665,16.851175250971767,0.0004997501249375312,294.3619815021331,3.942867195133079,0.0004997501249375312,21696,19584,0.5582520250000016,,,,
S2,0.7,38400,154,3.013622115116749,318.89817761679893,16.228187148041,0.0004997501249375312,337.6782402595833,3.924264487090241,0.0004997501249375312,19776,19200,0.5505136479996509,,,,
S2,0.7,38400,155,3.206798944351815,303.9415294014984,16.641591440882564,0.0004997501249375312,313.3039371533067,3.851058076838665,0.0004997501249375312,19584,19584,0.5599537469997813,,,,
S2,0.7,38400,156,3.1478347394036605,316.13668500005474,16.52718709914099,0.0004997501249375312,337.4380745124546,3.8151257161000527,0.0004997501249375312,19200,19200,0.6218824049997238,,,,
S2,0.7,38400,157,3.2317946345024335,356.5359465843497,16.989267647191085,0.0004997501249375312,361.3316540690946,3.753210901012118,0.0004997501249375312,20160,19584,0.6355819030000021,,,,
S2,0.7,38400,158,3.120298935829587,320.85614973442097,16.787402413050156,0.0004997501249375312,343.2728181233915,3.7116561369081826,0.0004997501249375312,20160,19584,0.5482610670001122,,,,
S2,0.7,38400,159,3.268188803593317,326.22732027899195,17.6770843566025,0.0004997501249375312,325.8712489077323,3.9595278015835587,0.0004997501249375312,20352,19968,0.5640507649995925,,,,
S2,0.7,38400,160,3.1506061101171285,303.55926384230776,16.40431167368163,0.0004997501249375312,317.1400311923149,3.765891155368296,0.0004997501249375312,19584,19584,0.6433741030000419,,,,
S2,0.7,38400,161,3.1586914488478492,287.340284800478,17.20517706092626,0.0004997501249375312,302.1467368855328,3.86181699100465,0.0004997501249375312,19584,19584,0.6733258710000882,,,,
S2,0.7,38400,162,3.0727804860917582,270.12565052737705,16.347852346780037,0.0004997501249375312,280.1742803856184,3.845757962092658,0.0004997501249375312,21120,19200,0.5607629129999623,,,,
S2,0.7,38400,163,3.146860830209763,293.31722773987525,16.799895886439245,0.0004997501249375312,298.91802658244615,3.8788694936561123,0.0004997501249375312,20544,19200,0.5559205119998296,,,,
S2,0.7,38400,164,3.336797635019402,309.719942445952,17.672656883050067,0.0004997501249375312,312.26961186649726,3.836851083918122,0.0004997501249375312,19584,19200,0.6661133020002126,,,,
S2,0.7,38400,165,3.234056690328585,312.4473947844728,17.064545857446756,0.0004997501249375312,318.8497535093293,3.845411081584607,0.0004997501249375312,21312,19200,0.6829315360000692,,,,
S2,0.7,38400,166,3.3034375247925305,328.50819624043294,17.395765299732762,0.0004997501249375312,353.8163099357882,3.6750958662998854,0.0004997501249375312,19776,19392,0.5665465989995937,,,,
S2,0.7,38400,167,3.23718294543913,313.8033424819029,17.153024183050686,0.0004997501249375312,317.71739475656335,3.7394603907336306,0.0004997501249375312,20160,19200,0.5767571050000697,,,,
S2,0.7,38400,168,3.0375245487909712,302.50800273947465,16.09385234340853,0.0004997501249375312,330.84147901090415,3.8882910958945867,0.0004997501249375312,20928,19392,0.673919160999958,,,,
S2,0.7,38400,169,2.955573327329548,277.6140758718222,15.899982911306715,0.0004997501249375312,312.52378195566195,3.7997241718640047,0.0004997501249375312,19392,19392,0.6471014630001264,,,,
S2,0.7,38400,170,3.2805362001192764,327.78348151308876,16.995194946067127,0.0004997501249375312,344.55067711471884,3.7252257880515813,0.0004997501249375312,19200,19200,0.575277183000253,,,,
S2,0.7,38400,171,3.244728554201038,301.2004706049282,16.9700666738059,0.0004997501249375312,305.29985525074585,3.801610891295519,0.0004997501249375312,19200,19200,0.5676647650002451,,,,
S2,0.7,38400,172,3.2371886639833622,308.5912177836496,16.720734288052977,0.0004997501249375312,320.37457466053246,3.8141917145034343,0.0004997501249375312,21504,19200,0.6514447740000833,,,,
S2,0.7,38400,173,3.117804203504362,295.50613392981404,16.32106024366602,0.0004997501249375312,314.2011885937043,3.7616012018674043,0.0004997501249375312,19200,19200,0.6462117320002108,,,,
S2,0.7,38400,174,3.0119840690858797,269.49688164070824,16.391671921713225,0.0004997501249375312,273.30711555594394,3.854029635528655,0.0004997501249375312,20928,19200,0.5560367790003511,,,,
S2,0.7,38400,175,3.110389655347119,320.46017644431976,16.58400392711981,0.0004997501249375312,335.4283226083574,3.8495645390346147,0.0004997501249375312,20160,19392,0.5546286339999824,,,,
S2,0.7,38400,176,2.9643094887047465,307.2696815949924,16.179049400287155,0.0004997501249375312,317.7704109177184,3.78723512646623,0.0004997501249375312,21504,19584,0.6344362820000242,,,,
S2,0.7,38400,177,2.991617648093339,294.3046329752349,16.180045196426803,0.0004997501249375312,310.49734181409957,3.8086872595439254,0.0004997501249375312,19200,19200,0.6499330599999666,,,,
S2,0.7,38400,178,3.0984662553360396,296.1837642982885,16.660956131602376,0.0004997501249375312,320.0409150987776,3.8414250835161643,0.0004997501249375312,21312,19200,0.6580609460002051,,,,
S2,0.7,38400,179,3.1132637440631696,307.5349186189975,16.42603240627487,0.0004997501249375312,315.97759622840783,3.8497713261182804,0.0004997501249375312,20544,19392,0.6115023570000631,,,,
S2,0.7,38400,180,3.2786839080935146,299.6949911760085,17.120188150270657,0.0004997501249375312,301.0305854712088,3.7845406535916717,0.0004997501249375312,19776,19200,0.5600831599999765,,,,
S2,0.7,38400,181,3.2664699550694745,326.93516784845826,17.189069251939607,0.0004997501249375312,332.59179272558924,3.96210246387275,0.0004997501249375312,19200,19200,0.7534184119999736,,,,
S2,0.7,38400,182,3.2148836164587333,294.4358252807635,16.643339058044102,0.0004997501249375312,306.6787778657131,3.7784285055665787,0.0004997501249375312,19776,19200,0.6368044730002111,,,,
S2,0.7,38400,183,2.993734085438901,298.9234708758705,16.334353237764226,0.0004997501249375312,334.203159302765,3.7973599028580196,0.0004997501249375312,19392,19392,0.8529856320001272,,,,
S2,0.7,38400,184,3.101753808213952,301.8531335024725,16.80614448294777,0.0004997501249375312,316.75609709327307,3.8636494110251194,0.0004997501249375312,19584,19392,0.5546715150003365,,,,
S2,0.7,38400,185,3.0200670681833057,286.244030088985,16.292284460304362,0.0004997501249375312,312.07644370582176,3.871810565117779,0.0004997501249375312,19392,19392,0.5516613600002529,,,,
S2,0.7,38400,186,3.1926786192019994,289.463312556297,16.87501969429219,0.0004997501249375312,297.37086170292,3.765275082009075,0.0004997501249375312,20928,19392,0.5568281329997262,,,,
S2,0.7,38400,187,3.0745271541820394,310.5450739147868,16.373906262399743,0.0004997501249375312,327.1685771642306,3.785180243750098,0.0004997501249375312,19584,19392,0.5512729510001009,,,,
S2,0.7,38400,188,3.148278869918064,328.4273232483866,16.498893338321572,0.0004997501249375312,356.94066764624176,3.9034447479794205,0.0004997501249375312,20544,19392,0.8823256700002275,,,,
S2,0.7,38400,189,2.8998029681984456,268.7532016415787,15.553951851600473,0.0004997501249375312,290.471021478402,3.8555664590771332,0.0004997501249375312,19200,19392,0.715026348000265,,,,
S2,0.7,38400,190,2.9867560442839083,296.91423378756537,16.021241528380223,0.0004997501249375312,321.4226578716126,3.854770400739605,0.0004997501249375312,19392,19200,0.546964071000275,,,,
S2,0.7,38400,191,3.049397197550583,299.51958914285655,16.358032503033606,0.0004997501249375312,318.249346550265,3.89255279304245,0.0004997501249375312,20352,19584,0.5580976330002159,,,,
S2,0.7,38400,192,3.2709454389535617,291.3585023940385,17.184032042285033,0.0004997501249375312,305.2951053632105,3.8417247514503927,0.0004997501249375312,19200,19200,0.8554620340000838,,,,
S2,0.7,38400,193,2.98779545822714,272.70591720507866,16.080149172527996,0.0004997501249375312,306.47674543818806,3.937506962399761,0.0004997501249375312,19200,19200,0.8455802889998267,,,,
S2,0.7,38400,194,3.2223882026437525,287.2258607078178,16.764652484896153,0.0004997501249375312,297.3190599463868,3.7643689645406067,0.0004997501249375312,20736,19392,0.5626022619999276,,,,
S2,0.7,38400,195,3.0939646049465424,294.944038908017,16.2287042282628,0.0004997501249375312,311.00633517618996,3.862153911011,0.0004997501249375312,19392,19392,0.5555669069999567,,,,
S2,0.7,38400,196,3.1236660934520595,279.7339917335525,16.495673371404756,0.0004997501249375312,298.4106423220542,3.857278287501722,0.0004997501249375312,22080,19776,0.5508729489997677,,,,
S2,0.7,38400,197,3.1954716244614003,325.8057732118857,16.65805220116066,0.0004997501249375312,340.0543018787281,3.80307578884903,0.0004997501249375312,19200,19584,0.5596103819998461,,,,
S2,0.7,38400,198,3.2311546312362966,312.5865764958827,17.010948110718207,0.0004997501249375312,325.8185526351135,3.859428778596336,0.0004997501249375312,19392,19392,0.8333081529999617,,,,
S2,0.7,38400,199,3.3110008107164455,325.75878694452456,17.555095325746404,0.0004997501249375312,345.06948439474246,3.8046869794112217,0.0004997501249375312,20352,19200,0.8650623080002333,,,,
S2,0.7,38400,200,3.0373892317985005,283.64312039480967,16.23626881260291,0.0004997501249375312,300.59603934061914,3.7842267930860505,0.0004997501249375312,22272,19200,0.5576494619999721,,,,
S2,0.7,38400,201,3.071951370301045,277.4565397020546,16.421607253390867,0.0004997501249375312,285.3278607344085,3.8344207198038402,0.0004997501249375312,19392,19392,0.5477487009998185,,,,
S2,0.7,38400,202,3.2447611137593095,332.02120563350627,16.800309674167035,0.0004997501249375312,351.15603067924803,3.758524576334312,0.0004997501249375312,19392,19200,0.5657884900001591,,,,
S2,0.7,38400,203,3.1315570233355436,263.60996885013583,16.676709427852455,0.0004997501249375312,281.74448341770335,3.8471292321209734,0.0004997501249375312,19584,19584,0.5508027920000131,,,,
S2,0.7,38400,204,3.1823419446996386,320.128955469346,16.930696456745725,0.0004997501249375312,338.41019202109123,3.8518046549234657,0.0004997501249375312,19200,19200,0.5605694949999815,,,,
S2,0.7,38400,205,3.0753206857931006,302.0987307770156,16.52115456186439,0.0004997501249375312,317.1683160874489,3.8487125201137333,0.0004997501249375312,19200,19392,0.5506214080000973,,,,
S2,0.7,38400,206,3.0054098762888,300.8671632036059,16.211899502188476,0.0004997501249375312,320.1759836234358,3.941270335819888,0.0004997501249375312,21504,19584,0.5576303400002871,,,,
S2,0.7,38400,207,3.1342125478119107,262.1158598261775,16.663709362072748,0.0004997501249375312,260.7484160292969,3.770527372357856,0.0004997501249375312,19392,19200,0.550618509999822,,,,
S2,0.7,38400,208,3.208651132933882,298.6073515873616,17.103204241884317,0.0004997501249375312,315.3506006817481,3.84906530312191,0.0004997501249375312,19392,19392,0.8397359820000929,,,,
S2,0.7,38400,209,3.1345748269617117,287.2253598186048,16.637155588696867,0.0004997501249375312,305.37339994628394,3.8937871155332315,0.0004997501249375312,20160,19584,0.8821863110001686,,,,
S2,0.7,38400,210,3.2554501639413136,297.98212453738245,16.69382293724375,0.0004997501249375312,319.082356993103,3.762385043661798,0.0004997501249375312,19968,19584,0.7724102749998565,,,,
S2,0.7,38400,211,3.013143157182254,291.52477841536404,16.225588394451393,0.0004997501249375312,299.85269065394857,3.947755931905264,0.0004997501249375312,20736,19584,0.8593678020001789,,,,
S2,0.7,38400,212,3.1858308187719566,310.7417480367923,17.055755639457132,0.0004997501249375312,322.4174078632909,3.7276881425335513,0.0004997501249375312,22080,19392,0.545837709999887,,,,
S2,0.7,38400,213,3.2357168949907003,341.9817724177444,17.4013035183135,0.0004997501249375312,332.4306633434514,3.783539169796948,0.0004997501249375312,20352,19200,0.5501782479996109,,,,
S2,0.7,38400,214,3.1357079829395773,325.12389629261895,16.908988469787207,0.0004997501249375312,347.7273754076186,3.788435234794939,0.0004997501249375312,19776,19200,0.5460724380000102,,,,
S2,0.7,38400,215,3.0781387735107724,302.3439243100369,16.628010430656413,0.0004997501249375312,309.8874818342072,3.751765075074727,0.0004997501249375312,20736,19968,0.5464465380000547,,,,
S2,0.7,38400,216,3.0653883235048274,282.76733217607983,16.553908487401824,0.0004997501249375312,295.75014464072416,3.857080316870687,0.0004997501249375312,19776,19200,0.8803979190001883,,,,
S2,0.7,38400,217,3.3780209634354064,341.1438387221188,17.56938494493162,0.0004997501249375312,320.34442718131476,3.845632034317747,0.0004997501249375312,20352,19392,0.8825521290000324,,,,
S2,0.7,38400,218,3.1654566325618387,300.059223422657,16.76262662859258,0.0004997501249375312,302.26145679132065,3.8286533227398087,0.0004997501249375312,19584,19392,0.551328384000044,,,,
S2,0.7,38400,219,3.2288687276676113,306.9041044535311,16.875243113996177,0.0004997501249375312,327.04781731602316,3.778271213629296,0.0004997501249375312,19200,19584,0.5547961880001822,,,,
S2,0.7,38400,220,3.039250565562373,278.2685363765927,16.318135900184664,0.0004997501249375312,293.3956767791797,3.8190522841114123,0.0004997501249375312,19776,19584,0.8370541250001224,,,,
S2,0.7,38400,221,3.178494378683793,278.0244539668331,16.65308315685091,0.0004997501249375312,296.16549094716487,3.8210098995254698,0.0004997501249375312,19200,19200,0.8481035439999687,,,,
S2,0.7,38400,222,3.2146446829456194,297.03118997020897,17.082587898461657,0.0004997501249375312,311.8985812932788,3.8336660027391236,0.0004997501249375312,19584,19200,0.5630834389999109,,,,
S2,0.7,38400,223,3.2296532203398476,336.0614905353526,16.96889054557741,0.0004997501249375312,351.83363024111065,3.7841499913003265,0.0004997501249375312,19776,19200,0.5688049770001271,,,,
S2,0.7,38400,224,3.1115706539619836,290.12517984770676,16.402443841164672,0.0004997501249375312,307.7535354843813,3.8470430871769694,0.0004997501249375312,20352,19584,0.8001995469999201,,,,
S2,0.7,38400,225,3.23893891679504,306.5960526860285,17.359701088398147,0.0004997501249375312,313.79387205509164,3.8156937601625964,0.0004997501249375312,19584,19200,0.555997386999934,,,,
S2,0.7,38400,226,3.09432369204208,287.95398813529374,16.502387436885094,0.0004997501249375312,314.1507677907891,3.9122738311417886,0.0004997501249375312,20352,19200,0.544942534999791,,,,
S2,0.7,38400,227,3.1934366473478004,307.185212576627,16.993947564288113,0.0004997501249375312,316.62748105794606,3.881107131479001,0.0004997501249375312,19200,19200,0.6449551199998496,,,,
S2,0.7,38400,228,3.1230798782651132,318.67909824129464,16.26192501104993,0.0004997501249375312,316.7652234954614,3.8264498900761463,0.0004997501249375312,19392,19584,0.8709618850002698,,,,
S2,0.7,38400,229,2.9610637907912554,279.54811776650797,15.805191826237802,0.0004997501249375312,303.50530333678813,3.876519245502345,0.0004997501249375312,19968,19200,0.8806295009999303,,,,
S2,0.7,38400,230,3.1079676626317334,307.62629668102016,16.526538756953453,0.0004997501249375312,328.37157533411914,3.82024979560099,0.0004997501249375312,19392,19392,0.5454394150001463,,,,
S2,0.7,38400,231,3.1524569483304843,310.90897884799176,16.426857451783277,0.0004997501249375312,329.1952076153399,3.783263872998984,0.0004997501249375312,19392,19392,0.5448992659999021,,,,
S2,0.7,38400,232,3.307278339979402,319.2418645159819,17.39563914961388,0.0004997501249375312,325.01823210571644,3.8836918387264467,0.0004997501249375312,19392,19392,0.5617843939999148,,,,
S2,0.7,38400,233,3.223194388821261,316.522272942825,16.99452877055875,0.0004997501249375312,324.99429019360656,3.8010822175912753,0.0004997501249375312,21696,19584,0.5819819969997297,,,,
S2,0.7,38400,234,3.142748042498605,304.64436266201835,16.592843297951923,0.0004997501249375312,306.9987170849938,3.8633049521267266,0.0004997501249375312,19776,19584,0.878162070000144,,,,
S2,0.7,38400,235,3.1669394303510034,306.10902801185864,16.18261359110297,0.0004997501249375312,313.3961014832548,3.803763667416028,0.0004997501249375312,20736,19200,0.8655167390002134,,,,
S2,0.7,38400,236,3.350386903680408,305.55181415799586,17.297886147811038,0.0004997501249375312,310.70174257028236,3.757397280793484,0.0004997501249375312,20544,19200,0.8907287219999489,,,,
S2,0.7,38400,237,3.2687367532845153,328.5558762950438,17.154647335647347,0.0004997501249375312,342.1008575385715,3.8801777439067466,0.0004997501249375312,19584,19200,0.8592733209998187,,,,
S2,0.7,38400,238,3.016409707786574,292.19952383435924,16.153915781509188,0.0004997501249375312,315.3415430800698,3.78415249900343,0.0004997501249375312,20160,19200,0.5784695459997238,,,,
S2,0.7,38400,239,3.028524721474466,294.36361131810145,16.36196371297691,0.0004997501249375312,324.54435252619396,3.7290658712669558,0.0004997501249375312,19200,19200,0.654596076999951,,,,
S2,0.7,38400,240,3.190624574370124,289.28647729703596,16.68603078480418,0.0004997501249375312,291.4555496174185,3.861026858496636,0.0004997501249375312,22464,19200,0.8614940409997871,,,,
S2,0.7,38400,241,3.2480527504254093,299.4067827873465,17.187698743785145,0.0004997501249375312,313.7762268808861,3.7571897103164438,0.0004997501249375312,19200,19200,0.8774870249999367,,,,
S2,0.7,38400,242,3.3173061098917356,329.3800258297451,17.259415700738987,0.0004997501249375312,329.46168337425416,3.825244456615663,0.0004997501249375312,19392,19392,0.6696124430000054,,,,
S2,0.7,38400,243,3.0899465557452706,276.3697836582786,16.201148509195505,0.0004997501249375312,290.9298283587202,3.791708269892211,0.0004997501249375312,19968,19584,0.6529781859999275,,,,
S2,0.7,38400,244,3.060774067373545,291.5463112890352,16.208791288347598,0.0004997501249375312,309.9990880255781,3.809149694670146,0.0004997501249375312,19968,19200,0.8766835460000948,,,,
S2,0.7,38400,245,2.9907871242971567,297.97292980797664,15.945450831337043,0.0004997501249375312,314.7199373935574,3.834611933619242,0.0004997501249375312,20352,19200,0.8636154229998283,,,,
S2,0.7,38400,246,3.1743967186751982,311.59254180954576,16.908955528360305,0.0004997501249375312,330.308118238034,3.873594747973662,0.0004997501249375312,19200,19584,0.6326012200001969,,,,
S2,0.7,38400,247,3.097792100543264,318.9673116561643,16.513046503542856,0.0004997501249375312,343.16778358249667,3.8154337157113023,0.0004997501249375312,19392,19392,0.6384479010002906,,,,
S2,0.7,38400,248,3.2187066289641075,322.65332201007493,16.891831158997533,0.0004997501249375312,323.9178864018349,3.811541395270656,0.0004997501249375312,20352,19200,0.6517315169999165,,,,
S2,0.7,38400,249,3.0477811531178918,289.9521552652489,16.08769830624735,0.0004997501249375312,314.23721382462054,3.787715234049945,0.0004997501249375312,20160,19200,0.6753419669998948,,,,
S2,0.7,38400,250,3.1873065610619453,299.43782414471383,16.65668468622623,0.0004997501249375312,309.7571110586866,3.8629696432019034,0.0004997501249375312,19392,19392,0.8354094479996093,,,,
S2,0.7,38400,251,3.1775387521458054,296.7239458619845,16.932073237032355,0.0004997501249375312,304.6831216381132,3.7948650986975987,0.0004997501249375312,20160,19200,0.8952961639997739,,,,
S2,0.7,38400,252,2.9565836533430434,298.4693933003115,15.64524259284772,0.0004997501249375312,314.2410397513849,3.7856322719405453,0.0004997501249375312,19200,19200,0.6032913349999944,,,,
S2,0.7,38400,253,3.2527213262224524,293.5806254319479,17.287004984541465,0.0004997501249375312,290.4611197551481,3.831678329605697,0.0004997501249375312,20544,19392,0.685038048000024,,,,
S2,0.7,38400,254,3.1245941411795295,297.9685496951987,16.521053955533606,0.0004997501249375312,306.279208279739,3.8249220791865373,0.0004997501249375312,19200,19200,0.9017877500000395,,,,
S2,0.7,38400,255,3.115211968700052,299.23162191544696,16.213982656078215,0.0004997501249375312,320.8752572557264,3.8554166396855445,0.0004997501249375312,19776,19200,0.8857087269998374,,,,
S2,0.7,38400,256,3.182505280692799,302.13340173375127,17.08853572663669,0.0004997501249375312,301.3999185490094,3.853097291957485,0.0004997501249375312,19584,19584,0.6873939100000825,,,,
S2,0.7,38400,257,3.3014910336414323,331.403406104951,16.92488615077203,0.0004997501249375312,341.56143865232565,3.761497085751579,0.0004997501249375312,21504,19200,0.6259186309998768,,,,
S2,0.7,38400,258,3.081464236499011,284.49446742516056,16.362149227985775,0.0004997501249375312,300.6066914169174,3.819454947014925,0.0004997501249375312,21504,19776,0.679730703000132,,,,
S2,0.7,38400,259,3.179348737817617,316.9702228327108,16.646342126198856,0.0004997501249375312,331.1475709838719,3.947225851998391,0.0004997501249375312,20736,19392,0.6769931220001126,,,,
S2,0.7,38400,260,2.9242350837223356,274.2606540126758,15.904862365307812,0.0004997501249375312,300.8264384032137,3.9040801097483415,0.0004997501249375312,19200,19392,0.7456685610000022,,,,
S2,0.7,38400,261,3.071730998981468,300.34653296379116,16.553989420250602,0.0004997501249375312,320.892425554558,3.82124156249344,0.0004997501249375312,20544,19392,0.5609044530001484,,,,
S2,0.7,38400,262,3.0066801413397943,285.29151724871537,16.22075958874926,0.0004997501249375312,303.4851941554018,3.9283442783988987,0.0004997501249375312,22080,19200,0.8545708629999353,,,,
S2,0.7,38400,263,3.24858023794926,315.55658727200966,17.32730719831933,0.0004997501249375312,333.7253234841592,3.7922664730836466,0.0004997501249375312,19968,19584,0.8618886680001197,,,,
S2,0.7,38400,264,3.204936303372878,321.8808477397831,16.690491417545637,0.0004997501249375312,328.0850457691393,3.8426112880533188,0.0004997501249375312,20160,19200,0.6674692279998453,,,,
S2,0.7,38400,265,3.014921464060349,314.61262262101,16.317782622929037,0.0004997501249375312,339.0830887274407,3.8423526083744606,0.0004997501249375312,19200,19200,0.6771721939999225,,,,
S2,0.7,38400,266,3.083988975660168,314.58579550802676,16.75652255669012,0.0004997501249375312,323.9220529792538,3.7938924954363364,0.0004997501249375312,19584,19392,0.6829163010002048,,,,
S2,0.7,38400,267,3.00498456732438,287.99151850842435,16.149503059438924,0.0004997501249375312,328.8146352739205,3.920850737237536,0.0004997501249375312,19392,19392,0.6814406650000819,,,,
S2,0.7,38400,268,3.174800331567549,319.78922088296576,16.769817514661373,0.0004997501249375312,347.8340074953861,3.9438841892128766,0.0004997501249375312,20928,19200,0.5682408479997321,,,,
S2,0.7,38400,269,3.306921785989739,313.448446754477,17.588043807048695,0.0004997501249375312,323.7342906443335,3.8027825629559167,0.0004997501249375312,19392,19200,0.5691831089998232,,,,
S2,0.7,38400,270,3.152303369988546,299.711517812029,16.703189244680694,0.0004997501249375312,336.02545665357746,3.7487984583552048,0.0004997501249375312,19584,19392,0.8865560280000864,,,,
S2,0.7,38400,271,3.2344772176647263,305.01582326649253,17.262586714560943,0.0004997501249375312,322.67127177283515,3.7761287051316184,0.0004997501249375312,19392,19200,0.8420903530000032,,,,
S2,0.7,38400,272,3.161689728998543,332.160849128102,16.893538112233454,0.0004997501249375312,343.02282309135535,3.890313439744061,0.0004997501249375312,19392,19392,0.6684701429999222,,,,
S2,0.7,38400,273,3.0959797928474355,308.6531518462294,16.519348883859355,0.0004997501249375312,320.8855645504186,3.9310540724009337,0.0004997501249375312,19584,19584,0.55831129399985,,,,
S2,0.7,38400,274,3.1194453396586654,296.9665582021178,16.8069564556626,0.0004997501249375312,303.2626940544392,3.90470494233119,0.0004997501249375312,19584,19584,0.6188694719999148,,,,
S2,0.7,38400,275,3.139766687924069,296.313138394126,16.424502899979913,0.0004997501249375312,314.37883527003316,3.7347044803489426,0.0004997501249375312,19200,19200,0.5415483659999154,,,,
S2,0.7,38400,276,3.1571190381540295,311.6469867465746,16.671656370980315,0.0004997501249375312,318.40478558076416,3.8064098869392278,0.0004997501249375312,20160,19968,0.5625933710002755,,,,
S2,0.7,38400,277,3.2461853343892653,324.64733807583406,17.066949543381476,0.0004997501249375312,333.37136535251256,3.825300596087558,0.0004997501249375312,19392,19200,0.5618806649999897,,,,
S2,0.7,38400,278,3.17339290113399,297.3590614615252,17.103069371074714,0.0004997501249375312,300.88764231458117,3.8709124600256266,0.0004997501249375312,20736,19200,0.545187597000222,,,,
S2,0.7,38400,279,3.256692417451575,302.8916366739231,17.208955000050093,0.0004997501249375312,298.7281698828169,3.8291646555548438,0.0004997501249375312,20736,19200,0.5836667200001102,,,,
S2,0.7,38400,280,3.0336519329123783,326.2469020286684,16.432585219889198,0.0004997501249375312,345.81166527625226,3.8876013549816526,0.0004997501249375312,21888,19200,0.5598834980000902,,,,
S2,0.7,38400,281,3.143220122476359,298.3261079419729,16.567049767659086,0.0004997501249375312,314.9574078824062,3.794442864709433,0.0004997501249375312,21888,19392,0.8645859399998699,,,,
S2,0.7,38400,282,2.9558381113931564,274.257847716288,16.1271650063807,0.0004997501249375312,303.1838032419776,3.856391845068077,0.0004997501249375312,19200,19200,0.8544350899996971,,,,
S2,0.7,38400,283,3.154802943256895,313.7913771027111,16.476123121060464,0.0004997501249375312,322.7028123277646,3.8534415855228437,0.0004997501249375312,21888,19776,0.8737445159999879,,,,
S2,0.7,38400,284,3.0577588754827167,291.5159753540259,16.33458427013172,0.0004997501249375312,304.55033836396075,3.8943274103649945,0.0004997501249375312,20928,20160,0.5669538339998326,,,,
S2,0.7,38400,285,3.2526515151641457,327.02252895820664,17.045892394310137,0.0004997501249375312,348.55756102690134,3.708876200152894,0.0004997501249375312,19392,19200,0.624586693999845,,,,
S2,0.7,38400,286,3.122719883229048,312.6851857697294,16.442563491938117,0.0004997501249375312,329.69193926577634,3.9149412116888764,0.0004997501249375312,20160,19392,0.611766765000084,,,,
S2,0.7,38400,287,3.031410059147117,287.2647361811298,16.142967514015012,0.0004997501249375312,290.20283819475077,3.8223445022327964,0.0004997501249375312,23232,19200,0.6159043369998471,,,,
S2,0.7,38400,288,3.029961525401631,295.111555010439,16.32205685456571,0.0004997501249375312,324.4242964967901,3.9598164297301683,0.0004997501249375312,19200,19392,0.8465677529998175,,,,
S2,0.7,38400,289,3.1336861378595846,286.3091930464886,16.802561308229564,0.0004997501249375312,300.686483336721,3.8026701503611613,0.0004997501249375312,19584,19392,0.9047092910000174,,,,
S2,0.7,38400,290,2.960455746311417,276.9383159760866,15.956914773503287,0.0004997501249375312,296.3528923607438,3.7840822840906814,0.0004997501249375312,20160,19776,0.8702089739999792,,,,
S2,0.7,38400,291,3.131937422320039,288.3131189706488,16.391802188407055,0.0004997501249375312,296.7746636208102,3.685085628699609,0.0004997501249375312,19392,19392,0.9165389139998297,,,,
S2,0.7,38400,292,3.2141987464195085,292.4720931485858,17.05448632294071,0.0004997501249375312,314.08116954527964,3.7642181019080914,0.0004997501249375312,19776,19776,0.5910908139999265,,,,
S2,0.7,38400,293,3.334769194851467,297.6677855303703,16.98591998916032,0.0004997501249375312,294.7131948228166,3.807851993539191,0.0004997501249375312,20160,19200,0.5538433490000898,,,,
S2,0.7,38400,294,3.1611746219348964,287.0331910663168,16.70531065792155,0.0004997501249375312,306.53850987642795,3.8179467762527985,0.0004997501249375312,19200,19584,0.5460096649999286,,,,
S2,0.7,38400,295,3.24420748277788,310.4054168537863,16.85715635589553,0.0004997501249375312,324.7339984495463,3.870456254921088,0.0004997501249375312,19584,19200,0.5551514359999601,,,,
S2,0.7,38400,296,3.2235901952168287,331.7561614659352,16.976805038010554,0.0004997501249375312,347.974873906653,3.7918920717783706,0.0004997501249375312,19776,19392,0.9231847519999974,,,,
S2,0.7,38400,297,3.2167843582727644,303.12802571414517,17.168738605350715,0.0004997501249375312,307.5938230535179,3.888846105303041,0.0004997501249375312,22848,19200,0.8993277280001166,,,,
S2,0.7,38400,298,3.125511224971287,285.63979288362606,16.71238881825849,0.0004997501249375312,283.09187959299715,4.011795502582528,0.0004997501249375312,20544,19392,0.9336367179998888,,,,
S2,0.7,38400,299,2.97531145847225,264.0513528276478,15.95464028490612,0.0004997501249375312,275.7927850500227,3.801493027500121,0.0004997501249375312,21888,19200,0.8933154930000455,,,,
S2,0.7,38400,300,3.205746870623664,290.176431260545,16.698989917680766,0.0004997501249375312,305.96882562157356,3.8606737981437833,0.0004997501249375312,21888,19200,0.5529340350003622,,,,
S2,0.7,38400,301,3.0069865895728713,294.8464194629932,16.321252167783918,0.0004997501249375312,318.98643353630223,3.852283659031294,0.0004997501249375312,20736,19392,0.5476163349999297,,,,
S2,0.7,38400,302,3.1859504605071236,331.2011814303429,16.66377540804251,0.0004997501249375312,331.06421709830425,3.7837596177069113,0.0004997501249375312,21120,19392,0.8454368580000846,,,,
S2,0.7,38400,303,3.023477124391757,290.35043798659586,16.193276722173138,0.0004997501249375312,305.7091063161725,3.896429244900052,0.0004997501249375312,21312,19392,0.8476308320000498,,,,
S2,0.7,38400,304,3.287931908942613,308.541553357639,17.11236868758117,0.0004997501249375312,307.60474004579976,3.773599348723163,0.0004997501249375312,20160,19584,0.8727955690001181,,,,
S2,0.7,38400,305,3.0678305736246743,311.8936173001229,16.68314884089753,0.0004997501249375312,317.71077458085387,3.887367967119122,0.0004997501249375312,21312,19392,0.8987978010000006,,,,
S2,0.7,38400,306,3.1798071824391614,282.29349446425516,17.124672502036805,0.0004997501249375312,296.50086941907324,3.939583781798382,0.0004997501249375312,20160,19392,0.8756601340000998,,,,
S2,0.7,38400,307,3.211428409016447,305.1456017092107,16.996742894875503,0.0004997501249375312,318.753808489014,3.830864786778406,0.0004997501249375312,19200,19200,0.8753949269998884,,,,
S2,0.7,38400,308,3.151037048284697,311.6598873170648,16.862889641180494,0.0004997501249375312,321.228897214492,3.8580277675465897,0.0004997501249375312,19584,19584,0.5531438090001757,,,,
S2,0.7,38400,309,3.1861005611362603,311.64156159535423,16.443790807933585,0.0004997501249375312,324.3288893340886,3.7062410176869696,0.0004997501249375312,20544,19584,0.5576874880002833,,,,
S2,0.7,38400,310,3.101035140890609,297.5587342883797,16.622534558182927,0.0004997501249375312,306.2510509692665,3.8266816578610854,0.0004997501249375312,20160,19200,0.869035742000051,,,,
S2,0.7,38400,311,3.0774648223014442,305.80034728887426,15.9672317240125,0.0004997501249375312,330.066312368704,3.789104544208929,0.0004997501249375312,20928,19584,0.8652726240002266,,,,
S2,0.7,38400,312,3.236323459301117,300.6571368615149,16.769847087739016,0.0004997501249375312,297.87507001795666,3.863067429753172,0.0004997501249375312,20352,19584,0.893579045000024,,,,
S2,0.7,38400,313,3.2933038300953004,308.69930546169377,17.43947797502822,0.0004997501249375312,318.01120071671824,3.7894741397293243,0.0004997501249375312,19392,19200,0.9215077030003158,,,,
S2,0.7,38400,314,3.1155786772675342,309.9544278958632,16.5776663172666,0.0004997501249375312,318.2833955368168,3.948249771767186,0.0004997501249375312,19200,19200,0.904527304000112,,,,
S2,0.7,38400,315,2.96359557429639,301.95684794859403,15.565727454320735,0.0004997501249375312,330.37414829818823,3.8348300982374472,0.0004997501249375312,19200,19200,0.897704485000304,,,,
S2,0.7,38400,316,3.319565883551765,320.68403305765526,17.422129909994645,0.0004997501249375312,318.7663594143607,3.6902318805599945,0.0004997501249375312,21696,19584,0.5549750990003304,,,,
S2,0.7,38400,317,3.119662192304905,272.99006356559516,16.462990084813164,0.0004997501249375312,286.4378219629669,3.7585835989389644,0.0004997501249375312,19200,19392,0.5806093500000316,,,,
S2,0.7,38400,318,3.356055427059965,318.4152856728516,17.320632321872385,0.0004997501249375312,324.94479730227056,3.7904299557338046,0.0004997501249375312,22080,19392,0.8844813890000296,,,,
S2,0.7,38400,319,2.9951738830754997,268.6685097968734,16.061853086154642,0.0004997501249375312,297.5481496609154,3.8515229886273565,0.0004997501249375312,19200,19200,0.5380053140002019,,,,
S2,0.7,38400,320,3.055806527765658,294.52182752116755,16.466783816745345,0.0004997501249375312,288.6012067698881,3.8701217296310007,0.0004997501249375312,21504,19392,0.9082911119999153,,,,
S2,0.7,38400,321,3.324326741783881,294.2486710197386,17.662092586144947,0.0004997501249375312,305.26866684339944,3.7846235573472824,0.0004997501249375312,19200,19392,0.8707648300000983,,,,
S2,0.7,38400,322,3.2057082373361334,310.9038824498457,16.55006408123313,0.0004997501249375312,329.2763547255526,3.80587476243351,0.0004997501249375312,19776,19776,0.9269349679998413,,,,
S2,0.7,38400,323,3.0079678992951058,269.26058779727646,16.190504274165313,0.0004997501249375312,281.37099150389326,3.938442276516441,0.0004997501249375312,19584,19584,0.7256513520001135,,,,
S2,0.7,38400,324,3.1813039525417453,310.3672165844529,16.667433258901802,0.0004997501249375312,315.84719986701543,3.7803657920074083,0.0004997501249375312,19200,19200,0.5950174230001721,,,,
S2,0.7,38400,325,3.2821092294786114,308.64325232026437,17.232219727306433,0.0004997501249375312,318.1376351120823,3.799345167203319,0.0004997501249375312,21312,19584,0.6009773150003639,,,,
S2,0.7,38400,326,3.1605588146371244,307.76199007397776,16.461274297170153,0.0004997501249375312,323.19874508697524,3.7745067010672293,0.0004997501249375312,21504,19200,0.7966118849999475,,,,
S2,0.7,38400,327,3.2454867942307937,284.299811497678,17.11878613456017,0.0004997501249375312,285.09403739541176,3.8324172251190842,0.0004997501249375312,19200,19200,0.8879956249998031,,,,
S2,0.7,38400,328,3.180725839871182,301.16591642217276,16.928323528248296,0.0004997501249375312,318.9278248860189,3.805783641763859,0.0004997501249375312,19584,19392,0.8936438079999789,,,,
S2,0.7,38400,329,3.0573987322504896,288.5361917657566,16.6159375639729,0.0004997501249375312,311.8538773014091,3.8150710198582307,0.0004997501249375312,19776,19584,0.893088257999807,,,,
S2,0.7,38400,330,3.176777205099022,314.9353459705391,16.652992408236372,0.0004997501249375312,330.3845686689528,3.7817141886310823,0.0004997501249375312,20544,19200,0.5510940219996883,,,,
S2,0.7,38400,331,3.1076157447472452,309.4687505157575,16.669884077811712,0.0004997501249375312,323.7475561809499,3.7771606396544746,0.0004997501249375312,23232,19968,0.5491366329997618,,,,
S2,0.7,38400,332,3.2458475237643047,284.8681367100251,16.976367743118068,0.0004997501249375312,294.92793064588176,3.829138874063534,0.0004997501249375312,19776,19392,0.8459441560003143,,,,
S2,0.7,38400,333,3.019621060434164,295.15049994728435,15.92785994908566,0.0004997501249375312,312.6097118020284,3.9158578401521362,0.0004997501249375312,20928,19776,0.8499260759999743,,,,
S2,0.7,38400,334,3.0636322231488835,320.63314242022784,16.401821369321855,0.0004997501249375312,323.53984137677645,3.8512053177746726,0.0004997501249375312,20928,19776,0.9422685939998701,,,,
S2,0.7,38400,335,3.233709401671288,294.77659062423163,16.892730641038437,0.0004997501249375312,298.58216462758804,3.8319973083810908,0.0004997501249375312,19968,19200,0.9129518269996879,,,,
S2,0.7,38400,336,3.075116000783604,295.8062660643539,16.20213977634083,0.0004997501249375312,304.9461676698,3.875695201620643,0.0004997501249375312,19776,19968,0.9257090249998328,,,,
S2,0.7,38400,337,3.1630455569886844,331.7922740980614,16.90486517596216,0.0004997501249375312,347.84521047233494,3.8122071991495283,0.0004997501249375312,19776,19584,0.9021248930002912,,,,
S2,0.7,38400,338,3.14775342933256,306.2811055602917,16.875511432370377,0.0004997501249375312,310.581165072262,3.7780838177004195,0.0004997501249375312,19584,19584,0.5452553739996802,,,,
S2,0.7,38400,339,3.3298126371476062,310.518415559568,17.05719129846568,0.0004997501249375312,306.34098578013436,3.8148409796748752,0.0004997501249375312,19200,19200,0.5608514949999517,,,,
S2,0.7,38400,340,3.211235142324928,320.83115449894495,16.78990001128381,0.0004997501249375312,333.7652049519878,3.7491135027523317,0.0004997501249375312,20544,19200,0.8709692339998583,,,,
S2,0.7,38400,341,3.0899942300180783,312.5897765231514,16.417176110915307,0.0004997501249375312,342.31185735076485,3.8342738542404438,0.0004997501249375312,19200,19392,0.6823745090000557,,,,
S2,0.7,38400,342,3.1986432647077496,324.92366730421776,17.028348423332158,0.0004997501249375312,328.2164855013596,3.765828485819587,0.0004997501249375312,20160,19200,0.7568413640001381,,,,
S2,0.7,38400,343,3.355336384740379,323.1393130698503,17.59297105292184,0.0004997501249375312,349.1031260595548,3.754156203363883,0.0004997501249375312,19584,19200,0.5650310659998468,,,,
S2,0.7,38400,344,3.183094926075712,285.13935032519964,17.188495450522126,0.0004997501249375312,287.55014314041176,3.7555254387101114,0.0004997501249375312,21312,19392,0.8429803250000987,,,,
S2,0.7,38400,345,2.9822779068229073,263.64809556855033,16.187296580890035,0.0004997501249375312,271.38130919727195,3.894925125448662,0.0004997501249375312,19968,19200,0.8478625419998025,,,,
S2,0.7,38400,346,3.113419932026527,298.03111298886796,16.52928750578116,0.0004997501249375312,309.37144077749133,3.6876028444600855,0.0004997501249375312,19584,19584,0.565832987000249,,,,
S2,0.7,38400,347,3.2541859873604535,300.6592353329568,17.295252575348915,0.0004997501249375312,319.23482769202417,3.8008593464649265,0.0004997501249375312,19968,19584,0.5562926239999797,,,,
S2,0.7,38400,348,3.290923656694251,313.4096604395422,17.15099691605678,0.0004997501249375312,316.2030517487958,3.8063543652391174,0.0004997501249375312,20928,19200,0.5542686190001405,,,,
S2,0.7,38400,349,3.20062611746083,322.7509434523362,16.870542387668035,0.0004997501249375312,345.69640895462027,3.897256438890916,0.0004997501249375312,19776,19200,0.5622065409997958,,,,
S2,0.7,38400,350,3.3145978145062065,302.06613603065136,17.267004978905884,0.0004997501249375312,309.72837725521936,3.7982678115727397,0.0004997501249375312,19776,19776,0.5533529809999891,,,,
S2,0.7,38400,351,2.9809993707081475,311.033233013738,16.12216011052401,0.0004997501249375312,334.82813703708314,3.9183805372555773,0.0004997501249375312,19584,19392,0.5523649319998185,,,,
S2,0.7,38400,352,3.0725228573309074,303.7993611760646,16.50957465846886,0.0004997501249375312,316.80129545765374,3.762085832067356,0.0004997501249375312,20160,20160,0.8702195669998218,,,,
S2,0.7,38400,353,2.943604767782676,278.75859458297606,16.13015662103161,0.0004997501249375312,280.76751354313836,3.8385062806885735,0.0004997501249375312,20544,19200,0.8555259839999962,,,,
S2,0.7,38400,354,3.0604831519386178,298.39406584034657,16.272445740729918,0.0004997501249375312,328.0124864155099,3.8490164201675237,0.0004997501249375312,20544,19392,0.5627673860003597,,,,
S2,0.7,38400,355,3.156709629057107,313.74985071495576,16.82561196886794,0.0004997501249375312,325.86158594989695,3.789311820166267,0.0004997501249375312,20352,19968,0.6393699609998293,,,,
S2,0.7,38400,356,3.03936706069804,294.4124368521581,16.216422932688328,0.0004997501249375312,317.2784857988205,3.682441921848792,0.0004997501249375312,19776,19200,0.5650074800000766,,,,
S2,0.7,38400,357,3.229713066845346,310.2784269977078,17.147336660816514,0.0004997501249375312,316.6406923090862,3.7011347746956873,0.0004997501249375312,19968,19968,0.6116564330000074,,,,
S2,0.7,38400,358,3.1899175582957784,304.9695799172355,16.748084416409657,0.0004997501249375312,326.1420824273707,3.747525293296205,0.0004997501249375312,19200,19200,0.5518711489999077,,,,
S2,0.7,38400,359,3.2139988900141283,317.19342744392804,16.455009942843095,0.0004997501249375312,336.0124829380122,3.7516459751218054,0.0004997501249375312,19200,19200,0.5683193190002385,,,,
S2,0.7,38400,360,3.209537565329329,317.61186116697684,16.953407765964926,0.0004997501249375312,324.2308975800647,3.7672923896979937,0.0004997501249375312,19584,19584,0.620564929000011,,,,
S2,0.7,38400,361,3.154612564287615,302.5462611782842,16.74269085243354,0.0004997501249375312,328.7381548734357,3.7303231958773426,0.0004997501249375312,19968,19584,0.8592314000002261,,,,
S2,0.7,38400,362,2.9667999132645684,297.8937006623451,16.368417885591533,0.0004997501249375312,324.60680194349413,3.78353570303442,0.0004997501249375312,20160,19968,0.8132296529997802,,,,
S2,0.7,38400,363,3.0414469477987467,293.50547187400974,16.50669828088204,0.0004997501249375312,295.86971205635746,3.8581981330968493,0.0004997501249375312,22464,19200,0.5504904680001346,,,,
S2,0.7,38400,364,3.143490584850098,293.2867929117018,16.439498028512272,0.0004997501249375312,316.83982314493744,3.8488780200426094,0.0004997501249375312,20160,19776,0.6163391330001105,,,,
S2,0.7,38400,365,3.0290703961230623,301.32280948225673,16.224815280994076,0.0004997501249375312,302.7137714695123,3.7964015065289347,0.0004997501249375312,24000,19392,0.5524231039998995,,,,
S2,0.7,38400,366,3.0603939422698945,277.536514272645,16.43348998138813,0.0004997501249375312,296.46436301479054,3.9323574773246963,0.0004997501249375312,19392,19392,0.591219189000185,,,,
S2,0.7,38400,367,3.124899134796484,296.597023293652,16.721432216318664,0.0004997501249375312,330.5985847142077,3.7970735672431797,0.0004997501249375312,22080,19200,0.555060745999981,,,,
S2,0.7,38400,368,3.0700860632226132,306.4572267635368,16.428636220180245,0.0004997501249375312,315.472052806225,3.830110478456587,0.0004997501249375312,19968,19392,0.7505519229998754,,,,
S2,0.7,38400,369,3.082070123265177,303.7446028378458,16.21855211759947,0.0004997501249375312,336.9715800488136,3.933331715327899,0.0004997501249375312,19392,19392,0.5495748989997082,,,,
S2,0.7,38400,370,3.0514875082722073,264.9476041682526,16.425751201482303,0.0004997501249375312,280.12024251639025,3.921837299697124,0.0004997501249375312,19392,19392,0.5501689450002232,,,,
S2,0.7,38400,371,3.0848391522874534,302.8195637375859,16.435807058623617,0.0004997501249375312,305.38911464163596,3.8236759111839045,0.0004997501249375312,19200,19200,0.5463750899998558,,,,
S2,0.7,38400,372,3.1353634730086752,296.27281258417497,16.24550941014411,0.0004997501249375312,314.80630196792976,3.8979433946304343,0.0004997501249375312,19200,19200,0.544221541999832,,,,
S2,0.7,38400,373,3.0224449945395397,295.55643747767414,16.703302329668,0.0004997501249375312,323.4659853999803,3.7782220678946956,0.0004997501249375312,20544,19584,0.5580925650001518,,,,
S2,0.7,38400,374,3.0648441728792633,274.27087040032836,16.263481028189037,0.0004997501249375312,297.43695888200597,3.800495418142104,0.0004997501249375312,19584,19200,0.5466382800000247,,,,
S2,0.7,38400,375,3.090614084051273,285.0552948354171,16.813812432073686,0.0004997501249375312,297.6771792854935,3.723928400185799,0.0004997501249375312,21312,19200,0.5508327789998475,,,,
S2,0.7,38400,376,3.3218167545022217,303.829786005631,17.52551331977494,0.0004997501249375312,300.00791975713963,3.803442081278648,0.0004997501249375312,21504,19392,0.5542480180001803,,,,
S2,0.7,38400,377,3.0468679144145696,273.74224168609686,16.520505007039237,0.0004997501249375312,289.0559904961495,3.8766896554953822,0.0004997501249375312,20160,19584,0.5573837199999616,,,,
S2,0.7,38400,378,3.1478745055203725,287.5885332981548,16.44046377275599,0.0004997501249375312,308.70615154641433,3.801484045805566,0.0004997501249375312,19584,19392,0.5387783820001459,,,,
S2,0.7,38400,379,3.3407725378942548,324.805754525658,17.788408151031604,0.0004997501249375312,320.7235729972697,3.7697036114751032,0.0004997501249375312,21120,19392,0.5626171500002783,,,,
S2,0.7,38400,380,3.0490803346812876,277.2788311283488,16.209427783446802,0.0004997501249375312,286.38635185348824,3.802666005684619,0.0004997501249375312,19968,19392,0.5465495130001727,,,,
S2,0.7,38400,381,3.0712526901658976,285.741238577897,16.51755889561225,0.0004997501249375312,296.49829836573986,3.876850959015725,0.0004997501249375312,19584,19200,0.5460242389999621,,,,
S2,0.7,38400,382,3.1534596587750277,335.9567060239982,16.649436063401417,0.0004997501249375312,357.621343007308,3.8684026744730224,0.0004997501249375312,19200,19776,0.5507403229999,,,,
S2,0.7,38400,383,3.059834382746637,318.2317098305656,16.34828087999856,0.0004997501249375312,352.46927084733073,3.856895444022041,0.0004997501249375312,19968,19392,0.5519749430000047,,,,
S2,0.7,38400,384,3.2257501088928366,271.4019641521402,17.118969600889194,0.0004997501249375312,278.82987770255374,3.864120850645072,0.0004997501249375312,19392,19584,0.541472191000139,,,,
S2,0.7,38400,385,3.1248227000918205,304.07482767868476,16.622911475435828,0.0004997501249375312,311.0304948602549,3.8790664762503937,0.0004997501249375312,20352,19968,0.5488665349998882,,,,
S2,0.7,38400,386,3.0800097907966704,277.4856697448103,16.455376376475176,0.0004997501249375312,303.87833530019645,3.8702269163519376,0.0004997501249375312,21120,19584,0.5404450450000695,,,,
S2,0.7,38400,387,3.325075260159929,328.3441546469163,17.42448797221605,0.0004997501249375312,330.76485199223373,3.7964221987632745,0.0004997501249375312,19200,19200,0.5483503059999748,,,,
S2,0.7,38400,388,3.141715685664992,286.72611224698113,16.575642117849085,0.0004997501249375312,303.408605290583,3.7710584394295554,0.0004997501249375312,19584,19200,0.5592977139999675,,,,
S2,0.7,38400,389,3.2973317890997937,299.6043273763405,17.32092830413889,0.0004997501249375312,311.31187517883546,3.8214952240583893,0.0004997501249375312,19200,19200,0.5624294429999281,,,,
S2,0.7,38400,390,3.072339016863215,282.39864652457135,16.46254422375774,0.0004997501249375312,317.61204736361566,3.8995033064591103,0.0004997501249375312,19776,19392,0.5499216270000034,,,,
S2,0.7,38400,391,3.3224335389653614,287.6341486182714,17.389733195387322,0.0004997501249375312,292.2799637339401,3.8328290929097157,0.0004997501249375312,19392,19392,0.5600961219997771,,,,
S2,0.7,38400,392,2.9929448532096066,296.9142727362973,16.251128858677774,0.0004997501249375312,317.54651356103403,3.9801616513560587,0.0004997501249375312,19392,19200,0.5534812129999409,,,,
S2,0.7,38400,393,3.0038019346013294,270.6062306702048,16.370422189583138,0.0004997501249375312,302.2519399415197,3.8536867254003475,0.0004997501249375312,19392,19392,0.5570726629998717,,,,
S2,0.7,38400,394,3.0686715102858964,296.9903029532958,16.143447796214012,0.0004997501249375312,313.5313572861928,3.841999865617156,0.0004997501249375312,19200,19200,0.5574293280001257,,,,
S2,0.7,38400,395,3.177082834059476,311.13123818221027,17.047912151995867,0.0004997501249375312,327.50516658431104,3.788453009920836,0.0004997501249375312,19200,19392,0.5540846940002666,,,,
S2,0.7,38400,396,2.995385063519543,261.09598351082184,15.997048146730167,0.0004997501249375312,291.8539381166673,3.7133749428761442,0.0004997501249375312,19200,19200,0.5487750209999831,,,,
S2,0.7,38400,397,3.067929576983191,293.2833874740311,16.270037735603534,0.0004997501249375312,304.04107638876644,3.828449744319064,0.0004997501249375312,19200,19392,0.5626524240001345,,,,
S2,0.7,38400,398,3.1566260153108594,296.9161072902551,16.604077591000273,0.0004997501249375312,307.14855354592913,3.7564942554941254,0.0004997501249375312,19200,19200,0.545644460999938,,,,
S2,0.7,38400,399,3.19352062796648,261.3833251701724,16.640958959346445,0.0004997501249375312,272.4022253050551,3.8133441418304486,0.0004997501249375312,20352,19008,0.5500813369999378,,,,
S2,0.7,38400,400,3.0620160787182917,287.09146916617954,16.01977121958793,0.0004997501249375312,303.83394099890216,3.834378159212987,0.0004997501249375312,19200,19200,0.5535571880000134,,,,
S2,0.7,38400,401,3.2510088051151618,310.1176173237265,17.17585296609025,0.0004997501249375312,315.18112698889365,3.8130823288015083,0.0004997501249375312,20544,19200,0.5704045350003071,,,,
S2,0.7,38400,402,2.977275763983578,258.7275058637911,16.121160609811774,0.0004997501249375312,291.06695709836106,4.0126054771128175,0.0004997501249375312,19392,19200,0.5594079649999912,,,,
S2,0.7,38400,403,3.266450653026365,319.9928768938535,17.16372158312836,0.0004997501249375312,319.0510024404044,3.9194841508914062,0.0004997501249375312,19392,19200,0.5607958679997864,,,,
S2,0.7,38400,404,3.195725743009152,296.0093269743221,16.980624445865683,0.0004997501249375312,297.7771217508698,3.865386377172345,0.0004997501249375312,20160,19200,0.5576186350003809,,,,
S2,0.7,38400,405,3.156249711114453,308.104325049699,16.42973995043288,0.0004997501249375312,314.1150277271409,3.8857094523630322,0.0004997501249375312,19968,19776,0.5825663010000426,,,,
S2,0.7,38400,406,3.0306778155111465,294.30391510385004,16.183706310960865,0.0004997501249375312,308.81305543408473,3.879328434715013,0.0004997501249375312,19392,19200,0.5555393949998688,,,,
S2,0.7,38400,407,3.156621621358622,289.15426528397916,16.78628783860728,0.0004997501249375312,299.60297121449486,3.788712118370675,0.0004997501249375312,21888,19392,0.5591561480000564,,,,
S2,0.7,38400,408,3.0521573225532577,263.9814631964962,16.52592746358565,0.0004997501249375312,273.4397969600279,3.8585220869440042,0.0004997501249375312,19392,19200,0.5535377020000851,,,,
S2,0.7,38400,409,3.0058990989933108,285.48357478953596,16.049305463472248,0.0004997501249375312,306.0733419918654,3.780984302214065,0.0004997501249375312,19776,19584,0.5482888579999781,,,,
S2,0.7,38400,410,3.2601696233920756,308.36150768282954,17.32371744475397,0.0004997501249375312,316.4789572528059,3.832895177335327,0.0004997501249375312,20928,19392,0.5663101210002424,,,,
S2,0.7,38400,411,2.9543418910698658,294.34723063791165,16.100327415497247,0.0004997501249375312,318.87290795281154,3.8596827302818832,0.0004997501249375312,19584,19200,0.5470709609999176,,,,
S2,0.7,38400,412,3.0966523170518157,306.539316532718,16.865988181681576,0.0004997501249375312,320.74679703641357,3.849677826209399,0.0004997501249375312,19200,19200,0.5437445419997857,,,,
S2,0.7,38400,413,3.2114661154935336,302.31199821910656,16.875142039297973,0.0004997501249375312,321.6905365755703,3.7443021224457316,0.0004997501249375312,19968,19776,0.5518979120001859,,,,
S2,0.7,38400,414,3.0143231483487742,303.37743905191087,15.842531590104132,0.0004997501249375312,298.09594041354035,3.8436069959885164,0.0004997501249375312,21696,20352,0.5447706310001195,,,,
S2,0.7,38400,415,2.913991990328304,284.8351559097829,16.079269212585118,0.0004997501249375312,308.01949082416184,3.8415520029295167,0.0004997501249375312,22272,19584,0.5376007130003018,,,,
S2,0.7,38400,416,3.1555313661974753,309.3771855152398,16.453537497268734,0.0004997501249375312,308.5582552524832,3.812305090901571,0.0004997501249375312,20544,19776,0.5553924649998407,,,,
S2,0.7,38400,417,3.0387458750914416,305.2131474586915,16.4248634045463,0.0004997501249375312,332.77902384886505,3.8633114455921715,0.0004997501249375312,19968,19584,0.5630483300001288,,,,
S2,0.7,38400,418,3.174117229499744,305.8582899723553,16.799864590701567,0.0004997501249375312,315.5788788937611,3.8308983306147995,0.0004997501249375312,20352,19200,0.5586082559998431,,,,
S2,0.7,38400,419,3.003692005000617,294.4246193367944,16.18416245749564,0.0004997501249375312,314.27022403289607,3.8074885712964472,0.0004997501249375312,20544,19776,0.5542104399996788,,,,
S2,0.7,38400,420,3.273494350445421,322.3369366837203,17.039537054153268,0.0004997501249375312,316.9151020517386,3.813256861164462,0.0004997501249375312,21888,19200,0.5689184240000031,,,,
S2,0.7,38400,421,3.209353682170048,318.59093955589543,17.15008474274637,0.0004997501249375312,328.65050138797204,3.808961543317208,0.0004997501249375312,19584,19584,0.5517713770000228,,,,
S2,0.7,38400,422,3.157614034778697,256.89242279773583,17.069796329756258,0.0004997501249375312,268.2367359945777,3.870837942259562,0.0004997501249375312,21696,19200,0.5614291239999147,,,,
S2,0.7,38400,423,2.9961250476957866,284.75690147749617,16.093331481307985,0.0004997501249375312,305.41569054762965,3.890449707885204,0.0004997501249375312,19200,19392,0.548790058999657,,,,
S2,0.7,38400,424,3.1180063750277904,292.78171860264183,16.648089042805786,0.0004997501249375312,306.47832434948765,3.7802165231783635,0.0004997501249375312,21120,19200,0.5505114050001794,,,,
S2,0.7,38400,425,3.0063955549904438,273.3492683332088,16.330227716221895,0.0004997501249375312,294.6470789376596,3.7956989678858792,0.0004997501249375312,19200,19392,0.5467356640001526,,,,
S2,0.7,38400,426,3.2776659925852334,320.9182213953651,17.124722701142048,0.0004997501249375312,324.41390852332484,3.6839161332765467,0.0004997501249375312,19776,19200,0.561725712000225,,,,
S2,0.7,38400,427,3.2250177666250797,305.36877852318736,16.827376196267096,0.0004997501249375312,323.4250408359207,3.75287525862153,0.0004997501249375312,19968,19584,0.5559933620002084,,,,
S2,0.7,38400,428,3.2412654155231477,322.8669838044101,17.00424259056584,0.0004997501249375312,324.39346582144486,3.8715838729581176,0.0004997501249375312,22464,19200,0.5638879970001653,,,,
S2,0.7,38400,429,3.1183649461232723,303.4884936084915,16.85146735530646,0.0004997501249375312,310.21441788164486,3.7719823311041774,0.0004997501249375312,19392,19392,0.5432161870003256,,,,
S2,0.7,38400,430,3.3890739109252412,327.99670584964156,17.78393599994076,0.0004997501249375312,327.2119140707074,3.8390684993217623,0.0004997501249375312,19776,19200,0.5684076419997837,,,,
S2,0.7,38400,431,3.1157705437590524,303.5950513911781,16.099392598391614,0.0004997501249375312,327.6309197544468,3.7970295836813373,0.0004997501249375312,19392,20160,0.8849013229996672,,,,
S2,0.7,38400,432,3.068523524176577,271.95544877838245,16.21443764624289,0.0004997501249375312,291.670757077798,3.7884061864700747,0.0004997501249375312,19200,19200,0.5536076660000617,,,,
S2,0.7,38400,433,3.218793259583686,332.6068813636387,17.070963592561906,0.0004997501249375312,338.974721442659,3.8496313164974523,0.0004997501249375312,20352,19200,0.5517481580000094,,,,
S2,0.7,38400,434,3.004333414276533,284.2544250628957,15.63114158578886,0.0004997501249375312,299.53767340365675,3.8502260538990405,0.0004997501249375312,19584,19200,0.5567585060002784,,,,
S2,0.7,38400,435,3.2817758869570532,343.72830062264245,17.284681371190015,0.0004997501249375312,348.5823748443769,3.7329326005977106,0.0004997501249375312,20928,19776,0.5572032290001516,,,,
S2,0.7,38400,436,3.010577098206465,296.5793194036052,15.95655563670423,0.0004997501249375312,326.45604480102077,3.8042558676485325,0.0004997501249375312,19776,19776,0.55019838599992,,,,
S2,0.7,38400,437,3.2405785408197216,325.0523940009613,17.196202010726395,0.0004997501249375312,329.76788947666563,3.976549525953449,0.0004997501249375312,21312,19968,0.5494197170000916,,,,
S2,0.7,38400,438,3.1011157242172382,306.0576105501468,16.400635170055384,0.0004997501249375312,325.1336710528386,3.8945498713451885,0.0004997501249375312,19200,19776,0.8623356419998345,,,,
S2,0.7,38400,439,3.016626979513692,286.616188757228,15.990807491456538,0.0004997501249375312,303.3208459094711,3.8117364192914627,0.0004997501249375312,19968,19200,0.8443346419999216,,,,
S2,0.7,38400,440,3.2523283028300813,316.8209060111574,17.346600225154326,0.0004997501249375312,320.7496276060332,3.7801933663851885,0.0004997501249375312,20544,19392,0.5649918350000007,,,,
S2,0.7,38400,441,3.069053670500487,283.94316638280077,16.686775689490943,0.0004997501249375312,305.8351877924485,3.8748303340348453,0.0004997501249375312,19968,19200,0.5446607860003496,,,,
S2,0.7,38400,442,2.9466515241164317,263.42274228589065,15.871330123581139,0.0004997501249375312,280.5379777497032,3.9035520570775106,0.0004997501249375312,19392,19392,0.5386326789998748,,,,
S2,0.7,38400,443,3.094500666554625,321.4661351685379,16.568679795909645,0.0004997501249375312,330.5229583079749,3.8841975634337826,0.0004997501249375312,19200,19200,0.5489692790001754,,,,
S2,0.7,38400,444,3.093680731121517,295.05438816985867,16.408468091481993,0.0004997501249375312,307.4614009598065,3.7702100662600855,0.0004997501249375312,19392,19968,0.5492255219996878,,,,
S2,0.7,38400,445,3.193200505347418,295.150967784258,16.69633116072186,0.0004997501249375312,299.893152088926,3.7347265256103825,0.0004997501249375312,19200,19584,0.5485494559998187,,,,
S2,0.7,38400,446,3.1048720344587095,307.6298910664961,16.45214714857493,0.0004997501249375312,322.40412900030583,3.8172506950476572,0.0004997501249375312,20928,19200,0.8527919480002311,,,,
S2,0.7,38400,447,3.2291048561694655,309.1480814123153,16.99021487194737,0.0004997501249375312,296.4972952166751,3.8811793257057468,0.0004997501249375312,21888,19584,0.8520205999998325,,,,
S2,0.7,38400,448,3.142704863092936,293.0861073177106,16.502825139249726,0.0004997501249375312,308.7774255253369,3.845971111933523,0.0004997501249375312,19776,19200,0.5456726299998991,,,,
S2,0.7,38400,449,3.2175518432442702,302.150186173904,17.134242201275715,0.0004997501249375312,321.7709188148128,3.8817549110139633,0.0004997501249375312,19200,19200,0.5618541599997116,,,,
S2,0.7,38400,450,3.1844253508703635,289.8474520581353,16.719165714912016,0.0004997501249375312,295.9391956440694,3.768262058315594,0.0004997501249375312,19392,19200,0.5660731459997805,,,,
S2,0.7,38400,451,3.1803783950927853,284.9683135381354,16.734491270558983,0.0004997501249375312,287.5108198153547,3.7287438104293678,0.0004997501249375312,19392,19392,0.5527365259999897,,,,
S2,0.7,38400,452,2.9599918376759042,312.7708963512329,16.067870366143914,0.0004997501249375312,332.998248733469,3.804384996681408,0.0004997501249375312,19968,19584,0.5507098840002982,,,,
S2,0.7,38400,453,3.023680612725321,276.3877014632123,16.352037447176876,0.0004997501249375312,280.7929293768327,3.8907652320973165,0.0004997501249375312,23424,19200,0.5536821450000389,,,,
S2,0.7,38400,454,3.0765966399904277,278.1455856729588,16.592510818162673,0.0004997501249375312,294.4068252414309,3.7789115127024133,0.0004997501249375312,20160,19200,0.8441270309999709,,,,
S2,0.7,38400,455,3.0834937440142594,307.4663456394745,16.388729734743837,0.0004997501249375312,330.08863267717527,3.7777960121232343,0.0004997501249375312,19200,19200,0.8924735660002625,,,,
S2,0.7,38400,456,2.9379536838379865,288.0849654043757,15.685859040676052,0.0004997501249375312,307.8671315686895,3.881359765459751,0.0004997501249375312,22080,19200,0.572139516000334,,,,
S2,0.7,38400,457,3.2335428628192093,336.4646091905958,16.786766932508815,0.0004997501249375312,366.1728060747787,3.721686047367755,0.0004997501249375312,19392,19200,0.5472618680000778,,,,
S2,0.7,38400,458,2.998814853970715,312.05855810664303,16.419982531883228,0.0004997501249375312,331.53576257441483,3.826191994795622,0.0004997501249375312,19392,19200,0.5649120750003931,,,,
S2,0.7,38400,459,3.3357664259344246,332.8276537461285,17.51693151503337,0.0004997501249375312,330.15685378609885,3.741029173911688,0.0004997501249375312,21696,19776,0.5548207030001322,,,,
S2,0.7,38400,460,3.3541848226493345,314.10378933398147,16.93526331311357,0.0004997501249375312,305.2502212385163,3.7348492933213677,0.0004997501249375312,21504,19776,0.8892816739999034,,,,
S2,0.7,38400,461,2.8618875541131072,242.47765270364425,15.638293081081674,0.0004997501249375312,263.2879902826302,3.838858026290303,0.0004997501249375312,19200,19200,0.7840099069999269,,,,
S2,0.7,38400,462,3.0265885845217704,265.7491107874108,16.76914144751516,0.0004997501249375312,269.9323126008812,3.781181128361163,0.0004997501249375312,19200,19200,0.8368842370000493,,,,
S2,0.7,38400,463,3.1236756760497966,281.137588589973,16.608851022304535,0.0004997501249375312,300.3697564851654,3.9271277200409305,0.0004997501249375312,20160,19200,0.583231177000016,,,,
S2,0.7,38400,464,3.3672209146907703,320.3024144629711,17.230904389257635,0.0004997501249375312,326.1978764367347,3.7492548085061914,0.0004997501249375312,19392,19200,0.9129000170000836,,,,
S2,0.7,38400,465,3.108858779289096,309.3686019580609,16.328243692231837,0.0004997501249375312,320.5748826696927,3.774070047527958,0.0004997501249375312,20736,19584,0.8484476900002846,,,,
S2,0.7,38400,466,3.1774571642242515,319.2609844152853,16.926004421290415,0.0004997501249375312,328.5794295512115,3.8528389861999193,0.0004997501249375312,20352,19200,0.549961354000061,,,,
S2,0.7,38400,467,3.2465555864597246,300.2132107765073,17.284371914456994,0.0004997501249375312,306.3745276557526,3.888645697635225,0.0004997501249375312,19584,19200,0.5575309089999791,,,,
S2,0.7,38400,468,3.045118460852268,280.32692184129644,16.052822879089057,0.0004997501249375312,307.6595173081727,3.781884717128679,0.0004997501249375312,19200,19200,0.5396917440002653,,,,
S2,0.7,38400,469,3.317004824614556,300.2457777251213,17.367828512176388,0.0004997501249375312,300.32254356122513,3.781986682755425,0.0004997501249375312,19968,19968,0.5573107059999529,,,,
S2,0.7,38400,470,3.363553130906464,330.8450436511123,17.619526909871517,0.0004997501249375312,330.86156037733895,3.7831551564852184,0.0004997501249375312,19200,19584,0.6954212529999495,,,,
S2,0.7,38400,471,3.0792889616254335,312.0735959526572,16.350864658669593,0.0004997501249375312,317.01490543444993,3.8194074935552775,0.0004997501249375312,21120,19968,0.8733320349997484,,,,
S2,0.7,38400,472,2.9196282057779497,268.94862810333785,15.635762103658639,0.0004997501249375312,295.2564133657451,3.7889701707518695,0.0004997501249375312,21504,19200,0.8520642900002713,,,,
S2,0.7,38400,473,3.171511896643785,320.7872117675081,16.54261032879714,0.0004997501249375312,328.6051239058467,3.967597174432794,0.0004997501249375312,19392,19200,0.8433181129998957,,,,
S2,0.7,38400,474,3.0781504826100274,304.23753100255624,16.466046021103715,0.0004997501249375312,320.63144855155764,3.8321640606831107,0.0004997501249375312,19200,19200,0.5515210280000247,,,,
S2,0.7,38400,475,3.2501416751008096,327.12984464747666,17.05528350172711,0.0004997501249375312,335.0037465023009,3.769279512828182,0.0004997501249375312,19968,19392,0.5647259589995883,,,,
S2,0.7,38400,476,3.1064705117813234,271.9432264385561,16.38887370105512,0.0004997501249375312,288.6188797656359,3.776510415291686,0.0004997501249375312,19968,19200,0.5592440549999083,,,,
S2,0.7,38400,477,3.2989311566969777,321.6707558791652,17.179781976661715,0.0004997501249375312,326.3643214540168,3.6860689363796872,0.0004997501249375312,20928,19200,0.558557232000112,,,,
S2,0.7,38400,478,3.1786319499518334,315.01986099584917,16.764147651336877,0.0004997501249375312,320.76623153508314,3.8202658024170275,0.0004997501249375312,19968,19968,0.8516442350000943,,,,
S2,0.7,38400,479,3.1707833611544696,305.13873559401026,17.163704603148332,0.0004997501249375312,329.28963406495,3.8287675974010353,0.0004997501249375312,21120,19392,0.7474674059999415,,,,
S2,0.7,38400,480,3.2604321989254954,295.95128261380984,17.02124042887285,0.0004997501249375312,296.3803403628469,3.8196081007648095,0.0004997501249375312,20928,19776,0.8486525430002985,,,,
S2,0.7,38400,481,2.9681479323643467,280.70834949687213,15.80819499968068,0.0004997501249375312,304.4838941103722,3.8250488399780926,0.0004997501249375312,19968,19968,0.8468238880000172,,,,
S2,0.7,38400,482,3.233785705621314,307.2409711590811,17.3960815677476,0.0004997501249375312,309.46915900940047,3.8640885618640555,0.0004997501249375312,19392,19392,0.841051206999964,,,,
S2,0.7,38400,483,3.054733815856765,285.7402760570497,16.911493092264667,0.0004997501249375312,301.3775034237608,3.900379923180451,0.0004997501249375312,19392,19584,0.8786736040001415,,,,
S2,0.7,38400,484,3.2073753772018203,287.5123533699565,16.872562335950914,0.0004997501249375312,292.4393068795789,3.8670077079021405,0.0004997501249375312,19200,19200,0.5625923679999687,,,,
S2,0.7,38400,485,3.1041666694937473,270.77371557023184,16.01801564335244,0.0004997501249375312,289.8000269629749,3.866899342600962,0.0004997501249375312,19200,19200,0.6236075479996543,,,,
S2,0.7,38400,486,3.2359218225459117,321.5584437931028,16.69096906524833,0.0004997501249375312,328.0825855013513,3.7577495235281386,0.0004997501249375312,22272,19776,0.8400737480001226,,,,
S2,0.7,38400,487,3.3619596622115995,329.598109314216,17.30430188528707,0.0004997501249375312,324.49061357652647,3.7536975272645687,0.0004997501249375312,19200,19200,0.9019264949997705,,,,
S2,0.7,38400,488,3.219859926440531,290.53680234625,17.05513724063777,0.0004997501249375312,297.4398506225924,3.757509743613457,0.0004997501249375312,20544,19392,0.626446130000204,,,,
S2,0.7,38400,489,2.975948151147263,309.97062093592535,16.072608008968082,0.0004997501249375312,319.429177868531,3.9660680760681375,0.0004997501249375312,20736,20352,0.5664461379997192,,,,
S2,0.7,38400,490,3.108010873948967,317.99115536906623,16.544968322073927,0.0004997501249375312,327.75910985840534,3.8539789597585052,0.0004997501249375312,19584,19584,0.8814475330000278,,,,
S2,0.7,38400,491,3.1162112551369785,322.6858879481455,16.78360173701528,0.0004997501249375312,337.29705180887674,3.890191894682653,0.0004997501249375312,19200,19200,0.8565398069999901,,,,
S2,0.7,38400,492,3.14951061034826,283.976591691183,16.69079727889172,0.0004997501249375312,303.1084547755825,3.8264882396671935,0.0004997501249375312,19200,19200,0.5728139039997586,,,,
S2,0.7,38400,493,2.993446052621209,280.24503011747873,16.0879363935236,0.0004997501249375312,312.6108850246251,3.864051962100489,0.0004997501249375312,20544,19200,0.5461739099996521,,,,
S2,0.7,38400,494,3.0276018218514413,285.21917273566373,16.268639646789794,0.0004997501249375312,296.000520146679,3.8850762026447607,0.0004997501249375312,19968,19776,0.5487693089999084,,,,
S2,0.7,38400,495,3.261868068167996,294.7222592809453,17.127474022844066,0.0004997501249375312,294.4664226562157,3.831661855650326,0.0004997501249375312,19200,19200,0.5555991710002672,,,,
S2,0.7,38400,496,3.229797402537625,323.61969725952804,16.92647091783605,0.0004997501249375312,334.19715504976097,3.885579872741896,0.0004997501249375312,19200,19200,0.8354403379998985,,,,
S2,0.7,38400,497,3.188378630475376,312.6244966407585,17.502708709287468,0.0004997501249375312,311.4230414509491,3.8090925053893265,0.0004997501249375312,19392,19584,0.8394590289999542,,,,
S2,0.7,38400,498,3.2459462978614426,307.8625270506903,17.09312325502292,0.0004997501249375312,313.0657385386335,3.790020607879795,0.0004997501249375312,20160,19776,0.8544844799998828,,,,
S2,0.7,38400,499,3.0779688602136575,288.2188146875917,16.323024722540723,0.0004997501249375312,304.98286108024706,3.7645537062622245,0.0004997501249375312,21120,19200,0.857611807000012,,,,
S2,0.9,600,0,3.055591732535375,14.266830591640685,16.207172871100344,0.11544227886056972,10.130985294888417,3.8713393435978363,0.0004997501249375312,516,321,0.5117037989998607,0.01,0.22,321,4.428150131000166
S2,0.9,600,1,3.2318836014849714,11.389097865311012,17.022526364911908,0.4307846076961519,8.638676858120634,3.8198421080085136,0.0004997501249375312,351,303,0.4836993540002368,0.01,0.56,351,4.4046946660000685
S2,0.9,600,2,3.1917842820028874,21.777370186364116,16.60648181658023,0.005497251374312844,18.78840091145264,3.753287707392265,0.0004997501249375312,423,309,0.5042408710000927,0.01,0.05,303,4.604143589999694
S2,0.9,600,3,3.100169780053009,15.262922914360658,16.614069109587195,0.08695652173913043,13.369502437332807,3.8410824444471054,0.0004997501249375312,537,309,0.5121558129999357,0.01,0.22,309,4.503984131999914
S2,0.9,600,4,3.1108600994999622,17.982697520190477,16.810195241816356,0.03248375812093953,16.97109747490418,3.8521902010461284,0.0004997501249375312,462,309,0.7842534179999348,0.01,0.1,312,7.90459188099976
S2,0.9,600,5,3.215793025260045,26.790689032869928,16.49373677416784,0.001999000499750125,16.7232134757841,3.8534863485838495,0.0004997501249375312,540,312,0.7527023090001421,0.01,0.01,300,4.637843764000081
S2,0.9,600,6,3.1768985584255347,17.925169161924185,16.832342082656517,0.030484757621189407,10.264756607207156,3.836807926460737,0.0004997501249375312,534,330,0.7572330570001213,0.04,0.09,390,6.253865962999953
S2,0.9,600,7,3.1108600994993556,18.046655398932003,16.722350211014646,0.029985007496251874,8.8839054927692,3.8242335107961845,0.0004997501249375312,438,309,0.5149422770000456,0.01,0.14,438,6.54148716499958
S2,0.9,600,8,3.246595957805632,23.6017350931524,17.12266619262147,0.001999000499750125,21.717235050035953,3.8032995398953724,0.0004997501249375312,342,321,0.48274191600012273,0.01,0.01,321,4.427472406000106
S2,0.9,600,9,3.163403446737631,26.442182367259242,17.09863515345038,0.0014992503748125937,17.547662458556804,3.959242899854231,0.0004997501249375312,525,300,0.48329113999989204,0.01,0.01,300,5.052485057000013
S2,0.9,600,10,3.086139298574276,18.819986997774457,16.149124236102306,0.015492253873063468,11.404249289904113,3.839948866487002,0.0004997501249375312,540,300,0.47767176700017444,0.02,0.09,303,7.842385878999721
S2,0.9,600,11,3.0312232020524736,16.032017494607473,16.46989183757983,0.06096951524237881,14.359065389115367,3.798288751389951,0.0004997501249375312,330,327,0.7381068730001061,0.01,0.14,327,7.880422825999631
S2,0.9,600,12,3.029928759044593,11.387578872512663,16.33303477693624,0.3538230884557721,6.5001272009827025,3.7435529092919904,0.001999000499750125,66,288,0.47459740199974476,0.05,0.47,297,4.401594093999847
S2,0.9,600,13,3.149823566155117,18.09491857153068,17.024023872224575,0.028985507246376812,11.793826301081758,3.8202535083526983,0.0004997501249375312,474,321,0.48362717200006955,0.01,0.07,339,4.429307937999965
S2,0.9,600,14,3.1745051863808347,22.57342164589815,16.592242521466932,0.004997501249375313,13.290509292179163,3.8049373064726955,0.0004997501249375312,537,318,0.7396228400002656,0.01,0.01,321,7.876885060999939
S2,0.9,600,15,3.200790845815584,26.288393371237937,17.435757310632322,0.0014992503748125937,18.977541714116004,3.834653725147375,0.0004997501249375312,537,312,0.7339159210000616,0.01,0.01,408,7.90266095700008
S2,0.9,600,16,3.106926449679207,15.325953342980723,16.393652868588475,0.079960019990005,8.032879851258567,3.8369236693176623,0.0009995002498750624,531,315,0.7534243029999743,0.06,0.18,315,7.910425214000043
S2,0.9,600,17,3.1917842820003153,24.605231881987653,17.14576329656724,0.001999000499750125,15.613492412211423,3.8908631124400945,0.0004997501249375312,540,306,0.7555606129999433,0.01,0.02,306,6.03736019400003
S2,0.9,600,18,3.2606004132899815,22.693455789490795,17.093756373288283,0.0034982508745627187,17.90607072245983,3.809197623274616,0.0004997501249375312,525,306,0.4835061199996744,0.01,0.02,357,4.4018631220001225
S2,0.9,600,19,3.1108600994990905,22.680078551054645,16.695173228424913,0.0034982508745627187,16.017707161641685,3.7835429099176077,0.0004997501249375312,465,312,0.48565553600019484,0.02,0.02,303,4.405701834999945
S2,0.9,600,20,3.152644217187114,29.438520602138432,16.61968386279098,0.0009995002498750624,26.267065904854398,3.778767463941195,0.0004997501249375312,441,303,0.7456534640000427,0.01,0.01,309,7.900830797999788
S2,0.9,600,21,3.198933377703282,16.35145112646983,16.729786333983025,0.059470264867566215,14.833931848230515,3.8915803651726435,0.0004997501249375312,312,303,0.7305278439998801,0.01,0.16,312,7.884303651000209
S2,0.9,600,22,3.1745051863803897,13.829878327070606,16.905340147867886,0.17191404297851073,13.218815412950368,3.8336076894249143,0.0004997501249375312,321,297,0.740855652999926,0.01,0.29,321,7.640026270999897
S2,0.9,600,23,3.2536776736809827,19.31749645555349,17.363644007500614,0.021989005497251374,17.335978156833942,3.8111195622590595,0.0004997501249375312,339,303,0.4903410619999704,0.01,0.09,333,5.0576590710002165
S2,0.9,600,24,3.1844445404425104,15.593666538822266,16.848543655022528,0.08995502248875563,13.481940099849753,3.924668597952441,0.0004997501249375312,513,312,0.48863968700015903,0.01,0.16,333,4.398995303999982
S2,0.9,600,25,3.1108600994975264,21.55770954787971,16.61910117853405,0.0034982508745627187,19.26379542777413,3.792608105279858,0.0004997501249375312,540,306,0.4739295209997181,0.01,0.02,309,4.396665244999895
S2,0.9,600,26,3.0509197341902796,19.040337969269626,16.300658355157935,0.018490754622688656,19.222743409667213,3.8239827074735837,0.0004997501249375312,321,318,0.47715953200031436,0.01,0.12,300,5.406859418999829
S2,0.9,600,27,3.2391493822040247,25.40009865052398,16.998915764633477,0.001999000499750125,12.89116515835917,3.799348519344307,0.0004997501249375312,525,306,0.5349890590000541,0.01,0.01,306,4.423344436000207
S2,0.9,600,28,3.1355634542877797,22.71746735582278,16.63404131710919,0.0034982508745627187,18.802446645321115,3.857308510660441,0.0004997501249375312,513,315,0.7556487389997528,0.01,0.02,327,7.941702705999887
S2,0.9,600,29,3.215793025259576,15.120571076160504,16.75692553911995,0.10394802598700649,6.933868671607443,3.8525832966218028,0.0004997501249375312,516,312,0.7491970790001687,0.01,0.18,381,5.236970726999971
S2,0.9,600,30,3.1449394412346936,26.88313806889098,16.4462115667699,0.0009995002498750624,21.15030820429353,3.8455657655962723,0.0004997501249375312,540,318,0.7512166320002507,0.01,0.01,315,6.050137235999955
S2,0.9,600,31,3.1355634542865314,23.93569322012073,16.466559087985495,0.0024987506246876563,16.913199097648423,3.865751984599793,0.0004997501249375312,537,318,0.7832130609999695,0.01,0.01,318,7.359662631999981
S2,0.9,600,32,3.1180252079721478,15.033349956518991,16.76305472689742,0.09695152423788106,15.088169355068594,3.8789703507906537,0.0004997501249375312,300,300,0.4786347360000036,0.01,0.16,300,7.4565355019999515
S2,0.9,600,33,3.160130322178365,15.434603859746836,16.98998152871897,0.09645177411294353,12.045379465397449,3.904489195803205,0.0004997501249375312,540,309,0.7692030059997705,0.01,0.21,345,7.895895556999676
S2,0.9,600,34,3.120495178569436,20.181631959944227,16.319753243446613,0.008995502248875561,18.258340187272566,3.798221391790122,0.0004997501249375312,501,303,0.4766009969998777,0.01,0.04,303,4.401493999000195
S2,0.9,600,35,3.3272568289043436,17.907798827095608,17.578448203537175,0.04547726136931534,14.530001132438297,3.7820003689786126,0.0004997501249375312,489,309,0.4816193920000842,0.01,0.06,327,4.461356283999976
S2,0.9,600,36,3.215793025261315,22.271306560306737,17.31413356090727,0.004497751124437781,17.201024714721566,3.7820406260768715,0.0004997501249375312,390,330,0.49272959600011745,0.01,0.04,318,4.405874950999987
S2,0.9,600,37,3.205908613596363,13.526822133302995,17.26778403864036,0.19890054972513743,12.442378180528687,3.8563685480626226,0.0004997501249375312,330,321,0.4814343180000833,0.01,0.27,330,4.4603940360002525
S2,0.9,600,38,3.00590556315698,11.943616802128373,15.807712059441823,0.2753623188405797,10.932769450067605,3.758583669815593,0.0004997501249375312,324,300,0.4757415439999022,0.01,0.51,324,4.601850001999992
S2,0.9,600,39,3.184444540443791,15.749806087956346,16.793286057193324,0.0769615192403798,14.643767354895532,3.8063237321984382,0.0004997501249375312,321,306,0.587391432000004,0.01,0.11,309,5.077355647000331
S2,0.9,600,40,3.0615195531291333,14.096799572468958,16.276349434818044,0.1344327836081959,10.51471972752935,3.857122239568209,0.0004997501249375312,447,297,0.7571111780002866,0.01,0.22,336,6.191439484000057
S2,0.9,600,41,3.110860099498484,17.383777131668147,16.502447974880347,0.03548225887056472,16.709719109274904,3.7830874196748514,0.0004997501249375312,303,303,0.47519371099997443,0.01,0.08,297,4.541082130000177
S2,0.9,600,42,3.161130948130283,19.17359478885708,16.824098807648472,0.015992003998001,13.855855501561608,3.867790702420146,0.0004997501249375312,528,306,0.539618720999897,0.01,0.07,306,5.261995446999663
S2,0.9,600,43,3.1180252079704123,17.806263016245246,16.736263304300532,0.03398300849575212,14.431572727309781,3.8141731392973504,0.0004997501249375312,510,321,0.47719866800025557,0.01,0.04,381,7.522358157999861
S2,0.9,600,44,3.1180252079710127,17.677064712395033,16.226085084944682,0.025987006496751622,10.324807992769431,3.832219420347866,0.0004997501249375312,504,327,0.48315825999998196,0.01,0.06,390,4.467321590000211
S2,0.9,600,45,3.2157930252599294,16.24477398926814,17.262754448923396,0.07496251874062969,12.555959108563247,3.8125806750832436,0.0004997501249375312,432,312,0.6534905570001683,0.01,0.09,321,6.455853126999955
S2,0.9,600,46,3.191784282000149,16.79320390121103,17.011378748775698,0.05697151424287856,11.718843191602714,3.827402634128353,0.0004997501249375312,372,303,0.4841972229996827,0.01,0.11,372,7.124215792000086
S2,0.9,600,47,3.1601303221778374,19.39806249692114,16.667900416001544,0.011494252873563218,11.20980958608653,3.775954850584416,0.0004997501249375312,540,309,0.7674881349998941,0.02,0.07,318,7.882569664999664
S2,0.9,600,48,3.1745051863812694,13.255402773385317,17.1528277966606,0.22638680659670166,12.660354091931547,3.8314425431032126,0.0004997501249375312,528,300,0.4838995650002289,0.01,0.32,300,4.434650532999967
S2,0.9,600,49,3.1498235661555154,16.913955939373192,17.022796142930336,0.053973013493253376,12.53989869391276,3.8563333080052153,0.0004997501249375312,519,336,0.48062400900016655,0.01,0.09,345,5.451071038000009
S2,0.9,600,50,3.169131845209744,20.641279199446576,16.980463431519123,0.01199400299850075,12.140855316660476,3.914458501814688,0.0004997501249375312,540,297,0.7649211009997998,0.01,0.04,309,7.934940956999981
S2,0.9,600,51,3.061519553130386,22.782044845928965,16.03704169847427,0.0024987506246876563,20.721885927474645,3.831969824115659,0.0004997501249375312,402,324,0.7538379010002245,0.01,0.02,324,6.377677457000118
S2,0.9,600,52,3.1674121490809366,16.15539198724873,16.458262062517914,0.057971014492753624,12.579357011982921,3.824100833428757,0.0004997501249375312,465,300,0.4754296329997487,0.01,0.22,306,4.404934628000319
S2,0.9,600,53,3.1989333777041957,18.667481414092673,17.128368454023388,0.02848575712143928,10.282157831589084,3.7952354702556867,0.0004997501249375312,477,297,0.4799421389998315,0.01,0.04,405,5.378408115000184
S2,0.9,600,54,3.1564084572833755,16.043302271365782,16.580408203133018,0.06146926536731634,9.38541603790567,3.664952525145706,0.0004997501249375312,528,291,0.7543071840000266,0.01,0.12,291,5.537328568000248
S2,0.9,600,55,3.095914623560519,16.736820197670554,16.250350995192026,0.035982008995502246,12.123234897258007,3.774233087939327,0.0004997501249375312,513,321,0.47415623799997775,0.01,0.11,321,6.1212402629998905
S2,0.9,600,56,3.167412149081551,19.025645246896694,16.709330847084704,0.015492253873063468,16.053042658009723,3.841074582980504,0.0004997501249375312,522,300,0.7529706870000155,0.02,0.1,300,7.867644517000372
S2,0.9,600,57,3.1180252079703847,27.638629364966985,16.566196970612253,0.0004997501249375312,16.272672398611295,3.85325738732979,0.0004997501249375312,525,324,0.7619815930002005,0.01,0.01,324,7.947372598000129
S2,0.9,600,58,3.169983826932806,19.192663755010326,16.914862245447726,0.015992003998001,17.03748324146502,3.9025976479779523,0.0004997501249375312,513,303,0.48585065499992197,0.01,0.03,306,6.392531588000111
S2,0.9,600,59,3.12500523154708,13.205062086465839,16.985866065532825,0.2048975512243878,7.82342439423816,3.7886640498521067,0.0004997501249375312,537,303,0.6539761959998032,0.02,0.36,363,4.421089588000086
S2,0.9,600,60,3.1498235661546365,16.344909904361955,16.514039200962948,0.05297351324337831,10.924633073015492,3.794419880857789,0.0004997501249375312,387,312,0.47802670200007924,0.01,0.14,363,4.403518985000119
S2,0.9,600,61,3.1566897774095874,15.903143092104084,16.468137271825263,0.063968015992004,10.313005793914389,3.842373792756369,0.0004997501249375312,456,309,0.6769516579997799,0.01,0.12,321,7.877256783000121
S2,0.9,600,62,3.1281376193866173,20.136912823392883,16.465521823685428,0.009995002498750625,17.361064939551824,3.760139123391219,0.0004997501249375312,447,291,0.4848403189998862,0.01,0.09,324,4.4683087990001695
S2,0.9,600,63,3.142786976413955,12.275612033276122,16.53368604688933,0.30634682658670664,9.708534904795908,3.798375817662064,0.0004997501249375312,477,339,0.4766985919995932,0.01,0.29,339,4.471226172000115
S2,0.9,600,64,3.1768985584261484,29.67705604708866,16.89538017046358,0.0009995002498750624,13.14773407901215,3.915726127031787,0.0004997501249375312,531,306,0.7549353999997948,0.01,0.01,306,6.804873183999916
S2,0.9,600,65,3.219411297481394,14.548683832751584,16.87884282533465,0.13843078460769614,12.882430103768565,3.8055398082882834,0.0004997501249375312,339,324,0.483477989000221,0.01,0.16,330,4.46973013600018
S2,0.9,600,66,3.215793025260447,21.690714446855402,16.65027965567537,0.0034982508745627187,10.83873368068417,3.767040803141537,0.0004997501249375312,540,303,0.4820555719998083,0.01,0.02,303,4.392506118000256
S2,0.9,600,67,3.142786976415046,18.537923256846426,16.500224838898088,0.017991004497751123,11.433767014903985,3.7723873163100223,0.0004997501249375312,504,333,0.4770509819995823,0.01,0.04,342,4.405646215999695
S2,0.9,600,68,3.219411297481472,16.96538353028826,17.081908066049618,0.054972513743128434,9.422361799269993,3.8208323943626143,0.0004997501249375312,534,300,0.7338444279998839,0.02,0.11,312,4.83907780599975
S2,0.9,600,69,2.973046297754218,15.675641880868431,15.875703211990784,0.0559720139930035,15.81772303695157,3.7628546632022024,0.0004997501249375312,300,300,0.4690646049998577,0.01,0.27,300,4.701642674000141
S2,0.9,600,70,3.110860099498432,13.940708664376345,16.455160525149868,0.15092453773113443,7.860155514212722,3.834500928593201,0.0004997501249375312,513,303,0.4808257030003915,0.02,0.11,381,4.417802923999716
S2,0.9,600,71,3.1318166053980914,20.33740524588961,16.52027107076771,0.011494252873563218,15.349065334031096,3.8009060484927195,0.0004997501249375312,447,306,0.4780923140001505,0.01,0.04,309,4.405048163999709
S2,0.9,600,72,3.1844445404425112,19.887070361212444,16.8636631754686,0.01199400299850075,14.932020957946017,3.777855237745709,0.0004997501249375312,540,312,0.4833601230002387,0.01,0.01,327,4.409747850999793
S2,0.9,600,73,3.1948248683548965,29.588864328321705,16.939236941749563,0.0004997501249375312,17.303228804971095,3.7617087262949926,0.0004997501249375312,540,318,0.4835922490001394,0.01,0.01,318,4.825949204000153
S2,0.9,600,74,3.1180252079718365,14.998206023472854,16.698487385177273,0.10744627686156921,11.735560926765503,3.8764823649700424,0.0004997501249375312,381,333,0.491388643999926,0.01,0.19,327,4.664781309999853
S2,0.9,600,75,3.2623257525763996,27.41670644641596,17.017692918497143,0.0004997501249375312,13.832274187306243,3.756317507539556,0.0004997501249375312,534,327,0.49172292699995523,0.01,0.01,327,5.181200734999948
S2,0.9,600,76,3.1384770373539825,21.705803682417628,17.145963131836492,0.00849575212393803,21.779130205957916,3.8961678445446806,0.0004997501249375312,315,315,0.4774651640000229,0.01,0.02,315,4.404058590000204
S2,0.9,600,77,3.222997529984692,16.3228020247912,17.43077174774525,0.07246376811594203,11.78039897687258,3.8520278229713747,0.0004997501249375312,525,300,0.4906157099999291,0.01,0.13,300,4.94107211499977
S2,0.9,600,78,3.0299287590410255,14.439815593490415,16.15693768631594,0.10944527736131934,11.287974567047012,3.8324983360391016,0.0004997501249375312,528,300,0.48508534100028555,0.01,0.18,342,4.440304869999636
S2,0.9,600,79,3.1281376193870756,21.521559124651723,16.993160419207147,0.008995502248875561,14.686221905381974,3.796723102567555,0.0004997501249375312,420,306,0.600864317000287,0.01,0.05,420,4.840633295999851
S2,0.9,600,80,3.128137619385457,18.410787906186687,16.50714042458385,0.02498750624687656,14.098357304377744,3.8369638521386022,0.0004997501249375312,537,297,0.5755680310003299,0.01,0.09,297,5.099689116999798
S2,0.9,600,81,3.250249139442175,15.39099175566998,17.148667511200767,0.10044977511244378,11.736228465443581,3.796541919968001,0.0004997501249375312,525,309,0.4880378150000979,0.01,0.16,324,7.771240983999633
S2,0.9,600,82,3.0821386152839363,15.841929295866162,16.13057522010829,0.05547226386806597,12.011194303258566,3.828267082565248,0.0004997501249375312,528,303,0.4827361729999211,0.01,0.16,300,6.725855514999694
S2,0.9,600,83,3.0615195531271167,33.77012943434602,16.484641516914845,0.0004997501249375312,12.213595785810568,3.8723309169096094,0.0004997501249375312,531,300,0.7526377640001556,0.01,0.01,348,7.214230724000117
S2,0.9,600,84,3.110860099497652,22.48393297735877,16.703090829531103,0.004997501249375313,14.232521284391456,3.823110596654044,0.0004997501249375312,489,300,0.47751019099996483,0.01,0.03,300,4.412495834999845
S2,0.9,600,85,3.2127280780426224,18.835265763383067,16.92636296141774,0.0239880059970015,13.208837009749201,3.816002415724011,0.0004997501249375312,522,303,0.4812358500003029,0.01,0.03,300,4.402622402999896
S2,0.9,600,86,3.113533755005066,22.88570187974286,16.643973971619072,0.0029985007496251873,19.338500391257224,3.8909813577091756,0.0004997501249375312,510,318,0.48204813499978627,0.01,0.02,321,4.414999202000217
S2,0.9,600,87,3.1745051863799563,21.51614442806534,16.675298358928973,0.0034982508745627187,13.644045279705637,3.7185273490806425,0.0004997501249375312,537,300,0.486748427999828,0.01,0.01,297,6.091633953999917
S2,0.9,600,88,3.1989333777044973,17.18028423514913,16.64637732406778,0.04247876061969016,7.257252798406173,3.853749374756597,0.0014992503748125937,525,345,0.7418459090004035,0.01,0.1,348,5.215484733999801
S2,0.9,600,89,3.0615195531307564,16.85635987946652,16.269030213222983,0.037481259370314844,11.108465644534627,3.791174762078987,0.0004997501249375312,474,303,0.4750938560000577,0.01,0.13,408,7.037769013999878
S2,0.9,600,90,3.1355634542890725,19.047130806302032,16.985622927545652,0.01999000499750125,14.052436174815647,3.7463988919506597,0.0004997501249375312,540,303,0.48925963800002137,0.01,0.07,303,4.416100147000179
S2,0.9,600,91,3.1180252079714146,16.010298360095458,16.805800302149578,0.07146426786606697,14.794062603456872,3.8835999160254016,0.0004997501249375312,531,306,0.486560400000144,0.01,0.18,306,5.748390357000062
S2,0.9,600,92,3.156689777409453,16.431704104484027,16.743646872675775,0.05897051474262868,10.119351885646775,3.77625543987995,0.0004997501249375312,519,336,0.49545171799991294,0.01,0.09,336,4.4042551229999845
S2,0.9,600,93,3.2318836014859387,22.436839137549747,17.11694599563652,0.0024987506246876563,16.334724326602085,3.7795833594054424,0.0004997501249375312,540,312,0.49439426099979755,0.01,0.04,336,6.498666938000042
S2,0.9,600,94,3.0959146235637798,24.61092375681846,16.42905253240584,0.0024987506246876563,10.440780089208394,3.8260519669056725,0.0004997501249375312,522,345,0.7465888060000907,0.01,0.01,321,7.894203813000331
S2,0.9,600,95,3.0861392985754876,14.065907100671513,16.159020702753722,0.12043978010994502,9.623794954120747,3.8199624094067794,0.0004997501249375312,540,327,0.7604411889997209,0.01,0.16,327,4.707385947999683
S2,0.9,600,96,3.120384361300013,17.714187127072616,16.47729375434464,0.033483258370814596,5.457748485773142,3.8299551433413725,0.0079960019990005,540,309,0.6637570679999953,0.47,0.13,540,4.415896374000113
S2,0.9,600,97,3.0685686361806983,18.128998835092506,16.536661378760762,0.02498750624687656,13.528322285264128,3.7907839597700033,0.0004997501249375312,435,303,0.48142120400007116,0.01,0.04,303,4.4349456179998015
S2,0.9,600,98,3.142786976413145,18.164883295265458,16.729704872621095,0.020989505247376312,17.401720633709566,3.778308696372373,0.0004997501249375312,474,303,0.782748692000041,0.01,0.09,303,7.896916342000168
S2,0.9,600,99,3.106926449678227,14.472770900448683,16.463562485033822,0.12293853073463268,9.631064059378682,3.9980622504664627,0.0004997501249375312,471,318,0.7494130649997714,0.01,0.2,327,7.942294510000011
S2,0.9,600,100,3.1427869764136784,20.819570070874494,16.391737116771335,0.0074962518740629685,17.500294814110624,3.8068031656739745,0.0004997501249375312,522,300,0.8016952190000666,0.01,0.05,318,4.918783248999716
S2,0.9,600,101,3.128137619386877,18.848957610779472,16.5673779870994,0.01649175412293853,17.987850070315517,3.6929551226977186,0.0004997501249375312,444,297,0.47859852400006275,0.01,0.05,297,6.197572796999793
S2,0.9,600,102,3.068568636182085,12.876232389433879,16.935300647276776,0.223888055972014,10.86595231769977,3.82570443251167,0.0004997501249375312,540,294,0.47651116899987755,0.01,0.4,294,4.459759025000039
S2,0.9,600,103,3.1069264496779567,15.911298602629815,16.41149938168188,0.06346826586706647,12.704716359769309,3.833301522180713,0.0004997501249375312,381,324,0.4851226030000362,0.01,0.2,381,4.431523183999616
S2,0.9,600,104,3.1601303221775248,12.88577347243667,16.80704168927539,0.23338330834582707,8.017832284601766,3.82129071179264,0.0009995002498750624,531,303,0.4857401829999617,0.06,0.41,345,4.430779662000077
S2,0.9,600,105,3.0959146235617325,23.082659974758197,16.46428175889409,0.0014992503748125937,14.439116453194838,3.814651796389255,0.0004997501249375312,495,297,0.4812127989998771,0.01,0.01,390,4.397403153999676
S2,0.9,600,106,3.1427869764153997,17.50709460734849,16.572610480029233,0.033483258370814596,12.808138559521206,3.8218639420304554,0.0004997501249375312,393,357,0.7685029570002371,0.01,0.06,357,4.950151454000206
S2,0.9,600,107,3.1427869764148912,14.449213959631113,16.77651135253275,0.13843078460769614,13.141638920596973,3.8343508662600945,0.0004997501249375312,312,291,0.7361817770001835,0.02,0.3,318,7.994542036999974
S2,0.9,600,108,3.1449394412370513,26.60407546709987,16.441863074431424,0.0009995002498750624,23.59566138819276,3.7540602234795273,0.0004997501249375312,393,306,0.7629939189996549,0.01,0.01,336,7.903061852000064
S2,0.9,600,109,3.061519553128374,20.287673384298905,16.311874724268,0.0074962518740629685,15.071259528649456,3.810546217567349,0.0004997501249375312,429,306,0.759921053999733,0.01,0.01,306,4.783228081999823
S2,0.9,600,110,3.0509197341896486,24.96999819908229,16.004942675204973,0.0009995002498750624,14.789931012463875,3.8083177624473312,0.0004997501249375312,489,303,0.7563152259999697,0.01,0.01,303,5.880639516000429
S2,0.9,600,111,3.1034946353505366,17.401483373355806,16.7532503857239,0.0384807596201899,11.794440029485562,3.870953588430986,0.0004997501249375312,531,315,0.4756279089997406,0.01,0.04,303,7.927787931999774
S2,0.9,600,112,3.2007908458155883,24.08421757675251,16.797533172927356,0.001999000499750125,12.997428326651367,3.7882990050323513,0.0004997501249375312,537,306,0.48327630499989027,0.01,0.01,324,6.315488002000166
S2,0.9,600,113,3.1427869764144054,25.88970056158014,16.776969127226653,0.0009995002498750624,17.68372186881677,3.8023904788275575,0.0004997501249375312,474,300,0.47553805899997315,0.01,0.01,300,6.610355405000064
S2,0.9,600,114,3.1566897774100515,23.936507450952735,16.625305307407373,0.0009995002498750624,21.54953840334556,3.8550298032812935,0.0004997501249375312,402,315,0.747874425000191,0.01,0.02,321,7.874560349000149
S2,0.9,600,115,3.1881928688136925,13.568566983635298,16.812291477239317,0.19590204897551225,11.608742992458339,3.6577125603304435,0.0004997501249375312,507,300,0.7599928790000376,0.02,0.4,297,6.464883745999941
S2,0.9,600,116,3.095118705130849,22.281047912623954,16.604568582295528,0.0034982508745627187,7.897542493257905,3.8435730532800343,0.0014992503748125937,540,363,0.7763770760002444,0.03,0.01,363,4.804529721000108
S2,0.9,600,117,3.1427869764132548,15.330295520336508,16.198516060550194,0.08295852073963018,8.420508254681923,3.7699295815996283,0.0004997501249375312,528,303,0.4891875249995792,0.02,0.16,306,4.414036241999838
S2,0.9,600,118,3.125005231545077,18.7194855590646,16.81707244315612,0.01899050474762619,14.100349671836357,3.8341865366192467,0.0004997501249375312,411,300,0.4867764599998736,0.01,0.08,300,4.396946310999738
S2,0.9,600,119,3.125005231546348,25.279415351858027,16.733451748997652,0.0014992503748125937,13.2982457252211,3.7668939175022635,0.0004997501249375312,498,297,0.47881343499966533,0.01,0.01,327,4.394409919999816
S2,0.9,600,120,3.1498235661577345,26.063835804088967,16.675130346728274,0.001999000499750125,17.073448181513474,3.885145511195789,0.0004997501249375312,519,303,0.749504338999941,0.01,0.01,303,7.20995299399965
S2,0.9,600,121,3.0800592169091625,15.954321039181888,16.29242178645209,0.057971014492753624,11.233287278428433,3.7972372478514247,0.0004997501249375312,519,297,0.4945032729997365,0.01,0.09,336,4.707930028000192
S2,0.9,600,122,3.031223202054483,22.418030888524004,16.439755351637928,0.004497751124437781,17.375849758323454,3.824519606890339,0.0004997501249375312,435,303,0.4865330749998975,0.01,0.02,327,4.428292762000183
S2,0.9,600,123,3.110860099499038,12.353401232784801,16.719764681005795,0.2888555722138931,9.033316111161497,3.8285265181509374,0.0004997501249375312,489,303,0.4758375079995858,0.01,0.34,309,4.900724286000241
S2,0.9,600,124,3.1370026317427073,20.59220701486634,16.606603891188946,0.00849575212393803,13.56602092496649,3.8183329218671225,0.0004997501249375312,540,306,0.4813556030003383,0.01,0.02,306,4.6450256789999
S2,0.9,600,125,3.0542739604266522,23.162298778586187,16.255779712193988,0.0024987506246876563,13.238213743155736,3.80930768857852,0.0004997501249375312,468,309,0.539001565000035,0.02,0.02,402,4.850477382000008
S2,0.9,600,126,3.126377711479639,18.903847410322648,17.014474385482067,0.0239880059970015,9.641102729510767,3.889194047760828,0.0004997501249375312,474,309,0.5476510379999127,0.01,0.01,330,4.450536280000051
S2,0.9,600,127,3.103494635350757,21.36993379120943,16.36680100300717,0.00399800099950025,17.80523559390093,3.8297394889200556,0.0004997501249375312,375,324,0.489088140000149,0.01,0.04,345,4.407079780999993
S2,0.9,600,128,3.1180252079698976,10.685381178428104,16.742887813179184,0.4622688655672164,8.66513926240694,3.8623678811055933,0.0004997501249375312,537,303,0.48384296900030677,0.08,0.61,300,7.709186194000267
S2,0.9,600,129,3.253677673681715,19.033751249012823,17.118689760598446,0.022988505747126436,16.562541721643992,3.837426096346694,0.0004997501249375312,393,318,0.7488427270000102,0.01,0.08,303,7.991961092999645
S2,0.9,600,130,3.1691318452114072,15.217942376983448,16.619866238409685,0.09095452273863068,12.129261770714423,3.7921292081426294,0.0004997501249375312,351,327,0.47766605699962383,0.01,0.15,342,7.664245282000138
S2,0.9,600,131,3.2318836014856354,15.053905034071933,16.57028243021672,0.11094452773613193,13.562082434540995,3.83167965616302,0.0004997501249375312,522,300,0.7454685679999784,0.01,0.18,300,7.994121031000304
S2,0.9,600,132,3.216331913692908,16.139091225159962,16.835836495095098,0.06596701649175413,12.285129168735676,3.7843968817965226,0.0004997501249375312,453,309,0.47603511599982085,0.01,0.15,309,4.418852575000074
S2,0.9,600,133,3.1674121490825087,19.706840016217214,16.259731317228315,0.010994502748625687,12.688106275291739,3.675647317145605,0.0004997501249375312,519,306,0.48339099700024235,0.01,0.03,312,4.410704613999769
S2,0.9,600,134,3.1498235661547858,14.027722899023937,16.79982313519,0.15142428785607195,13.736690644440166,3.848341254566277,0.0004997501249375312,366,300,0.7594320990001506,0.01,0.32,315,6.778228454999862
S2,0.9,600,135,3.068568636182253,21.76743048475392,16.272737664148536,0.005997001499250375,14.255686016318803,3.8537767851850497,0.0004997501249375312,540,309,0.47522671599972455,0.01,0.01,309,4.475900102000196
S2,0.9,600,136,3.142786976414453,14.454538711099765,16.971561868675884,0.13543228385807096,9.81147976973016,3.770391667200501,0.0004997501249375312,537,333,0.75855957199974,0.01,0.22,309,7.595640105999792
S2,0.9,600,137,3.1768985584276486,17.123288303660075,17.10248162992891,0.050474762618690654,11.36181012871465,3.836427395563795,0.0004997501249375312,504,345,0.47834427800034973,0.01,0.07,360,6.817247375999614
S2,0.9,600,138,3.11802520797143,23.09215935071708,16.594853888201627,0.0024987506246876563,19.297734421910928,3.7067073533771415,0.0004997501249375312,516,303,0.4758504000001267,0.01,0.01,324,4.437574352999945
S2,0.9,600,139,3.16913184521083,15.710097566455893,16.418526545346438,0.07146426786606697,11.99853580268058,3.8380295096134707,0.0004997501249375312,438,315,0.4768361259998528,0.01,0.1,297,4.397034887000245
S2,0.9,600,140,3.029928759042478,18.31385708088329,16.182346031701183,0.025987006496751622,16.7040060445589,3.8800420454315385,0.0004997501249375312,540,303,0.7334121889998642,0.01,0.05,288,7.907925858999988
S2,0.9,600,141,3.2391493822040744,16.198977372636023,17.230866708792874,0.0769615192403798,11.050781395943122,3.766145549765702,0.0004997501249375312,540,318,0.7518437039998389,0.01,0.09,318,7.875408166999932
S2,0.9,600,142,3.188192868814005,14.03650785362959,17.090639939076773,0.1619190404797601,11.454737607515366,3.8450845003070473,0.0004997501249375312,438,297,0.4835767549998309,0.01,0.25,297,4.399659685999723
S2,0.9,600,143,3.1355634542871944,18.69875055826333,16.35275448261359,0.022488755622188907,10.143644367848745,3.776900767306876,0.0004997501249375312,525,300,0.6205187790001219,0.01,0.07,300,4.431703830999595
S2,0.9,600,144,3.093246168142125,10.379191309057017,16.251028795803816,0.49525237381309345,8.56898935580984,3.750205294398925,0.0004997501249375312,360,288,0.47886042599975553,0.05,0.69,342,4.419901453999955
S2,0.9,600,145,3.0615195531291035,17.501706498154164,16.295922609491875,0.03298350824587706,11.211020304743984,3.8108602482576854,0.0004997501249375312,540,309,0.47799514300004375,0.01,0.11,306,4.444621736000045
S2,0.9,600,146,3.1355634542873294,17.861974477778585,16.800620414284555,0.03298350824587706,10.327692912668525,3.8531410834159177,0.0004997501249375312,480,309,0.7566621010000745,0.01,0.09,342,7.879860253000061
S2,0.9,600,147,3.1180252079698896,17.563020598833006,16.387850909314214,0.034482758620689655,14.42760605113375,3.7977620416088844,0.0004997501249375312,372,306,0.756840411000212,0.01,0.09,312,7.967413535000105
S2,0.9,600,148,3.267383964967784,18.339227696672125,16.91132887855562,0.022988505747126436,13.277919669446266,3.8089195464821355,0.0004997501249375312,399,321,0.48347076699974423,0.01,0.04,324,4.418772229000297
S2,0.9,600,149,3.1674121490808016,12.70274819661774,16.79073389874958,0.2703648175912044,10.398279273351264,3.9031394365106937,0.0004997501249375312,534,303,0.4759438189998946,0.01,0.43,315,4.462346792000062
S2,0.9,600,150,3.1814261050968224,17.927548773545986,16.76925476093689,0.030984507746126936,16.124860939166524,3.9081794364176266,0.0004997501249375312,537,312,0.7467736530002185,0.01,0.12,312,7.969388177999917
S2,0.9,600,151,3.1204951785692705,17.70151304820134,16.61239843456722,0.028985507246376812,15.08409664940769,3.8524301177189444,0.0004997501249375312,357,300,0.753171939999902,0.01,0.04,300,7.9129413400000885
S2,0.9,600,152,3.1881928688156913,19.79779436444109,16.616336321001196,0.009995002498750625,11.140966045267485,3.8733665201781387,0.0004997501249375312,522,306,0.48762510599999587,0.01,0.06,306,6.073936315000083
S2,0.9,600,153,3.1318166053978715,13.799641437427022,16.896684027280465,0.16691654172913542,13.036349355786937,3.938638625463284,0.0004997501249375312,303,306,0.7724919380002575,0.01,0.32,315,7.900744881999799
S2,0.9,600,154,3.160130322179062,25.088733395824374,16.837724105451784,0.0009995002498750624,10.979794424307766,3.874429881817578,0.0004997501249375312,519,294,0.4866519510001126,0.01,0.01,303,4.42114231000005
S2,0.9,600,155,3.224220153721789,18.22626094591379,16.64092367411862,0.01999000499750125,16.247232733401507,3.8494628556163555,0.0004997501249375312,387,303,0.486835352000071,0.01,0.08,315,4.412479303000055
S2,0.9,600,156,3.0225335802810678,19.5967310289671,16.444719951232106,0.014992503748125937,20.60552370042548,3.9665716894667518,0.0004997501249375312,303,300,0.7403979730001993,0.01,0.07,297,8.034745808000025
S2,0.9,600,157,3.1370026317435205,27.902937235527542,16.496032271052506,0.0004997501249375312,12.815655074106944,3.713676819928254,0.0004997501249375312,528,324,0.7600928440001553,0.01,0.01,363,7.93357585900003
S2,0.9,600,158,3.194824868355755,18.671726542687434,16.606526707737387,0.02048975512243878,15.267871941993036,3.755953926238875,0.0004997501249375312,531,297,0.7634945890004019,0.01,0.03,360,8.000662262999867
S2,0.9,600,159,3.231883601485057,17.025857194379665,17.511626635801427,0.06496751624187906,11.561422920968555,3.967831442232772,0.0004997501249375312,450,351,0.7466859979999754,0.01,0.11,351,7.904430609999963
S2,0.9,600,160,3.118025207971263,16.71401600514322,16.284399432309108,0.04047976011994003,15.1553183326576,3.752152638296183,0.0004997501249375312,507,300,0.4826644390000183,0.01,0.06,300,7.539943494999989
S2,0.9,600,161,3.137002631742332,15.192274659469641,17.137882412892214,0.10444777611194403,13.924228196178367,3.8706148314401023,0.0004997501249375312,333,318,0.7607504829998106,0.01,0.14,318,6.592551613999603
S2,0.9,600,162,3.176898558427274,19.6123382808188,16.73769166925413,0.014492753623188406,13.991441655026323,3.8252633718912534,0.0004997501249375312,420,294,0.7652548370001568,0.01,0.04,294,5.9909065090000695
S2,0.9,600,163,3.0391382961728786,16.33037053654576,16.2097224369868,0.04697651174412794,15.65189476416559,3.7639159174756633,0.0004997501249375312,327,327,0.48415927899986855,0.01,0.1,327,4.922542988000259
S2,0.9,600,164,3.057568414977972,13.329722667703273,16.44108718071289,0.16841579210394803,12.465997393742203,3.852812200807193,0.0004997501249375312,336,315,0.47861477300011757,0.01,0.24,336,5.685660803999781
S2,0.9,600,165,3.1526442171867495,14.112220064313826,16.806696067236086,0.13493253373313344,7.59600712344379,3.8362625972104434,0.0004997501249375312,450,306,0.4756676319998405,0.01,0.2,306,4.458558670999992
S2,0.9,600,166,3.1814261050969996,18.463977273816845,16.992611817360544,0.02848575712143928,15.578007500869628,3.6941877770822606,0.0004997501249375312,540,309,0.738192761999926,0.01,0.04,309,7.886742078000225
S2,0.9,600,167,3.086139298575322,23.63366187546252,16.257531020783343,0.001999000499750125,15.086032125053938,3.851810830859322,0.0004997501249375312,504,312,0.7534346500001448,0.01,0.01,327,5.402525007999884
S2,0.9,600,168,3.075436258549154,25.75106694064734,16.436820254557055,0.0004997501249375312,17.398481270790402,3.820066015804274,0.0004997501249375312,525,300,0.4767949580000277,0.01,0.01,300,5.881595896999897
S2,0.9,600,169,3.1250052315459,21.006817517934056,16.632717901071643,0.0074962518740629685,14.103485467389529,3.8616271542184206,0.0004997501249375312,480,324,0.4769274760001281,0.01,0.06,336,5.649682298999778
S2,0.9,600,170,3.156689777410048,29.5673469472624,16.583747196470537,0.0004997501249375312,18.704771872388744,3.7327795642901904,0.0004997501249375312,537,309,0.7414542809997329,0.01,0.01,312,7.871419934999722
S2,0.9,600,171,3.142786976415069,25.678088142017533,16.3371767890307,0.0004997501249375312,18.044589119010364,3.6994403520351193,0.0004997501249375312,495,300,0.768702299999859,0.01,0.01,381,7.833740647000013
S2,0.9,600,172,3.161130948128894,22.898019007310594,16.419869444299398,0.001999000499750125,15.136906821682127,3.8303769431991177,0.0004997501249375312,480,315,0.4772001189999173,0.01,0.02,375,6.79028263400005
S2,0.9,600,173,3.0685686361818965,15.332082340460001,16.318555588559757,0.0769615192403798,6.289183007207919,3.81814279483889,0.0024987506246876563,516,333,0.7514680310000585,0.07,0.14,333,7.931024647999948
S2,0.9,600,174,3.1680119235650213,15.191686456824296,16.792474365446513,0.09345327336331834,10.5627444936394,3.8143706791212812,0.0004997501249375312,507,321,0.4859890070001711,0.01,0.1,321,4.4295384890001515
S2,0.9,600,175,3.023061483656974,15.626645232727299,16.135938239392598,0.06196901549225387,11.58158783375879,3.8301001884714836,0.0004997501249375312,540,303,0.47359340100001646,0.01,0.13,300,4.405560502999833
S2,0.9,600,176,3.253677673680776,18.891341794353576,17.03416064071015,0.02498750624687656,14.481136591349449,3.866241508776331,0.0004997501249375312,435,312,0.7474143230001573,0.01,0.05,360,8.027704571999948
S2,0.9,600,177,3.1674121490821503,32.29357894168539,16.59765739472985,0.0009995002498750624,19.974002730982598,3.853615400608359,0.0004997501249375312,510,327,0.762098301000151,0.01,0.01,345,8.013026708000325
S2,0.9,600,178,3.174505186379473,13.637040951565501,17.20687087202,0.19090454772613694,11.14565866082129,3.874953431434179,0.0004997501249375312,447,312,0.48287060600023324,0.01,0.25,348,4.4202663420001045
S2,0.9,600,179,3.239336936411973,18.602850020982526,17.13681699911165,0.027486256871564217,11.412011819719357,3.8157435237488517,0.0004997501249375312,537,339,0.4827003820000755,0.01,0.05,324,4.425565583000207
S2,0.9,600,180,3.1989333777035993,19.541646130213447,16.746474473024612,0.01199400299850075,17.02220225567383,3.798837517299463,0.0004997501249375312,360,300,0.7465748800000256,0.01,0.04,330,7.989433890999862
S2,0.9,600,181,3.14278697641408,12.541642329785539,16.628817865919626,0.26436781609195403,9.862351593950176,3.8685645648538585,0.0004997501249375312,519,291,0.7555835050002315,0.01,0.38,285,7.96144488400023
S2,0.9,600,182,3.135563454287963,19.237869745194313,16.411019059724527,0.015492253873063468,14.3923113003819,3.785256845257649,0.0004997501249375312,540,303,0.47431550300007075,0.01,0.03,360,4.406386543000281
S2,0.9,600,183,3.1601303221789885,24.612129702285955,16.914615313804042,0.0024987506246876563,15.105198044535115,3.9005867567837234,0.0004997501249375312,540,321,0.47909248699988893,0.01,0.01,321,4.408879439999964
S2,0.9,600,184,3.0685686361804043,19.23423674004431,16.69275795058284,0.017491254372813594,18.133821544986194,3.866877483227272,0.0004997501249375312,324,324,0.7561165850001998,0.01,0.05,324,6.009313630000179
S2,0.9,600,185,3.215793025260724,17.91477469651866,16.730278615634045,0.028985507246376812,16.681818965396257,3.863807737293302,0.0004997501249375312,342,300,0.6695258540003124,0.01,0.12,342,5.143928261999918
S2,0.9,600,186,3.044107424941688,20.156001106258277,16.250657046840203,0.010494752623688156,15.749883350966876,3.8806024824486567,0.0004997501249375312,540,303,0.4741577960003269,0.01,0.04,336,5.401565388000108
S2,0.9,600,187,3.12500523154732,18.954009981618253,16.55534770788089,0.012993503248375811,15.75068041088802,3.7905210353476915,0.0004997501249375312,525,300,0.7749700580002354,0.01,0.04,300,6.473317156999656
S2,0.9,600,188,3.0685686361803346,32.987637429565595,16.26950848486808,0.0004997501249375312,24.518657802963418,3.911975182310696,0.0004997501249375312,480,315,0.4775564039996425,0.01,0.01,315,5.514325434000057
S2,0.9,600,189,3.088693153998807,23.547122405426098,16.815677199160664,0.004497751124437781,18.131893366762952,3.8812297390867934,0.0004997501249375312,438,312,0.4780373849998796,0.01,0.02,363,4.400641686999734
S2,0.9,600,190,3.167412149081896,17.607127487090718,16.63643729873438,0.033483258370814596,17.707170378016308,3.805838434385454,0.0004997501249375312,303,303,0.7710690270000669,0.01,0.1,297,7.150596111000141
S2,0.9,600,191,3.110860099497069,18.709040874659188,16.77739883645797,0.02048975512243878,7.55796668607942,3.8756276367667226,0.0009995002498750624,519,300,0.4806604039999911,0.01,0.07,306,4.417564461999973
S2,0.9,600,192,3.120010667997711,15.142221026731042,16.75771239929016,0.10144927536231885,12.425838258226415,3.8223089747014876,0.0004997501249375312,531,321,0.47665521900034946,0.01,0.15,336,5.037831900000128
S2,0.9,600,193,3.205908613596752,17.820981226664987,16.98371034249426,0.03798100949525238,15.298554078697794,3.8706857695621846,0.0004997501249375312,525,297,0.48399276500003907,0.01,0.09,297,4.864193481999791
S2,0.9,600,194,3.2082052551559372,15.24388139052066,16.651458897659907,0.09895052473763119,13.78646584767155,3.9012123824102454,0.0004997501249375312,531,306,0.4798516219998419,0.02,0.16,321,5.0740474000003815
S2,0.9,600,195,3.054273960426389,17.3647973888246,16.15471476355368,0.029985007496251874,11.785338217562714,3.8651809885963218,0.0004997501249375312,537,309,0.47741978800013385,0.01,0.06,306,4.855807124999956
S2,0.9,600,196,2.9893736597894307,21.36471846473686,15.91730022770675,0.00399800099950025,12.854715810164096,3.770392631418367,0.0004997501249375312,534,315,0.47991616899980727,0.01,0.02,315,4.4488587119999465
S2,0.9,600,197,3.1204951785712756,17.61796616750438,16.68244582404969,0.037481259370314844,12.934620857046843,3.9231125885091997,0.0004997501249375312,414,303,0.4753574609999305,0.01,0.06,282,4.787534976999723
S2,0.9,600,198,3.0542739604283518,23.453303720502426,16.338718519735128,0.001999000499750125,18.55066514062864,3.8922330586633223,0.0004997501249375312,414,297,0.4749156840002797,0.01,0.01,321,4.9698760629999015
S2,0.9,600,199,3.0754362585491926,17.14554536072124,16.640562261819618,0.03948025987006497,10.187415190919568,3.874568880447062,0.0004997501249375312,516,318,0.4837437750002209,0.01,0.09,330,7.2732089430001
S2,0.9,600,200,3.138477037354771,19.316245113802236,16.98998027382423,0.019490254872563718,13.975085717076647,3.788626759699283,0.0004997501249375312,537,312,0.48665380100010225,0.01,0.06,324,4.736789883000256
S2,0.9,600,201,3.16013032217841,18.035616570287704,16.739024038474536,0.026986506746626688,15.370647596226124,3.80864849052735,0.0004997501249375312,495,333,0.5671756650003772,0.01,0.06,333,4.416784153999743
S2,0.9,600,202,3.1318166053982344,21.434342523174514,16.419946070988665,0.004497751124437781,8.993025465854972,3.819746240828772,0.0004997501249375312,540,336,0.5521989270000631,0.01,0.01,390,4.948121236000134
S2,0.9,600,203,3.131816605396313,22.62596904413648,16.714495977260214,0.0034982508745627187,15.472405253805844,3.851346269464939,0.0004997501249375312,435,306,0.4905529059997207,0.01,0.03,342,4.402316133999648
S2,0.9,600,204,3.1745051863787115,18.19739959808761,16.90197426557543,0.02948525737131434,14.163049650334816,3.8574946706727546,0.0004997501249375312,435,321,0.5547059369996532,0.01,0.07,321,5.322045241000069
S2,0.9,600,205,3.118025207969839,14.06141334318998,16.65150812860193,0.13993003498250875,11.538371322083242,3.851004613229235,0.0004997501249375312,456,330,0.5303596809999362,0.01,0.2,330,4.39630354000019
S2,0.9,600,206,3.1449394412362017,14.808320053146913,16.777090822899357,0.11944027986006997,9.618435473319236,3.8846485252458454,0.0004997501249375312,540,339,0.7854369199999383,0.01,0.19,339,7.905364204999842
S2,0.9,600,207,3.181426105097396,15.991252386228467,16.44030361642349,0.06446776611694154,9.593596454909953,3.7868372515269706,0.0004997501249375312,504,333,0.7437582129996372,0.01,0.13,339,7.8730809509997925
S2,0.9,600,208,3.1069264496792215,19.873387105826794,16.671587738366384,0.011494252873563218,13.196100665210116,3.8384325742424683,0.0004997501249375312,462,297,0.4817444880000039,0.01,0.05,342,4.45515810400002
S2,0.9,600,209,3.022533580277383,24.23780178590167,16.18985659722899,0.0004997501249375312,17.676376951804656,3.6959669289312855,0.0004997501249375312,492,300,0.48261552699977983,0.01,0.02,309,4.413741557999856
S2,0.9,600,210,3.188192868815849,25.089797520756242,16.419519949672043,0.0009995002498750624,18.230564641245454,3.7255677545849126,0.0004997501249375312,504,315,0.4916412939996917,0.01,0.01,348,4.398784299999988
S2,0.9,600,211,3.16913184520974,17.25247560805128,16.665387953346208,0.04147926036981509,16.069898266647673,3.79882328418571,0.0004997501249375312,351,312,0.4836291749998054,0.01,0.07,315,4.397513275000165
S2,0.9,600,212,3.174505186379349,24.24260540233225,16.88153545608949,0.0009995002498750624,15.116430188460834,3.78174188578169,0.0004997501249375312,540,327,0.48765718300001026,0.01,0.01,363,4.4616018789997725
S2,0.9,600,213,3.086139298573761,15.173494308298956,16.895246823621314,0.095952023988006,12.8993617859111,3.812542500144341,0.0004997501249375312,396,300,0.47761954299994613,0.01,0.29,297,4.3953516370002035
S2,0.9,600,214,3.1001697800521706,13.969422287243605,16.75107376223317,0.15692153923038482,13.856875529711761,3.780996276614463,0.0004997501249375312,297,297,0.7476335760002257,0.01,0.28,303,7.882478296000045
S2,0.9,600,215,3.2157930252601843,12.972571172679265,17.02790303698893,0.2518740629685157,6.8033141410547096,3.7785885547292897,0.0009995002498750624,462,318,0.7362953739998375,0.02,0.31,384,7.890486217000216
S2,0.9,600,216,3.176585479166976,19.22224338414912,16.997842237644953,0.019490254872563718,16.317297556243,3.8341133755217487,0.0004997501249375312,498,318,0.4791206879999663,0.01,0.06,324,4.504299835999973
S2,0.9,600,217,3.1135337550066513,17.667521949121273,16.664639502634625,0.030984507746126936,16.37244177651188,3.8046190692143327,0.0004997501249375312,360,318,0.7570674970002074,0.01,0.07,318,6.946416063000015
S2,0.9,600,218,3.095914623561876,14.546019678514886,16.706361080604417,0.10844577711144428,13.495098416692175,3.760106768825802,0.0004997501249375312,348,324,0.48229858300010164,0.01,0.34,321,5.827121245999933
S2,0.9,600,219,3.055591732536305,17.882963086571433,16.413438611299938,0.026486756621689155,16.92774353625355,3.8569516540759428,0.0004997501249375312,324,315,0.4857693740000286,0.01,0.05,324,4.3977581799999825
S2,0.9,600,220,3.142786976412819,21.778334450618125,16.809616507680683,0.0069965017491254375,15.419010861467934,3.8659167113654083,0.0004997501249375312,513,321,0.4807869760002177,0.01,0.02,321,4.482437258000118
S2,0.9,600,221,3.1691318452131174,13.925266604111346,16.316163731051034,0.15092453773113443,13.173903283813496,3.864404844129908,0.0004997501249375312,309,309,0.4849416079996445,0.01,0.32,318,4.413572899999963
S2,0.9,600,222,3.1674121490812217,21.049441271939433,16.692876133074762,0.0079960019990005,15.404804167561148,3.8077598999296325,0.0004997501249375312,537,300,0.7671012749997317,0.01,0.05,327,7.963622323999971
S2,0.9,600,223,3.112622861100547,18.32020448487848,16.821088492818557,0.022488755622188907,17.677568602281507,3.853239452955921,0.0004997501249375312,510,306,0.7585457919999499,0.01,0.07,306,5.561296025000047
S2,0.9,600,224,3.2007908458148457,17.468495541035427,16.838302302741848,0.03698150924537731,13.24581560240444,3.8484655298896486,0.0004997501249375312,426,312,0.49636987599978966,0.01,0.05,312,4.447739852999803
S2,0.9,600,225,3.16741214908099,23.885508473482183,16.358402802989012,0.0014992503748125937,20.337731979562847,3.7895099784281276,0.0004997501249375312,360,336,0.48169215399957466,0.01,0.01,336,4.608500038999864
S2,0.9,600,226,3.135563454288273,23.212253020479174,16.670973766427668,0.0024987506246876563,15.572316196538132,3.9011938425679893,0.0004997501249375312,537,300,0.48844328499990297,0.01,0.03,333,7.442322117000003
S2,0.9,600,227,3.1814261050965076,30.920945231410286,16.956636555634738,0.0004997501249375312,12.835340374278196,3.883517705114233,0.0004997501249375312,537,309,0.7389105329998529,0.01,0.01,309,5.688342403999741
S2,0.9,600,228,3.050919734191518,15.47894366813607,16.40379066456541,0.07596201899050475,15.240792014068521,3.800362204344751,0.0004997501249375312,303,303,0.48616423900011796,0.01,0.2,303,4.443881557000168
S2,0.9,600,229,3.163403446737748,13.947237208620896,16.684378290030384,0.16841579210394803,11.280927113207266,3.7997865126786157,0.0004997501249375312,486,291,0.49020529100016574,0.01,0.32,327,4.506976840999869
S2,0.9,600,230,3.215793025260265,22.030171475877605,17.22968698516398,0.0024987506246876563,21.419577348966044,3.7730168689110473,0.0004997501249375312,354,315,0.5411132290000751,0.01,0.02,312,4.449355570999614
S2,0.9,600,231,3.1250052315476062,21.140939521835648,16.27618575022704,0.004997501249375313,14.64600272049816,3.8082215798486807,0.0004997501249375312,537,300,0.4794046359997992,0.01,0.01,300,4.755429205000382
S2,0.9,600,232,3.1250052315462726,13.718127776672064,16.170245807108216,0.15942028985507245,11.676136304755246,3.784207760865074,0.0004997501249375312,540,309,0.5879912960003821,0.02,0.26,333,5.46087141299995
S2,0.9,600,233,3.2229975299834015,17.624984816875845,16.99457080289495,0.03648175912043978,16.115078494224118,3.8032657537201704,0.0004997501249375312,342,300,0.5355081499997141,0.01,0.1,342,4.638093916000344
S2,0.9,600,234,3.1281376193847654,17.31772863282873,16.498744257114396,0.03698150924537731,12.710805840290751,3.867636831391895,0.0004997501249375312,540,300,0.47926802099982524,0.01,0.12,333,5.449306171999979
S2,0.9,600,235,3.167412149081972,23.249836341485295,16.237267626832395,0.00399800099950025,12.513872355807523,3.7768570079713335,0.0004997501249375312,519,330,0.7504646499996852,0.01,0.01,330,7.900956574000247
S2,0.9,600,236,3.1427869764142935,24.118207485340896,16.858436283363893,0.0029985007496251873,18.146500730376452,3.8384327555588587,0.0004997501249375312,486,312,0.5400318229999357,0.01,0.02,306,5.363033474000076
S2,0.9,600,237,3.0861392985755445,17.418579251758896,16.331443719151917,0.026986506746626688,13.303204658089799,3.8207588961733476,0.0004997501249375312,537,315,0.47689635599999747,0.01,0.07,351,5.289048825999998
S2,0.9,600,238,3.176898558425566,22.12726867205836,16.832099322897573,0.006496751624187906,8.67951142739444,3.850659363773698,0.0004997501249375312,528,303,0.537752547999844,0.01,0.01,339,5.088624988999982
S2,0.9,600,239,3.176898558425494,15.99820770064195,17.154309875950595,0.08195902048975512,13.09712721152623,3.786380747424953,0.0004997501249375312,438,312,0.4766707570001927,0.01,0.1,315,4.4288241849999395
S2,0.9,600,240,3.142786976413449,18.799318389320124,16.695046467037244,0.015492253873063468,10.893840281256397,3.823677974532689,0.0004997501249375312,537,297,0.509717050999825,0.01,0.06,318,4.6064558890002445
S2,0.9,600,241,3.1526442171850357,17.701779793332147,16.859284695714365,0.038980509745127435,11.782442497974527,3.797942424137536,0.0004997501249375312,537,312,0.47691907099988384,0.01,0.04,297,4.403043999000147
S2,0.9,600,242,3.131816605397394,16.29074560073425,16.56541914530817,0.05647176411794103,14.27495050544831,3.824227804692523,0.0004997501249375312,465,318,0.7629288219995942,0.01,0.13,294,7.922256422999908
S2,0.9,600,243,3.0704455321824935,20.01751224109033,16.350039457046396,0.010994502748625687,15.52546456295542,3.8537765133275954,0.0004997501249375312,537,315,0.7483645349998369,0.01,0.04,315,7.8829068449999795
S2,0.9,600,244,3.1180252079711543,19.12504543460595,16.441804119619416,0.015992003998001,14.13657372689919,3.7859004628607544,0.0004997501249375312,540,306,0.5749159030001465,0.01,0.03,306,5.7689160180002546
S2,0.9,600,245,3.100169780053783,22.785679251526677,16.621731256484477,0.0034982508745627187,21.233413674646343,3.801803730795865,0.0004997501249375312,429,324,0.4768275060000633,0.01,0.02,330,4.419741155999873
S2,0.9,600,246,3.2127280780437553,18.109195805536235,17.12538250420007,0.03298350824587706,11.139923248918553,3.8816798499244713,0.0004997501249375312,540,336,0.4897307619999083,0.01,0.05,339,4.409717166999599
S2,0.9,600,247,3.1601303221779533,21.87222649968474,16.715721738946108,0.004497751124437781,14.893746920897263,3.8097077389404443,0.0004997501249375312,534,300,0.4778372609998769,0.01,0.01,315,4.428087549999873
S2,0.9,600,248,3.1250052315474774,22.94186760394193,17.040813833106267,0.004497751124437781,20.265192232315925,3.852717385825813,0.0004997501249375312,405,300,0.4829029580000679,0.01,0.01,381,5.491957014999571
S2,0.9,600,249,3.0468178709765463,18.63576811215326,16.098854846619435,0.017991004497751123,14.314294461005508,3.7963737948035243,0.0004997501249375312,414,303,0.7471472610000092,0.01,0.04,303,4.8835268499997255
S2,0.9,600,250,3.231883601484968,13.610444598216283,16.817157614843683,0.20089955022488756,8.800566162249316,3.8373976034698076,0.0004997501249375312,408,330,0.6964150220001102,0.03,0.27,330,7.939576584999941
S2,0.9,600,251,3.200790845815895,15.569470532642454,16.84149887270195,0.08445777111444278,11.084340095193355,3.7657173979480367,0.0004997501249375312,528,297,0.7608294349997777,0.01,0.2,312,7.920807827999852
S2,0.9,600,252,3.22422015372103,16.125402925019948,16.943808923234297,0.07196401799100449,10.938542510485004,3.73339985079912,0.0004997501249375312,510,306,0.7482379150001179,0.01,0.15,300,7.8784982279998985
S2,0.9,600,253,3.125005231546784,13.27080378462634,16.71429305889198,0.2098950524737631,12.624117846369177,3.7954097327325442,0.0004997501249375312,336,321,0.4778200810001181,0.02,0.31,321,4.393291245
S2,0.9,600,254,3.200790845814765,24.115491765240883,16.762829299341643,0.0014992503748125937,14.817818365856514,3.871940434438692,0.0004997501249375312,531,315,0.4815651879998768,0.01,0.01,330,5.031531563000044
S2,0.9,600,255,3.1281376193879544,23.376631658727202,16.253106489925596,0.001999000499750125,18.86321411342143,3.8234086503189513,0.0004997501249375312,459,318,0.4770688529997642,0.01,0.01,318,4.405605442000251
S2,0.9,600,256,3.131816605396664,18.090713688272743,16.99626173256756,0.031484257871064465,15.147841486390059,3.855810547387713,0.0004997501249375312,531,315,0.5037529609999183,0.01,0.07,315,4.5557741789998545
S2,0.9,600,257,3.149823566155496,14.280759649521551,16.57069283191031,0.13243378310844578,12.397640708170142,3.754400121953477,0.0004997501249375312,360,315,0.4776277889995981,0.01,0.16,315,7.852686076000282
S2,0.9,600,258,3.0875084656433414,20.797776966716743,16.657789119056098,0.0079960019990005,10.159260436343093,3.7795322084497465,0.0004997501249375312,522,303,0.48794055899998057,0.02,0.06,378,6.373701163000078
S2,0.9,600,259,3.18489861106108,16.728736963517036,16.3916597349019,0.04447776111944028,16.94860672177169,3.775901024098078,0.0004997501249375312,312,300,0.7599945550000484,0.01,0.12,306,7.925583298999754
S2,0.9,600,260,3.095118705131109,23.22665627430132,16.73413843593902,0.0029985007496251873,21.39423447799899,3.9368635638347462,0.0004997501249375312,474,318,0.7842282769997837,0.01,0.03,327,7.925042963000124
S2,0.9,600,261,3.142786976414551,14.878481882854366,16.79946169648186,0.10594702648675662,13.17143550269607,3.807797631713111,0.0004997501249375312,540,324,0.7599888540003121,0.01,0.17,306,7.962211373000173
S2,0.9,600,262,3.1180252079728787,17.44384044635227,16.8979605078535,0.04147926036981509,14.040870372436535,3.796236914494738,0.0004997501249375312,429,303,0.47799126700010675,0.01,0.11,336,4.425159782999799
S2,0.9,600,263,3.239336936411586,22.467935975932633,17.281740120002347,0.0034982508745627187,13.700549027175988,3.7915080765181144,0.0004997501249375312,525,318,0.4824504899997919,0.01,0.01,363,4.411431046999951
S2,0.9,600,264,3.131816605395939,25.535399442153054,16.84216601765688,0.0014992503748125937,16.34125321398324,3.9109812263682544,0.0004997501249375312,531,300,0.5751577639998686,0.01,0.01,324,4.419131988999652
S2,0.9,600,265,3.1180252079714976,22.151265283976365,16.69694493284988,0.0034982508745627187,16.050961914833785,3.8369831348918755,0.0004997501249375312,459,306,0.47458170800018706,0.01,0.01,336,5.728237664000062
S2,0.9,600,266,3.216331913690308,22.75955218729588,17.215053292818272,0.0029985007496251873,10.193554614485732,3.738181334680007,0.0004997501249375312,468,324,0.744475051000336,0.01,0.01,324,7.566536768000333
S2,0.9,600,267,3.1674121490828098,25.60243133084956,16.786840739675156,0.0014992503748125937,16.357207547665084,3.888323085182839,0.0004997501249375312,438,321,0.4791422370003602,0.01,0.01,411,4.399305206999998
S2,0.9,600,268,3.093246168141643,17.948798443541936,16.269330545345912,0.025487256371814093,14.691929453573794,3.7504446862262744,0.0004997501249375312,504,318,0.6763705409998693,0.01,0.07,342,4.551556411000092
S2,0.9,600,269,3.106926449678946,18.642402594786404,16.945932117656564,0.025487256371814093,13.9973163492897,3.867003377409261,0.0004997501249375312,468,321,0.4858964869999909,0.01,0.09,321,4.469928030000119
S2,0.9,600,270,3.1699838269328047,17.566606791330894,16.87294212803901,0.034482758620689655,13.109485325768896,3.67558799866811,0.0004997501249375312,537,300,0.4894633469998553,0.01,0.11,300,4.547552098999859
S2,0.9,600,271,3.106926449677544,17.215953664333192,16.814950874532673,0.04047976011994003,13.490112449422657,3.858537684850401,0.0004997501249375312,357,315,0.4842325630002051,0.01,0.09,354,4.394435630999851
S2,0.9,600,272,3.138477037353758,12.275144698993817,16.799111991462134,0.2978510744627686,10.132224997909253,3.9005776561617442,0.0004997501249375312,420,285,0.7544436050002332,0.02,0.38,300,7.8815244520001215
S2,0.9,600,273,3.208396029979916,19.363166294902936,16.889775299668482,0.015492253873063468,18.088280817687853,3.7943941004058113,0.0004997501249375312,468,312,0.7440713389996745,0.01,0.05,330,6.772574464000172
S2,0.9,600,274,3.1844445404413175,13.994304261783487,16.729504941682762,0.1679160419790105,9.432894888293355,3.7295634356979437,0.0004997501249375312,432,333,0.49047090599970034,0.01,0.27,357,4.40598836800018
S2,0.9,600,275,3.1848986110628763,19.893540436657354,16.593633800082063,0.0074962518740629685,10.943037665501569,3.7443715510268767,0.0004997501249375312,537,306,0.4817954620002638,0.01,0.02,306,6.261794612999893
S2,0.9,600,276,3.283744501471599,23.265178152940077,17.152651360237083,0.004497751124437781,18.829065261704578,3.7925479864246414,0.0004997501249375312,489,309,0.48243205200014927,0.01,0.01,315,4.387040696999975
S2,0.9,600,277,3.2259793986450656,20.27788660684454,17.02956656472735,0.01249375312343828,12.570541475218993,3.8348246539786146,0.0004997501249375312,399,309,0.5356461709998257,0.01,0.02,312,7.9053601639998305
S2,0.9,600,278,3.1848986110625543,13.703684128128254,17.07495779956333,0.19890054972513743,12.69715785363735,3.8740052992948404,0.0004997501249375312,312,312,0.47787883099999817,0.01,0.15,315,7.418937876999735
S2,0.9,600,279,3.1427869764149112,17.27072800539122,16.779252949584425,0.0399800099950025,15.008028963757733,3.8591202154222883,0.0004997501249375312,336,336,0.7656698719997621,0.01,0.1,336,4.991050436000023
S2,0.9,600,280,3.1180252079700983,17.881233406229097,16.726745817525238,0.02798600699650175,10.795460334169944,3.8440228320215195,0.0004997501249375312,540,318,0.7616707180000049,0.01,0.05,309,7.934218653999778
S2,0.9,600,281,2.9519825392943795,18.13840979380378,16.02923633415048,0.01999000499750125,13.992978626585437,3.9794652759708518,0.0004997501249375312,387,336,0.737940037000044,0.01,0.07,342,5.911028734999945
S2,0.9,600,282,3.1498235661542155,28.313971298707255,16.596191079810836,0.0004997501249375312,13.64407772649578,3.7590785181450816,0.0004997501249375312,537,300,0.48246421800013195,0.01,0.01,300,4.422020272000282
S2,0.9,600,283,3.1108600994999693,12.025558665975309,16.332670652700596,0.28285857071464265,9.569209685856398,3.8685168128563663,0.0004997501249375312,369,321,0.4763379879996137,0.01,0.51,321,4.476389091999863
S2,0.9,600,284,3.0635728303915246,22.967159388694824,16.00194302756262,0.001999000499750125,17.40299575068598,3.7538905662875104,0.0004997501249375312,540,300,0.7417453460002434,0.01,0.04,351,6.377342253999814
S2,0.9,600,285,3.104508373804392,21.04127247110436,16.19525514295932,0.005997001499250375,14.157960357742466,3.7751851924876507,0.0004997501249375312,537,306,0.4753868030002195,0.01,0.02,330,4.617101449999609
S2,0.9,600,286,3.2548172214859994,15.429661121942663,17.007192992943384,0.10444777611194403,9.689589120482013,3.840286756477904,0.0004997501249375312,441,303,0.48774327000000994,0.01,0.06,303,4.408930383000097
S2,0.9,600,287,3.167412149081233,11.797806600108416,16.764717360051854,0.3468265867066467,11.180305851035708,3.8483826653679483,0.0004997501249375312,393,303,0.4811395880001328,0.02,0.43,303,4.416582674999972
S2,0.9,600,288,3.120495178572866,22.121730134923116,16.946351051100578,0.006496751624187906,14.359195108793923,3.845053517892089,0.0004997501249375312,513,306,0.47968882199984364,0.01,0.03,306,4.553090403000169
S2,0.9,600,289,3.1989333777048454,19.58957785650372,16.895321633922585,0.01649175412293853,12.924014532266197,3.8252821452050187,0.0004997501249375312,501,312,0.5131162460002088,0.01,0.04,300,4.4443570530002035
S2,0.9,600,290,3.1989333777042206,29.23680053637831,17.164230125829405,0.0009995002498750624,18.030280641222156,3.7825526490845833,0.0004997501249375312,540,315,0.482557727999847,0.01,0.01,324,4.4093673819998
S2,0.9,600,291,3.1001697800517354,17.235240238152425,16.2786277480591,0.034482758620689655,16.57990560455587,3.696702376532801,0.0004997501249375312,396,306,0.4782441679999465,0.01,0.1,309,4.412538126000072
S2,0.9,600,292,3.039138296174891,19.787867101093973,16.578610863197024,0.013493253373313344,17.63081454443346,3.9236897560666413,0.0004997501249375312,414,309,0.47752035599978626,0.01,0.01,300,4.387406964000093
S2,0.9,600,293,3.14982356615384,24.139355568506172,16.250457161053546,0.0004997501249375312,17.48478979887017,3.705319321711869,0.0004997501249375312,516,315,0.73707186799993,0.01,0.02,330,7.886216285000046
S2,0.9,600,294,3.1526442171850566,24.172684437574212,16.698515721670592,0.0004997501249375312,19.559527255050128,3.820758612536482,0.0004997501249375312,486,315,0.4937216470002568,0.01,0.02,354,6.819178762999854
S2,0.9,600,295,3.0333239577024855,26.758500966249123,16.47585183710414,0.0009995002498750624,15.242148562250508,3.789757127554993,0.0004997501249375312,531,303,0.7383850090000124,0.01,0.01,339,7.876286073999836
S2,0.9,600,296,3.095118705131622,22.450135822183068,16.54746926482011,0.004997501249375313,12.822904336788657,3.85146559490838,0.0004997501249375312,528,324,0.4768469890000233,0.01,0.02,297,4.423991132000083
S2,0.9,600,297,3.208396029979622,12.736767105584077,17.11551297338929,0.2893553223388306,8.449699347367353,3.8454428395059015,0.0004997501249375312,540,294,0.4863808120003341,0.05,0.41,324,4.408612119999816
S2,0.9,600,298,3.1427869764147545,19.77608469476603,16.753968764985547,0.013993003498250875,15.712099750323954,3.9892080016647986,0.0004997501249375312,474,333,0.4765520269997978,0.01,0.02,336,4.421955594999872
S2,0.9,600,299,3.181426105095856,10.692780789865667,16.518790614820283,0.487256371814093,9.03258911441864,3.800572139664633,0.0004997501249375312,504,297,0.4955909000000247,0.01,0.48,300,4.424745035999877
S2,0.9,600,300,3.160130322178051,19.418191636884206,16.576050221684554,0.01699150424787606,7.887861646884054,3.8690426009412167,0.0004997501249375312,537,318,0.753934178000236,0.02,0.04,480,7.876721680999708
S2,0.9,600,301,3.026728089701994,22.31784350754894,16.44457404730524,0.005497251374312844,18.90590089029948,3.858941575063941,0.0004997501249375312,522,309,0.7345349610000085,0.01,0.02,309,7.894698667000284
S2,0.9,600,302,3.1699838269332963,17.582548874602516,16.645981353793644,0.03398300849575212,13.192656363877957,3.77625606526321,0.0004997501249375312,474,312,0.7527832650002892,0.01,0.09,312,7.3835034370004
S2,0.9,600,303,3.1768985584245364,18.200498122847286,16.711876452291616,0.030484757621189407,18.279934917034048,3.810138214049731,0.0004997501249375312,288,297,0.4760821390000274,0.01,0.08,303,7.3237146340002255
S2,0.9,600,304,3.1250052315470755,16.86637614230393,16.663877870205905,0.04597701149425287,13.295958243522358,3.855669210054172,0.0004997501249375312,483,306,0.48709217700024965,0.01,0.2,303,4.46864382800004
S2,0.9,600,305,3.160130322178393,12.451870672755229,17.015716775197962,0.28085957021489255,11.323490123056354,3.8675253757274546,0.0004997501249375312,306,306,0.5375405729996601,0.01,0.38,306,5.015054295000027
S2,0.9,600,306,3.1263777114803704,18.616382991924787,16.448948278166483,0.01899050474762619,10.832817549080367,3.787916525042685,0.0004997501249375312,540,309,0.4755543139999645,0.02,0.08,306,4.9551083850001305
S2,0.9,600,307,3.1526442171870426,19.561355134829785,16.673073113899697,0.013493253373313344,19.662246713400314,3.815464796706621,0.0004997501249375312,456,300,0.5460892090000016,0.01,0.04,312,4.499255650000123
S2,0.9,600,308,3.1691318452118242,15.63201150614162,16.917883270110902,0.07796101949025487,11.665118499763459,3.7230857021560424,0.0004997501249375312,366,330,0.7692824619998646,0.01,0.06,342,7.9213157039998805
S2,0.9,600,309,3.086139298575383,20.155176995787887,16.297434402280267,0.01249375312343828,17.571675821312084,3.8389340636951976,0.0004997501249375312,522,315,0.7517463159997533,0.01,0.07,291,6.129346627000359
S2,0.9,600,310,3.0509197341911087,25.432676401925423,16.46419577077414,0.001999000499750125,17.219899702580328,3.832264397276091,0.0004997501249375312,420,300,0.7384668419999798,0.01,0.01,420,7.87306270299996
S2,0.9,600,311,3.070445532182733,16.78685455244429,15.98171372522161,0.03698150924537731,10.179796894907827,3.789842514644934,0.0004997501249375312,537,324,0.7549355440000909,0.01,0.17,324,7.877093628000239
S2,0.9,600,312,3.0821386152857047,16.75169271989979,16.35437570277685,0.03798100949525238,10.592139973231586,3.7538268016798497,0.0004997501249375312,528,312,0.4743725540001833,0.01,0.1,312,4.397497547000057
S2,0.9,600,313,3.1001697800532497,16.18004510440122,16.368846390659485,0.05697151424287856,12.172848061575042,3.8454896585713874,0.0004997501249375312,471,303,0.47456731500005844,0.01,0.17,321,4.5957521059999635
S2,0.9,600,314,3.112622861100356,17.53456128665033,16.506226394439587,0.03248375812093953,16.477622726963105,3.9399925386873855,0.0004997501249375312,351,297,0.47771964599996863,0.01,0.13,300,4.823055192999618
S2,0.9,600,315,3.068568636178666,24.01854691871208,16.58904199615264,0.001999000499750125,17.670186477672537,3.805524322203681,0.0004997501249375312,453,306,0.7505029520002608,0.01,0.02,330,7.9388390630001595
S2,0.9,600,316,3.071316216264435,23.70712962513337,16.38610090500915,0.001999000499750125,21.49157384363559,3.798974420006294,0.0004997501249375312,396,318,0.4929476649999742,0.01,0.05,318,4.572168748999957
S2,0.9,600,317,3.1844445404421022,19.17015861657018,17.146546175349165,0.022988505747126436,12.618503759152704,3.8446319841741707,0.0004997501249375312,420,342,0.49246310499984247,0.01,0.09,387,4.4077656109998316
S2,0.9,600,318,3.075436258550118,14.314991491451922,16.416119955885588,0.11044477761119441,8.586378642878772,3.9257184976218285,0.0004997501249375312,462,327,0.7316835550000178,0.08,0.22,462,7.996711850000338
S2,0.9,600,319,3.167412149081145,12.39173615069444,16.802765192629806,0.29485257371314344,12.080086362392281,3.8317612010604853,0.0004997501249375312,312,306,0.758918370000174,0.01,0.45,303,7.9943314060001285
S2,0.9,600,320,3.0468178709737943,27.00960853084142,16.44053082428913,0.0004997501249375312,14.249298304361185,3.8761924036289463,0.0004997501249375312,513,300,0.7323621430000458,0.01,0.01,300,5.094289314999969
S2,0.9,600,321,3.216331913690061,15.746377119196174,17.01441965138445,0.08695652173913043,13.613310051671007,3.788932457404979,0.0004997501249375312,498,303,0.4760451050001393,0.01,0.14,315,4.465633956000147
S2,0.9,600,322,3.1768985584264495,17.340725908130956,16.47397912304798,0.03498250874562719,16.212022258677898,3.81308557765409,0.0004997501249375312,357,306,0.7660327629996573,0.01,0.08,315,8.003196135000053
S2,0.9,600,323,3.046817870974535,14.978534734808342,16.299436260332257,0.09195402298850575,12.405263061298706,3.894925630288027,0.0004997501249375312,366,324,0.7344478589998289,0.01,0.19,360,8.003796013000283
S2,0.9,600,324,3.167412149081834,18.204036082695485,17.23398331117233,0.026986506746626688,11.071187119329263,3.7888445309342487,0.0004997501249375312,525,312,0.4755526489998374,0.01,0.02,309,5.729636841000229
S2,0.9,600,325,3.161130948129592,23.74399430058836,16.70353312042664,0.0009995002498750624,15.315047027539292,3.7254589614562605,0.0004997501249375312,471,309,0.7592800080001325,0.01,0.01,330,4.64353385000004
S2,0.9,600,326,3.20839602997973,18.608299578738755,16.654181688301215,0.025487256371814093,15.102279464273844,3.785170559248318,0.0004997501249375312,534,303,0.4839355330000217,0.01,0.07,303,4.435391660000278
S2,0.9,600,327,3.184444540441882,18.70234181199475,16.856732996693875,0.022488755622188907,10.967645917378064,3.8175963310321785,0.0004997501249375312,534,345,0.4847748990000582,0.01,0.04,345,4.412382217999948
S2,0.9,600,328,3.0542739604277775,17.762804341465504,16.24437908175679,0.02448775612193903,14.321242671556913,3.775199773549489,0.0004997501249375312,411,318,0.7451328350002768,0.01,0.06,318,8.011144117000185
S2,0.9,600,329,3.250249139439904,27.059700461488905,17.45376701281879,0.001999000499750125,20.994389023568367,3.8170747900390354,0.0004997501249375312,510,303,0.7437251520000245,0.01,0.01,327,5.1940941199995905
S2,0.9,600,330,3.118025207972056,22.259043788582133,16.669116897878283,0.004497751124437781,16.299242455665336,3.8262313368988394,0.0004997501249375312,369,306,0.7529894030003561,0.01,0.02,369,7.950778775999879
S2,0.9,600,331,3.1204951785706774,15.948479645105131,16.671981115231787,0.07096451774112944,15.720752238948878,3.763823104105742,0.0004997501249375312,306,306,0.7548943310002869,0.01,0.11,306,7.871011583999916
S2,0.9,600,332,3.1674121490810805,17.308274092878545,17.104403527116602,0.047976011994003,14.324677036430392,3.862731610774967,0.0004997501249375312,396,300,0.4768430710000757,0.01,0.12,309,4.4894546779996745
S2,0.9,600,333,3.1601303221780017,26.678585706385164,16.757496704203827,0.0004997501249375312,18.036431049028792,3.67049881204741,0.0004997501249375312,531,318,0.5531066819999069,0.01,0.01,321,5.53346246000001
S2,0.9,600,334,3.1526442171857725,14.353012599629697,16.731959354608858,0.14042978510744628,11.45699940930722,3.840700443533852,0.0004997501249375312,387,339,0.48108765400002085,0.02,0.3,339,4.799125014999845
S2,0.9,600,335,3.1001697800522847,19.133686332221995,16.355306604131183,0.01649175412293853,14.568063138092068,3.821165505400707,0.0004997501249375312,417,330,0.4754544520001218,0.01,0.03,351,4.88577900700011
S2,0.9,600,336,3.103494635353439,13.668404227535378,16.1765328908308,0.16741629185407297,10.95548071942034,3.8440514441232527,0.0004997501249375312,366,303,0.4801438549998238,0.01,0.31,306,4.395480069999849
S2,0.9,600,337,3.1250052315453076,14.05962756786379,16.741960538091654,0.15342328835582209,10.478995978384948,3.8193876832000524,0.0004997501249375312,528,306,0.4910908950000703,0.01,0.24,312,4.422353944000406
S2,0.9,600,338,3.128137619387074,16.1502953754999,16.831594721256536,0.06496751624187906,9.952364444825482,3.777067732469271,0.0004997501249375312,429,339,0.763088782000068,0.01,0.1,342,7.99773980000009
S2,0.9,600,339,3.0821386152848276,25.34405354368653,16.22329648905222,0.0009995002498750624,16.545680584132356,3.8052794745358165,0.0004997501249375312,540,315,0.7501759909996508,0.01,0.02,345,7.884789116999855
S2,0.9,600,340,3.13181660539818,14.315661214454504,16.477821864833544,0.1374312843578211,13.675759294665466,3.7722942029906497,0.0004997501249375312,309,309,0.766743384000165,0.01,0.27,312,6.559105166999871
S2,0.9,600,341,3.1355634542872637,17.20724975807319,16.614127681569443,0.04097951024487756,14.754323464679722,3.8357761285592753,0.0004997501249375312,456,312,0.47937878599987016,0.01,0.11,324,4.4306128700000045
S2,0.9,600,342,3.1001697800527253,28.11545877818824,16.297895928888696,0.0014992503748125937,17.155844087823645,3.8990177932841537,0.0004997501249375312,531,294,0.47838690900016445,0.01,0.01,291,4.403681760999916
S2,0.9,600,343,3.1566897774096763,20.09023680706624,16.703066099918022,0.010494752623688156,15.582995110821749,3.7977537770746532,0.0004997501249375312,459,312,0.4877828859998772,0.01,0.04,312,4.680116759999692
S2,0.9,600,344,3.1281376193863926,15.375813270255447,16.206045153223933,0.08345827086456771,14.34998932482497,3.790027778095078,0.0004997501249375312,432,315,0.4893329710002945,0.01,0.26,324,4.6799922390000575
S2,0.9,600,345,3.1891425490280887,14.104242783864379,16.822283089703127,0.15992003998001,10.911574572771661,3.9212121694045985,0.0004997501249375312,369,312,0.5141755630002081,0.01,0.24,327,4.4156028289999085
S2,0.9,600,346,3.118025207971706,19.449556397842148,16.525349039616927,0.010994502748625687,11.997461760870275,3.6940658560761324,0.0004997501249375312,537,306,0.760086149000017,0.01,0.04,366,7.907500476000223
S2,0.9,600,347,3.269638178401525,14.620019446081503,17.407359299717395,0.1549225387306347,13.454891695415165,3.8187887821570863,0.0004997501249375312,324,312,0.7439228969997203,0.01,0.25,315,7.995168797000133
S2,0.9,600,348,3.103494635349742,13.576079431366956,16.75851821003098,0.16891554222888555,13.105800611999191,3.817286940790387,0.0004997501249375312,303,303,0.4926286180002535,0.01,0.4,303,4.390152122000018
S2,0.9,600,349,3.1108600994978426,16.47753213860052,16.275219945530818,0.04547726136931534,12.037547105469574,3.824971156411019,0.0004997501249375312,477,303,0.4769387880000977,0.01,0.1,318,4.486759583999628
S2,0.9,600,350,3.135563454287262,16.696002804383674,16.784743724545425,0.051974012993503245,15.973961070704865,3.8517113064256656,0.0004997501249375312,435,312,0.4867010009998012,0.01,0.16,312,4.423287561000052
S2,0.9,600,351,3.126377711479816,10.049054259108509,16.642765253692946,0.5452273863068465,9.341524542303091,3.8525383050302118,0.0004997501249375312,306,306,0.6437086209998597,0.01,0.69,306,8.036823394999828
S2,0.9,600,352,3.0312232020518626,14.836331154170647,16.12303815287261,0.09145427286356822,9.439675150013956,3.825201699190615,0.0004997501249375312,525,312,0.4751423990001058,0.02,0.16,333,4.411948451999706
S2,0.9,600,353,3.2127280780437206,23.411696836605284,16.912510856427808,0.0029985007496251873,16.51858927448565,3.8801952654726506,0.0004997501249375312,471,312,0.48130936500001553,0.01,0.02,330,4.504482657999688
S2,0.9,600,354,3.181426105096407,15.694503389426153,16.71827867669498,0.08445777111444278,11.18944954927085,3.755140353440261,0.0004997501249375312,534,342,0.4819628320001357,0.01,0.19,348,4.507130228000278
S2,0.9,600,355,3.1069264496785607,19.30101436381737,16.66924675941903,0.013493253373313344,17.390550869835373,3.789797420305808,0.0004997501249375312,381,300,0.47752674699995623,0.01,0.04,318,4.591438591000042
S2,0.9,600,356,3.151423090817722,15.61051712254452,16.660970813264775,0.07646176911544228,12.631209527089084,3.8326075544765104,0.0004997501249375312,531,300,0.763215862999914,0.01,0.13,333,7.979717995999636
S2,0.9,600,357,3.1526442171885676,19.332316571967176,16.773529958046407,0.015492253873063468,11.41717809205073,3.80350116920948,0.0004997501249375312,507,309,0.7872872980001375,0.01,0.03,336,8.15163646000019
S2,0.9,600,358,3.054273960426976,19.516968029197393,16.361361836510238,0.013493253373313344,11.29869564658203,3.8798464076826327,0.0004997501249375312,540,303,0.7365698140001768,0.01,0.05,303,7.954410508999899
S2,0.9,600,359,3.207770267540873,13.286507192890944,16.465681132245415,0.2128935532233883,12.646032195307797,3.7573120064532315,0.0004997501249375312,309,309,0.7995943529999749,0.01,0.34,309,7.578325769999992
S2,0.9,600,360,3.1498235661545335,15.481677653557284,16.517912536346337,0.0864567716141929,14.20832293280188,3.747381741794975,0.0004997501249375312,537,300,0.47761399999990317,0.01,0.16,330,4.514151242000025
S2,0.9,600,361,3.224220153721845,20.074179832804923,16.944013937460877,0.008995502248875561,10.812271504180286,3.6871675624551505,0.0004997501249375312,459,318,0.7225175329999729,0.01,0.04,327,8.097840471999916
S2,0.9,600,362,3.126377711479037,14.088274573151642,16.68967062528391,0.1549225387306347,12.861111372578172,3.7391631720831504,0.0004997501249375312,327,327,0.4774785479999082,0.01,0.39,327,5.922407631999704
S2,0.9,600,363,3.1250052315469032,17.614769103815117,16.333050379465703,0.02798600699650175,15.584232843657485,3.8729411997848753,0.0004997501249375312,339,339,0.515772540999933,0.01,0.06,339,5.197270865999599
S2,0.9,600,364,3.1355634542867086,17.5445215850493,16.375719380111434,0.031984007996002,14.566224203299742,3.836944386533474,0.0004997501249375312,540,300,0.7632930820000183,0.01,0.11,300,7.996518552999987
S2,0.9,600,365,3.08613929857383,23.165696249291535,16.529329027429128,0.0029985007496251873,12.24327932167159,3.830258358285984,0.0004997501249375312,507,309,0.7786554760000399,0.01,0.02,306,7.910090588999992
S2,0.9,600,366,3.17450518638113,24.645670513715256,16.89117689894779,0.001999000499750125,8.866781004935085,3.7742321743168348,0.0004997501249375312,522,321,0.753076226000303,0.01,0.01,522,6.523720827000034
S2,0.9,600,367,3.188192868815088,18.659598386064662,16.765529379709577,0.02348825587206397,13.484498572623892,3.821316819913597,0.0004997501249375312,393,315,0.6050656729998991,0.01,0.05,318,4.564338340000177
S2,0.9,600,368,3.11262286110155,15.618147418650906,16.5767318843251,0.08345827086456771,14.850729077312003,3.814996714043388,0.0004997501249375312,309,309,0.48392777099979867,0.01,0.15,309,4.471370549999847
S2,0.9,600,369,3.2007908458149688,21.659798439855237,17.12260345666509,0.005997001499250375,19.793237483509117,3.789343258158738,0.0004997501249375312,357,297,0.49921046000008573,0.01,0.03,357,4.4117043739997825
S2,0.9,600,370,3.070445532180789,13.064177113766958,16.591679351822584,0.20339830084957522,10.68555266859131,3.795955325134679,0.0004997501249375312,363,321,0.5759550560001117,0.01,0.23,357,4.511604917000113
S2,0.9,600,371,3.142786976413607,18.819756400134,16.537556513595177,0.01249375312343828,14.986363211788149,3.821905702387535,0.0004997501249375312,423,303,0.48695996300011757,0.01,0.08,348,4.404546218000178
S2,0.9,600,372,3.1250052315468575,13.361080579962957,16.257046514109003,0.18040979510244878,13.071141070659193,3.8956503183424864,0.0004997501249375312,303,303,0.48187779799991404,0.01,0.41,303,4.413643311999749
S2,0.9,600,373,3.1281376193858006,21.460694172435634,16.562836245852203,0.005997001499250375,16.920344812647116,3.857370569463381,0.0004997501249375312,486,306,0.48467865200018423,0.01,0.02,306,7.91956202099982
S2,0.9,600,374,3.2083960299819587,17.434599472632904,16.853243528807933,0.04097951024487756,17.606887144239778,3.707878824945911,0.0004997501249375312,300,300,0.49278147099994385,0.01,0.13,300,7.029608912000185
S2,0.9,600,375,3.1318166053979386,23.52973817913038,16.857652714309264,0.001999000499750125,19.791016614781498,3.8256445391620737,0.0004997501249375312,396,306,0.49149134300023434,0.01,0.02,354,6.991723144000389
S2,0.9,600,376,3.1288214112709754,14.111124764010478,16.346658715672643,0.13193403298350825,13.475781004492488,3.829145328996275,0.0004997501249375312,294,294,0.7507876230001784,0.01,0.23,294,7.9347168710000915
S2,0.9,600,377,3.029928759043058,21.92527475240628,16.489692323795506,0.00399800099950025,15.5464853075512,3.881710090749538,0.0004997501249375312,525,306,0.7349730090004414,0.01,0.03,300,8.01950572700025
S2,0.9,600,378,3.0959146235604798,22.103575992116603,16.26600853849747,0.0024987506246876563,18.687044009908977,3.799437732495756,0.0004997501249375312,486,300,0.48275618599973313,0.01,0.03,300,4.437450696000269
S2,0.9,600,379,3.100169780050909,15.953296769143018,16.49662162907997,0.06696651674162919,14.668239474921439,3.872228739751704,0.0004997501249375312,330,327,0.47535283700017317,0.01,0.18,327,4.419705752000027
S2,0.9,600,380,3.029928759040437,15.1352746335264,16.15060475739054,0.0864567716141929,12.666260217533093,3.8060894831631673,0.0004997501249375312,522,300,0.7319641829999455,0.01,0.25,303,7.984718370999872
S2,0.9,600,381,3.1634034467377545,27.62714154688522,16.96602721689617,0.001999000499750125,16.938602683571187,3.815353117981841,0.0004997501249375312,531,321,0.7432823069998449,0.01,0.01,351,6.703525882000122
S2,0.9,600,382,3.1204951785693655,22.89277213956674,16.53445376739701,0.0024987506246876563,18.050140727723438,3.851845979751614,0.0004997501249375312,522,309,0.7578787659999762,0.01,0.04,324,4.995494581000003
S2,0.9,600,383,3.2083960299819894,12.243307649953705,16.71237278738856,0.3153423288355822,10.99758888544402,3.8382781206391856,0.0004997501249375312,60,309,0.49392287299997406,0.01,0.43,309,4.5696753339998395
S2,0.9,600,384,3.1691318452095545,17.150853470931782,16.57563976356539,0.0399800099950025,15.655181419646365,3.8180194804825396,0.0004997501249375312,513,315,0.7584085600001345,0.01,0.1,315,7.305000636999921
S2,0.9,600,385,3.198933377703697,18.6913243565581,16.87383044669054,0.02148925537231384,17.995739867437567,3.8094499995962483,0.0004997501249375312,297,297,0.4828755410003396,0.01,0.08,300,4.442061167999782
S2,0.9,600,386,3.16113094813056,24.664143976500796,16.62164098722867,0.0024987506246876563,15.700276524552944,3.827241386603427,0.0004997501249375312,489,315,0.4756726279997565,0.01,0.01,381,4.403330852000181
S2,0.9,600,387,3.1745051863802494,23.017408034989693,16.896353714303203,0.0024987506246876563,14.453745193110134,3.9385334328248036,0.0004997501249375312,537,309,0.4851695990000735,0.01,0.01,318,5.08298873800004
S2,0.9,600,388,3.0685686361814875,22.090591225516985,16.396451524920877,0.004997501249375313,21.536166340383463,3.7839721994912465,0.0004997501249375312,345,306,0.5809451969998918,0.01,0.02,342,4.830235395999807
S2,0.9,600,389,3.215793025260527,23.947550628336646,17.014893101686756,0.0024987506246876563,10.75870972027369,3.8759551632705125,0.0004997501249375312,507,312,0.4990810149997742,0.01,0.01,429,4.425407809000262
S2,0.9,600,390,3.1498235661573415,21.24012970786302,16.81718483046988,0.009495252373813094,17.361997714397774,3.891745947396226,0.0004997501249375312,408,300,0.7646881840000788,0.01,0.02,336,7.915507246000288
S2,0.9,600,391,3.1427869764142415,24.543550656750806,16.134963423766063,0.0009995002498750624,20.92927702400825,3.8112717011775463,0.0004997501249375312,522,306,0.7524401020000369,0.01,0.03,297,6.722436932000164
S2,0.9,600,392,3.0685686361835987,13.134446412766383,16.35109863982025,0.1904047976011994,12.976460840131672,3.8624397454270536,0.0004997501249375312,540,303,0.4765833829997064,0.01,0.33,300,7.84141678900005
S2,0.9,600,393,3.0713162162651235,16.63799897695942,16.130026734473542,0.04097951024487756,15.982045109961046,3.8238437196840196,0.0004997501249375312,348,306,0.7620235000003959,0.01,0.11,351,7.315347779000149
S2,0.9,600,394,3.093246168140122,15.118450915193515,16.245045072389225,0.08045977011494253,14.648161364544393,3.8363206594902106,0.0004997501249375312,309,309,0.47485234899977513,0.01,0.21,300,6.884819889000028
S2,0.9,600,395,3.2059086135973898,15.050608971466563,17.140601327755597,0.12693653173413294,11.189584408937442,3.7826843265411174,0.0004997501249375312,402,303,0.7432200920002288,0.01,0.18,363,7.162283834999926
S2,0.9,600,396,3.1844445404413246,24.41923283341587,16.814149781521387,0.001999000499750125,18.175759640613435,3.7341378742655174,0.0004997501249375312,399,312,0.48246824999978344,0.01,0.02,330,4.39645779500006
S2,0.9,600,397,3.1180252079721216,20.605249934765023,16.564316301076378,0.005497251374312844,20.01359027775394,3.8051116249572106,0.0004997501249375312,309,309,0.48190959299972747,0.01,0.03,303,4.51852385500024
S2,0.9,600,398,3.0542739604269045,15.585498914256064,16.762498011742977,0.08095952023988005,9.376640789647666,3.866227674923912,0.0004997501249375312,516,330,0.4748918360000971,0.01,0.11,297,4.412929978000193
S2,0.9,600,399,3.0754362585490043,14.093998422328223,16.20565338573366,0.13093453273363317,13.057728109311846,3.7136072752795473,0.0004997501249375312,330,312,0.47494590299993433,0.01,0.3,330,4.429799087999982
S2,0.9,600,400,3.1699838269334775,21.68256337208455,16.543022320951625,0.0069965017491254375,20.06289414624651,3.8468301901317936,0.0004997501249375312,438,312,0.5400805640001636,0.01,0.02,294,4.469640757999969
S2,0.9,600,401,3.0861392985744085,21.421512565489355,16.404019531510528,0.005497251374312844,21.001633144591832,3.87859764747553,0.0004997501249375312,372,315,0.4767026569998052,0.01,0.05,330,4.720829429999867
S2,0.9,600,402,3.2300264426596277,27.65527207770672,16.983420506074932,0.0009995002498750624,18.983115187450828,3.8280859411476587,0.0004997501249375312,540,309,0.4885191529997428,0.01,0.01,330,6.791352413999903
S2,0.9,600,403,3.1281376193859627,22.751204029241627,16.791723903828135,0.001999000499750125,9.028509907894016,3.910295318847327,0.0004997501249375312,540,303,0.7608439040000121,0.02,0.01,303,7.909410694000144
S2,0.9,600,404,3.1745051863816327,25.159954901054302,16.943624775536524,0.0014992503748125937,15.198115608931735,3.861085212043225,0.0004997501249375312,540,312,0.48369245899993984,0.01,0.02,333,4.577949737999916
S2,0.9,600,405,3.0615195531284867,13.984044308149487,16.010950775549137,0.12893553223388307,6.733448789788283,3.9248353954028383,0.001999000499750125,420,420,0.47737221600027624,0.01,0.2,399,4.4320094710001285
S2,0.9,600,406,3.1001697800523016,19.24887956572379,16.418310796544024,0.013493253373313344,18.156104024645472,3.8864209799898917,0.0004997501249375312,333,312,0.4760826379997525,0.01,0.07,312,5.220133240999985
S2,0.9,600,407,3.086139298577592,18.320602775673574,16.422106117140075,0.021989005497251374,12.236123018979402,3.8964227839137386,0.0004997501249375312,537,306,0.48565861800034327,0.01,0.05,297,4.4112589880001
S2,0.9,600,408,3.160130322177884,18.104506038922352,16.99725016940284,0.027486256871564217,17.224965818619452,3.8349250125878465,0.0004997501249375312,306,306,0.5503280349998931,0.01,0.07,306,5.925157727999704
S2,0.9,600,409,3.046099689911108,16.495393168822364,16.22453701742119,0.041979010494752625,12.471514276851842,3.7785736312224727,0.0004997501249375312,426,321,0.7373243600000023,0.01,0.12,420,7.997410554999988
S2,0.9,600,410,3.1250052315461283,15.815590008948856,16.871302317668764,0.07496251874062969,11.347254828252566,3.8774981183866535,0.0004997501249375312,474,303,0.7676046100000349,0.01,0.17,363,7.878160249999837
S2,0.9,600,411,3.16340344673733,18.882320040599343,16.592752419917396,0.017991004497751123,12.261267919203108,3.8662865761319534,0.0004997501249375312,540,342,0.7349985930000003,0.01,0.06,309,7.933602834999874
S2,0.9,600,412,3.184444540441478,17.778461734569245,16.632568480986873,0.02848575712143928,14.960162735855329,3.851315285919912,0.0004997501249375312,363,312,0.4825159160000112,0.01,0.09,297,7.6395928580000145
S2,0.9,600,413,3.1498235661554355,18.42343722949367,16.341364698874013,0.021989005497251374,9.232671883396712,3.826898662720988,0.0004997501249375312,63,372,0.7719798289999744,0.01,0.03,384,6.719528647000061
S2,0.9,600,414,3.1034946353514465,14.068110703150163,16.446851537367376,0.13043478260869565,10.600299734048393,3.834796631072912,0.0004997501249375312,540,297,0.4767809159998251,0.01,0.28,300,4.4296585490001235
S2,0.9,600,415,3.132937643432148,18.06704110940171,16.556256295479237,0.025487256371814093,15.281785860150025,3.8297605229808944,0.0004997501249375312,393,303,0.47625144599987834,0.01,0.09,381,4.424484668000332
S2,0.9,600,416,3.1881928688149292,20.2949444185091,16.723177679543202,0.011494252873563218,12.923225445614314,3.793473136856433,0.0004997501249375312,537,297,0.7379622359999303,0.01,0.04,333,5.653166891000183
S2,0.9,600,417,3.09324616814241,18.232166868854904,16.234721166085766,0.01899050474762619,18.36969152248767,3.85119357584331,0.0004997501249375312,309,309,0.4796060779999607,0.01,0.09,360,4.767353762999846
S2,0.9,600,418,3.1034946353515505,17.504778648189223,16.591190616082162,0.034482758620689655,15.591751288183422,3.8345006239361803,0.0004997501249375312,336,306,0.7509065439999176,0.01,0.07,300,7.930713247999847
S2,0.9,600,419,3.208396029980025,15.698090632553587,16.863541720933654,0.08095952023988005,11.848488497043498,3.803980693876688,0.0004997501249375312,60,309,0.7491542119996666,0.01,0.16,321,6.175747776999742
S2,0.9,600,420,3.0881068866110586,24.304912400067487,16.329054311968775,0.0029985007496251873,16.894368668519892,3.853965025745263,0.0004997501249375312,480,309,0.48176006300036534,0.01,0.03,429,4.714155477999611
S2,0.9,600,421,3.1108600994979594,13.654706451041807,16.740075623879203,0.1809095452273863,12.846224615587573,3.8436567942310784,0.0004997501249375312,315,315,0.47634115900018514,0.01,0.25,306,4.411975928999709
S2,0.9,600,422,3.135563454286696,24.485894921514262,16.95553402948684,0.0009995002498750624,17.64741423688807,3.8613869210945713,0.0004997501249375312,495,306,0.48193019700011064,0.01,0.02,375,5.2002294440003425
S2,0.9,600,423,3.2127280780433876,17.6622345786948,16.916582428314978,0.037481259370314844,17.123951991817055,3.829282383632023,0.0004997501249375312,300,300,0.7332920230001037,0.01,0.08,300,7.880808843000068
S2,0.9,600,424,3.1370026317417015,20.597464602315245,16.70210079204798,0.006496751624187906,18.44323827725537,3.7717945755518407,0.0004997501249375312,387,309,0.490611053000066,0.01,0.06,315,6.880820127999868
S2,0.9,600,425,3.106926449678271,23.057080661330826,16.35513961914551,0.0014992503748125937,16.725872412456756,3.730317743110551,0.0004997501249375312,435,318,0.47633547000032195,0.01,0.03,324,4.443233507000059
S2,0.9,600,426,3.128137619388426,14.955137554919828,16.452337283227475,0.09195402298850575,10.622296194328728,3.711315023799728,0.0004997501249375312,540,306,0.47509490099992036,0.01,0.17,297,5.268969884999933
S2,0.9,600,427,3.0635728303905227,18.953831268630697,16.159029768532807,0.014992503748125937,13.610438479373366,3.8330210570203103,0.0004997501249375312,486,300,0.4739420370001426,0.01,0.04,300,4.41577343300014
S2,0.9,600,428,3.022533580278033,14.897501224396027,16.06949715308493,0.08845577211394302,14.879595445257088,3.8418336887736704,0.0004997501249375312,303,303,0.5482554160003019,0.01,0.22,303,5.173445338999954
S2,0.9,600,429,3.050567841362304,18.266839166867726,15.884163198679806,0.015992003998001,13.21518166703753,3.8413522645866944,0.0004997501249375312,528,333,0.4732937899998433,0.01,0.1,336,4.431112635000318
S2,0.9,600,430,3.1566897774112883,20.061010421058032,16.69109488595015,0.009995002498750625,16.423599056088452,3.8432467547193525,0.0004997501249375312,366,324,0.7392965720000575,0.01,0.05,366,7.903827804999764
S2,0.9,600,431,3.103494635352218,12.74638415839131,16.096741391886006,0.22588705647176413,6.176070988211729,3.825078232192042,0.0024987506246876563,60,306,0.7642428570002266,0.03,0.25,306,5.062715574000322
S2,0.9,600,432,3.2623257525756193,23.131449744337154,17.09690067710019,0.004497751124437781,17.98567139885635,3.738263678514893,0.0004997501249375312,399,327,0.48502723700039496,0.01,0.01,327,4.825963050000155
S2,0.9,600,433,3.075436258550359,23.216745853603875,16.464771179607283,0.005997001499250375,16.364880918832473,3.850104852832784,0.0004997501249375312,474,318,0.7644914980000976,0.01,0.02,306,7.908680030000141
S2,0.9,600,434,3.057568414980168,30.06872528272924,16.634024150503183,0.0004997501249375312,13.946068121945043,3.793779105439778,0.0004997501249375312,525,318,0.4751463729999159,0.01,0.01,354,4.868965698000011
S2,0.9,600,435,3.1427869764139995,20.798212765598702,16.963217378053322,0.00849575212393803,14.21179284376414,3.7761071517804594,0.0004997501249375312,540,300,0.49599012299995593,0.01,0.03,300,5.07118179400004
S2,0.9,600,436,3.198933377703836,20.352873503744778,16.91255930946537,0.008995502248875561,10.176992495494687,3.782926954838168,0.0004997501249375312,531,342,0.4830970969996997,0.01,0.03,342,4.893807125999956
S2,0.9,600,437,3.0754362585481467,18.92230383733855,16.543200361519233,0.01999000499750125,16.486810974748742,3.8282163972320444,0.0004997501249375312,540,309,0.5558216229997015,0.01,0.1,312,6.967165610000393
S2,0.9,600,438,3.0788340112157018,26.46468636492592,16.29829094215179,0.0004997501249375312,25.605095606556322,3.898431619108434,0.0004997501249375312,336,303,0.4751175409996904,0.01,0.02,324,4.544959284000015
S2,0.9,600,439,3.167412149080187,16.56385590077474,16.562771911248845,0.050474762618690654,14.726861887400595,3.8751458364834863,0.0004997501249375312,339,315,0.4815091929999653,0.01,0.19,339,4.437570064999818
S2,0.9,600,440,3.1108600994983293,17.473943482150837,16.373082450589514,0.03298350824587706,15.14340111984058,3.8546340250359656,0.0004997501249375312,366,312,0.764182179999807,0.01,0.11,312,7.922907824000049
S2,0.9,600,441,3.1566897774107203,18.447238477726064,16.73557500982428,0.02448775612193903,14.495198564565753,3.903672036469408,0.0004997501249375312,393,294,0.7592887939999855,0.01,0.04,294,5.065793373999895
S2,0.9,600,442,3.269638178400622,14.445573851843315,17.659191824259498,0.1539230384807596,12.187790418506266,3.824936433378047,0.0004997501249375312,456,297,0.4834427829996457,0.01,0.24,297,7.012706949999938
S2,0.9,600,443,3.1917842820015854,17.151469505989205,16.564549054320533,0.04247876061969016,11.689324989591915,3.77274556913518,0.0004997501249375312,414,303,0.7365254910000658,0.01,0.06,306,7.897129576000225
S2,0.9,600,444,3.152644217185917,17.949172419273236,16.62754185112608,0.026986506746626688,16.016731589074514,3.7558508443378096,0.0004997501249375312,351,309,0.7821273630001997,0.01,0.05,309,5.301281759000176
S2,0.9,600,445,3.1566897774118097,24.83164283466782,16.677908283609202,0.0009995002498750624,17.04731744096917,3.7625718358267193,0.0004997501249375312,540,345,0.5074290610000389,0.01,0.01,372,5.576242935000209
S2,0.9,600,446,3.1180252079713746,21.92602214790065,16.503708613702347,0.005997001499250375,15.410687034482038,3.8124250383521248,0.0004997501249375312,507,300,0.4758040430001529,0.01,0.01,300,4.615226582000105
S2,0.9,600,447,3.1449394412361804,14.351602971490475,16.474189617549598,0.136431784107946,8.792670744408815,3.775699916952856,0.0004997501249375312,492,336,0.47612387699973624,0.02,0.29,336,4.416906744000244
S2,0.9,600,448,3.1814261050961985,18.956175143272347,16.543496121397567,0.017991004497751123,13.70465340946302,3.8555185139032857,0.0004997501249375312,537,309,0.7111870300000191,0.01,0.04,333,4.386915947000034
S2,0.9,600,449,3.2623257525754594,16.52696204567681,17.30613853047684,0.06646676661669165,15.427716168322661,3.8746473888547444,0.0004997501249375312,321,300,0.5311140410003645,0.01,0.16,321,5.124548672000401
S2,0.9,600,450,3.176898558424835,23.573038963129488,16.709354533620388,0.0029985007496251873,14.532037468139015,3.8600151628615356,0.0004997501249375312,462,318,0.770065546999831,0.01,0.01,321,7.880662592000135
S2,0.9,600,451,3.2127280780422987,14.929522572834166,16.934544498180124,0.11494252873563218,11.530472599022993,3.8104476488704395,0.0004997501249375312,540,306,0.7547040229997037,0.01,0.21,297,7.92047654199996
S2,0.9,600,452,3.088106886611474,18.322665664848973,16.234492086184535,0.015992003998001,15.660147122102318,3.7729034322052377,0.0004997501249375312,483,306,0.573584270000083,0.01,0.09,306,4.96793264300004
S2,0.9,600,453,3.128137619387145,16.530884574308672,16.56779132094711,0.05147426286856572,15.103810979970143,3.821291822158326,0.0004997501249375312,333,327,0.4767138199999863,0.01,0.16,354,4.5092204150000725
S2,0.9,600,454,3.0932461681411665,15.121833846420792,16.38353262393063,0.08195902048975512,12.091378763665105,3.8180802800178126,0.0004997501249375312,534,309,0.4762660070000493,0.01,0.16,318,4.629195349999918
S2,0.9,600,455,3.1674121490812026,18.650335430234737,16.71186205545783,0.02148925537231384,18.189451584810815,3.74318509988505,0.0004997501249375312,318,300,0.7682068700000855,0.01,0.05,318,7.8722457129997565
S2,0.9,600,456,3.2194112974799363,24.502548826749173,17.284170198770354,0.001999000499750125,13.33894318190184,3.852414614071226,0.0004997501249375312,540,309,0.4834220739999182,0.01,0.01,306,4.423742988999948
S2,0.9,600,457,3.0371154124844684,16.058536569665677,16.35115227466687,0.05997001499250375,11.26144172193015,3.873173375071169,0.0004997501249375312,468,312,0.47691049900004145,0.01,0.12,312,4.506579504999991
S2,0.9,600,458,3.17689855842547,21.9385098385471,16.615915046335637,0.004497751124437781,15.099893505660434,3.768710760350624,0.0004997501249375312,495,312,0.4817900279999776,0.01,0.02,303,4.407479217999935
S2,0.9,600,459,3.095914623560989,18.42947104569986,16.477120112022273,0.015992003998001,14.881874196663965,3.8627755266086803,0.0004997501249375312,510,330,0.4761723679998795,0.01,0.06,324,4.41636857200001
S2,0.9,600,460,3.1250052315476005,15.2000355203008,16.75807691661502,0.09295352323838081,11.791437944171891,3.7862601399732148,0.0004997501249375312,378,321,0.7739859710000019,0.01,0.22,339,7.8966076719998455
S2,0.9,600,461,3.1917842820009685,17.25813447642169,16.631362094589882,0.04097951024487756,12.330907310743921,3.8114540648896704,0.0004997501249375312,447,333,0.7468232749997696,0.01,0.04,345,6.500284214999738
S2,0.9,600,462,3.0441074249410858,17.595600081717517,16.833659183214436,0.03498250874562719,14.321552709922923,3.786477886768061,0.0004997501249375312,414,333,0.7533844529998532,0.01,0.1,333,7.874026461000085
S2,0.9,600,463,3.142786976414087,14.385345891898838,16.658545642625594,0.13693153423288357,12.218092565727,3.9274027798884896,0.0004997501249375312,357,309,0.75925710599995,0.02,0.3,348,7.872169122999821
S2,0.9,600,464,3.1526442171869156,28.28320496584422,16.452281276405103,0.0004997501249375312,18.89135399230864,3.8050329849998024,0.0004997501249375312,531,318,0.4775557640000443,0.01,0.01,342,4.416731644000265
S2,0.9,600,465,3.088693153997893,17.486938712265257,16.30501698982218,0.029985007496251874,11.255637120420822,3.8042385290444494,0.0004997501249375312,504,309,0.4758572810001169,0.01,0.06,309,4.394400939999741
S2,0.9,600,466,3.254817221486996,15.901705782710529,17.139632886339477,0.08845577211394302,10.886313176338664,3.8339240852358913,0.0004997501249375312,399,306,0.4817429070003527,0.01,0.08,366,4.3966480330000195
S2,0.9,600,467,3.1355634542893043,18.5608127694577,16.69219827950095,0.01999000499750125,16.511200447560476,3.848754776654679,0.0004997501249375312,438,306,0.4790782400000353,0.01,0.04,306,7.162867964999805
S2,0.9,600,468,3.208396029979867,16.54202379029833,16.704678379350977,0.0544727636181909,14.183813034300481,3.8375393192906553,0.0004997501249375312,369,303,0.4856365910000022,0.01,0.11,303,4.832885410000017
S2,0.9,600,469,3.078834011215274,15.912029175371769,16.91020385140537,0.0769615192403798,15.390971764638104,3.955105468298829,0.0004997501249375312,333,300,0.771599320000405,0.01,0.1,327,6.144513598000231
S2,0.9,600,470,3.167412149081103,12.377480040848823,16.692515209274003,0.29035482258870565,6.708214536943475,3.8376935587117016,0.0004997501249375312,519,312,0.7509724780002216,0.09,0.44,351,7.7564400629999
S2,0.9,600,471,3.1989333777044813,13.17616457981715,17.266097415934123,0.23488255872063968,10.890439662381969,3.899564699574276,0.0004997501249375312,498,309,0.48219954200021675,0.01,0.32,309,4.405580520000058
S2,0.9,600,472,3.191784282000984,23.01574778450065,16.580053363798942,0.00399800099950025,16.763646406583547,3.7949990380090353,0.0004997501249375312,537,306,0.7371493959999498,0.01,0.01,297,7.89485314500007
S2,0.9,600,473,3.0788340112151786,16.297700011926477,16.4772593579283,0.0559720139930035,10.437847053921269,3.8247626530595165,0.0004997501249375312,60,300,0.7654034109996246,0.01,0.13,300,7.232803760000024
S2,0.9,600,474,3.1108600994980335,20.91999830523783,16.621300476705944,0.009495252373813094,16.454391983982134,3.8168374915850043,0.0004997501249375312,363,312,0.4817827260003469,0.01,0.03,363,4.707035007999821
S2,0.9,600,475,3.11802520797057,26.619861687960228,16.42740403466485,0.0014992503748125937,18.214521397420462,3.7960226928912983,0.0004997501249375312,531,312,0.48270180899999104,0.01,0.01,327,4.388180133000333
S2,0.9,600,476,3.26060041328943,18.430500972206428,16.973032737770957,0.02948525737131434,15.618567132298438,3.7192653936723072,0.0004997501249375312,477,300,0.4894225699999879,0.01,0.07,354,4.5182084200000645
S2,0.9,600,477,3.13556345428674,11.353944157712213,16.686216543107744,0.4052973513243378,8.959956618322469,3.78730516329193,0.0004997501249375312,369,306,0.48227917500025796,0.01,0.53,312,4.4696106190003775
S2,0.9,600,478,3.0886931539996385,22.800185078961086,16.3925968371093,0.004497751124437781,13.839676800994374,3.8364763934730886,0.0004997501249375312,540,312,0.484960129999763,0.01,0.03,327,6.973603061000176
S2,0.9,600,479,3.169131845210263,15.213857578271943,16.705668173896974,0.09745127436281859,10.170812455825745,3.8716108482543956,0.0004997501249375312,513,324,0.761667387000216,0.01,0.12,321,7.907359648000238
S2,0.9,600,480,3.0542739604270768,20.738930085541828,16.45809634199792,0.004497751124437781,14.73758169963907,3.891400846553773,0.0004997501249375312,381,321,0.48347319700042135,0.01,0.02,327,4.562201909000123
S2,0.9,600,481,3.198933377705185,22.66231601482717,16.726239542395884,0.0024987506246876563,13.461087607228306,3.772159107360085,0.0004997501249375312,519,306,0.5551505080002244,0.01,0.03,339,6.210366500999953
S2,0.9,600,482,3.144939441234535,25.281784696641488,16.515954255998714,0.0009995002498750624,22.391835135881994,3.850459357975708,0.0004997501249375312,393,330,0.48766759000000093,0.01,0.01,357,4.564102624000043
S2,0.9,600,483,3.1674121490822427,17.32102616420729,17.332200178859654,0.050974512743628186,9.319570689749966,3.8879103672412105,0.0004997501249375312,528,360,0.4765196900002593,0.01,0.06,354,5.001559025000006
S2,0.9,600,484,3.113533755006365,17.866485286009997,16.308517478176228,0.026986506746626688,18.22718638635232,3.852759150496935,0.0004997501249375312,306,306,0.4793139620001057,0.01,0.07,315,4.780867958999806
S2,0.9,600,485,3.208205255155197,20.63291786385867,16.49322048033857,0.009495252373813094,8.61715224251165,3.832548507513573,0.0004997501249375312,540,327,0.5437341179999748,0.02,0.04,327,7.094124432999706
S2,0.9,600,486,3.188192868814273,23.25110822944967,16.504253819598915,0.00399800099950025,17.049816834938223,3.8025915537133748,0.0004997501249375312,453,309,0.7397626240003774,0.01,0.01,306,4.87427771800003
S2,0.9,600,487,3.1674121490819256,20.591116151215136,16.64639097166511,0.010494752623688156,18.45210884327159,3.8069397006402763,0.0004997501249375312,417,306,0.48120877100018333,0.01,0.05,348,5.12366830100018
S2,0.9,600,488,3.093246168141821,28.77011729469899,16.709925070924097,0.0009995002498750624,14.595475267253613,3.7630743039269396,0.0004997501249375312,531,333,0.7543542889998207,0.01,0.01,351,7.640697334000379
S2,0.9,600,489,2.982301644656722,13.164854133233973,16.145739296810614,0.16691654172913542,10.357413307730093,3.9576172567624384,0.0004997501249375312,348,348,0.5528595699997823,0.01,0.39,348,7.866043490000266
S2,0.9,600,490,3.013034283466075,19.919620837355403,15.876423839758846,0.009495252373813094,13.344431124754964,3.7966246029391435,0.0004997501249375312,540,312,0.5631326610000542,0.01,0.03,315,4.669442205999985
S2,0.9,600,491,3.2157930252602305,14.278191300872756,16.929599396659846,0.15942028985507245,7.322261996403827,3.751424964160569,0.0004997501249375312,540,309,0.49406266000005417,0.01,0.21,321,5.537894567999956
S2,0.9,600,492,3.1498235661566314,19.212792411718215,16.630971825279875,0.013993003498250875,11.189084870979347,3.7927540770514754,0.0004997501249375312,528,309,0.763323261000096,0.01,0.03,309,5.237874994999856
S2,0.9,600,493,3.1204951785716815,12.770338987361177,16.786266488861923,0.2413793103448276,11.148613936355634,3.887465719590742,0.0004997501249375312,336,321,0.4760876330001338,0.01,0.24,336,4.402606167000158
S2,0.9,600,494,3.1577518138079483,14.061445319055116,16.732801014061387,0.1504247876061969,13.482449161897389,3.8296931263524456,0.0004997501249375312,291,291,0.4761272310001914,0.01,0.38,291,4.442706288999943
S2,0.9,600,495,3.1764517466039304,18.561094139813054,16.823973053788226,0.02498750624687656,10.73772851979336,3.8738674671441724,0.0004997501249375312,510,306,0.6955205379999825,0.01,0.06,327,7.891695200000413
S2,0.9,600,496,3.2393369364119704,19.111806954230925,16.966596999202235,0.01699150424787606,17.049974192674906,3.8851164655822723,0.0004997501249375312,372,309,0.7362484410000434,0.01,0.03,315,7.49816540699976
S2,0.9,600,497,3.0615195531294495,14.161181861782229,16.16683015084809,0.12393803098450774,11.185404655424227,3.8204539398671122,0.0004997501249375312,513,300,0.7581219209996561,0.01,0.16,300,5.307131322000259
S2,0.9,600,498,3.1929628863938797,11.874192527507986,17.078164440188168,0.3503248375812094,5.64606555165863,3.831926997280014,0.0034982508745627187,495,297,0.5168060160003733,0.01,0.49,297,4.421525981000286
S2,0.9,600,499,3.1611309481306904,13.293082890778875,16.61377544905942,0.20189905047476261,8.376724125679269,3.761469193671559,0.0004997501249375312,525,306,0.47577520999993794,0.01,0.33,339,6.016387333000239
S2,0.9,2400,0,3.1913271577976667,52.504309122557,16.75872696696325,0.0004997501249375312,54.5201764292765,3.7707868580387935,0.0004997501249375312,1356,1224,0.4900030750000042,0.01,0.01,1272,7.572064758000124
S2,0.9,2400,1,3.133522175973783,54.18105076819302,16.727682027265995,0.0004997501249375312,56.266864095236194,3.89248590979927,0.0004997501249375312,1200,1200,0.7671806070002276,0.01,0.01,1200,8.037267922999945
S2,0.9,2400,2,3.2990391378175845,56.91945894531713,17.081927776145434,0.0004997501249375312,50.57138523159044,3.7130904089471586,0.0004997501249375312,1716,1236,0.7450269680002748,0.01,0.01,1716,8.042152317000273
S2,0.9,2400,3,3.3171473456140177,46.97540982290717,17.440244107679252,0.0004997501249375312,45.757119245525764,3.8253892671267815,0.0004997501249375312,1212,1212,0.7492673800002194,0.01,0.01,1212,5.42478376400004
S2,0.9,2400,4,3.1515184984779516,61.23237334191119,16.96433165286326,0.0004997501249375312,59.922633653384835,3.8470861976246415,0.0004997501249375312,1560,1200,0.4839202180000939,0.01,0.01,1524,7.798045318000277
S2,0.9,2400,5,3.262894445143814,62.3887823459036,16.670245825803892,0.0004997501249375312,62.541150809063076,3.872162235715086,0.0004997501249375312,1476,1200,0.7510983929996655,0.01,0.01,1236,7.992345674999797
S2,0.9,2400,6,3.2879264152809933,53.35943384917811,17.88328639605773,0.0004997501249375312,51.05453053709714,3.747060082206802,0.0004997501249375312,1320,1200,0.7584052419997533,0.01,0.01,1320,5.9183886750001875
S2,0.9,2400,7,3.1544323096656424,48.408751981032005,16.850923118855118,0.0004997501249375312,45.42861849960141,3.817368865753543,0.0004997501249375312,2136,1212,0.4904104020001796,0.01,0.01,1212,4.50867431000006
S2,0.9,2400,8,3.250244101951089,52.06801029337288,17.10498102766477,0.0004997501249375312,51.253717214493335,3.8055393618498305,0.0004997501249375312,1536,1236,0.7588803399999051,0.01,0.01,1584,7.651413993999995
S2,0.9,2400,9,3.1116046910601627,59.81217826632311,16.61513227195566,0.0004997501249375312,61.09306247954054,3.7846369568258864,0.0004997501249375312,1296,1200,0.48441503999993074,0.01,0.01,1296,4.988005497999893
S2,0.9,2400,10,2.980561436199489,52.03032754155352,16.11409251139065,0.0004997501249375312,58.017158217266555,3.7001834743206827,0.0004997501249375312,1284,1200,0.74776398899985,0.01,0.01,1284,8.027704341000117
S2,0.9,2400,11,3.368029047224135,75.58424184841053,17.109901068039015,0.0004997501249375312,76.04851389331459,3.8240505417606987,0.0004997501249375312,1224,1224,0.7756198140000379,0.01,0.01,1224,8.08627010400005
S2,0.9,2400,12,3.267309444277204,61.15669133715058,17.156465457436802,0.0004997501249375312,63.10426338859051,3.7960181958542214,0.0004997501249375312,1224,1224,0.4963121159998991,0.01,0.01,1296,4.531874853000318
S2,0.9,2400,13,3.127980904805482,58.779058032022085,16.954965067155374,0.0004997501249375312,57.732742323269434,3.803273812496634,0.0004997501249375312,1440,1296,0.4999033720000625,0.01,0.01,1428,4.538842263999868
S2,0.9,2400,14,3.233841827234766,62.965608967861044,16.7402075930181,0.0004997501249375312,60.07624724299148,3.7706253790591875,0.0004997501249375312,1536,1272,0.4883019469998544,0.01,0.01,1308,4.817501389000427
S2,0.9,2400,15,3.133522175973355,60.8206476985582,16.66679386772854,0.0004997501249375312,60.52964376920293,3.870581572973567,0.0004997501249375312,1344,1224,0.5801796859996102,0.01,0.01,1200,5.479541100000006
S2,0.9,2400,16,3.1562129143062103,54.989110578461236,16.91404609725438,0.0004997501249375312,53.25944403566674,3.7927688295996598,0.0004997501249375312,1380,1224,0.5631208439999682,0.01,0.01,1392,5.326563327999793
S2,0.9,2400,17,3.1394827535814462,64.10696523244721,16.662425204732806,0.0004997501249375312,66.8666977987437,3.789792086032438,0.0004997501249375312,1728,1212,0.48380944900009126,0.01,0.01,1428,6.116414477000035
S2,0.9,2400,18,2.9922612789909473,54.45541516215995,15.789601828024482,0.0004997501249375312,60.22987214568325,3.811888781320384,0.0004997501249375312,1224,1224,0.746248008999828,0.01,0.01,1200,8.044951349999792
S2,0.9,2400,19,3.295275745281145,77.88670325317418,17.309356298289835,0.0004997501249375312,61.836615263006436,3.7241026148000946,0.0004997501249375312,1668,1296,0.7873718609998832,0.01,0.01,1668,5.4373063630000615
S2,0.9,2400,20,3.1535323732907443,48.64288083375353,16.64334435913742,0.0004997501249375312,50.04627069770514,3.768714195987612,0.0004997501249375312,1344,1200,0.48538881400008904,0.01,0.01,1212,4.5013163529997655
S2,0.9,2400,21,3.334963444042463,61.09375089673219,16.897260606489233,0.0004997501249375312,60.39347329559025,3.786127906610999,0.0004997501249375312,1224,1188,0.4991066080001474,0.01,0.01,1188,4.4974308259998
S2,0.9,2400,22,3.2292179688914384,65.50830854899243,16.926744754303336,0.0004997501249375312,61.96089382685019,3.7936924662624496,0.0004997501249375312,1344,1272,0.4900665760001175,0.01,0.01,1260,4.507202960000086
S2,0.9,2400,23,3.0169378707838717,59.57188516225704,16.110632448501764,0.0004997501249375312,62.00419625854947,3.7721777764336237,0.0004997501249375312,1332,1200,0.48361407999982475,0.01,0.01,1320,7.333568079000088
S2,0.9,2400,24,3.268870325145987,51.37932475614837,17.20754531200096,0.0004997501249375312,52.58752556625283,3.919675144681986,0.0004997501249375312,1212,1200,0.7487807689999499,0.01,0.01,1236,6.086785643999974
S2,0.9,2400,25,3.098710704969047,49.8288218317052,16.57023064630896,0.0004997501249375312,49.85363414340663,3.80396443497919,0.0004997501249375312,1524,1200,0.49464429399995424,0.01,0.01,1464,5.953669832000287
S2,0.9,2400,26,3.1961830493845795,53.70282579717554,16.710555707135562,0.0004997501249375312,53.056546711274656,3.8609688949307457,0.0004997501249375312,1428,1212,0.48273184700019556,0.01,0.01,1224,5.342913152999699
S2,0.9,2400,27,3.099550123714245,49.2341928248863,16.40378350172713,0.0004997501249375312,50.5952301435876,3.846205038748237,0.0004997501249375312,1272,1248,0.7694513800001914,0.01,0.01,1272,4.655415771000207
S2,0.9,2400,28,3.207921713152557,59.442247865035824,16.80975164098221,0.0004997501249375312,58.54307826076781,3.844679464009515,0.0004997501249375312,1200,1200,0.7431131749999622,0.01,0.01,1188,8.076344437999978
S2,0.9,2400,29,3.048280070774671,62.9932329239983,16.635068575968887,0.0004997501249375312,66.08838138601455,3.9921400068406077,0.0004997501249375312,1200,1200,0.7443462989999716,0.01,0.01,1356,8.025394571000106
S2,0.9,2400,30,3.148279648497163,56.29108836685877,16.450419521308888,0.0004997501249375312,58.439401184168645,3.8388455567860773,0.0004997501249375312,1236,1224,0.49381185999982335,0.01,0.01,1248,4.497081642000012
S2,0.9,2400,31,3.1391460533660025,54.361478271599765,16.48350878124385,0.0004997501249375312,51.4332211742015,3.868966354238606,0.0004997501249375312,1392,1236,0.48414973399985683,0.01,0.01,1236,4.50920242500024
S2,0.9,2400,32,3.0872595035469823,48.94382043256819,16.652237544128965,0.0004997501249375312,52.10268243036965,3.8897418630124307,0.0004997501249375312,1248,1200,0.4897232980001718,0.01,0.01,1248,4.524015534999762
S2,0.9,2400,33,3.2483411278732626,55.63477209683519,17.180187821520445,0.0004997501249375312,55.64716146486909,3.830189859871785,0.0004997501249375312,1392,1200,0.4915947290000986,0.01,0.01,1392,4.523999571000331
S2,0.9,2400,34,3.3639836179429783,67.10720867144173,17.31599632528021,0.0004997501249375312,63.63863653590432,3.8934835524039064,0.0004997501249375312,1608,1212,0.4934685090001949,0.01,0.01,1356,4.5048981029999595
S2,0.9,2400,35,3.232961070388361,58.1283094601363,17.189621478590684,0.0004997501249375312,58.072853612104154,3.77915953416029,0.0004997501249375312,1248,1248,0.49434178999990763,0.01,0.01,1440,4.493752586000028
S2,0.9,2400,36,3.0977608440316846,56.726284155731875,16.728032681647147,0.0004997501249375312,57.379332505348096,3.7664488033881955,0.0004997501249375312,1428,1236,0.48545799100020304,0.01,0.01,1260,4.505399675999797
S2,0.9,2400,37,3.244088088286078,65.92085009179509,17.36572329971021,0.0004997501249375312,57.990169800549246,3.8495173195071,0.0004997501249375312,1764,1224,0.49309739499994976,0.01,0.01,1452,4.487542080999901
S2,0.9,2400,38,3.157082911836677,53.56948846888981,16.563264390606687,0.0004997501249375312,56.462190768261884,3.8830202654323234,0.0004997501249375312,1212,1212,0.7508200559996112,0.01,0.01,1212,8.038534389000233
S2,0.9,2400,39,3.2378983512695685,67.72408723050528,17.002063227802523,0.0004997501249375312,66.15169744665717,3.788170329014362,0.0004997501249375312,1416,1200,0.774680181000349,0.01,0.01,1212,8.02585916199996
S2,0.9,2400,40,3.129704948056298,61.423439167403856,16.470381863308642,0.0004997501249375312,61.048520488871446,3.838739560095917,0.0004997501249375312,1740,1212,0.48662406399989777,0.01,0.01,1464,4.510622004999732
S2,0.9,2400,41,3.2961710551245047,62.178138982540915,17.382419957510375,0.0004997501249375312,60.70950801228043,3.8201113748142586,0.0004997501249375312,1296,1284,0.4918575189999501,0.01,0.01,1284,4.498401109000042
S2,0.9,2400,42,3.1909392915620893,58.050277785027085,16.756335144267624,0.0004997501249375312,60.54726142273211,3.793265061091962,0.0004997501249375312,1236,1224,0.5152652010001475,0.01,0.01,1320,4.503237759000058
S2,0.9,2400,43,3.019309453450499,46.22806246102531,16.343429507832173,0.0004997501249375312,47.03776221681164,3.902875803046616,0.0004997501249375312,1200,1200,0.4888879699997233,0.01,0.01,1200,6.805575163999947
S2,0.9,2400,44,3.184336392695117,56.32688121475794,16.416710917017767,0.0004997501249375312,53.840371040596956,3.785101757019214,0.0004997501249375312,1572,1236,0.49973195799975656,0.01,0.01,1320,4.488699003999955
S2,0.9,2400,45,3.1995555542995775,55.173844272573604,17.177610709870322,0.0004997501249375312,50.03215773858979,3.8201458811533744,0.0004997501249375312,1356,1200,0.49796797199996945,0.01,0.01,1332,4.5001378629999635
S2,0.9,2400,46,3.149146879538205,53.6807708248944,16.89251238303181,0.0004997501249375312,55.83584601537892,3.9123362917791136,0.0004997501249375312,1212,1200,0.7595432150001216,0.01,0.01,1212,8.028234895999958
S2,0.9,2400,47,3.107390007123447,59.730283440681674,16.53260568810089,0.0004997501249375312,59.284824364547354,3.78624634528425,0.0004997501249375312,1908,1200,0.7827117560000261,0.01,0.01,1188,8.11775684300028
S2,0.9,2400,48,3.114856682649826,60.96032709345587,16.33346934540584,0.0004997501249375312,59.553423233544265,3.8585845905487854,0.0004997501249375312,1344,1224,0.48412099500001204,0.01,0.01,1320,5.3917279550000785
S2,0.9,2400,49,3.1461249933714974,48.635315102213134,17.01159874109221,0.0004997501249375312,49.58072416545496,3.8326889829139845,0.0004997501249375312,1236,1212,0.7807495600000038,0.01,0.01,1332,5.921518852999725
S2,0.9,2400,50,3.0242885482653468,51.69148095631009,16.346494171974452,0.0004997501249375312,54.85419007994062,3.864781158351411,0.0004997501249375312,1200,1212,0.4861522269998204,0.01,0.01,1392,4.524012891999973
S2,0.9,2400,51,3.205868942107519,57.5713806258762,16.884847823740383,0.0004997501249375312,57.6528131286112,3.764704480152961,0.0004997501249375312,1320,1212,0.4934383559998423,0.01,0.01,1320,4.508642619000057
S2,0.9,2400,52,3.146975782551331,61.397703745194676,16.424862084349545,0.0004997501249375312,64.74688801394491,3.8204664913923057,0.0004997501249375312,1248,1200,0.7608872539999538,0.01,0.01,1512,8.032231054000022
S2,0.9,2400,53,3.0020398149394105,63.06646833096238,16.420903469027312,0.0004997501249375312,64.90080028138058,3.84348604523088,0.0004997501249375312,1404,1212,0.7416485449998618,0.01,0.01,1212,8.029389339999852
S2,0.9,2400,54,3.111790722155364,59.73918191021884,16.377809113223975,0.0004997501249375312,59.58045276602388,3.6800921913390297,0.0004997501249375312,1284,1224,0.7531771519998074,0.01,0.01,1200,8.051193873999637
S2,0.9,2400,55,3.166292601116345,58.1515603669893,16.488658033394398,0.0004997501249375312,59.79255328634323,3.769696423450324,0.0004997501249375312,1236,1236,0.7687332820000847,0.01,0.01,1500,8.055788298000152
S2,0.9,2400,56,3.062849529052011,49.19906799151333,16.028668483282782,0.0004997501249375312,51.644227338284765,3.7561139065089386,0.0004997501249375312,1452,1212,0.49642496399974334,0.01,0.01,1224,4.5111752860002525
S2,0.9,2400,57,3.211822323893749,47.589700936001655,16.811062056633858,0.0004997501249375312,49.103974386583886,3.7535869935620583,0.0004997501249375312,1200,1200,0.4929519259999324,0.01,0.01,1200,4.529937286999939
S2,0.9,2400,58,3.168003655265146,57.95019449494649,16.906231984843025,0.0004997501249375312,56.93840275481877,3.8974993463328516,0.0004997501249375312,1404,1224,0.5038423379996857,0.01,0.01,1380,4.495891922999817
S2,0.9,2400,59,3.1363487952456506,58.80537088370758,16.965088432204983,0.0004997501249375312,58.54335174334091,3.7659194325514918,0.0004997501249375312,1452,1200,0.4862969819996579,0.01,0.01,1212,4.500977378000243
S2,0.9,2400,60,3.25004901630642,48.13545147997155,17.019241235217898,0.0004997501249375312,46.7739678045407,3.899194635488075,0.0004997501249375312,1248,1212,0.7428647859997,0.01,0.01,1248,8.042955725999946
S2,0.9,2400,61,2.998217956085508,62.33300871610013,16.54216944571049,0.0004997501249375312,64.30879859961232,3.8459474548063235,0.0004997501249375312,1200,1200,0.7605858710003304,0.01,0.01,1212,5.09619981600008
S2,0.9,2400,62,3.084301291276486,59.979160814449976,16.36453952796327,0.0004997501249375312,60.01694484902484,3.7648689905524297,0.0004997501249375312,1440,1188,0.5981915860002118,0.01,0.01,1284,4.510431210000206
S2,0.9,2400,63,3.1415543372038996,54.17512252609824,16.498615951099023,0.0004997501249375312,52.643296382145586,3.804264461712238,0.0004997501249375312,1320,1200,0.4924598450002122,0.01,0.01,1320,7.459313069000018
S2,0.9,2400,64,3.2532120611711624,63.40944107202506,17.748664116853988,0.0004997501249375312,63.68686497483049,3.790899289062055,0.0004997501249375312,1260,1200,0.49239354499968613,0.01,0.01,1296,7.920872324999891
S2,0.9,2400,65,3.083099602119725,74.18449927388737,16.67714389974833,0.0004997501249375312,76.47309793732039,3.7862156480368787,0.0004997501249375312,1248,1236,0.7708611279999786,0.01,0.01,1248,8.20117695099998
S2,0.9,2400,66,3.0614609224952383,61.260570189464204,16.29737741552437,0.0004997501249375312,60.57971102876356,3.9704551830965142,0.0004997501249375312,1404,1224,0.7700218909999421,0.01,0.01,1404,6.872565206000218
S2,0.9,2400,67,2.9955970719906246,55.175842921162946,16.271706665354444,0.0004997501249375312,51.96826173110041,3.8681275481496664,0.0004997501249375312,1524,1200,0.48775957799989555,0.01,0.01,1524,6.516020194000248
S2,0.9,2400,68,3.1054607660501143,52.60528609875787,17.083004215246834,0.0004997501249375312,52.8797025239213,3.8074940885709476,0.0004997501249375312,1272,1200,0.4912661959997422,0.01,0.01,1188,4.750867269000082
S2,0.9,2400,69,3.1739646018499963,73.6275812584514,16.807655367440148,0.0004997501249375312,66.0400412866498,3.8287548193981173,0.0004997501249375312,1560,1248,0.5014600869999413,0.01,0.01,1560,4.527276810999865
S2,0.9,2400,70,3.1660940312625034,51.69278664884163,16.948292553598627,0.0004997501249375312,54.79091853887921,3.9211523639847266,0.0004997501249375312,1272,1200,0.7635424489999423,0.01,0.01,1320,7.951300378000269
S2,0.9,2400,71,3.240643445825827,64.55664848313577,16.923666724072785,0.0004997501249375312,65.01739013292045,3.7995462614270696,0.0004997501249375312,1200,1200,0.4858897160002016,0.01,0.01,1188,4.5700700669999605
S2,0.9,2400,72,3.1036548995195385,73.98909332382662,16.657261192539927,0.0004997501249375312,77.50833558563687,3.70747651449152,0.0004997501249375312,1272,1260,0.7667227819997606,0.01,0.01,1356,8.013335591000214
S2,0.9,2400,73,3.0842092562049803,61.25744550716377,16.758732357339312,0.0004997501249375312,65.14056549229578,3.8797898222464395,0.0004997501249375312,1224,1212,0.48381881599971166,0.01,0.01,1272,7.428592609000134
S2,0.9,2400,74,3.0228531072357554,60.78143075239045,16.42791615012114,0.0004997501249375312,56.45299281826263,3.918351083016335,0.0004997501249375312,1512,1236,0.7611594240001978,0.01,0.01,1356,8.164887524000278
S2,0.9,2400,75,3.18935125658782,49.831190418836876,16.85221434712,0.0004997501249375312,49.4309340853107,3.7190039098537464,0.0004997501249375312,1332,1200,0.7556174060000558,0.01,0.01,1188,7.220887240999673
S2,0.9,2400,76,3.156090371429088,49.962452867817724,17.133568843632954,0.0004997501249375312,48.2644456611481,3.8622056538496423,0.0004997501249375312,1440,1200,0.48391058899960626,0.01,0.01,1548,4.569968048999726
S2,0.9,2400,77,3.1380692050799044,55.16283807003842,16.714278147844297,0.0004997501249375312,53.07785339960278,3.817533006624842,0.0004997501249375312,1308,1248,0.4834337620000042,0.01,0.01,1248,5.9966321749998315
S2,0.9,2400,78,2.9793725649120013,59.39322176651059,16.206877141764203,0.0004997501249375312,60.923712321293564,3.8061514527301554,0.0004997501249375312,1344,1200,0.47489884500009794,0.01,0.01,1200,4.771331714000098
S2,0.9,2400,79,3.2787164734775365,59.174468434539435,17.48946856376037,0.0004997501249375312,59.2829919414012,3.7379671460049866,0.0004997501249375312,1224,1212,0.7553611749999618,0.01,0.01,1200,6.8381777390000025
S2,0.9,2400,80,3.1587143748163022,61.533704782302465,16.668134636150228,0.0004997501249375312,57.84966460944621,3.8734273720926913,0.0004997501249375312,1356,1260,0.48246274399980393,0.01,0.01,1332,4.7295340280002165
S2,0.9,2400,81,3.09260857237082,53.65800909527022,16.567656966180454,0.0004997501249375312,51.00066651845638,3.843830592563496,0.0004997501249375312,1308,1308,0.5956279950000862,0.01,0.01,1248,8.018106681000063
S2,0.9,2400,82,3.063289958190875,61.43300484574836,16.045029859059795,0.0004997501249375312,60.68039661745585,3.8257802301327093,0.0004997501249375312,1320,1200,0.5019823960001304,0.01,0.01,1200,4.540763986999991
S2,0.9,2400,83,3.1131608544450766,65.72629270672884,16.630064416367826,0.0004997501249375312,68.18773288052232,3.8658390310469803,0.0004997501249375312,1236,1212,0.505034741000145,0.01,0.01,1224,7.4207189650001055
S2,0.9,2400,84,3.015845034287397,53.86651965170846,16.338612271403882,0.0004997501249375312,56.32198857049554,3.8522727069573732,0.0004997501249375312,1392,1260,0.5020828779997828,0.01,0.01,1260,4.516692295000212
S2,0.9,2400,85,3.0167480704142604,70.218427538297,16.26434186070746,0.0004997501249375312,70.35473253796184,3.7906400473619106,0.0004997501249375312,1416,1212,0.5079204769999706,0.01,0.01,1620,5.6313807510000515
S2,0.9,2400,86,3.1209902037774606,61.73764829160705,16.67158878699078,0.0004997501249375312,62.625930792009356,3.8963411131039125,0.0004997501249375312,1428,1200,0.4842313130002367,0.01,0.01,1452,4.503088839000156
S2,0.9,2400,87,3.270641485259858,72.69866780634388,17.065503207743635,0.0004997501249375312,68.67558242980239,3.7197124290919494,0.0004997501249375312,1476,1200,0.4904780839997329,0.01,0.01,1476,6.167544899999939
S2,0.9,2400,88,3.131890275216455,60.52656308832123,16.296862305943165,0.0004997501249375312,62.18714463880494,3.7963813305487992,0.0004997501249375312,1212,1200,0.782502752000255,0.01,0.01,1248,4.576474782999867
S2,0.9,2400,89,3.1196971222375303,53.17258914613855,16.347206100619054,0.0004997501249375312,51.811004318109,3.7665678715577315,0.0004997501249375312,1380,1248,0.48364559199990254,0.01,0.01,1596,4.507194707000053
S2,0.9,2400,90,3.157737439945818,53.085452716662076,16.745377323458186,0.0004997501249375312,55.95333723870139,3.775540174097367,0.0004997501249375312,1224,1224,0.5066146469998785,0.01,0.01,1284,4.49470713699975
S2,0.9,2400,91,3.2191963928704164,58.813431322080405,17.159315509607804,0.0004997501249375312,59.18621361804742,3.7810367060061156,0.0004997501249375312,1296,1272,0.49216501999990214,0.01,0.01,1248,4.5498133820001385
S2,0.9,2400,92,3.1177426981755434,55.82225670887955,16.637196813613528,0.0004997501249375312,56.267273937944154,3.9967788343488255,0.0004997501249375312,1380,1212,0.7802248439998039,0.01,0.01,1380,8.010653996000201
S2,0.9,2400,93,3.168197804283546,58.09570697713905,16.782668602738838,0.0004997501249375312,59.860198840636066,3.8049544317354873,0.0004997501249375312,1308,1212,0.752335289000257,0.01,0.01,1296,6.827681670999937
S2,0.9,2400,94,3.109742052789438,62.20056672967186,16.437109330912403,0.0004997501249375312,59.726440841258764,3.8452372388133487,0.0004997501249375312,1512,1200,0.7694161660001555,0.01,0.01,1464,5.449522813000385
S2,0.9,2400,95,3.110109697370287,54.26142616858008,16.23492188743161,0.0004997501249375312,56.77070338059143,3.8264029680330522,0.0004997501249375312,1236,1212,0.484087164000357,0.01,0.01,1308,4.802182861999881
S2,0.9,2400,96,3.168408933903853,55.76209733005854,16.670404298286893,0.0004997501249375312,56.12270878825396,3.766355312811806,0.0004997501249375312,1320,1200,0.48380750300020736,0.01,0.01,1212,4.513535518000026
S2,0.9,2400,97,3.058568099570227,45.64488086193699,16.485165324382088,0.0004997501249375312,46.99322499940319,3.7949960343786198,0.0004997501249375312,1668,1212,0.48477628199998435,0.01,0.01,1200,4.809574858999895
S2,0.9,2400,98,3.0351021249449004,41.43811166372715,16.203531263687815,0.0004997501249375312,38.24299721152079,3.917732989738388,0.0004997501249375312,1464,1248,0.7408491300002424,0.01,0.01,1464,8.046631453999908
S2,0.9,2400,99,3.0641526470523304,48.732207628065936,16.276256476327834,0.0004997501249375312,49.41080168446307,3.9940908577322314,0.0004997501249375312,1284,1200,0.7787649130000318,0.01,0.01,1260,5.695982132000154
S2,0.9,2400,100,2.980449750535836,62.72766392499092,15.981870380134776,0.0004997501249375312,62.97883389478853,3.8732891891502432,0.0004997501249375312,1308,1200,0.4755846789998941,0.01,0.01,1200,5.8714800060001835
S2,0.9,2400,101,3.0847096030464165,57.48819074975548,16.414118257646454,0.0004997501249375312,58.54332547531889,3.692681151326421,0.0004997501249375312,1356,1200,0.7733187190001445,0.01,0.01,1236,8.037159320000228
S2,0.9,2400,102,3.117742698174536,57.49961955233429,16.995827867152048,0.0004997501249375312,55.45245303414138,3.8209031848414035,0.0004997501249375312,1476,1200,0.4859696960002111,0.01,0.01,1200,4.501230071000009
S2,0.9,2400,103,2.9511386745076793,43.808982526717934,16.168906166681506,0.0004997501249375312,43.84949452304147,3.787188609012219,0.0004997501249375312,1284,1212,0.483983506000186,0.01,0.01,1284,4.495297220999873
S2,0.9,2400,104,3.1007454915243144,64.75793891578178,16.6602218778967,0.0004997501249375312,59.99265194012963,3.885300260063535,0.0004997501249375312,1524,1200,0.4854980750001232,0.01,0.01,1308,4.504077131000031
S2,0.9,2400,105,3.0700332389040508,50.7928017023262,16.35113703565294,0.0004997501249375312,52.18934666019497,3.8084667494002384,0.0004997501249375312,1188,1188,0.49187356500033275,0.01,0.01,1464,4.488981270000295
S2,0.9,2400,106,3.2188789688570623,50.83323807744164,16.938682172171305,0.0004997501249375312,50.79569850065201,3.8139199787481037,0.0004997501249375312,1236,1200,0.49170281099986823,0.01,0.01,1248,4.500215975000174
S2,0.9,2400,107,2.978276311591051,56.8596795187596,16.347134829984917,0.0004997501249375312,58.055054351102,3.7985457007229213,0.0004997501249375312,1320,1260,0.4809057490001578,0.01,0.01,1308,4.508748807000302
S2,0.9,2400,108,3.2483082073228764,55.74428694264579,16.90227381587301,0.0004997501249375312,49.64966298787794,3.7778806342584694,0.0004997501249375312,1968,1212,0.7503475809999145,0.01,0.01,1200,8.012018646999877
S2,0.9,2400,109,3.1137312192470783,46.812028828976615,16.442935384779332,0.0004997501249375312,47.856869984512144,3.813700395038982,0.0004997501249375312,1356,1212,0.7653029670000251,0.01,0.01,1344,8.027927920000366
S2,0.9,2400,110,3.1321254291468414,60.68378975105292,16.68745564257807,0.0004997501249375312,60.63584508401155,3.786015654548476,0.0004997501249375312,1380,1212,0.48367577099998016,0.01,0.01,1224,4.514673743999992
S2,0.9,2400,111,3.0046773156444546,53.96728853622891,15.974231919606131,0.0004997501249375312,55.118389292655316,3.9067347782183903,0.0004997501249375312,1224,1212,0.48838368599990645,0.01,0.01,1200,6.562588424999831
S2,0.9,2400,112,2.94946990478137,53.45706425017911,16.03101654388765,0.0004997501249375312,54.76156310836743,3.902500514378235,0.0004997501249375312,1308,1236,0.47713750200000504,0.01,0.01,1272,5.333098727000106
S2,0.9,2400,113,3.252547390328059,55.038338576087796,17.101799580907244,0.0004997501249375312,55.03295844898577,3.7784754593235577,0.0004997501249375312,1296,1248,0.7456010680002692,0.01,0.01,1272,8.070407922999948
S2,0.9,2400,114,3.089828964904249,50.49719303094744,16.207070929787122,0.0004997501249375312,45.73674548163233,3.85502507609031,0.0004997501249375312,2016,1212,0.48807105400010187,0.01,0.01,1392,6.298816692999935
S2,0.9,2400,115,3.08470960304734,53.55433497551739,16.05970403195241,0.0004997501249375312,54.88979839062585,3.7976540079381587,0.0004997501249375312,1236,1236,0.491928831000223,0.01,0.01,1224,4.551203086999976
S2,0.9,2400,116,3.0424393849919324,54.788334312432895,16.003527290391233,0.0004997501249375312,55.16127120488403,3.829242741550399,0.0004997501249375312,1284,1224,0.7442899709999438,0.01,0.01,1200,8.044586548999632
S2,0.9,2400,117,3.146463556365688,60.04569599340668,16.211865321182618,0.0004997501249375312,62.41412137826183,3.772386094217817,0.0004997501249375312,1308,1200,0.759668497000348,0.01,0.01,1140,6.5817251829998895
S2,0.9,2400,118,3.160235198353167,52.18743448979903,16.865399727388837,0.0004997501249375312,53.65745347974558,3.8174089596360776,0.0004997501249375312,1248,1200,0.767268176000016,0.01,0.01,1236,8.04979528900003
S2,0.9,2400,119,3.0614609224926426,57.212712415351774,16.481085915692322,0.0004997501249375312,55.96738370309915,3.7719517430536866,0.0004997501249375312,1596,1212,0.7595011880002858,0.01,0.01,1284,8.095420357999956
S2,0.9,2400,120,3.0580330781014817,64.40248885511895,16.33312077695468,0.0004997501249375312,67.48443047343689,3.918496719697244,0.0004997501249375312,1308,1224,0.770433177999621,0.01,0.01,1284,7.064139395999973
S2,0.9,2400,121,3.0040726791674803,66.80416193403347,16.010186479558648,0.0004997501249375312,64.40178331784921,3.8088860663379074,0.0004997501249375312,1536,1212,0.7448596749995886,0.01,0.01,1524,5.80120977200022
S2,0.9,2400,122,3.167740591640359,65.4268896943322,16.593460134014606,0.0004997501249375312,55.6246557244266,3.8099979357810727,0.0004997501249375312,1740,1236,0.49513905100002376,0.01,0.01,1440,4.537264749000315
S2,0.9,2400,123,3.1464635563662746,63.642318487599844,16.837639230092286,0.0004997501249375312,63.27462070324793,3.8372163300519975,0.0004997501249375312,1464,1200,0.4934710179995818,0.01,0.01,1200,4.8918721929999265
S2,0.9,2400,124,3.2243352007378103,69.48182369154186,17.059361233842058,0.0004997501249375312,63.35202752462237,3.838291484732658,0.0004997501249375312,1764,1260,0.49566163500003313,0.01,0.01,1332,6.922405669999989
S2,0.9,2400,125,2.991817976968694,62.16404399412759,15.91387289939842,0.0004997501249375312,58.43969530446492,3.7905586062978314,0.0004997501249375312,1512,1248,0.7563172350000968,0.01,0.01,1356,8.067382342999736
S2,0.9,2400,126,3.031308929141887,59.30943011592946,16.539142796097114,0.0004997501249375312,57.12089586227657,3.850134934131072,0.0004997501249375312,1344,1308,0.5412926449998849,0.01,0.01,1344,4.5242511810001815
S2,0.9,2400,127,3.2448024548859853,56.10456927378811,17.313180251333126,0.0004997501249375312,54.945511902960696,3.6988554368852857,0.0004997501249375312,1452,1200,0.5040932339998108,0.01,0.01,1296,5.1387484659999245
S2,0.9,2400,128,3.2478962671213267,56.81237215513107,17.24254066397958,0.0004997501249375312,51.20749023739314,3.8160073931770517,0.0004997501249375312,1992,1224,0.7406975479998437,0.01,0.01,1212,4.5032984399999805
S2,0.9,2400,129,3.1384803762868443,49.6646391076446,16.522560211889182,0.0004997501249375312,50.3325961669201,3.782770949152727,0.0004997501249375312,1188,1188,0.4860488490003263,0.01,0.01,1344,5.159712613000011
S2,0.9,2400,130,3.0896755085721876,59.308311819288306,16.355849018232107,0.0004997501249375312,62.406988499281695,3.777782952835639,0.0004997501249375312,1224,1224,0.48573774199985564,0.01,0.01,1200,4.502913730000273
S2,0.9,2400,131,2.9667915288298365,57.44817319190865,15.947121534372972,0.0004997501249375312,58.144088881460114,3.8535211275497616,0.0004997501249375312,1452,1236,0.4753613640000367,0.01,0.01,1440,4.523568284000248
S2,0.9,2400,132,3.2919255999120787,71.25307754836939,17.132221246131742,0.0004997501249375312,67.08526672455748,3.9744001182637967,0.0004997501249375312,1452,1212,0.750082687000031,0.01,0.01,1236,8.028031063000071
S2,0.9,2400,133,2.9922695226386096,64.79619806789903,16.222665656644374,0.0004997501249375312,65.03451252119824,3.8058939388182518,0.0004997501249375312,1224,1212,0.7875041400002374,0.01,0.01,1212,7.159245077000378
S2,0.9,2400,134,3.2060577769007232,53.11669789880811,16.890401926919246,0.0004997501249375312,53.04681122489438,3.777871688082553,0.0004997501249375312,1260,1224,0.49526083499995366,0.01,0.01,1260,4.508838009000101
S2,0.9,2400,135,3.21190052764018,68.95048966272665,16.788572932874196,0.0004997501249375312,67.92903139844285,3.8050100728844525,0.0004997501249375312,1308,1212,0.5057536159997653,0.01,0.01,1428,4.6145748529997945
S2,0.9,2400,136,3.1899643290517816,48.99561860460878,16.49224143326343,0.0004997501249375312,48.939857270953596,3.777082136421046,0.0004997501249375312,1704,1200,0.49855959400019856,0.01,0.01,1200,4.478790843999832
S2,0.9,2400,137,3.1128852759532295,62.079087741674364,16.985998088931353,0.0004997501249375312,62.03852984982698,3.9060509797337133,0.0004997501249375312,1212,1212,0.49845028699974137,0.01,0.01,1476,5.529527060999953
S2,0.9,2400,138,3.1446801676551175,50.93984133805452,16.713805916989127,0.0004997501249375312,52.04650474706374,3.6918605260934876,0.0004997501249375312,1260,1212,0.488529533000019,0.01,0.01,1212,4.49357825900006
S2,0.9,2400,139,3.2555181403932694,55.671151459186405,17.009027377148897,0.0004997501249375312,53.93665689060977,3.7180612905211454,0.0004997501249375312,1668,1224,0.4984561369997209,0.01,0.01,1308,4.5228921970001466
S2,0.9,2400,140,3.044333916294996,69.04861097276361,16.244118758554247,0.0004997501249375312,68.26998158279522,3.861422004377574,0.0004997501249375312,1440,1212,0.5257620580000548,0.01,0.01,1248,4.75789607500019
S2,0.9,2400,141,3.1249210143684536,64.16662844572977,16.787679609935815,0.0004997501249375312,64.21983780154285,3.763974613451544,0.0004997501249375312,1200,1200,0.49839275300018926,0.01,0.01,1224,4.4922580679999555
S2,0.9,2400,142,3.1742724860369713,54.0514491547515,17.052030318715353,0.0004997501249375312,53.127096613718614,3.8858002970398275,0.0004997501249375312,1320,1200,0.7869699759999094,0.01,0.01,1260,8.07630245900009
S2,0.9,2400,143,3.1842189347730985,61.60328026338598,17.322677795301026,0.0004997501249375312,53.215046221018504,3.939346542203275,0.0004997501249375312,1596,1236,0.7531005689997983,0.01,0.01,1584,7.440195442999993
S2,0.9,2400,144,3.0015020705478523,53.49278174210993,16.072100675835994,0.0004997501249375312,56.09509035061017,3.8441935329086023,0.0004997501249375312,1284,1236,0.49899801300034596,0.01,0.01,1236,5.406719389000045
S2,0.9,2400,145,3.1229263533802687,68.0487275191618,16.54616403873852,0.0004997501249375312,66.500661647828,3.806364405261381,0.0004997501249375312,1512,1236,0.5868985709998924,0.01,0.01,1164,4.543151994999789
S2,0.9,2400,146,2.988182876974683,51.95625111459524,16.088388868855933,0.0004997501249375312,56.14539795106363,3.866787654071076,0.0004997501249375312,1248,1248,0.5402158400002008,0.01,0.01,1224,5.642724875000113
S2,0.9,2400,147,3.153617141953899,62.39828849935895,16.534224185631263,0.0004997501249375312,60.97819783295416,3.8062526395664644,0.0004997501249375312,1776,1224,0.4831710779999412,0.01,0.01,1212,4.505935674000284
S2,0.9,2400,148,3.1315920305028073,57.904465427688876,16.39454937440778,0.0004997501249375312,53.90372108904306,3.7690783754383532,0.0004997501249375312,1452,1188,0.4838677889997598,0.01,0.01,1248,5.187465245999647
S2,0.9,2400,149,3.1277505943837163,53.03727520087491,16.632455646158363,0.0004997501249375312,53.419040640802244,3.9166396717597087,0.0004997501249375312,1824,1224,0.7700705259999268,0.01,0.01,1248,8.02319899799977
S2,0.9,2400,150,3.0449489138849173,53.680662607932724,16.595113338472363,0.0004997501249375312,55.929795547704295,3.8755069812072986,0.0004997501249375312,1560,1212,0.4900667719998637,0.01,0.01,1236,5.505358078999961
S2,0.9,2400,151,3.2622052100600216,62.1434595136682,17.260831229614258,0.0004997501249375312,57.779151417931,3.7018203064758195,0.0004997501249375312,1428,1200,0.6070913979997385,0.01,0.01,1428,8.048977754000134
S2,0.9,2400,152,3.0431310761501216,52.99464557133059,16.423739816542298,0.0004997501249375312,54.9816910325096,3.806072629795864,0.0004997501249375312,1500,1212,0.49185513500015077,0.01,0.01,1320,4.544263323999985
S2,0.9,2400,153,3.05462420891291,63.672049491292654,16.232653693252278,0.0004997501249375312,68.04932425524647,3.823849458129064,0.0004997501249375312,1584,1200,0.4961164720002671,0.01,0.01,1308,4.499259614000039
S2,0.9,2400,154,3.1137312192454223,63.18049624346106,16.726221816171865,0.0004997501249375312,65.00436213649112,3.866771620373611,0.0004997501249375312,1236,1236,0.5465551660004166,0.01,0.01,1284,5.257814073999725
S2,0.9,2400,155,3.1237011586905927,57.016372547745725,16.6944360590998,0.0004997501249375312,57.89083839293337,3.8802585970692474,0.0004997501249375312,2100,1224,0.48696266600018134,0.01,0.01,1236,4.516061036999872
S2,0.9,2400,156,3.2508183991163357,62.35284703078273,17.49449604209447,0.0004997501249375312,59.80334822712068,3.7852873774350444,0.0004997501249375312,1464,1236,0.4936486760002481,0.01,0.01,1368,5.143717235000167
S2,0.9,2400,157,3.2897635717198535,70.16892115963465,17.27013292179847,0.0004997501249375312,70.04610093415737,3.843099451773448,0.0004997501249375312,1296,1212,0.7499066729997139,0.01,0.01,1512,8.047282442000323
S2,0.9,2400,158,3.1639485862848313,64.99906895302207,16.481136514862147,0.0004997501249375312,63.082901088126555,3.7711495491149885,0.0004997501249375312,1620,1200,0.7479642919997787,0.01,0.01,1368,6.15011155000002
S2,0.9,2400,159,3.2221865761667705,65.88292242290872,17.528662637877584,0.0004997501249375312,66.00706608634022,3.9847896895711354,0.0004997501249375312,1392,1212,0.5266305069999362,0.01,0.01,1356,4.511170339999808
S2,0.9,2400,160,3.1174682502344107,49.79779568663282,16.316836706337902,0.0004997501249375312,50.002615008281104,3.744828582034321,0.0004997501249375312,1368,1224,0.7611726169998292,0.01,0.01,1368,5.8166091819998655
S2,0.9,2400,161,3.0565189937711437,57.94713970360864,16.20090130781741,0.0004997501249375312,55.91907553813657,3.827154206177337,0.0004997501249375312,1440,1212,0.5695508030003111,0.01,0.01,1440,6.962826167999992
S2,0.9,2400,162,3.2100002646708425,68.9033260049003,16.494630312752808,0.0004997501249375312,73.39935230576903,3.785434147331667,0.0004997501249375312,1200,1200,0.4952985009999793,0.01,0.01,1212,5.724371413999961
S2,0.9,2400,163,3.132833675019471,50.27582955264638,16.733360997363548,0.0004997501249375312,50.256707069509794,3.8990638966158864,0.0004997501249375312,1212,1212,0.5443499089997204,0.01,0.01,1212,4.524778598000012
S2,0.9,2400,164,3.0525350938509828,59.088754907461514,16.717779849747604,0.0004997501249375312,61.0845366201815,3.8281149190783075,0.0004997501249375312,1236,1236,0.7482388650000757,0.01,0.01,1272,8.029551008999988
S2,0.9,2400,165,3.1209796473963047,41.845222414413605,16.409933762744213,0.0004997501249375312,43.79346207298623,3.867205037566936,0.0004997501249375312,1380,1200,0.7392048239998985,0.01,0.01,1356,8.01506536199986
S2,0.9,2400,166,3.1850746997713917,62.6287040109825,16.979921519089725,0.0004997501249375312,66.78903760852516,3.69356243054527,0.0004997501249375312,1488,1212,0.4967334419998224,0.01,0.01,1464,4.509228021000126
S2,0.9,2400,167,3.1904645140364734,40.67307010525711,16.933370012866064,0.0004997501249375312,40.35733984546263,3.741093456902281,0.0004997501249375312,1332,1236,0.49223875400002726,0.01,0.01,1236,4.509097788999952
S2,0.9,2400,168,3.201848583436118,52.7873916895361,16.939064256566887,0.0004997501249375312,53.84714815258989,3.7343686914827283,0.0004997501249375312,1200,1224,0.7554897780000829,0.01,0.01,1272,8.037164955000208
S2,0.9,2400,169,3.1270371372009547,56.22745146028976,16.63922295901501,0.0004997501249375312,55.47421078394797,3.856365120468005,0.0004997501249375312,1356,1200,0.759384097000293,0.01,0.01,1236,7.968767339999886
S2,0.9,2400,170,3.1258313681871575,55.01439258668679,16.729327261052905,0.0004997501249375312,55.22311944530617,3.814922894410219,0.0004997501249375312,1200,1200,0.4836984879998454,0.01,0.01,1200,4.495911285999682
S2,0.9,2400,171,3.0871872692555073,53.20330483122433,16.134561801714217,0.0004997501249375312,56.656154542159484,3.7207773827613275,0.0004997501249375312,1236,1212,0.48470210400000724,0.01,0.01,1224,4.529884981000123
S2,0.9,2400,172,3.074852832382321,52.551285523328744,16.13147831083115,0.0004997501249375312,53.76849054138459,3.8592413974047526,0.0004997501249375312,1272,1200,0.484034807000171,0.01,0.01,1392,4.5061441029997695
S2,0.9,2400,173,3.04443442855583,54.18054798894971,16.141145862983493,0.0004997501249375312,56.80288111524356,3.8032913147890897,0.0004997501249375312,1200,1200,0.4846162510002614,0.01,0.01,1200,4.736230052999872
S2,0.9,2400,174,3.109742052789004,59.34186515938562,16.5238014156087,0.0004997501249375312,61.7704788516256,3.8242939162567646,0.0004997501249375312,1188,1200,0.4840079349996813,0.01,0.01,1188,5.225508036000065
S2,0.9,2400,175,3.0726710921547107,55.796069529228646,16.33689434418649,0.0004997501249375312,56.43064803612569,3.823821876630965,0.0004997501249375312,1536,1236,0.48562481899989507,0.01,0.01,1476,4.506882067999868
S2,0.9,2400,176,3.158285917170834,63.712428200837934,16.67185801848054,0.0004997501249375312,66.52960340909786,3.8281093127617005,0.0004997501249375312,1836,1236,0.7539847580001151,0.01,0.01,1368,6.669953560000067
S2,0.9,2400,177,3.294247010776928,54.70663058737703,17.309110226209324,0.0004997501249375312,54.519950218081995,3.7721403669191504,0.0004997501249375312,1212,1212,0.5440140040000188,0.01,0.01,1224,4.505066089999673
S2,0.9,2400,178,2.998158945106688,59.34666385263576,16.55322036770799,0.0004997501249375312,60.499605084033846,3.833276198068859,0.0004997501249375312,1548,1212,0.4823734019996664,0.01,0.01,1284,4.513489043999925
S2,0.9,2400,179,3.2053067410618032,59.06785920950017,16.747231613078128,0.0004997501249375312,58.77686123609467,3.7865021686860896,0.0004997501249375312,1260,1212,0.4860159210002166,0.01,0.01,1236,4.533034911999948
S2,0.9,2400,180,3.2785068920144966,65.65580098644223,17.101273770151643,0.0004997501249375312,60.41645522712287,3.797678223126371,0.0004997501249375312,1452,1212,0.49124848800011023,0.01,0.01,1212,4.500847175000217
S2,0.9,2400,181,2.9721835129430443,56.92949498221897,16.30553527061624,0.0004997501249375312,60.88019493657837,3.86867416070023,0.0004997501249375312,1236,1236,0.5003571390002435,0.01,0.01,1236,8.010484292000001
S2,0.9,2400,182,3.2990016661470656,57.611410581108196,17.3173778876091,0.0004997501249375312,58.64203204427255,3.8508560262555696,0.0004997501249375312,1224,1212,0.4935322900000756,0.01,0.01,1224,5.183487373999924
S2,0.9,2400,183,3.2562375510879487,62.110661736522,17.260983719756563,0.0004997501249375312,59.85648332611712,3.7559508359254856,0.0004997501249375312,1380,1212,0.49123352500009787,0.01,0.01,1344,4.8990859929999715
S2,0.9,2400,184,3.1174682502349453,43.40819216619681,16.930945541500257,0.0004997501249375312,43.8767754303592,3.857905094955582,0.0004997501249375312,1260,1212,0.48717624900018563,0.01,0.01,1200,4.490660848000061
S2,0.9,2400,185,3.0831320210757283,58.734816199071744,16.64582741609009,0.0004997501249375312,63.501030065453804,3.7998620432597345,0.0004997501249375312,1236,1236,0.4941758330000994,0.01,0.01,1176,4.500826030000098
S2,0.9,2400,186,3.124301960828157,49.70053111207548,16.737960714934417,0.0004997501249375312,49.915885773311764,3.7766053787480813,0.0004997501249375312,1272,1272,0.487711945999763,0.01,0.01,1476,4.483700777000195
S2,0.9,2400,187,3.2795839546082077,70.26054465135162,17.094495115886332,0.0004997501249375312,68.36818533791048,3.7758961779092597,0.0004997501249375312,2064,1236,0.4951106080002319,0.01,0.01,1236,4.8956174059999285
S2,0.9,2400,188,3.056318895896275,59.14973843722056,16.118463811203835,0.0004997501249375312,62.942056690475816,3.77575682765602,0.0004997501249375312,1212,1200,0.7385476759995981,0.01,0.01,1236,7.786366272000123
S2,0.9,2400,189,3.2174646211648743,63.66911826476357,16.66865905619534,0.0004997501249375312,62.81578386284178,3.7378163964869042,0.0004997501249375312,1308,1200,0.4923497419999876,0.01,0.01,1296,4.571152147000248
S2,0.9,2400,190,3.2740982709407453,50.99183929726294,16.689665336400612,0.0004997501249375312,53.1788391269881,3.828233604840359,0.0004997501249375312,1200,1200,0.491719127000124,0.01,0.01,1200,5.070180734000132
S2,0.9,2400,191,3.196123163486407,67.37537438778583,17.258861162456494,0.0004997501249375312,70.0015679132137,3.862636792347445,0.0004997501249375312,1536,1260,0.5149678319999111,0.01,0.01,1296,4.5294924230001925
S2,0.9,2400,192,3.2292513672523264,53.2299477381654,16.945045192951888,0.0004997501249375312,52.522184574859025,3.8383798216977523,0.0004997501249375312,1380,1284,0.4925362529997983,0.01,0.01,1380,5.0513374580000345
S2,0.9,2400,193,3.01155680149006,56.17246391168875,16.13839061233243,0.0004997501249375312,59.00242986859108,3.948913352027584,0.0004997501249375312,1488,1212,0.5158195379999597,0.01,0.01,1224,7.123998879000283
S2,0.9,2400,194,3.1462903994201032,58.916951046026256,16.41906243580092,0.0004997501249375312,58.17943144155983,3.8659003223962647,0.0004997501249375312,1404,1224,0.5499220280003101,0.01,0.01,1260,8.05729114199994
S2,0.9,2400,195,3.127775304760313,56.92619972078634,16.460968853973693,0.0004997501249375312,55.276665375047166,3.824020498460668,0.0004997501249375312,1452,1296,0.7626222220001182,0.01,0.01,1320,5.506081448999794
S2,0.9,2400,196,3.2053580009421476,54.66564825806658,16.878553464258022,0.0004997501249375312,56.00818533972044,3.791190050940731,0.0004997501249375312,1260,1200,0.4920576899999105,0.01,0.01,1224,4.508487947000049
S2,0.9,2400,197,3.1864024496619914,63.50978888857696,16.6802820384868,0.0004997501249375312,63.9523626229122,3.8115465881603643,0.0004997501249375312,1344,1236,0.49152077899998403,0.01,0.01,1332,6.124968086000081
S2,0.9,2400,198,3.04007093411478,50.731343774721175,16.24563043097671,0.0004997501249375312,51.21789678308679,3.8979624585470294,0.0004997501249375312,1344,1224,0.48415382600023804,0.01,0.01,1320,4.511320460999741
S2,0.9,2400,199,3.237680228038807,55.05981702420884,17.11914545382905,0.0004997501249375312,53.5611831327136,3.748853265703648,0.0004997501249375312,1512,1212,0.49398155100016083,0.01,0.01,1212,4.507309440999961
S2,0.9,2400,200,3.2403263043620214,69.88416504912358,17.343526146748125,0.0004997501249375312,66.99450885618822,3.817910474328478,0.0004997501249375312,1428,1200,0.7570847259999027,0.01,0.01,1200,8.041832150999653
S2,0.9,2400,201,3.065059598582714,48.922039015117214,16.43866751363026,0.0004997501249375312,47.56516488700768,3.83208369550636,0.0004997501249375312,1308,1212,0.7754472750002606,0.01,0.01,1272,8.021529039999677
S2,0.9,2400,202,3.142957362286005,63.95462584189756,16.467706209719356,0.0004997501249375312,61.81059420006417,3.8064074311857827,0.0004997501249375312,1500,1224,0.48386018200017133,0.01,0.01,1200,4.922089782999592
S2,0.9,2400,203,3.192282360800979,56.761855529610656,16.847016435520228,0.0004997501249375312,59.282819464316766,3.8196798626062614,0.0004997501249375312,1224,1224,0.4888243799996417,0.01,0.01,1200,4.4968605530002606
S2,0.9,2400,204,3.0613764411345,59.80698681824947,16.10284803040422,0.0004997501249375312,62.403643119035884,3.7969763304931687,0.0004997501249375312,1452,1200,0.4846099559999857,0.01,0.01,1200,5.256283606000125
S2,0.9,2400,205,2.9900452799256945,46.469375100979306,15.808087016379414,0.0004997501249375312,46.92724830181258,3.735664132342042,0.0004997501249375312,1548,1200,0.7568661070004055,0.01,0.01,1344,8.050055728000189
S2,0.9,2400,206,3.0666622102115046,53.08942150598613,16.508078168148238,0.0004997501249375312,53.18604487294609,3.915320111260988,0.0004997501249375312,1416,1248,0.4847187020000092,0.01,0.01,1416,4.508670550000261
S2,0.9,2400,207,2.995179621595482,41.16298199689558,16.32760502883485,0.0004997501249375312,42.464716149181136,3.7264438423182953,0.0004997501249375312,1308,1260,0.4946896530000231,0.01,0.01,1308,4.497532258999854
S2,0.9,2400,208,3.0657522091357072,55.44556502286523,16.48758008857365,0.0004997501249375312,54.79380793991473,3.8417530277379393,0.0004997501249375312,1260,1248,0.4847628060001625,0.01,0.01,1272,4.51179999399983
S2,0.9,2400,209,3.1044415103281477,56.88621429814037,16.539603490623147,0.0004997501249375312,58.90562911085223,3.904187683419411,0.0004997501249375312,1368,1200,0.4870959849999963,0.01,0.01,1380,4.506461631000093
S2,0.9,2400,210,3.142413312644029,63.58452828030305,16.92196381441794,0.0004997501249375312,66.14362138205539,3.7124635818144314,0.0004997501249375312,1200,1200,0.7575194599999122,0.01,0.01,1260,6.3842096680000395
S2,0.9,2400,211,3.1896376363522565,65.6752133993472,17.10695555480919,0.0004997501249375312,59.79694523599163,3.8481005592289295,0.0004997501249375312,1728,1248,0.5002471660000083,0.01,0.01,1368,4.489316984000197
S2,0.9,2400,212,3.150815756200392,58.87436684313083,16.9445771944472,0.0004997501249375312,59.05812705966761,3.721219383159207,0.0004997501249375312,1308,1272,0.49469693999981246,0.01,0.01,1212,4.5221474979998675
S2,0.9,2400,213,3.080714435784145,61.49610508292331,16.996218236519,0.0004997501249375312,57.490390213165654,3.8213698299123044,0.0004997501249375312,1308,1284,0.49102541199999905,0.01,0.01,1308,4.910916943999837
S2,0.9,2400,214,3.1266023441940365,68.85797214673218,16.855623118723567,0.0004997501249375312,65.26108301587495,3.7852326055981758,0.0004997501249375312,1464,1212,0.7634643870001128,0.01,0.01,1200,6.824044099000275
S2,0.9,2400,215,3.138069205078722,63.08579806156765,16.63412120174474,0.0004997501249375312,64.86033758081975,3.786104645212355,0.0004997501249375312,1200,1188,0.4825192160001279,0.01,0.01,1344,6.211204831000032
S2,0.9,2400,216,3.0891494898315006,52.203631367753914,16.594916534790464,0.0004997501249375312,52.34243161072189,3.8536466189038903,0.0004997501249375312,1272,1212,0.49883381100016777,0.01,0.01,1164,7.291826248000234
S2,0.9,2400,217,2.954275458732575,47.45675627654448,15.902403641367732,0.0004997501249375312,46.47422730974896,3.877333137128353,0.0004997501249375312,1404,1248,0.5840800230002969,0.01,0.01,1404,4.539506200999767
S2,0.9,2400,218,3.1318061148589833,55.528648488583045,16.958565247405364,0.0004997501249375312,55.30179717216769,3.7604729621853155,0.0004997501249375312,1356,1248,0.48906465799973375,0.01,0.01,1260,4.991117433999989
S2,0.9,2400,219,3.238789802565865,68.46365873582211,16.945601820174847,0.0004997501249375312,63.20017546411157,3.776171177896107,0.0004997501249375312,1476,1248,0.7563771039999665,0.01,0.01,1476,4.620730369999819
S2,0.9,2400,220,3.203229865626875,58.66829999659218,16.855913886325865,0.0004997501249375312,55.56583849432527,3.7569884306563694,0.0004997501249375312,1380,1296,0.5027199159999327,0.01,0.01,1380,7.881953787999919
S2,0.9,2400,221,2.968672758351175,46.07478600000094,16.024487419858705,0.0004997501249375312,49.36281094520597,3.927749040030248,0.0004997501249375312,1272,1248,0.7536101109999436,0.01,0.01,1212,8.038280117999875
S2,0.9,2400,222,3.2453895939172965,64.62462473618059,17.217782915594896,0.0004997501249375312,65.38628934004063,3.8353821273218913,0.0004997501249375312,1260,1260,0.7618186550002974,0.01,0.01,1260,5.168077361000087
S2,0.9,2400,223,3.158207418132328,61.54710537531661,17.063502827286054,0.0004997501249375312,56.949228255933434,3.8403555326688785,0.0004997501249375312,1548,1236,0.4849664399998801,0.01,0.01,1200,4.576236780999807
S2,0.9,2400,224,3.1016294874231622,52.22158050588609,16.339930848942238,0.0004997501249375312,52.859806211739,3.7906675606828655,0.0004997501249375312,1332,1284,0.4835790269999052,0.01,0.01,1320,4.664974061000066
S2,0.9,2400,225,3.236473124179601,70.01407050601415,17.35923283415193,0.0004997501249375312,65.21761260836051,3.815544292892769,0.0004997501249375312,1464,1200,0.4921915559998524,0.01,0.01,1320,4.537681415999941
S2,0.9,2400,226,3.141554337205585,59.27638763205263,16.653952103778725,0.0004997501249375312,57.846883423497275,3.899795315640651,0.0004997501249375312,1404,1200,0.48991763200001515,0.01,0.01,1440,4.923116845000095
S2,0.9,2400,227,3.2343358001115288,62.95574077667285,17.210273582917594,0.0004997501249375312,60.387183416936345,3.8765789676484603,0.0004997501249375312,1452,1284,0.7515000029998191,0.01,0.01,1224,7.733436252000047
S2,0.9,2400,228,3.1596760114392124,55.0551704694862,17.14576811168002,0.0004997501249375312,57.02915907081543,3.921723054411493,0.0004997501249375312,1236,1224,0.7476750349997019,0.01,0.01,1224,8.028553901000123
S2,0.9,2400,229,3.2613218895490697,60.443903467901265,16.965872974682714,0.0004997501249375312,58.39272176050098,3.801881789514556,0.0004997501249375312,1380,1224,0.7440319190000082,0.01,0.01,1248,8.073451847000342
S2,0.9,2400,230,3.1820758471121864,56.888704930706176,16.83774263864649,0.0004997501249375312,58.294259230638005,3.8195147126842435,0.0004997501249375312,1248,1248,0.7681589560002067,0.01,0.01,1236,8.038558805999855
S2,0.9,2400,231,3.207996429096968,62.97859223033034,16.61950731864501,0.0004997501249375312,64.2840416939197,3.840606133108506,0.0004997501249375312,1392,1224,0.7486102769998979,0.01,0.01,1332,8.099900654999601
S2,0.9,2400,232,3.213680968965402,59.798863618796275,16.47017593691915,0.0004997501249375312,59.239296917157986,3.7238482688778634,0.0004997501249375312,1428,1200,0.4862300409999989,0.01,0.01,1248,4.524516491999748
S2,0.9,2400,233,3.1066616385190278,49.27700856739528,16.380581518101366,0.0004997501249375312,51.673452938948486,3.875502078819416,0.0004997501249375312,1224,1224,0.4864003360003153,0.01,0.01,1428,4.595801008000308
S2,0.9,2400,234,3.20788799700004,71.20669785224152,16.84250295798581,0.0004997501249375312,69.8262218853335,3.8950535715929755,0.0004997501249375312,1308,1188,0.7689358110001194,0.01,0.01,1368,8.055503423000118
S2,0.9,2400,235,3.1746316953449845,63.96904332893175,16.791218148487182,0.0004997501249375312,63.99040469913097,3.772394890655827,0.0004997501249375312,1308,1236,0.538770327000293,0.01,0.01,1236,5.708560392999971
S2,0.9,2400,236,3.0761823531225385,64.00889297556313,16.583850259034868,0.0004997501249375312,63.453029214506536,3.824694142406768,0.0004997501249375312,1284,1248,0.7674715779999133,0.01,0.01,1464,8.084564948000207
S2,0.9,2400,237,3.2134462639655577,67.2189710466811,16.937590029268243,0.0004997501249375312,69.39484467208395,3.8358362672791273,0.0004997501249375312,1188,1188,0.7630285649997859,0.01,0.01,1272,8.034486932999698
S2,0.9,2400,238,3.033775022044309,61.64368743912261,16.242702453602774,0.0004997501249375312,60.15295371530721,3.781021078461357,0.0004997501249375312,1632,1272,0.7587486130000798,0.01,0.01,1596,8.043741321000198
S2,0.9,2400,239,3.114856682649845,61.121191021397586,16.9010286200962,0.0004997501249375312,56.50196118882736,3.821333291524628,0.0004997501249375312,1824,1236,0.7862949370000933,0.01,0.01,1332,5.956512027999906
S2,0.9,2400,240,3.1971172088239705,49.36861941786779,16.72897099947929,0.0004997501249375312,49.32748381026938,3.8496101168066565,0.0004997501249375312,1248,1212,0.7664815469997848,0.01,0.01,1188,5.627744107000126
S2,0.9,2400,241,3.2211570263684646,59.27404831439698,17.108902959568642,0.0004997501249375312,60.27981702720789,3.8397589423181286,0.0004997501249375312,1212,1188,0.5058483120001256,0.01,0.01,1332,4.508743208999931
S2,0.9,2400,242,3.011556801488739,70.96486470249226,16.07711973253889,0.0004997501249375312,68.30985356449575,3.880215440523992,0.0004997501249375312,1368,1260,0.7436336000000665,0.01,0.01,1344,7.807766556999923
S2,0.9,2400,243,2.8901543809534793,49.20322194704132,15.464685507665438,0.0004997501249375312,48.50032775357552,3.830779862812065,0.0004997501249375312,1392,1248,0.479710573000375,0.01,0.01,1212,4.538487043000259
S2,0.9,2400,244,3.089313245714952,52.454949879823104,16.3584160806476,0.0004997501249375312,54.40091824041557,3.808127335125258,0.0004997501249375312,1416,1212,0.48440150200030985,0.01,0.01,1200,5.855241301000206
S2,0.9,2400,245,3.0724566239620015,65.30428870990636,16.55669781401606,0.0004997501249375312,65.13837950817563,3.8017471669630805,0.0004997501249375312,1440,1248,0.7735339040000326,0.01,0.01,1440,5.010763684000267
S2,0.9,2400,246,3.1752582244191574,67.24670715078258,16.952532478279384,0.0004997501249375312,67.75765499610321,3.8088522613755873,0.0004997501249375312,1212,1212,0.7431086500000674,0.01,0.01,1308,4.500612071999967
S2,0.9,2400,247,3.0787637921172446,48.73743587771777,16.594001690431373,0.0004997501249375312,51.751555579233674,3.7633372141646393,0.0004997501249375312,1212,1200,0.49075674600044294,0.01,0.01,1188,5.511877696000283
S2,0.9,2400,248,3.2073985078746508,65.547197261914,16.839570576382094,0.0004997501249375312,62.34590627552998,3.8106677500934443,0.0004997501249375312,1524,1260,0.4982693729998573,0.01,0.01,1200,4.476863234999655
S2,0.9,2400,249,3.095869835565156,51.16109650040084,16.810236329816775,0.0004997501249375312,54.55733347174745,3.815444008624609,0.0004997501249375312,1200,1200,0.5023590239998157,0.01,0.01,1200,5.541399460999855
S2,0.9,2400,250,3.2628045214818027,60.86851380053255,16.94173612169956,0.0004997501249375312,59.41617021163877,3.854319216701208,0.0004997501249375312,1464,1200,0.4927122290000625,0.01,0.01,1260,4.517126503999862
S2,0.9,2400,251,3.0740900513847036,62.08326050195765,16.533745730361037,0.0004997501249375312,63.04916828651447,3.798901561522356,0.0004997501249375312,1548,1200,0.49183603499977835,0.01,0.01,1188,5.14396994100025
S2,0.9,2400,252,3.325637315618583,56.83654609409124,17.42718488948774,0.0004997501249375312,59.11147024728199,3.7044381255547725,0.0004997501249375312,1236,1236,0.573144279999724,0.01,0.01,1236,5.483724303000145
S2,0.9,2400,253,3.0804541791644175,61.406116522289985,16.55683117518586,0.0004997501249375312,63.41401693731085,3.801124026764103,0.0004997501249375312,1296,1284,0.49018472399984603,0.01,0.01,1236,4.5444184250000035
S2,0.9,2400,254,3.183254436107129,53.198553529892045,16.707660957547414,0.0004997501249375312,56.04953705961603,3.8866966170701467,0.0004997501249375312,1200,1200,0.5513191810000535,0.01,0.01,1212,4.582364437999786
S2,0.9,2400,255,3.2284042928497185,58.52022863023829,17.394982142747704,0.0004997501249375312,59.34837689278836,3.8217896485781457,0.0004997501249375312,1212,1212,0.49907230000007985,0.01,0.01,1248,4.5747108230002596
S2,0.9,2400,256,3.061460922495228,65.62189850978795,16.66427090094405,0.0004997501249375312,62.96936704339019,3.8801837085618214,0.0004997501249375312,1332,1200,0.4940554660001908,0.01,0.01,1368,4.563450429000113
S2,0.9,2400,257,3.199540905609041,65.75969257908889,16.644090814451417,0.0004997501249375312,65.10005487085971,3.6917028030206773,0.0004997501249375312,1284,1200,0.4980686750000132,0.01,0.01,1284,4.955003302000023
S2,0.9,2400,258,3.085163892317442,47.30993612889485,16.659453528723194,0.0004997501249375312,50.11016991218015,3.7811387914935697,0.0004997501249375312,1200,1200,0.5503384899998309,0.01,0.01,1200,5.1453482480001185
S2,0.9,2400,259,3.2408986052329745,54.671359151689174,16.79022886924459,0.0004997501249375312,51.45303006891142,3.9303064197847286,0.0004997501249375312,1392,1260,0.5518960100002914,0.01,0.01,1380,4.677342826999848
S2,0.9,2400,260,3.2566253322115437,59.18582987174844,17.31803700006581,0.0004997501249375312,57.111406696649276,3.9055464223850946,0.0004997501249375312,1332,1212,0.4899793489998956,0.01,0.01,1188,4.565817215000152
S2,0.9,2400,261,3.2352281090798547,49.17085264385176,16.94111161115291,0.0004997501249375312,47.40822089861621,3.829710263498053,0.0004997501249375312,1956,1212,0.5765715050001745,0.01,0.01,1212,4.935054796999793
S2,0.9,2400,262,3.1594245936212517,66.54078204316556,17.09190307416043,0.0004997501249375312,66.544878577245,3.7802643960125737,0.0004997501249375312,1392,1212,0.48533012799998687,0.01,0.01,1296,5.444725745000142
S2,0.9,2400,263,3.1855983252653473,54.283402350136214,17.074359529260438,0.0004997501249375312,53.73892077226076,3.841283898662089,0.0004997501249375312,1476,1260,0.7558032599999933,0.01,0.01,1260,8.038479845999973
S2,0.9,2400,264,2.9834117428681384,60.86711338915989,16.143111870837394,0.0004997501249375312,65.11802671444919,3.872794309208995,0.0004997501249375312,1248,1212,0.47644884999999704,0.01,0.01,1176,5.019918211000004
S2,0.9,2400,265,3.231233018876173,50.645422628943535,16.892058094732324,0.0004997501249375312,51.142613942159166,3.794331777963221,0.0004997501249375312,1368,1200,0.5024272749997181,0.01,0.01,1284,4.493369883000014
S2,0.9,2400,266,3.242102385104431,70.84452916509835,17.15646976571687,0.0004997501249375312,61.39303466763593,3.7577319414572754,0.0004997501249375312,1500,1248,0.4925970940003026,0.01,0.01,1452,4.522038189999876
S2,0.9,2400,267,3.1871459778664812,64.70292139673514,16.658716930101694,0.0004997501249375312,62.914048697644404,3.761689899841612,0.0004997501249375312,1356,1200,0.523326304999955,0.01,0.01,1200,4.666711404000125
S2,0.9,2400,268,2.9550626219398106,62.644542089432896,15.916967922870791,0.0004997501249375312,65.38427353669684,3.9577840454134887,0.0004997501249375312,1500,1224,0.4789408490000824,0.01,0.01,1320,4.673236018999887
S2,0.9,2400,269,3.172913604368854,47.516783345988394,16.9910311143539,0.0004997501249375312,48.47917557743007,3.83446218089639,0.0004997501249375312,1404,1200,0.49605120899968824,0.01,0.01,1212,5.713167714000065
S2,0.9,2400,270,3.2490454555955854,59.216496988148634,17.049422065839487,0.0004997501249375312,57.689655241801084,3.6412254575162293,0.0004997501249375312,1620,1272,0.4952776650002306,0.01,0.01,1284,4.5573816280002575
S2,0.9,2400,271,3.1157736178901607,60.068460069432845,16.770221589112865,0.0004997501249375312,61.72870865072649,3.8542019419850138,0.0004997501249375312,1188,1188,0.5000696319998497,0.01,0.01,1224,4.509450134999952
S2,0.9,2400,272,3.2383939277341662,54.51615015768012,17.165657202196424,0.0004997501249375312,54.951031360813026,3.8773956162812584,0.0004997501249375312,1272,1224,0.7659632770000826,0.01,0.01,1296,5.726774377000311
S2,0.9,2400,273,3.2196355854953436,64.13743165570409,16.969100762421654,0.0004997501249375312,65.05487026457709,3.8088785459203383,0.0004997501249375312,1200,1200,0.4903539639999508,0.01,0.01,1356,4.512667677000081
S2,0.9,2400,274,3.1252761986111786,65.05446029629371,16.837558641631897,0.0004997501249375312,65.22349322218409,3.905628636835818,0.0004997501249375312,1224,1224,0.4879175200003374,0.01,0.01,1224,6.296750466000049
S2,0.9,2400,275,3.1795722446456427,70.83587715575263,16.58719620795881,0.0004997501249375312,73.54760506857104,3.739599980957918,0.0004997501249375312,1212,1212,0.7639373179999893,0.01,0.01,1200,6.962920186000247
S2,0.9,2400,276,3.178018577797646,59.74493441441314,16.856714401561224,0.0004997501249375312,55.62985849954423,3.7508979347786333,0.0004997501249375312,1404,1248,0.769279084000118,0.01,0.01,1452,5.482424173000254
S2,0.9,2400,277,3.043120725754331,63.769827091482284,16.529803199105416,0.0004997501249375312,65.92799856216298,3.9005610668565747,0.0004997501249375312,1392,1224,0.4937254680003207,0.01,0.01,1236,4.837608692000231
S2,0.9,2400,278,3.0478901697880136,50.261173641613475,16.430573594947703,0.0004997501249375312,49.420405181260705,3.9417851585207866,0.0004997501249375312,1320,1200,0.48656078899966815,0.01,0.01,1260,4.492940151000312
S2,0.9,2400,279,3.0529415969823352,54.179093155465665,16.502420295321734,0.0004997501249375312,56.25411058192901,3.882651274515818,0.0004997501249375312,1272,1200,0.48992561500017473,0.01,0.01,1476,4.826924947999942
S2,0.9,2400,280,3.1519069635147545,54.260713448063846,16.820321583092348,0.0004997501249375312,52.29675124523909,3.841706487752771,0.0004997501249375312,1200,1248,0.4844246170000588,0.01,0.01,1344,6.639737471999979
S2,0.9,2400,281,3.098408139400186,57.22432946888053,16.341609963092836,0.0004997501249375312,54.335612188430275,3.8105508214704935,0.0004997501249375312,1656,1224,0.7671932729999753,0.01,0.01,1260,8.13236763499981
S2,0.9,2400,282,3.2424821610307317,62.2462468542142,16.956209083652354,0.0004997501249375312,57.531501113171,3.82193796147925,0.0004997501249375312,1584,1224,0.4932043139997404,0.01,0.01,1260,5.8523706159999165
S2,0.9,2400,283,3.2324528375331303,56.73500166236986,16.708690791117565,0.0004997501249375312,56.76365583731429,3.8305056744973243,0.0004997501249375312,1248,1236,0.7801053540001703,0.01,0.01,1200,8.146462416999839
S2,0.9,2400,284,3.3666946817495282,61.14835185884291,17.566890454024367,0.0004997501249375312,60.06165764706323,3.703614489160782,0.0004997501249375312,1416,1260,0.49739362199989046,0.01,0.01,1332,4.498635470999943
S2,0.9,2400,285,3.06897054493319,45.23167387404931,16.532923999887355,0.0004997501249375312,45.78580389326286,3.874600400716324,0.0004997501249375312,1344,1200,0.4936366920001092,0.01,0.01,1284,6.334014827000374
S2,0.9,2400,286,3.162384944070491,71.0434468910184,16.73551059162809,0.0004997501249375312,65.87877423728938,3.8500510594251387,0.0004997501249375312,1800,1212,0.4903544899998451,0.01,0.01,1428,4.499056565000046
S2,0.9,2400,287,3.1101096973701483,69.23510740119983,16.544719060364063,0.0004997501249375312,72.38837752904823,3.860432281824421,0.0004997501249375312,1620,1212,0.48418013899981815,0.01,0.01,1488,4.550065536999682
S2,0.9,2400,288,3.084301291276931,60.01058158799871,16.918889133696318,0.0004997501249375312,59.21661051345194,3.8346469816655593,0.0004997501249375312,1356,1224,0.7801117929998327,0.01,0.01,1320,8.076931540999794
S2,0.9,2400,289,3.2361830352899066,64.61838437222646,16.967188476724363,0.0004997501249375312,66.73837916324304,3.8254250630379087,0.0004997501249375312,2100,1236,0.7672133559999565,0.01,0.01,1236,8.021109866000188
S2,0.9,2400,290,3.3577211173065233,68.44811478972008,17.767713436292826,0.0004997501249375312,65.8791101118655,3.7998914278055262,0.0004997501249375312,1416,1212,0.794763501000034,0.01,0.01,1200,4.690459609999834
S2,0.9,2400,291,2.9525389974155916,47.57184897376654,15.802888322971494,0.0004997501249375312,47.70189056060322,3.807483511510892,0.0004997501249375312,1320,1236,0.4884317989999545,0.01,0.01,1356,4.567243315999804
S2,0.9,2400,292,3.1587423054807857,50.46532886521593,16.850083373574847,0.0004997501249375312,51.81854569161253,3.772612154992706,0.0004997501249375312,1200,1212,0.7664654420000261,0.01,0.01,1200,8.028889940999761
S2,0.9,2400,293,3.1409943651978285,54.19385998466504,16.1504504659335,0.0004997501249375312,47.63876272260018,3.7016347787732014,0.0004997501249375312,1692,1212,0.764522844000112,0.01,0.01,1332,8.027709653999864
S2,0.9,2400,294,3.237898351269744,69.8626423426487,16.61765405025714,0.0004997501249375312,67.58033480518814,3.7270530212382074,0.0004997501249375312,1452,1200,0.5070041879998826,0.01,0.01,1200,4.532022611999764
S2,0.9,2400,295,3.111604691062637,53.70672958835119,16.62339981123277,0.0004997501249375312,54.98628584613619,3.915926146869461,0.0004997501249375312,1200,1224,0.49092578399995546,0.01,0.01,1200,4.689642769999864
S2,0.9,2400,296,3.2157114425818776,49.788245413579624,16.903658170648487,0.0004997501249375312,49.45325386253156,3.83894675642529,0.0004997501249375312,1200,1212,0.49004640899966034,0.01,0.01,1164,4.490948358999958
S2,0.9,2400,297,3.1339714390242293,61.27228738543167,16.584979274911557,0.0004997501249375312,60.3800034895456,3.767267203977152,0.0004997501249375312,1656,1200,0.4858219510001618,0.01,0.01,1404,4.553026425999633
S2,0.9,2400,298,3.289498266075677,64.8284020419792,17.32428664090805,0.0004997501249375312,64.79416039655085,3.8097637148487813,0.0004997501249375312,1512,1200,0.7525822079996942,0.01,0.01,1200,4.717233138000211
S2,0.9,2400,299,3.0115395950862727,61.256337536737405,16.28629211706988,0.0004997501249375312,65.5215304799448,3.8347442343346034,0.0004997501249375312,1272,1272,0.4845040769996558,0.01,0.01,1320,6.591952251999828
S2,0.9,2400,300,3.1084175642866843,52.56482220807377,16.389740114380974,0.0004997501249375312,53.70349012227643,3.8779372468318214,0.0004997501249375312,1548,1212,0.4835060639998119,0.01,0.01,1296,4.521615940000174
S2,0.9,2400,301,3.202612271229292,62.52721041480284,17.280734523613617,0.0004997501249375312,65.05835303356525,3.7725295888865857,0.0004997501249375312,1224,1212,0.49178539300010016,0.01,0.01,1224,6.747359130999939
S2,0.9,2400,302,3.2540986815388524,59.01392807835089,17.038147765418177,0.0004997501249375312,57.94678225098376,3.7556528151256243,0.0004997501249375312,1248,1248,0.7513471799998115,0.01,0.01,1248,8.050054026999987
S2,0.9,2400,303,3.001661483721652,55.9164187078098,16.090621504843696,0.0004997501249375312,57.27308152623882,3.908268808084855,0.0004997501249375312,1344,1200,0.7453041030003078,0.01,0.01,1368,8.071515868999995
S2,0.9,2400,304,3.139745444964528,61.4559783436217,16.78223140940437,0.0004997501249375312,61.43636729791814,3.8636204058696952,0.0004997501249375312,1344,1236,0.4870106099997429,0.01,0.01,1140,6.318700461999924
S2,0.9,2400,305,3.172321708578708,60.68288349930175,16.859347534508622,0.0004997501249375312,59.92534611689023,3.8478796669077786,0.0004997501249375312,1320,1212,0.7500957000002018,0.01,0.01,1260,4.5955514370002675
S2,0.9,2400,306,3.2483082073206337,51.84567912873964,17.394933718849177,0.0004997501249375312,52.46489588486252,3.895950702622992,0.0004997501249375312,1236,1236,0.7451920899998186,0.01,0.01,1236,5.472718190000251
S2,0.9,2400,307,3.167390596476942,63.149053778949316,16.719337203583017,0.0004997501249375312,57.0261372112388,3.8139377547002296,0.0004997501249375312,2124,1272,0.5253162069998325,0.01,0.01,1272,6.066584853000222
S2,0.9,2400,308,3.1801927449259155,52.35455012941378,16.948199292176,0.0004997501249375312,53.15851753855398,3.8264421777250783,0.0004997501249375312,1212,1212,0.7463118810001106,0.01,0.01,1212,8.013053519000096
S2,0.9,2400,309,3.0291186809426014,53.648893427392416,16.455501960764632,0.0004997501249375312,53.96038595333128,3.858327739193344,0.0004997501249375312,1416,1236,0.7373290619998443,0.01,0.01,1320,7.99586383299993
S2,0.9,2400,310,3.1409943651976864,57.78619638896565,16.813328960818126,0.0004997501249375312,57.62802121223279,3.8154722559820895,0.0004997501249375312,1320,1236,0.7733174449999751,0.01,0.01,1212,5.061786411999947
S2,0.9,2400,311,3.0207592991093835,55.393496868262034,15.951805380744524,0.0004997501249375312,56.99286850561096,3.8444561658399965,0.0004997501249375312,1260,1212,0.48526128000003155,0.01,0.01,1404,6.493670526000187
S2,0.9,2400,312,3.293638859097133,49.493230123364,17.26213245297507,0.0004997501249375312,48.540720047811746,3.69223376091958,0.0004997501249375312,1224,1224,0.4930563150001035,0.01,0.01,1308,4.510145193999961
S2,0.9,2400,313,3.1756137767183894,66.46109065788244,16.750822502044894,0.0004997501249375312,61.38117215335848,3.947408512574322,0.0004997501249375312,1524,1248,0.491342474999783,0.01,0.01,1488,4.513211928000146
S2,0.9,2400,314,3.208434671262746,63.21904579114444,16.86701727868793,0.0004997501249375312,50.64579577935535,3.8826383553925052,0.0004997501249375312,1548,1200,0.48500108600001113,0.01,0.01,1548,4.495659765000255
S2,0.9,2400,315,2.9879614304042788,60.223169960513665,15.647182973463439,0.0004997501249375312,62.36419189411646,3.8317135125448956,0.0004997501249375312,1404,1248,0.4772083129996645,0.01,0.01,1392,4.651943832000143
S2,0.9,2400,316,3.1868829646159362,61.460306006072315,17.195359155957107,0.0004997501249375312,60.534759796466275,3.855202645000876,0.0004997501249375312,1740,1248,0.7482233560003806,0.01,0.01,1296,5.467954589000328
S2,0.9,2400,317,3.276711997674423,67.36419279822033,17.52250757822388,0.0004997501249375312,65.61142146293008,3.8050940784543736,0.0004997501249375312,1752,1236,0.4951401620000979,0.01,0.01,1656,7.83614640199994
S2,0.9,2400,318,2.993024218197463,40.29947798240829,16.328619938009282,0.0004997501249375312,43.0705750968802,3.781132195989293,0.0004997501249375312,1260,1200,0.7600606219998554,0.01,0.01,1296,8.012566246000006
S2,0.9,2400,319,3.1710115253437463,59.18829796905296,16.842456410671684,0.0004997501249375312,59.41919024794403,3.840049977773957,0.0004997501249375312,1200,1200,0.7425053269998898,0.01,0.01,1332,5.388153858999885
S2,0.9,2400,320,3.0267865621456127,55.891186264480865,16.462070021379468,0.0004997501249375312,54.58417942233815,3.913777246516577,0.0004997501249375312,1188,1188,0.5123026000001119,0.01,0.01,1344,4.500222512999699
S2,0.9,2400,321,3.24419855681272,60.28884748987098,17.43970409303042,0.0004997501249375312,59.30907515111974,3.791588248520465,0.0004997501249375312,1392,1236,0.49032338699998945,0.01,0.01,1296,4.505858984000042
S2,0.9,2400,322,3.2718418621926775,78.23407390271728,17.06587026216053,0.0004997501249375312,71.59374770918748,3.6714959654951405,0.0004997501249375312,1800,1200,0.49815192999994906,0.01,0.01,1824,4.520283736000238
S2,0.9,2400,323,3.28952386784773,55.15706965326475,17.018323875963066,0.0004997501249375312,55.21589223437273,3.758781609955623,0.0004997501249375312,1464,1200,0.4902482140000757,0.01,0.01,1416,6.51849214799995
S2,0.9,2400,324,3.1137896888246934,48.81062620618772,17.002798698333937,0.0004997501249375312,50.558299670415,3.8131675468350466,0.0004997501249375312,1272,1224,0.7556724179999037,0.01,0.01,1236,4.829018333000022
S2,0.9,2400,325,3.176340050072343,63.52739375221881,16.8296940542454,0.0004997501249375312,60.56393475687147,3.79714123988357,0.0004997501249375312,1572,1260,0.48983524799996303,0.01,0.01,1560,6.700445621999734
S2,0.9,2400,326,3.2194657060097804,52.641519715624284,16.84628575574167,0.0004997501249375312,50.7999121076147,3.8360124552966823,0.0004997501249375312,1548,1200,0.5582569330003935,0.01,0.01,1524,8.024092934999771
S2,0.9,2400,327,3.0475237299248885,60.725487857037166,16.412342661008235,0.0004997501249375312,58.730850054556306,3.823664848896004,0.0004997501249375312,1344,1236,0.749022922000222,0.01,0.01,1380,8.124712343999818
S2,0.9,2400,328,3.0323451518134084,69.32815463756648,16.147633211029422,0.0004997501249375312,66.36372659578674,3.7877062340555945,0.0004997501249375312,1548,1200,0.48448327900041477,0.01,0.01,1524,4.7037665650000235
S2,0.9,2400,329,3.2724025048212395,55.623774627018925,17.51106559185647,0.0004997501249375312,54.61694014542732,3.8052371032098007,0.0004997501249375312,1296,1212,0.5076077109997641,0.01,0.01,1296,6.396726785000283
S2,0.9,2400,330,3.169447074658375,61.95887793708278,16.60191387230072,0.0004997501249375312,64.46285033167945,3.783595643713211,0.0004997501249375312,1212,1212,0.7404015699999036,0.01,0.01,1212,8.10657934999972
S2,0.9,2400,331,3.011601877538436,47.485229362682844,16.375864478475112,0.0004997501249375312,50.179637101351915,3.7427328807556104,0.0004997501249375312,1248,1248,0.7450123009998606,0.01,0.01,1248,8.149318839999978
S2,0.9,2400,332,3.059967514539235,51.157151506270345,16.68991223780204,0.0004997501249375312,51.95900799004188,3.8930179444202873,0.0004997501249375312,1356,1200,0.7692118290001417,0.01,0.01,1296,6.913465565000024
S2,0.9,2400,333,3.1605356873149013,49.854582469191044,16.470508433572473,0.0004997501249375312,48.77207966688043,3.8610290631216553,0.0004997501249375312,1212,1212,0.767167359999803,0.01,0.01,1428,5.001027063000038
S2,0.9,2400,334,3.242617842516643,61.065425072908575,17.129742941574115,0.0004997501249375312,58.01626978825045,3.746870189203758,0.0004997501249375312,1344,1260,0.754327927000304,0.01,0.01,1212,8.222068128000046
S2,0.9,2400,335,2.970023340129397,59.69587913416302,15.841100840055255,0.0004997501249375312,61.68463801068416,3.7937663279823837,0.0004997501249375312,1416,1200,0.77096792500015,0.01,0.01,1440,8.164979159000268
S2,0.9,2400,336,3.274602261707437,57.32779778335749,17.2649396293301,0.0004997501249375312,59.11065619643055,3.751736272720921,0.0004997501249375312,1248,1224,0.7167932530001053,0.01,0.01,1296,8.094253386000219
S2,0.9,2400,337,3.275054932168331,52.52513268443306,17.208410617688802,0.0004997501249375312,52.83587493481459,3.8264771282427983,0.0004997501249375312,1212,1212,0.7644123449999825,0.01,0.01,1188,4.499697408999964
S2,0.9,2400,338,3.2096702338412655,54.16411372793691,17.05901520740975,0.0004997501249375312,51.84896415728949,3.827208361974658,0.0004997501249375312,1452,1272,0.7506180459999996,0.01,0.01,1272,8.270644708999953
S2,0.9,2400,339,2.958821509101518,58.41155577457489,16.05672289999231,0.0004997501249375312,59.14532157363251,3.866007081373942,0.0004997501249375312,1392,1200,0.749802828999691,0.01,0.01,1200,8.14302475400018
S2,0.9,2400,340,3.020077568834528,50.33262082516874,16.52326642498852,0.0004997501249375312,52.524614302182854,3.8003222135084185,0.0004997501249375312,1200,1200,0.48847202600018136,0.01,0.01,1224,6.232903878000343
S2,0.9,2400,341,3.06690967810956,57.08790811456551,16.410892395346544,0.0004997501249375312,60.152811112699744,3.878319077176897,0.0004997501249375312,1344,1200,0.7632275530004335,0.01,0.01,1200,6.630678340000031
S2,0.9,2400,342,3.026720058608743,49.44555921709608,16.01896001699458,0.0004997501249375312,49.434542425405944,3.810631367332092,0.0004997501249375312,1560,1200,0.48808982600030504,0.01,0.01,1500,4.523046287999932
S2,0.9,2400,343,3.129698055111367,76.33842732121323,16.55953064824555,0.0004997501249375312,70.02797709508647,3.726252992578044,0.0004997501249375312,1320,1296,0.48570943100003205,0.01,0.01,1320,5.571166811000239
S2,0.9,2400,344,2.9986703966697017,48.781128302682944,16.172136828756397,0.0004997501249375312,48.80692531676198,3.8976128303850746,0.0004997501249375312,1356,1224,0.7500767269998505,0.01,0.01,1332,7.617777181999827
S2,0.9,2400,345,3.103924359588512,65.20027788137983,16.576896943208357,0.0004997501249375312,57.97986822213162,3.899670073279238,0.0004997501249375312,1548,1224,0.48737487200014584,0.01,0.01,1488,4.922929087999819
S2,0.9,2400,346,3.310262109647964,61.67758082449111,17.54887965963761,0.0004997501249375312,57.89717923231999,3.801925574265454,0.0004997501249375312,1332,1224,0.7511077850003858,0.01,0.01,1332,8.057932522000101
S2,0.9,2400,347,3.2586490425491834,77.19015524652195,17.371662384525784,0.0004997501249375312,79.08329513564348,3.792091270920786,0.0004997501249375312,1260,1260,0.7571915810003702,0.01,0.01,1464,5.320139654999821
S2,0.9,2400,348,2.949469904782892,59.53876814709771,16.225975741682998,0.0004997501249375312,62.28341312964519,3.8416626003508387,0.0004997501249375312,1344,1236,0.5045161799998823,0.01,0.01,1368,6.616992229000061
S2,0.9,2400,349,3.0102061250050456,59.69242493637527,16.698157041351784,0.0004997501249375312,61.32647960345105,3.927231920482597,0.0004997501249375312,1248,1236,0.7439089059998878,0.01,0.01,1236,8.058958935999726
S2,0.9,2400,350,3.006390604191856,52.792580763640586,16.20278706705105,0.0004997501249375312,51.868120719143135,3.772814670349169,0.0004997501249375312,1452,1212,0.7544185420001668,0.01,0.01,1500,6.916740845999811
S2,0.9,2400,351,3.3916915952330036,56.153421421589655,17.96879819504649,0.0004997501249375312,54.31626733457121,3.7900291468743905,0.0004997501249375312,1200,1200,0.4931448770003044,0.01,0.01,1332,5.802337807000185
S2,0.9,2400,352,3.1085197795776294,67.45205193843766,16.655496588225212,0.0004997501249375312,69.15727683425291,3.7500453139216368,0.0004997501249375312,1200,1200,0.4855883659997744,0.01,0.01,1260,4.982432784000139
S2,0.9,2400,353,3.0463407482107048,58.04467207828892,16.083340345030294,0.0004997501249375312,59.283933316290224,3.859913542883207,0.0004997501249375312,1248,1248,0.766878861999885,0.01,0.01,1248,8.128380722000202
S2,0.9,2400,354,3.1711854910501587,55.44655590501314,16.66449131125428,0.0004997501249375312,50.464413888199786,3.7502971303327626,0.0004997501249375312,1428,1236,0.5239041310001085,0.01,0.01,1404,6.838831065999784
S2,0.9,2400,355,3.119923642417133,47.199785723601906,16.707983551839135,0.0004997501249375312,48.60149044082972,3.785012210984465,0.0004997501249375312,1200,1200,0.7711031769999863,0.01,0.01,1200,7.084562909999931
S2,0.9,2400,356,3.213309242267487,56.876404578539535,17.06147902935383,0.0004997501249375312,57.47970797150949,3.8271589224950424,0.0004997501249375312,1248,1248,0.7605079940003634,0.01,0.01,1308,6.154731141999946
S2,0.9,2400,357,3.041672808773062,46.45049909209334,16.278486016676936,0.0004997501249375312,47.13884369118926,3.8493727997774796,0.0004997501249375312,1464,1212,0.48644325299983393,0.01,0.01,1452,4.501686279000296
S2,0.9,2400,358,3.0959184691614827,60.648895160241445,15.981665993524066,0.0004997501249375312,52.97355910732066,3.829640464193116,0.0004997501249375312,1476,1224,0.7764564490003067,0.01,0.01,1572,8.113625895000041
S2,0.9,2400,359,3.11790873642836,52.32094092406751,16.43285814094527,0.0004997501249375312,52.09503229529884,3.812570435828385,0.0004997501249375312,1212,1212,0.727449787000296,0.01,0.01,1188,4.508444027000223
S2,0.9,2400,360,3.0037605697824628,51.309473509743924,15.652026609389674,0.0004997501249375312,49.3772732393513,3.8733115145798798,0.0004997501249375312,1464,1260,0.7539050229997883,0.01,0.01,1308,8.051966772000014
S2,0.9,2400,361,3.1861295085585866,51.426912959494516,16.862807436833414,0.0004997501249375312,53.74960511585164,3.720891839512046,0.0004997501249375312,1248,1248,0.7496867710001425,0.01,0.01,1476,8.043815880999773
S2,0.9,2400,362,3.1961929862187626,64.12194538576604,17.53727859593766,0.0004997501249375312,60.61784544981894,3.8491837150504526,0.0004997501249375312,1296,1296,0.5017411799999536,0.01,0.01,1272,6.713005335999696
S2,0.9,2400,363,3.2613218895490887,69.7135389655352,16.85580769578706,0.0004997501249375312,63.57653013210473,3.771108764724022,0.0004997501249375312,1656,1212,0.7438239729999623,0.01,0.01,1284,8.031820395000068
S2,0.9,2400,364,3.167390596475555,65.60696562792376,16.485977060616577,0.0004997501249375312,70.6119191527638,3.8306710008950886,0.0004997501249375312,1200,1200,0.489156605000062,0.01,0.01,1188,4.505766835000031
S2,0.9,2400,365,2.9996759692539334,59.62536502881531,16.110007385895443,0.0004997501249375312,59.31177002678292,3.8021101971807276,0.0004997501249375312,1776,1200,0.5054255430000012,0.01,0.01,1284,4.497290707000047
S2,0.9,2400,366,3.3314476762869067,62.03597498705334,17.322562069497934,0.0004997501249375312,58.81434034808879,3.786597121540021,0.0004997501249375312,1224,1200,0.4954377009999007,0.01,0.01,1200,4.5456941850002295
S2,0.9,2400,367,3.0995885293416583,59.47740148844168,16.611542588024907,0.0004997501249375312,56.42240424100185,3.799811631899661,0.0004997501249375312,2136,1236,0.48571247499967285,0.01,0.01,1212,4.499840229999791
S2,0.9,2400,368,3.209126186841199,50.78802288259276,16.8853349339118,0.0004997501249375312,49.407452421496664,3.776484504672822,0.0004997501249375312,1308,1212,0.7694209900000715,0.01,0.01,1500,8.05840764300001
S2,0.9,2400,369,3.159910835829049,53.41957970178944,16.53965323347007,0.0004997501249375312,55.93685803939263,3.912899200896656,0.0004997501249375312,1344,1212,0.7762794559998838,0.01,0.01,1164,8.0203617760003
S2,0.9,2400,370,3.285947132060809,55.21419779921604,17.001801760469824,0.0004997501249375312,51.69288063515456,3.8128052372803927,0.0004997501249375312,1536,1212,0.7522859810001137,0.01,0.01,1428,8.033327977000226
S2,0.9,2400,371,2.984312884223935,52.8376517436035,16.046777325267684,0.0004997501249375312,43.77521519043513,3.816776821168096,0.0004997501249375312,1584,1200,0.7481448120001915,0.01,0.01,1536,8.030524789000083
S2,0.9,2400,372,3.1694470746590437,65.50528648685767,16.75558682289751,0.0004997501249375312,62.01413345659328,3.804936677147635,0.0004997501249375312,1464,1224,0.4916278529999545,0.01,0.01,1428,4.512061872000231
S2,0.9,2400,373,3.1543520585791924,62.09025578192653,16.596734067164487,0.0004997501249375312,62.55438821505462,3.8544411318974614,0.0004997501249375312,1236,1224,0.4838559320000968,0.01,0.01,1224,4.509524346000035
S2,0.9,2400,374,2.977990054976808,48.295574959503924,16.422425807830432,0.0004997501249375312,49.96415524091503,3.821432404321449,0.0004997501249375312,1284,1284,0.48414623200005735,0.01,0.01,1200,4.489606328000264
S2,0.9,2400,375,2.9918943493938115,58.4938892054991,16.460634204828875,0.0004997501249375312,56.54485080098946,3.859604809337243,0.0004997501249375312,2148,1248,0.47556223499987027,0.01,0.01,1260,5.838731777999783
S2,0.9,2400,376,3.1723243505837395,64.37323151941675,16.507293085922665,0.0004997501249375312,64.67092109175404,3.8136403258830227,0.0004997501249375312,1344,1224,0.767917880999903,0.01,0.01,1224,8.040736114000083
S2,0.9,2400,377,3.1272371924515854,66.69210691795469,16.395335083650444,0.0004997501249375312,64.82051842505507,3.662135034695125,0.0004997501249375312,1416,1248,0.761271692000264,0.01,0.01,1416,7.193038238000099
S2,0.9,2400,378,3.1953738998629215,60.54290541325799,16.698743993980475,0.0004997501249375312,62.56978815663631,3.878695796442167,0.0004997501249375312,1224,1224,0.7573759090000749,0.01,0.01,1416,8.087336168999627
S2,0.9,2400,379,3.253439707611928,50.57994916815289,17.34559377313939,0.0004997501249375312,52.27204649189851,3.7401006347816317,0.0004997501249375312,1200,1200,0.7520135189997745,0.01,0.01,1224,5.747402994999902
S2,0.9,2400,380,2.9702169099269597,47.99402989871917,16.058979311072463,0.0004997501249375312,49.05965024642747,3.8550812008710698,0.0004997501249375312,1380,1200,0.4801518600002055,0.01,0.01,1200,4.51291642499973
S2,0.9,2400,381,3.289411161416945,62.560252972833965,17.443723560565825,0.0004997501249375312,59.840828848421296,3.8554736420670164,0.0004997501249375312,1248,1248,0.4930286039998464,0.01,0.01,1320,4.5727184930001386
S2,0.9,2400,382,3.263100249077461,54.35774969230154,17.104208764736118,0.0004997501249375312,55.53302702574182,3.7633718398746185,0.0004997501249375312,1332,1200,0.7467502149997927,0.01,0.01,1440,8.122347279000223
S2,0.9,2400,383,3.0675027311054692,53.48526467718138,16.692038360044766,0.0004997501249375312,56.32163480494992,3.8161642023609037,0.0004997501249375312,1200,1200,0.5870062030003282,0.01,0.01,1368,4.496495084999879
S2,0.9,2400,384,3.1685338965563004,49.225459151768014,16.807465642764843,0.0004997501249375312,49.508208836495555,3.851524251921802,0.0004997501249375312,1200,1200,0.4937964450000436,0.01,0.01,1200,4.493119595999815
S2,0.9,2400,385,3.1623849440707414,55.99468583997548,16.730900564266115,0.0004997501249375312,56.20523791147798,3.8094921485278403,0.0004997501249375312,1224,1224,0.5141167159999895,0.01,0.01,1356,5.589320776000022
S2,0.9,2400,386,3.182114345196888,62.913411803748915,16.75354678291554,0.0004997501249375312,65.11291240209871,3.807209016674984,0.0004997501249375312,1212,1188,0.5003620520001277,0.01,0.01,1176,4.909813104000023
S2,0.9,2400,387,3.10457357591856,64.3205657182342,16.518346127317162,0.0004997501249375312,59.5106858683425,3.796477585453636,0.0004997501249375312,1836,1200,0.5367453399999249,0.01,0.01,1236,5.161335394000162
S2,0.9,2400,388,3.293983042976684,53.52764682510962,17.429733068653373,0.0004997501249375312,54.95423068902404,3.8066393764916557,0.0004997501249375312,1200,1212,0.49774162699986846,0.01,0.01,1200,4.494466076000208
S2,0.9,2400,389,3.1929608679986945,54.00854074671289,16.961042385261667,0.0004997501249375312,52.38739564399132,3.8816767770848752,0.0004997501249375312,1512,1212,0.4918155899999874,0.01,0.01,1260,6.276570635000098
S2,0.9,2400,390,3.087652073734705,60.055865724267996,16.55457668324583,0.0004997501249375312,64.62368842883441,3.899684340563628,0.0004997501249375312,1380,1212,0.48476689099970827,0.01,0.01,1236,4.492490610999994
S2,0.9,2400,391,3.3363893610157453,61.97561813469576,17.742587542983365,0.0004997501249375312,60.17497565975944,3.722455522092291,0.0004997501249375312,1200,1200,0.4960706750002828,0.01,0.01,1212,6.913576534000185
S2,0.9,2400,392,3.0687008052342906,56.90830072516105,16.341846967957416,0.0004997501249375312,62.24708498569934,3.8592468284908175,0.0004997501249375312,1224,1224,0.513190958999985,0.01,0.01,1236,5.652287378999972
S2,0.9,2400,393,3.108417564285564,55.549693678486655,16.248553882730068,0.0004997501249375312,57.931775168075035,3.813301787744208,0.0004997501249375312,1284,1236,0.48449822999964454,0.01,0.01,1332,4.509968557999855
S2,0.9,2400,394,3.0640053181079745,61.50721755379443,16.164510935336757,0.0004997501249375312,58.886467067164304,3.8610411090289243,0.0004997501249375312,2100,1224,0.7700086449999617,0.01,0.01,1188,5.7507096790000105
S2,0.9,2400,395,3.0952361995577493,49.095874786245744,16.53018455022953,0.0004997501249375312,50.47855974860166,3.915391824920905,0.0004997501249375312,1212,1212,0.7482871540000815,0.01,0.01,1212,6.435169717999997
S2,0.9,2400,396,3.132984691879514,47.68224679373523,16.53351979462862,0.0004997501249375312,50.686628959374495,3.8430885470616913,0.0004997501249375312,1284,1200,0.48902851299999384,0.01,0.01,1356,7.4378089020001426
S2,0.9,2400,397,3.266018964251846,56.971657028859546,16.918038994118547,0.0004997501249375312,58.66783918661926,3.7626374715918613,0.0004997501249375312,1236,1236,0.7571630090001236,0.01,0.01,1284,8.144465985999886
S2,0.9,2400,398,3.1942506771499644,68.84575856825812,17.33324862429476,0.0004997501249375312,70.55226587362768,3.771287233372886,0.0004997501249375312,1200,1200,0.7571101579997048,0.01,0.01,1272,8.124013889999787
S2,0.9,2400,399,3.1739715066704246,58.427767902924096,16.57784487820507,0.0004997501249375312,58.81199149475532,3.802726433633371,0.0004997501249375312,1392,1212,0.7731301099997836,0.01,0.01,1236,8.128789768999923
S2,0.9,2400,400,3.086066574190163,56.13785484237707,16.108335120643325,0.0004997501249375312,53.92449338851232,3.826016559807634,0.0004997501249375312,1356,1212,0.48855553400017016,0.01,0.01,1356,4.502147586999854
S2,0.9,2400,401,2.962992461889809,55.11437521258467,15.862460305064221,0.0004997501249375312,58.69892834835677,3.853558048358523,0.0004997501249375312,1248,1200,0.4801640240002598,0.01,0.01,1260,4.947528397000042
S2,0.9,2400,402,3.071426354576833,55.23189448678423,16.64165208692384,0.0004997501249375312,54.53037986326507,3.8915543159408412,0.0004997501249375312,1200,1200,0.48456394699996963,0.01,0.01,1164,4.545609302999765
S2,0.9,2400,403,3.1634463343646573,58.89031999929258,16.982058892372706,0.0004997501249375312,58.149346667801986,3.9254368537390585,0.0004997501249375312,1248,1236,0.4838592280002558,0.01,0.01,1284,4.520670911999787
S2,0.9,2400,404,3.1982002690995834,61.597441432609756,17.08134715786726,0.0004997501249375312,64.78379320935574,3.8375979836678717,0.0004997501249375312,1212,1212,0.7696956869999667,0.01,0.01,1200,8.135951810000279
S2,0.9,2400,405,3.1066392637185527,58.8511527921076,16.18574448063045,0.0004997501249375312,53.5995083902507,3.918901421238983,0.0004997501249375312,1548,1260,0.7672798349999539,0.01,0.01,1320,8.141450045000056
S2,0.9,2400,406,3.0477522544663618,58.47341035398728,16.266261600627434,0.0004997501249375312,58.156508044642024,3.87351912929852,0.0004997501249375312,1524,1200,0.747815361999983,0.01,0.01,1284,8.137882659000297
S2,0.9,2400,407,2.871842579015716,56.24393290140581,15.581133212411377,0.0004997501249375312,61.125431253759636,3.8522590578643956,0.0004997501249375312,1200,1200,0.729137690999778,0.01,0.01,1224,7.826143352000145
S2,0.9,2400,408,3.088089354226206,66.27888612191515,16.696810174312464,0.0004997501249375312,64.53190968478052,3.833446654995423,0.0004997501249375312,1548,1236,0.7624737920000371,0.01,0.01,1284,8.031541871000172
S2,0.9,2400,409,3.150048943486162,61.188234031790536,16.668318947969617,0.0004997501249375312,64.09446383557564,3.8314053856315633,0.0004997501249375312,1236,1212,0.765269611000349,0.01,0.01,1212,6.7479337230001875
S2,0.9,2400,410,3.126045395629821,57.59049519538712,16.805565508337367,0.0004997501249375312,54.358457433147834,3.867230252415265,0.0004997501249375312,1416,1272,0.4822269960000085,0.01,0.01,1308,4.515750324000237
S2,0.9,2400,411,3.0904850380511273,67.17242223919936,16.56354669566967,0.0004997501249375312,69.45436860160532,3.829683910448577,0.0004997501249375312,1380,1200,0.7632454829999915,0.01,0.01,1404,4.599513838999883
S2,0.9,2400,412,3.0105476587739166,48.47529397334309,16.804935520745712,0.0004997501249375312,51.18855860990701,3.8689956379634203,0.0004997501249375312,1200,1200,0.758596389000104,0.01,0.01,1272,8.142810240000017
S2,0.9,2400,413,3.097740578856714,68.9122395101825,16.12684184253102,0.0004997501249375312,70.08487906502401,3.85186026023623,0.0004997501249375312,1272,1212,0.8213938349999808,0.01,0.01,1428,8.124243019000005
S2,0.9,2400,414,3.2287249583437263,66.67788990014917,17.016985352851712,0.0004997501249375312,66.48640188605634,3.7724586935933915,0.0004997501249375312,1536,1236,0.6967606459998024,0.01,0.01,1284,5.882031074999759
S2,0.9,2400,415,3.1526134906599697,65.92887675650013,16.504381591337665,0.0004997501249375312,61.07112648377706,3.8139033421760473,0.0004997501249375312,1404,1248,0.4916588189998947,0.01,0.01,1404,6.512074031999873
S2,0.9,2400,416,3.155136814798882,51.573863375764134,16.461958991369315,0.0004997501249375312,50.22003400097736,3.811565957536583,0.0004997501249375312,1272,1236,0.5627078440002151,0.01,0.01,1236,5.428828283000257
S2,0.9,2400,417,3.1141463793377078,57.72868464218277,16.35267365337836,0.0004997501249375312,61.86604039388974,3.846018046824956,0.0004997501249375312,1200,1200,0.4861773440002253,0.01,0.01,1236,4.926856120000139
S2,0.9,2400,418,3.1685338965577152,65.35540814207032,16.770647282445648,0.0004997501249375312,65.55100919986573,3.8336515331373495,0.0004997501249375312,1452,1212,0.8041470570001366,0.01,0.01,1272,7.526059726999847
S2,0.9,2400,419,3.29170098982031,73.13392988647107,17.28499116945178,0.0004997501249375312,68.87181105159695,3.793559911247362,0.0004997501249375312,1584,1200,0.49204935900024793,0.01,0.01,1476,4.510376532999999
S2,0.9,2400,420,3.0621112281402603,64.11814247536694,16.2362878077247,0.0004997501249375312,64.46815086920728,3.8629281080761295,0.0004997501249375312,1548,1236,0.7640446620002876,0.01,0.01,1248,5.721279072000016
S2,0.9,2400,421,3.2711456136194856,64.50473610362353,17.513472618864554,0.0004997501249375312,63.879802181176714,3.7883085774996776,0.0004997501249375312,1344,1212,0.4955997299998671,0.01,0.01,1344,7.152597650000189
S2,0.9,2400,422,3.1163469316853027,55.59467620010236,16.91578775146329,0.0004997501249375312,57.80484954853012,3.888403825708315,0.0004997501249375312,1440,1212,0.4858085160003611,0.01,0.01,1236,5.204138805999719
S2,0.9,2400,423,3.1677405916430037,54.47912572975819,16.72452785317706,0.0004997501249375312,55.20913638071417,3.8078676547174553,0.0004997501249375312,1248,1200,0.5536679780002487,0.01,0.01,1248,4.625384133999887
S2,0.9,2400,424,3.2730770986450266,67.84650590358706,16.95032252775015,0.0004997501249375312,69.59583379052734,3.8493868763488184,0.0004997501249375312,1200,1200,0.4974197520000416,0.01,0.01,1236,5.216308418999688
S2,0.9,2400,425,3.302651179974738,61.429939586284945,17.42250309999808,0.0004997501249375312,59.194684228866045,3.781665580337461,0.0004997501249375312,1620,1200,0.7562307240000337,0.01,0.01,1236,8.025280348999786
S2,0.9,2400,426,3.1832544361076183,57.77095650118675,16.85290136951155,0.0004997501249375312,57.08520503958921,3.714966728501356,0.0004997501249375312,1284,1200,0.5841832659998545,0.01,0.01,1284,7.062175832999856
S2,0.9,2400,427,3.2048784030611386,63.74304378785585,16.872597315279915,0.0004997501249375312,60.03460282381877,3.8518359397203628,0.0004997501249375312,1416,1236,0.7658828489998086,0.01,0.01,1416,6.919814066000072
S2,0.9,2400,428,3.157737439945045,66.60816131025308,16.654392057392766,0.0004997501249375312,61.04948618883822,3.887439278880837,0.0004997501249375312,1488,1212,0.7499928550000732,0.01,0.01,1476,8.010698003000016
S2,0.9,2400,429,3.139482753581126,61.19124837319241,16.98155703018215,0.0004997501249375312,61.138147331751,3.7981540379619454,0.0004997501249375312,1200,1200,0.7750176590002411,0.01,0.01,1200,8.004754974000207
S2,0.9,2400,430,3.2294987571414158,61.73269323118466,16.86809864785178,0.0004997501249375312,61.43694403201512,3.825276895174183,0.0004997501249375312,1236,1212,0.49961049200010166,0.01,0.01,1236,4.664746259999902
S2,0.9,2400,431,3.020077568838769,49.45965077196894,16.502570051423465,0.0004997501249375312,48.463419649599246,3.9124636012640996,0.0004997501249375312,1248,1248,0.5551466920001076,0.01,0.01,1248,8.128341317999912
S2,0.9,2400,432,3.1874890735006525,61.142709195418725,16.886813975570814,0.0004997501249375312,62.10336383320071,3.755631411478065,0.0004997501249375312,1212,1212,0.7528135019997535,0.01,0.01,1200,6.546338913
S2,0.9,2400,433,3.1013473334159443,56.15249292624967,16.582644380020902,0.0004997501249375312,56.11786822459063,3.8460482864250225,0.0004997501249375312,1284,1236,0.4840587329999835,0.01,0.01,1212,5.810737381000308
S2,0.9,2400,434,3.103132441885036,57.82869287390117,16.865992810934294,0.0004997501249375312,58.42388712888246,3.776118183206271,0.0004997501249375312,1284,1200,0.7966413529998135,0.01,0.01,1392,8.141429280000011
S2,0.9,2400,435,3.0729496478776808,55.30587787344867,16.149544739181202,0.0004997501249375312,56.66572930822246,3.8924800759319496,0.0004997501249375312,1200,1224,0.839865913000267,0.01,0.01,1224,8.260801094999806
S2,0.9,2400,436,3.1145215734131084,54.17915015823981,16.5632409170488,0.0004997501249375312,55.99980624223312,3.8252268846243274,0.0004997501249375312,1500,1188,0.8632613069999024,0.01,0.01,1200,8.247665837000113
S2,0.9,2400,437,3.1011827152303337,56.77892752651289,16.61427954612282,0.0004997501249375312,55.96545223751399,3.8300135304350214,0.0004997501249375312,1284,1248,0.8132111919999261,0.01,0.01,1296,8.250258833999851
S2,0.9,2400,438,3.0832339805864937,67.3679874928297,16.223416541108435,0.0004997501249375312,62.82067812447434,3.85374921914825,0.0004997501249375312,1404,1224,0.7708029529999294,0.01,0.01,1392,5.286752151999735
S2,0.9,2400,439,3.272386242625079,56.55551160138046,17.10702326211974,0.0004997501249375312,58.030464964504354,3.828595191305175,0.0004997501249375312,1200,1200,0.49236681299998963,0.01,0.01,1224,4.518347144000018
S2,0.9,2400,440,3.1383359100726738,59.53352489869934,16.530872044942424,0.0004997501249375312,60.136797065770004,3.853018076993838,0.0004997501249375312,1476,1212,0.7798200369998085,0.01,0.01,1212,8.271345742999983
S2,0.9,2400,441,3.2559215036371416,59.00596029842161,17.070125414821046,0.0004997501249375312,56.98269867651823,3.8818575301637077,0.0004997501249375312,1296,1224,0.7580979829999706,0.01,0.01,1200,8.159879609999734
S2,0.9,2400,442,3.294497735708157,63.74094281346442,17.823190177369888,0.0004997501249375312,60.830952504585554,3.828719553854365,0.0004997501249375312,1764,1212,0.806850071000099,0.01,0.01,1272,8.268014604999735
S2,0.9,2400,443,3.147687039885289,56.61964398733552,16.75291192399998,0.0004997501249375312,56.33004924340816,3.882692126474107,0.0004997501249375312,1308,1200,0.5227283519998309,0.01,0.01,1332,7.754038851999667
S2,0.9,2400,444,3.0643365961168545,51.812398525916336,16.308181679072216,0.0004997501249375312,51.533244252171684,3.7788401066084054,0.0004997501249375312,1344,1272,0.48723065000012866,0.01,0.01,1356,4.510826020999957
S2,0.9,2400,445,3.172324350584765,64.11674918305594,16.598461092065936,0.0004997501249375312,64.44424931976855,3.7672948309720744,0.0004997501249375312,1380,1224,0.48798320200012313,0.01,0.01,1332,5.511242897000102
S2,0.9,2400,446,3.1135551079566746,60.540633217106794,16.477147408814915,0.0004997501249375312,60.03694452640123,3.809776994752852,0.0004997501249375312,1272,1200,0.7769484919999741,0.01,0.01,1356,8.03573124400009
S2,0.9,2400,447,3.0776568351209903,52.85716959900749,16.344404793735706,0.0004997501249375312,56.8702775368408,3.794090947402671,0.0004997501249375312,1224,1224,0.7820337759999347,0.01,0.01,1284,8.037824668999747
S2,0.9,2400,448,3.1361027698339665,49.549199228780154,16.405895490386555,0.0004997501249375312,49.663958764662816,3.8529709556402656,0.0004997501249375312,1392,1200,0.770949591000317,0.01,0.01,1308,6.770681960000275
S2,0.9,2400,449,3.0643365961186375,56.59402262141809,16.51018478644011,0.0004997501249375312,56.65807984009244,3.8547322079879884,0.0004997501249375312,1272,1236,0.4838203170002089,0.01,0.01,1272,4.512639076000141
S2,0.9,2400,450,3.145293636087206,54.77035834390022,16.638752771051255,0.0004997501249375312,56.12814365032905,3.8704975574397884,0.0004997501249375312,1212,1200,0.7865627989999666,0.01,0.01,1200,8.08703945599973
S2,0.9,2400,451,3.201819719445209,62.61775239029626,16.83152377968228,0.0004997501249375312,62.675414438258954,3.8102244225114483,0.0004997501249375312,1284,1248,0.7559203760001765,0.01,0.01,1236,8.038399686000048
S2,0.9,2400,452,2.941657930283598,58.88643029634799,16.051528898529163,0.0004997501249375312,59.66670678402827,3.793346336540031,0.0004997501249375312,1320,1224,0.7476051970002118,0.01,0.01,1296,6.760171823999826
S2,0.9,2400,453,3.1266023441932096,73.02322678478707,16.63693071469823,0.0004997501249375312,67.17760638921267,3.8397752612678344,0.0004997501249375312,2004,1260,0.48394724099989617,0.01,0.01,1368,5.4517156430001705
S2,0.9,2400,454,3.038120764779392,45.787747894872005,16.53044264621871,0.0004997501249375312,46.16535439498559,3.805567524679423,0.0004997501249375312,1296,1236,0.7744633859997521,0.01,0.01,1320,8.040040247999968
S2,0.9,2400,455,3.0766438057570795,66.30373856094137,16.37534733059884,0.0004997501249375312,66.82499508094924,3.7753110517349993,0.0004997501249375312,1560,1224,0.7717640860000756,0.01,0.01,1380,8.017439192000438
S2,0.9,2400,456,3.08718726925524,61.38588200402518,16.268308871729445,0.0004997501249375312,61.15198699940028,3.7305656721682516,0.0004997501249375312,1368,1224,0.4880763549999756,0.01,0.01,1380,5.731620300000031
S2,0.9,2400,457,3.0108069671423854,50.02796965438133,16.342865524657185,0.0004997501249375312,48.91216589500493,3.872100989135284,0.0004997501249375312,1812,1200,0.7548794590002217,0.01,0.01,1212,5.137696713999958
S2,0.9,2400,458,3.2366218560300264,77.04687889972683,17.421386634192697,0.0004997501249375312,75.25325112231026,3.739803637814412,0.0004997501249375312,1716,1200,0.7650159529998746,0.01,0.01,1284,8.05018601599977
S2,0.9,2400,459,3.251899927902655,59.725064756210166,16.62220820632034,0.0004997501249375312,60.605283275203945,3.812268330475996,0.0004997501249375312,1224,1224,0.7660652470003697,0.01,0.01,1200,8.070725233000303
S2,0.9,2400,460,3.031844776571737,67.87485371384538,16.42799233399544,0.0004997501249375312,71.27648159809272,3.851963020641511,0.0004997501249375312,1548,1212,0.7465032599998267,0.01,0.01,1560,8.044651885999883
S2,0.9,2400,461,3.1843591836126617,57.77400695159512,16.604064273799715,0.0004997501249375312,57.43510209526564,3.806806232970952,0.0004997501249375312,1356,1200,0.7586727329999121,0.01,0.01,1536,8.039725140999963
S2,0.9,2400,462,3.124311750195,55.290483902532316,16.77539531276383,0.0004997501249375312,54.815180418784244,3.9161563220807767,0.0004997501249375312,1248,1248,0.48406545900024867,0.01,0.01,1332,4.528735060000145
S2,0.9,2400,463,2.9549677636951435,60.38269620427013,15.68620373453598,0.0004997501249375312,65.9664188619804,3.8415434773521757,0.0004997501249375312,1344,1200,0.476966788000027,0.01,0.01,1200,4.517862010000044
S2,0.9,2400,464,2.998221243104913,60.407622032777326,15.921171525663743,0.0004997501249375312,61.8529994490773,3.803903239566391,0.0004997501249375312,1356,1200,0.7642415820000679,0.01,0.01,1296,8.044783863999783
S2,0.9,2400,465,3.2401361421760226,55.782881317156225,16.848531063331425,0.0004997501249375312,53.50942484850832,3.753083776899949,0.0004997501249375312,1344,1272,0.7840154870000333,0.01,0.01,1332,8.013233274999948
S2,0.9,2400,466,3.1088832285060657,69.73432932871944,16.95848865568288,0.0004997501249375312,70.74902900751934,3.809936746279792,0.0004997501249375312,1284,1200,0.7945004180000979,0.01,0.01,1284,8.085737008999786
S2,0.9,2400,467,3.2525161817935,43.435646409183626,17.38116584469894,0.0004997501249375312,43.26018877402208,3.909742868103148,0.0004997501249375312,1200,1200,0.6938887850001265,0.01,0.01,1272,4.503890709999723
S2,0.9,2400,468,3.114146379336466,57.132650062340254,16.54165055644294,0.0004997501249375312,56.23643699812391,3.7993359475995327,0.0004997501249375312,1380,1200,0.7583107350001228,0.01,0.01,1392,8.022055283999634
S2,0.9,2400,469,3.275947143316287,64.6427090036527,17.28080922126488,0.0004997501249375312,64.04709825010826,3.8074687965384837,0.0004997501249375312,1212,1212,0.5358945210000456,0.01,0.01,1164,4.497232590999829
S2,0.9,2400,470,3.123503801509047,52.009407371391084,16.46765736577318,0.0004997501249375312,53.12430656591948,3.8492505902657843,0.0004997501249375312,1248,1224,0.48536127899978965,0.01,0.01,1212,4.5075541419996625
S2,0.9,2400,471,3.1145245560193913,56.781297209589965,16.492931883589737,0.0004997501249375312,53.957997699271345,3.798292236307472,0.0004997501249375312,1632,1236,0.4831692849998035,0.01,0.01,1296,4.485430886999893
S2,0.9,2400,472,3.1177705610683324,54.05036307428241,16.401008214554427,0.0004997501249375312,55.2244389084271,3.780563070499954,0.0004997501249375312,1272,1224,0.7780578130000322,0.01,0.01,1284,8.015770529999827
S2,0.9,2400,473,3.095384116769177,44.85968113768036,16.538685592550937,0.0004997501249375312,45.279589278654235,3.8123058315767255,0.0004997501249375312,1416,1200,0.7853022740000597,0.01,0.01,1260,8.016886247999992
S2,0.9,2400,474,3.2241959749614564,63.412610659369314,17.18013145598648,0.0004997501249375312,61.93499290668781,3.824872478186045,0.0004997501249375312,1284,1212,0.49202600799981155,0.01,0.01,1308,4.507988707000095
S2,0.9,2400,475,3.074984336901086,46.31205089877124,16.22489016140398,0.0004997501249375312,49.56549117684001,3.794457599225525,0.0004997501249375312,1200,1200,0.485736106999866,0.01,0.01,1200,4.515409863999594
S2,0.9,2400,476,3.046009960822544,63.32412345995409,16.477213204518474,0.0004997501249375312,63.50200737972367,3.977707562870135,0.0004997501249375312,1392,1272,0.5017921479998222,0.01,0.01,1428,6.088430267000149
S2,0.9,2400,477,3.037348369261722,52.49523852655476,16.228402808382356,0.0004997501249375312,48.482243465106784,3.8543441755175767,0.0004997501249375312,1392,1260,0.7525417070000913,0.01,0.01,1404,5.9907334449999325
S2,0.9,2400,478,3.302557495561692,75.29522258271193,17.401398842248057,0.0004997501249375312,72.71975815470502,3.785160137859408,0.0004997501249375312,1200,1200,0.4937068790000012,0.01,0.01,1200,4.4981216440000935
S2,0.9,2400,479,3.164952800828944,69.44201275170579,17.143792239397406,0.0004997501249375312,71.91555007146572,3.8356562498706768,0.0004997501249375312,1608,1188,0.4967868980002095,0.01,0.01,1404,6.250319565999689
S2,0.9,2400,480,3.2148432065754284,54.876112562112496,17.132965455332098,0.0004997501249375312,43.289585386623564,3.8542625232042376,0.0004997501249375312,1692,1224,0.7627478750000591,0.01,0.01,1548,8.09716963100027
S2,0.9,2400,481,3.18963763635265,52.30851895954096,16.65495474327489,0.0004997501249375312,54.615432736000464,3.7874058225905043,0.0004997501249375312,1200,1212,0.7470401639998272,0.01,0.01,1200,8.1288992220002
S2,0.9,2400,482,3.086566510838454,47.867478015696136,16.30925321087536,0.0004997501249375312,50.03099603133481,3.831571199864882,0.0004997501249375312,1476,1200,0.4845223160000387,0.01,0.01,1464,4.9637756990000526
S2,0.9,2400,483,3.287846767609138,51.61189516511335,17.177852211547286,0.0004997501249375312,50.99113828804937,3.851548101031437,0.0004997501249375312,1200,1200,0.49036145199988823,0.01,0.01,1356,4.520949099000063
S2,0.9,2400,484,3.0743018847949406,62.5419651974265,16.12803891727803,0.0004997501249375312,63.463442226354886,3.854334180892204,0.0004997501249375312,1440,1236,0.4913939719999689,0.01,0.01,1236,4.497151675999703
S2,0.9,2400,485,3.1066616385189416,56.10343640638007,16.152092469482966,0.0004997501249375312,58.753642043208565,3.8623320449061005,0.0004997501249375312,1200,1200,0.5065975210000033,0.01,0.01,1260,4.52122579700017
S2,0.9,2400,486,3.219618612209656,70.74378663322992,16.604721260894376,0.0004997501249375312,64.2510415033418,3.7622054154810343,0.0004997501249375312,1824,1272,0.7625126420002744,0.01,0.01,1320,8.13211548199979
S2,0.9,2400,487,3.3402373098681593,50.86131515492456,17.17785583533371,0.0004997501249375312,48.00612398483681,3.751415640834818,0.0004997501249375312,1440,1212,0.7803861549996327,0.01,0.01,1224,8.136276148999968
S2,0.9,2400,488,3.1603893483141285,55.20136030438643,16.928291385623048,0.0004997501249375312,49.23598270406464,3.74638710827399,0.0004997501249375312,1368,1200,0.7667520089999016,0.01,0.01,1284,8.128948559999571
S2,0.9,2400,489,3.1292564046046283,61.837242947124864,16.362775467998553,0.0004997501249375312,61.96832261227921,3.845016265026389,0.0004997501249375312,1380,1224,0.7731730609998522,0.01,0.01,1392,8.138868743999865
S2,0.9,2400,490,3.2820724217431034,56.971620723256,17.074740945461652,0.0004997501249375312,53.77700372004314,3.791886407740808,0.0004997501249375312,1464,1200,0.490816119000101,0.01,0.01,1404,4.51840692199994
S2,0.9,2400,491,3.0419866017825914,53.283922759075104,16.720548457402202,0.0004997501249375312,54.18006719338543,3.871689045353902,0.0004997501249375312,1260,1224,0.5210401360000105,0.01,0.01,1248,5.230974334000166
S2,0.9,2400,492,3.1569671597097844,57.90438610347069,16.64505624795531,0.0004997501249375312,59.82534725081367,3.7891620549634832,0.0004997501249375312,1260,1224,0.48375962099999015,0.01,0.01,1248,4.754161945000305
S2,0.9,2400,493,3.253846938356751,67.10963825253913,16.901687429341266,0.0004997501249375312,62.711092866688396,3.785200087118921,0.0004997501249375312,1440,1236,0.5618375640001432,0.01,0.01,1428,4.978517546000148
S2,0.9,2400,494,2.9344752185233896,46.96814824755448,15.763994914097795,0.0004997501249375312,47.24814965362123,3.8018332597638236,0.0004997501249375312,1356,1224,0.750948315000187,0.01,0.01,1200,8.144736891999855
S2,0.9,2400,495,3.090754983198082,58.84629192357629,16.27462455644569,0.0004997501249375312,59.580682056796135,3.788722658524919,0.0004997501249375312,1224,1224,0.7748423890002414,0.01,0.01,1200,8.101829930999884
S2,0.9,2400,496,3.1050203455659737,53.30965624752946,16.74694986981346,0.0004997501249375312,54.79867037026573,3.912983658585148,0.0004997501249375312,1248,1200,0.48621933499998704,0.01,0.01,1224,4.5977484720001485
S2,0.9,2400,497,3.070479745888226,69.69200256279629,16.209825309546858,0.0004997501249375312,71.45921227966026,3.819563290307398,0.0004997501249375312,1596,1236,0.49129433699999936,0.01,0.01,1416,4.620359314000325
S2,0.9,2400,498,3.1216370864123113,53.65974361033138,16.69464520195097,0.0004997501249375312,56.75627019829895,3.844147653636194,0.0004997501249375312,1212,1212,0.48882881700001235,0.01,0.01,1200,4.602174578999893
S2,0.9,2400,499,3.115491098808527,53.32110288374229,16.50537581198839,0.0004997501249375312,54.255818011731606,3.7660131529054213,0.0004997501249375312,1380,1224,0.4975927010000305,0.01,0.01,1356,4.708579868000015
S2,0.9,9600,0,3.043626909495127,216.6928485108913,16.203229256944088,0.0004997501249375312,231.11451846752652,3.8791512769430674,0.0004997501249375312,5136,4800,0.7547441420001633,,,,
S2,0.9,9600,1,3.1045234117491844,221.6511593240415,16.660677830125163,0.0004997501249375312,232.92906871361242,3.882075427011572,0.0004997501249375312,4944,4800,0.7760042390000308,,,,
S2,0.9,9600,2,3.0856851813609514,227.86790319975805,16.299563856546744,0.0004997501249375312,235.11833667437637,3.8340392086640316,0.0004997501249375312,5328,4800,0.7710044030000063,,,,
S2,0.9,9600,3,3.1695916620208133,249.03911658341462,16.873776499591248,0.0004997501249375312,253.41876066642453,3.8371825503541994,0.0004997501249375312,4944,4800,0.7728586070002166,,,,
S2,0.9,9600,4,3.0505714250329947,192.11743716916007,16.062107176806393,0.0004997501249375312,193.30543764538047,3.793155479361863,0.0004997501249375312,4896,4800,0.7477181929998551,,,,
S2,0.9,9600,5,3.0606575717937314,214.82595249181094,16.514757617381306,0.0004997501249375312,215.99503366769065,3.8993338520413756,0.0004997501249375312,5904,4848,0.7662333410003157,,,,
S2,0.9,9600,6,3.162457818096458,232.35833898157566,16.82421811467602,0.0004997501249375312,246.08344335908197,3.8589060282623797,0.0004997501249375312,4944,4944,0.7711576689998765,,,,
S2,0.9,9600,7,3.1010918200251223,230.57495974162543,16.681379959891647,0.0004997501249375312,235.70939431015387,3.831815735925345,0.0004997501249375312,5136,4800,0.7840088959997047,,,,
S2,0.9,9600,8,3.1664233860463824,221.14705085418666,16.825550474742414,0.0004997501249375312,229.89946853688744,3.8508981011332626,0.0004997501249375312,5808,4896,0.7515822589998606,,,,
S2,0.9,9600,9,3.1222047034565836,213.4034904661347,16.748109912980528,0.0004997501249375312,223.69434723363483,3.7736387187492255,0.0004997501249375312,5040,4800,0.8060505790003845,,,,
S2,0.9,9600,10,3.110714857757149,202.91708908888626,16.206569402694097,0.0004997501249375312,211.30034203413564,3.830952660285856,0.0004997501249375312,4848,4800,0.7916159999999763,,,,
S2,0.9,9600,11,2.9383083063530155,228.6723178552326,15.622498830142595,0.0004997501249375312,240.251597101147,3.8556539720057024,0.0004997501249375312,5520,4800,0.7684024729996963,,,,
S2,0.9,9600,12,3.1047558263931725,214.31985097492344,16.181787118161026,0.0004997501249375312,220.83923783095148,3.832099056541574,0.0004997501249375312,5088,5040,0.7813377679999576,,,,
S2,0.9,9600,13,3.0917237343451367,219.35624888661516,16.824073864961086,0.0004997501249375312,234.88203589862792,3.8706505828791697,0.0004997501249375312,4896,4896,0.7964825860003657,,,,
S2,0.9,9600,14,3.275811366143486,225.05816557478443,16.93474331354145,0.0004997501249375312,222.87953484531147,3.7606804106247003,0.0004997501249375312,4848,4896,0.7697417079998559,,,,
S2,0.9,9600,15,3.1089235171020824,223.96474095211778,16.59932053172695,0.0004997501249375312,230.18332817439315,3.869308440436735,0.0004997501249375312,5376,4896,0.7951729960000193,,,,
S2,0.9,9600,16,3.0520179413866444,211.06792167545302,16.17259912798594,0.0004997501249375312,216.68730286220458,3.83540560653527,0.0004997501249375312,5136,4944,0.7951871129998835,,,,
S2,0.9,9600,17,3.299184928127219,262.15243218897615,17.52736766994208,0.0004997501249375312,268.81263988023585,3.866938362642108,0.0004997501249375312,5328,4896,0.7390337540000473,,,,
S2,0.9,9600,18,3.125472799997692,237.43013946301664,16.698623951921967,0.0004997501249375312,250.50843775756525,3.7897298571787585,0.0004997501249375312,4848,4848,0.7991522110000915,,,,
S2,0.9,9600,19,3.2533673886878827,231.70114099649695,16.853726780841935,0.0004997501249375312,235.6327371853484,3.7372529014968663,0.0004997501249375312,4800,4848,0.7699128819999714,,,,
S2,0.9,9600,20,3.109039184210049,229.92273917660356,16.4295997217252,0.0004997501249375312,245.3032810290412,3.7909365177834555,0.0004997501249375312,5040,4800,0.49759913199977746,,,,
S2,0.9,9600,21,3.2499010728293136,224.24454286195257,16.898668256092026,0.0004997501249375312,221.5484420288374,3.880908401193768,0.0004997501249375312,4800,4800,0.5031895619999887,,,,
S2,0.9,9600,22,3.190058509669622,237.75975656423824,16.954887697868614,0.0004997501249375312,253.36376856553917,3.834020329121551,0.0004997501249375312,4800,4800,0.7544011710001541,,,,
S2,0.9,9600,23,3.2553674465318485,250.60283381000522,17.28238903286615,0.0004997501249375312,254.77418680801696,3.8097053452745104,0.0004997501249375312,4944,4800,0.7603321340002367,,,,
S2,0.9,9600,24,3.0992429415983915,210.84882853412313,16.84081747299071,0.0004997501249375312,222.2883375586963,3.8540473348933046,0.0004997501249375312,5184,4848,0.49296429100013484,,,,
S2,0.9,9600,25,3.084538984759506,223.1667202607946,16.47566400421741,0.0004997501249375312,236.22231871332977,3.812526260528276,0.0004997501249375312,4944,4800,0.5058404139999766,,,,
S2,0.9,9600,26,3.283129682591809,228.36111456476218,17.45356189286238,0.0004997501249375312,244.9330816874026,3.704132884907504,0.0004997501249375312,4896,4848,0.7728062809997027,,,,
S2,0.9,9600,27,3.1210683659494154,237.15967177321744,16.56097605804583,0.0004997501249375312,249.60450673944857,3.883286329154467,0.0004997501249375312,4800,4800,0.8105372180002632,,,,
S2,0.9,9600,28,3.1304065006894226,224.1195902974482,16.668427039600196,0.0004997501249375312,237.41852571220423,3.8725344302667946,0.0004997501249375312,4800,4848,0.5062715599997318,,,,
S2,0.9,9600,29,3.184881116596194,227.11737950399794,16.635411522567665,0.0004997501249375312,241.445440360116,3.861895130694247,0.0004997501249375312,4944,4896,0.527545834999728,,,,
S2,0.9,9600,30,2.9946115264271245,204.83772064523222,15.871013329119357,0.0004997501249375312,213.8275587151377,3.875529465932623,0.0004997501249375312,4800,4800,0.5207861839999168,,,,
S2,0.9,9600,31,3.0891773642890277,209.086898228734,15.937115807884878,0.0004997501249375312,216.34967858911568,3.800584632456973,0.0004997501249375312,4848,4848,0.5154680910000025,,,,
S2,0.9,9600,32,3.070827614966024,210.85245217413507,16.536672457021783,0.0004997501249375312,226.04760688857056,3.9103867432317143,0.0004997501249375312,5184,4848,0.815720378000151,,,,
S2,0.9,9600,33,3.2190316108797563,221.43564946969016,17.091091978980067,0.0004997501249375312,232.06190245944035,3.832143051377452,0.0004997501249375312,4848,4800,0.7982001409995974,,,,
S2,0.9,9600,34,3.0688466486013675,211.85560002535757,16.07386184408932,0.0004997501249375312,226.8349331736037,3.809823003868553,0.0004997501249375312,5040,4800,0.8244842670001162,,,,
S2,0.9,9600,35,3.0493988122616797,209.26004413313441,15.974681512307013,0.0004997501249375312,220.12631366513799,3.7820842296218684,0.0004997501249375312,4848,4848,0.821703850999711,,,,
S2,0.9,9600,36,3.2067539971730628,225.49424704717205,17.317239585449624,0.0004997501249375312,226.9292293219661,3.7992501273209185,0.0004997501249375312,4896,4800,0.5247079470000244,,,,
S2,0.9,9600,37,3.1167951154338325,217.79247702695108,16.63831394982713,0.0004997501249375312,225.82750614905729,3.779276435532277,0.0004997501249375312,5184,4848,0.5082840309996755,,,,
S2,0.9,9600,38,3.265989449076178,234.55895243368397,16.960107737921135,0.0004997501249375312,242.13151113459145,3.871767267185839,0.0004997501249375312,5184,4896,0.5178042580000692,,,,
S2,0.9,9600,39,3.0358875346712164,227.5656850257612,16.319196623052708,0.0004997501249375312,237.77639313501174,3.8482756707975536,0.0004997501249375312,5088,4800,0.5152298329999212,,,,
S2,0.9,9600,40,3.120588533805714,242.472904360587,16.52661775202996,0.0004997501249375312,250.00213139073662,3.843747193788647,0.0004997501249375312,5424,4800,0.8209792069997093,,,,
S2,0.9,9600,41,3.2032091281898376,210.97855832227887,16.817259374615737,0.0004997501249375312,215.1579044690875,3.817808477758353,0.0004997501249375312,4992,4800,0.7931796469997607,,,,
S2,0.9,9600,42,3.00578561862668,237.52625669734718,15.855293176647926,0.0004997501249375312,254.72205275264167,3.818361718101662,0.0004997501249375312,5328,4848,0.787505063000026,,,,
S2,0.9,9600,43,3.053577538885375,212.37588484624973,16.494340926046835,0.0004997501249375312,224.86403149309717,3.8449160242754234,0.0004997501249375312,5040,4800,0.8270857149996118,,,,
S2,0.9,9600,44,3.1520095977323637,216.9773340610064,16.685306511857714,0.0004997501249375312,227.35867222118335,3.881385402911742,0.0004997501249375312,4800,4800,0.5250116560000606,,,,
S2,0.9,9600,45,3.3002908340217205,218.43270822045042,17.670021150882597,0.0004997501249375312,216.07178229582973,3.7667564248955783,0.0004997501249375312,4800,4848,0.5228608630000053,,,,
S2,0.9,9600,46,3.1755126858696796,207.8319375802145,16.861782546159176,0.0004997501249375312,215.24775676631756,3.932001640680271,0.0004997501249375312,5184,4944,0.5203162190000512,,,,
S2,0.9,9600,47,3.1460194297356847,229.3660747844146,16.695929928050287,0.0004997501249375312,246.04084028377665,3.7710574739827085,0.0004997501249375312,4848,4800,0.5348351970001204,,,,
S2,0.9,9600,48,3.082189461189989,213.72016017455758,16.21218131175776,0.0004997501249375312,219.7085230015825,3.857268551223114,0.0004997501249375312,5376,4896,0.8277408919998379,,,,
S2,0.9,9600,49,3.233645055288223,249.15096704381781,16.77150788834586,0.0004997501249375312,242.3509879348795,3.811539508036634,0.0004997501249375312,5232,4848,0.7928012310003396,,,,
S2,0.9,9600,50,3.21075392499589,217.1922997637799,17.001106539193724,0.0004997501249375312,230.0285631495419,3.785807310582014,0.0004997501249375312,4848,4848,0.5190184299999601,,,,
S2,0.9,9600,51,3.265876062807046,242.23659155829296,17.132957868912204,0.0004997501249375312,245.21861222555523,3.738066452599405,0.0004997501249375312,4800,4800,0.5223680099998091,,,,
S2,0.9,9600,52,3.4200638177342704,232.07889804330932,17.582788389796303,0.0004997501249375312,227.80922150149826,3.785381685336249,0.0004997501249375312,4800,4800,0.7806673430000046,,,,
S2,0.9,9600,53,3.358164195322321,264.0931647139673,17.618136886287104,0.0004997501249375312,258.3213668926586,3.818267327127279,0.0004997501249375312,5808,4848,0.8313600020001104,,,,
S2,0.9,9600,54,2.9421157998632665,205.60492188394096,16.245024358197217,0.0004997501249375312,215.3327217487354,3.871229662318682,0.0004997501249375312,5232,4800,0.5041342890003762,,,,
S2,0.9,9600,55,3.008267698431843,227.64603096316276,16.27629142416844,0.0004997501249375312,237.83877007793447,3.8497359857817566,0.0004997501249375312,4848,4800,0.5253473910001958,,,,
S2,0.9,9600,56,3.2076969325066274,248.45609099172762,17.181880952900077,0.0004997501249375312,259.61963163959643,3.7861849502952025,0.0004997501249375312,5184,4896,0.7993628639997041,,,,
S2,0.9,9600,57,3.067045919721714,219.76361063023404,16.34974543052639,0.0004997501249375312,233.3624945401817,3.819778507070445,0.0004997501249375312,4800,4848,0.6513563280000199,,,,
S2,0.9,9600,58,3.3170515215499567,230.16879245858638,17.088674872010767,0.0004997501249375312,240.104667541504,3.816686769838137,0.0004997501249375312,5088,4800,0.5350509380000403,,,,
S2,0.9,9600,59,3.1784876086480596,239.29360601443625,17.00387120182769,0.0004997501249375312,255.6790505092433,3.8556714501236073,0.0004997501249375312,5184,4848,0.5320069579997835,,,,
S2,0.9,9600,60,3.072146914157771,233.83550420547328,16.151649550800823,0.0004997501249375312,250.25997302046687,3.8026206401715608,0.0004997501249375312,4992,4896,0.840886916999807,,,,
S2,0.9,9600,61,3.322142494289816,224.2028049717679,17.285143666237428,0.0004997501249375312,232.57774668893774,3.837035113100815,0.0004997501249375312,4992,4848,0.8370557249995727,,,,
S2,0.9,9600,62,3.2225144262206387,232.6409805391357,17.052884626289416,0.0004997501249375312,235.69153224403792,3.8128672746560786,0.0004997501249375312,4800,4800,0.5302517919999445,,,,
S2,0.9,9600,63,3.0873347665401885,210.87129995562785,16.309642751530998,0.0004997501249375312,219.58581130381108,3.7952128128409086,0.0004997501249375312,5568,4800,0.5477144189999308,,,,
S2,0.9,9600,64,3.2082059183142606,241.36800267731502,17.518142813271975,0.0004997501249375312,248.6986114908096,3.8040602768375797,0.0004997501249375312,4800,4800,0.5286085350003304,,,,
S2,0.9,9600,65,3.1642242367834936,203.7772500897357,16.66122785696008,0.0004997501249375312,221.39553443795998,3.8061221423027956,0.0004997501249375312,4848,4848,0.5558543140000438,,,,
S2,0.9,9600,66,3.050120756360277,211.05075506498267,16.31334876800561,0.0004997501249375312,221.6601565919864,3.9702512763560787,0.0004997501249375312,4896,4800,0.5207818189996942,,,,
S2,0.9,9600,67,2.997398278116702,195.97542948091743,16.239604387601528,0.0004997501249375312,206.43014840963878,3.8723508007069567,0.0004997501249375312,5760,4800,0.5106014850002794,,,,
S2,0.9,9600,68,3.0127652980451156,213.3285465526328,16.284950151698304,0.0004997501249375312,230.31007114763318,3.936043037301917,0.0004997501249375312,5040,4848,0.7800551780001115,,,,
S2,0.9,9600,69,3.2331937106218818,225.7597533763544,17.03275678362983,0.0004997501249375312,232.47131338775566,3.794573385427896,0.0004997501249375312,4800,4800,0.8221096420002141,,,,
S2,0.9,9600,70,3.103710665063381,221.17181536506862,16.43502869019264,0.0004997501249375312,228.65233694472107,3.828164319234845,0.0004997501249375312,4800,4800,0.5794845830000668,,,,
S2,0.9,9600,71,3.1468776979833795,233.8025376488939,16.651970900426015,0.0004997501249375312,237.14294474688975,3.817172360004171,0.0004997501249375312,4992,4800,0.5598780989998886,,,,
S2,0.9,9600,72,2.9425097281835946,219.71920439021133,15.89946625655612,0.0004997501249375312,243.3865535707186,3.812147279930418,0.0004997501249375312,4800,4896,0.5693515010002557,,,,
S2,0.9,9600,73,3.199913687951387,220.11805403414263,16.902603617192685,0.0004997501249375312,229.89045468496155,3.7795999275578938,0.0004997501249375312,5136,5088,0.5470618169997579,,,,
S2,0.9,9600,74,3.0041430345616513,193.26226503219956,16.220540264577306,0.0004997501249375312,205.48071071607663,3.9359395103769392,0.0004997501249375312,4800,4896,0.5255692139999155,,,,
S2,0.9,9600,75,3.3609685909966602,230.6755056367026,17.45775753205426,0.0004997501249375312,236.83449250953217,3.7238176796513285,0.0004997501249375312,5424,4992,0.5244083310003589,,,,
S2,0.9,9600,76,3.179782733727607,229.01337965021145,16.641321980744234,0.0004997501249375312,239.22440311778146,3.8603625001425885,0.0004997501249375312,5520,4800,0.7917961839998497,,,,
S2,0.9,9600,77,3.1833335980499715,221.79147878411237,17.26715597082388,0.0004997501249375312,232.64683803069397,3.8389069839480476,0.0004997501249375312,4992,4944,0.7827923810000357,,,,
S2,0.9,9600,78,3.1065355726281707,226.42934426545,16.756711865192916,0.0004997501249375312,240.60135082569403,3.8217769034650573,0.0004997501249375312,4992,4800,0.5064452080000592,,,,
S2,0.9,9600,79,2.90071737811551,198.09252594777223,15.440852938311588,0.0004997501249375312,218.70640835393297,3.8838367133167133,0.0004997501249375312,5328,4848,0.5196264790001806,,,,
S2,0.9,9600,80,3.2590073724323476,236.861174542853,17.766700471119414,0.0004997501249375312,252.60196887653632,3.8464000730547374,0.0004997501249375312,4944,4944,0.5669992100001764,,,,
S2,0.9,9600,81,3.150983933041288,205.99132453614746,16.751843998766674,0.0004997501249375312,208.38313647594208,3.82740353877909,0.0004997501249375312,4896,4848,0.5922071119998691,,,,
S2,0.9,9600,82,3.22176042141591,251.19029731333066,17.462341863929232,0.0004997501249375312,254.92403894806054,3.7775200646107114,0.0004997501249375312,5088,4800,0.6026807989996996,,,,
S2,0.9,9600,83,3.2260723009450127,210.71753203988024,17.11720983491259,0.0004997501249375312,211.498614323639,3.743294515231844,0.0004997501249375312,4800,4800,0.5522905560001163,,,,
S2,0.9,9600,84,3.006822669755502,205.64837104744882,16.306961798340758,0.0004997501249375312,223.0317423952752,3.851535772730808,0.0004997501249375312,4800,4800,0.7923138210003344,,,,
S2,0.9,9600,85,3.0289431195925656,228.4342372823894,16.28670408819502,0.0004997501249375312,235.91421628263922,3.7776326923379093,0.0004997501249375312,5328,4896,0.7964760230001957,,,,
S2,0.9,9600,86,3.2725202764063015,256.39380522749804,17.286637349737646,0.0004997501249375312,259.29944537746934,3.7877619141187524,0.0004997501249375312,5664,4848,0.5244785539998702,,,,
S2,0.9,9600,87,3.2297829530406785,254.8941368895669,16.83673849203647,0.0004997501249375312,263.1003908372209,3.7058390971388544,0.0004997501249375312,4800,4800,0.5218700489999719,,,,
S2,0.9,9600,88,3.2849395029802095,244.23925219793452,16.940002342543025,0.0004997501249375312,245.27570695818332,3.8406186265055737,0.0004997501249375312,4896,4848,0.5302225909999834,,,,
S2,0.9,9600,89,3.126235622413965,210.8990796832838,16.352056555165607,0.0004997501249375312,216.57642631075197,3.7601074601212034,0.0004997501249375312,5040,4992,0.5182840319998832,,,,
S2,0.9,9600,90,3.0089688766742144,207.031072677659,16.062764600649814,0.0004997501249375312,214.86991543153087,3.9434499041697437,0.0004997501249375312,4800,4800,0.5228236319999269,,,,
S2,0.9,9600,91,3.171648545793184,229.14619845411661,16.962150445841257,0.0004997501249375312,241.95470407860927,3.7873488632687917,0.0004997501249375312,4848,4848,0.5282605020001938,,,,
S2,0.9,9600,92,3.211601093874472,254.72751902284946,17.002612156922048,0.0004997501249375312,255.38727231830643,3.787466402631273,0.0004997501249375312,4848,4848,0.8024870999997802,,,,
S2,0.9,9600,93,2.926220909072007,225.9759361074424,16.042850769503374,0.0004997501249375312,238.40715593042262,3.9017688235404084,0.0004997501249375312,5040,4992,0.8277960519999397,,,,
S2,0.9,9600,94,3.206128102938653,227.78508137998028,16.90015469668972,0.0004997501249375312,227.75483468344336,3.7699328190083286,0.0004997501249375312,5664,4848,0.5312646780002979,,,,
S2,0.9,9600,95,3.0765917846161805,220.46150560344802,16.13306241253534,0.0004997501249375312,238.53249570289614,3.831520195783868,0.0004997501249375312,5088,4848,0.744260770999972,,,,
S2,0.9,9600,96,3.223408853289905,212.64683493741074,16.796486662479765,0.0004997501249375312,220.95443435638202,3.7616722444624635,0.0004997501249375312,4800,4800,0.5249719099997492,,,,
S2,0.9,9600,97,3.1374802896380527,220.93873784890354,16.802378199572665,0.0004997501249375312,228.1914139177791,3.772714096058565,0.0004997501249375312,5568,4800,0.5191454189998694,,,,
S2,0.9,9600,98,3.1861473198339194,209.08587206251394,16.922943494899354,0.0004997501249375312,217.25355363852339,3.757917806398102,0.0004997501249375312,5520,4944,0.5106791670000348,,,,
S2,0.9,9600,99,3.38368571169327,242.46058442540078,17.503820046650755,0.0004997501249375312,219.89697186102913,3.8274629508684903,0.0004997501249375312,4944,4944,0.5317844800001694,,,,
S2,0.9,9600,100,3.23819560938728,214.72937988321894,17.248678574106222,0.0004997501249375312,215.5980481050548,3.8173198146857823,0.0004997501249375312,5616,4800,0.5215405989997635,,,,
S2,0.9,9600,101,3.1612370480902716,249.26318468562815,16.50328310115084,0.0004997501249375312,263.5778198052431,3.7784186486343323,0.0004997501249375312,5088,4800,0.5230561469998065,,,,
S2,0.9,9600,102,3.1249864255253934,209.18377529647972,17.101793887851066,0.0004997501249375312,212.0299433586082,3.8346292713605163,0.0004997501249375312,5088,4944,0.807364871000118,,,,
S2,0.9,9600,103,2.9617188553530105,188.87856429295786,16.102042657268235,0.0004997501249375312,196.47443653782955,3.7826738857638884,0.0004997501249375312,5376,4800,0.8037057500000628,,,,
S2,0.9,9600,104,3.0448247251910234,211.91328595749255,16.353630215330146,0.0004997501249375312,229.0640062976413,3.8519186782497576,0.0004997501249375312,4800,4848,0.8140735779998067,,,,
S2,0.9,9600,105,3.1110707083020936,238.65068219348814,16.53591147828539,0.0004997501249375312,246.32129297948748,3.82248073875606,0.0004997501249375312,4944,4944,0.8268887710000854,,,,
S2,0.9,9600,106,3.2239113386749696,240.5470710338875,17.071253208848773,0.0004997501249375312,246.61134702574896,3.8452308095500207,0.0004997501249375312,4800,4800,0.5267234770003597,,,,
S2,0.9,9600,107,3.142234024099247,223.05722879730823,16.65337317701879,0.0004997501249375312,225.70411694205785,3.807993955241313,0.0004997501249375312,4800,4800,0.5167456469998797,,,,
S2,0.9,9600,108,3.1162157377125106,224.78487849891502,16.35595362782675,0.0004997501249375312,232.04824985103613,3.8022295052886754,0.0004997501249375312,5088,4800,0.5142141979999906,,,,
S2,0.9,9600,109,3.2211336676158493,224.98223706131554,16.918564201567335,0.0004997501249375312,229.88164372282034,3.7732696809420845,0.0004997501249375312,5760,5088,0.5244554620003328,,,,
S2,0.9,9600,110,3.219092837749878,226.37377945927742,16.993331084507457,0.0004997501249375312,225.80851154898582,3.7701786489103544,0.0004997501249375312,4896,4848,0.7700837610000235,,,,
S2,0.9,9600,111,3.1861721593497805,210.47356118546514,17.088701906546774,0.0004997501249375312,199.53709633546254,3.8599575956913217,0.0004997501249375312,4944,4944,0.8240930519996255,,,,
S2,0.9,9600,112,3.2503074795340634,245.22810696447243,16.986651658307455,0.0004997501249375312,254.03782387454643,3.788998589966891,0.0004997501249375312,4896,4896,0.8082329280000522,,,,
S2,0.9,9600,113,3.236572871167055,240.56161007514896,16.96308813433152,0.0004997501249375312,246.3113194631237,3.783145284251185,0.0004997501249375312,5856,4800,0.796483692000038,,,,
S2,0.9,9600,114,3.1701716981695,205.10352085175413,16.47499289883323,0.0004997501249375312,218.57743541569621,3.8286250708466967,0.0004997501249375312,4896,4800,0.8300894609997158,,,,
S2,0.9,9600,115,3.0524794488628775,211.76918123891966,16.209021923615733,0.0004997501249375312,224.98212157496187,3.7972338237186896,0.0004997501249375312,4800,4800,0.8023831069999687,,,,
S2,0.9,9600,116,3.2362284979532063,247.7294017710541,16.63463277120629,0.0004997501249375312,262.74467775935466,3.7481232407727516,0.0004997501249375312,4800,4848,0.521117391000189,,,,
S2,0.9,9600,117,3.035579448389502,214.9295601794814,16.450778003156195,0.0004997501249375312,237.57603442482034,3.7858019988205127,0.0004997501249375312,4896,4848,0.5172062329997971,,,,
S2,0.9,9600,118,3.2427737042849074,253.68023682846342,17.109389495494177,0.0004997501249375312,245.7243588117555,3.8473804524669295,0.0004997501249375312,5760,4896,0.8255957839996881,,,,
S2,0.9,9600,119,3.1777343089029597,216.0198674078406,16.978058554909463,0.0004997501249375312,223.63440528493427,3.843463078057398,0.0004997501249375312,4896,4800,0.8139507959999719,,,,
S2,0.9,9600,120,3.0224888780917816,207.38795769793862,16.619010947364902,0.0004997501249375312,214.49848996961575,3.8385370534417933,0.0004997501249375312,5136,4848,0.8128329999999551,,,,
S2,0.9,9600,121,3.073046127468894,223.44224941793783,16.992498800774932,0.0004997501249375312,234.54074384082315,3.9208162606811863,0.0004997501249375312,5280,4848,0.8329703849999532,,,,
S2,0.9,9600,122,3.265141255826435,226.1627229527644,16.935050068392854,0.0004997501249375312,224.39449983371873,3.794214615542311,0.0004997501249375312,4848,4848,0.819599236999693,,,,
S2,0.9,9600,123,3.2197771714671415,225.23392760855893,17.09463994112991,0.0004997501249375312,230.28261197941802,3.8213064740762777,0.0004997501249375312,5472,4800,0.8379474509997635,,,,
S2,0.9,9600,124,3.0855474096992963,228.97447868162774,16.377474402505868,0.0004997501249375312,247.63912031791313,3.856136402480437,0.0004997501249375312,5328,4848,0.5184839429998647,,,,
S2,0.9,9600,125,3.0366247329583405,211.02302487062545,16.239163879903572,0.0004997501249375312,233.71470451192013,3.826134272904211,0.0004997501249375312,4992,4800,0.5176788250000754,,,,
S2,0.9,9600,126,3.234957990870965,233.8042119459457,16.90283168972751,0.0004997501249375312,237.40287841131536,3.792000014752998,0.0004997501249375312,5136,4896,0.8053440990001945,,,,
S2,0.9,9600,127,3.2180098016565615,223.58460483423326,17.266360878846058,0.0004997501249375312,214.4641544558261,3.739578616758091,0.0004997501249375312,5952,5040,0.7989667289998579,,,,
S2,0.9,9600,128,3.173461280699911,216.13648424450835,16.909373589327092,0.0004997501249375312,216.6831823269845,3.8735686030424654,0.0004997501249375312,5088,4848,0.8029678859998057,,,,
S2,0.9,9600,129,2.97744364409715,217.09444319257292,15.702444349736428,0.0004997501249375312,229.75811831447075,3.8469717174642137,0.0004997501249375312,5280,4848,0.8181480419998479,,,,
S2,0.9,9600,130,3.003611544765021,197.2581138995905,15.96416321438616,0.0004997501249375312,214.80725330495738,3.7540257142888924,0.0004997501249375312,4848,4944,0.8181152189999921,,,,
S2,0.9,9600,131,3.1698726373237194,215.7219818949283,16.530737957188318,0.0004997501249375312,227.81418771067612,3.8300039940962867,0.0004997501249375312,5616,4944,0.8126329960000476,,,,
S2,0.9,9600,132,3.1508635834285412,241.925605626165,16.732255975068473,0.0004997501249375312,246.09907571376795,3.8092553141087837,0.0004997501249375312,5136,4944,0.5186418270000104,,,,
S2,0.9,9600,133,3.146500562176517,224.42556465173666,16.15366345127785,0.0004997501249375312,258.5457556931913,3.678513299172331,0.0004997501249375312,4800,4800,0.5175954860001184,,,,
S2,0.9,9600,134,3.0631330624030806,218.01170532915341,16.511125201187074,0.0004997501249375312,241.79620999208336,3.8564903462958102,0.0004997501249375312,4896,4800,0.8262746740001603,,,,
S2,0.9,9600,135,3.142491069831132,234.69097202032916,16.59950050756926,0.0004997501249375312,230.53136540921983,3.8109402476643552,0.0004997501249375312,5904,4896,0.9041642050001428,,,,
S2,0.9,9600,136,3.20888048329893,239.21835519313643,16.59633278561808,0.0004997501249375312,243.63981037699276,3.7643517742360553,0.0004997501249375312,5136,4800,0.8101110259999587,,,,
S2,0.9,9600,137,3.1761723877338923,224.5546485183878,17.096473702549304,0.0004997501249375312,222.087718889667,3.8660281394766667,0.0004997501249375312,5424,4800,0.8980589309999232,,,,
S2,0.9,9600,138,3.2254562199771915,220.67311814230075,16.99203859996312,0.0004997501249375312,222.34766198496024,3.6598876507879963,0.0004997501249375312,5328,4944,0.5111333769996236,,,,
S2,0.9,9600,139,3.288271693296347,252.24570812618248,17.154218212382336,0.0004997501249375312,251.8948824461967,3.693334534079672,0.0004997501249375312,5040,4800,0.5187586900001406,,,,
S2,0.9,9600,140,3.0685139833667425,225.88289094318873,16.276879284747896,0.0004997501249375312,232.21981688294642,3.980902586161224,0.0004997501249375312,4944,4896,0.8300819440000851,,,,
S2,0.9,9600,141,3.3049361656723177,238.89420223631606,17.2099306042299,0.0004997501249375312,250.90766511941817,3.7752819980217907,0.0004997501249375312,5184,4800,0.8549110990002191,,,,
S2,0.9,9600,142,3.1054601070528722,206.9050384865971,16.040853358911537,0.0004997501249375312,220.96178677298116,3.8007632435249423,0.0004997501249375312,4896,4800,0.5859042540000701,,,,
S2,0.9,9600,143,3.05505889807899,218.6502378743839,16.15012266610043,0.0004997501249375312,241.93376070561118,3.8126323039285017,0.0004997501249375312,4800,4800,0.6484055390001231,,,,
S2,0.9,9600,144,3.2272210996942805,222.67656563831935,16.95509604230519,0.0004997501249375312,231.65425803002694,3.8049645314668448,0.0004997501249375312,4800,4800,0.8703200730001299,,,,
S2,0.9,9600,145,3.2597859985842152,216.025036486878,17.02699797641548,0.0004997501249375312,224.07124866370523,3.744577859322345,0.0004997501249375312,4800,4800,0.7930773670000235,,,,
S2,0.9,9600,146,2.9789572358265723,219.5098964711555,15.861758248439594,0.0004997501249375312,241.41859520567485,3.8667827654807256,0.0004997501249375312,5232,4800,0.8753134180001325,,,,
S2,0.9,9600,147,3.0224225760745553,218.10805673144193,16.119457183422202,0.0004997501249375312,240.78340336082758,3.872040982284294,0.0004997501249375312,5232,4992,0.5421898530003091,,,,
S2,0.9,9600,148,3.254532008657455,250.55981801029967,16.811992735305076,0.0004997501249375312,262.138633792953,3.811223035519727,0.0004997501249375312,4992,4800,0.8030585559999963,,,,
S2,0.9,9600,149,3.1231901080027855,213.20592142551726,16.600032152639876,0.0004997501249375312,222.5704992531517,3.91627314229365,0.0004997501249375312,5280,4800,0.5372023179997996,,,,
S2,0.9,9600,150,3.183238794856445,232.05729103000303,16.778974424570308,0.0004997501249375312,245.22410447733398,3.9065662985172938,0.0004997501249375312,5088,4848,0.527800058000139,,,,
S2,0.9,9600,151,3.1487911387458216,230.7400884218452,16.734225364706017,0.0004997501249375312,240.42729834125495,3.8491700788222194,0.0004997501249375312,4896,4848,0.5616376489997492,,,,
S2,0.9,9600,152,3.109169549812276,235.23552993441928,16.987966290031224,0.0004997501249375312,250.43033010132524,3.7499918855541745,0.0004997501249375312,5424,4848,0.8178234760002852,,,,
S2,0.9,9600,153,3.1009833065824557,202.32084965117159,16.77266691890959,0.0004997501249375312,206.54442190435384,3.9475456224668877,0.0004997501249375312,5376,4800,0.8140530980003859,,,,
S2,0.9,9600,154,3.187641458444844,226.123842362082,16.869815704654336,0.0004997501249375312,235.28641091137882,3.7896771875870967,0.0004997501249375312,4896,4896,0.5210980330002712,,,,
S2,0.9,9600,155,3.267605397207908,258.2387676943448,16.84705215026871,0.0004997501249375312,260.2222780458667,3.835435782913195,0.0004997501249375312,5424,4848,0.5187625369999296,,,,
S2,0.9,9600,156,2.9436377967122875,206.65106445096777,16.024847454747903,0.0004997501249375312,212.87517489345308,3.8165209892551606,0.0004997501249375312,5136,4800,0.5000854230002005,,,,
S2,0.9,9600,157,3.2846095634263746,229.64173155124854,17.265795996113862,0.0004997501249375312,235.50922884535416,3.8490417853711913,0.0004997501249375312,4800,4800,0.6819262029998754,,,,
S2,0.9,9600,158,2.8919149041044743,215.04696275674857,15.797865357773524,0.0004997501249375312,238.7837328313371,3.778146518151131,0.0004997501249375312,4896,4800,0.5087749130002521,,,,
S2,0.9,9600,159,3.1795949384540445,248.71952990006386,17.335144173807375,0.0004997501249375312,248.9031605951699,3.9958512894153784,0.0004997501249375312,5424,5040,0.5192593079996186,,,,
S2,0.9,9600,160,3.320406893331809,228.30061899639512,16.8652528170097,0.0004997501249375312,237.25714109011273,3.790617417543844,0.0004997501249375312,5088,4848,0.8660117450003781,,,,
S2,0.9,9600,161,3.1424704685110805,223.82794208867764,17.203076769666158,0.0004997501249375312,235.51545241229783,3.8752071504877823,0.0004997501249375312,4800,4800,0.8697169560000475,,,,
S2,0.9,9600,162,3.3654166271707093,221.5688764222305,17.62630728196032,0.0004997501249375312,223.8646007840205,3.797285693757429,0.0004997501249375312,5232,4800,0.8775969680000344,,,,
S2,0.9,9600,163,3.039231916328592,233.2356180050553,16.203228637378757,0.0004997501249375312,249.9964132403296,3.75526682643352,0.0004997501249375312,5088,4896,0.8492146250000587,,,,
S2,0.9,9600,164,3.114658907113564,210.26316306942996,16.611863635794517,0.0004997501249375312,226.4974999956209,3.819613752180885,0.0004997501249375312,4992,4896,0.8064977469998666,,,,
S2,0.9,9600,165,3.215449008986604,242.77963945545238,17.037635501210687,0.0004997501249375312,247.94633216316484,3.7687221162866384,0.0004997501249375312,4992,4992,0.7987122270001237,,,,
S2,0.9,9600,166,3.197673696661147,203.513331774262,17.051156691930085,0.0004997501249375312,223.50733650734963,3.68676123703156,0.0004997501249375312,4896,4896,0.518996874000095,,,,
S2,0.9,9600,167,3.1181450141899134,247.05286123909113,16.402492144412182,0.0004997501249375312,249.7379815722369,3.857998299879395,0.0004997501249375312,4944,4896,0.5122723370000131,,,,
S2,0.9,9600,168,3.279884256644131,245.6625571837682,17.12705329418621,0.0004997501249375312,249.02398186585256,3.7353552929262057,0.0004997501249375312,5040,4944,0.8339079400002447,,,,
S2,0.9,9600,169,3.0124958752270437,212.15836702869535,15.885208366319755,0.0004997501249375312,229.56852396529726,3.8434742318881887,0.0004997501249375312,5616,4800,0.8495994120003161,,,,
S2,0.9,9600,170,3.2943638836414237,239.0471765999024,17.44933531392114,0.0004997501249375312,246.9761191526622,3.737126864155164,0.0004997501249375312,4800,4800,0.8384153289998721,,,,
S2,0.9,9600,171,3.1104285818381583,188.94736190375951,16.175839842733506,0.0004997501249375312,207.48452657360642,3.70426537779562,0.0004997501249375312,4800,4800,0.8164561939997839,,,,
S2,0.9,9600,172,3.241689068927358,223.2625598120941,17.068374932004282,0.0004997501249375312,232.28585407940005,3.7481845677011516,0.0004997501249375312,4944,4896,0.8418487139997524,,,,
S2,0.9,9600,173,3.1631206746385696,227.56545590536982,16.62743391474636,0.0004997501249375312,243.13990079429314,3.7783254834219475,0.0004997501249375312,5280,4800,0.8557654070000353,,,,
S2,0.9,9600,174,3.1861667249319696,232.43215987063314,16.853938801844617,0.0004997501249375312,243.35536155239416,3.793662222867697,0.0004997501249375312,5616,4896,0.5168767229997684,,,,
S2,0.9,9600,175,3.0618737957510844,221.06493979342926,16.39351961664448,0.0004997501249375312,229.73457351190075,3.872221723032641,0.0004997501249375312,5472,4896,0.5133585480002694,,,,
S2,0.9,9600,176,3.2254227458017772,242.97178618099943,16.90827928771091,0.0004997501249375312,252.17146980775883,3.855809720197455,0.0004997501249375312,5040,4944,0.8543549820001317,,,,
S2,0.9,9600,177,3.060044186461847,203.3757413003991,16.3342724150294,0.0004997501249375312,211.86221513400656,3.7808724575135715,0.0004997501249375312,4992,4800,0.8389381100000719,,,,
S2,0.9,9600,178,3.2383520602641984,238.00425986787957,16.974722161514062,0.0004997501249375312,245.40890186746114,3.7756691269010108,0.0004997501249375312,5664,4800,0.8230420419999973,,,,
S2,0.9,9600,179,3.0879835594945555,221.28633011474838,16.36497901196901,0.0004997501249375312,232.10598571107818,3.8469688036666656,0.0004997501249375312,5088,4800,0.8068078950000199,,,,
S2,0.9,9600,180,3.197100402709144,212.69899905708596,17.23329646766279,0.0004997501249375312,217.97177959797475,3.860148624199967,0.0004997501249375312,4992,4848,0.878800247000072,,,,
S2,0.9,9600,181,3.1464387496203474,238.12863561657164,16.65240974039233,0.0004997501249375312,249.44006351258545,3.8785696502123743,0.0004997501249375312,4896,4800,0.8519658239997625,,,,
S2,0.9,9600,182,3.2113554431124953,228.29949133949432,16.930025188462142,0.0004997501249375312,238.97548823464464,3.8685184520272915,0.0004997501249375312,5232,4896,0.5186652159995901,,,,
S2,0.9,9600,183,3.164441600714063,235.93708700990553,16.947320996557572,0.0004997501249375312,240.68925387261686,3.804660689020199,0.0004997501249375312,5568,4896,0.5236200680001275,,,,
S2,0.9,9600,184,3.154934734592649,214.44137315339734,17.069332601420005,0.0004997501249375312,220.15618064793304,3.850438043262727,0.0004997501249375312,5040,4848,0.8603094310001325,,,,
S2,0.9,9600,185,3.1933148649164806,211.03176592637402,16.6135893300775,0.0004997501249375312,218.80116765150981,3.865392979846487,0.0004997501249375312,5136,4848,0.8273342669999693,,,,
S2,0.9,9600,186,2.988037467691209,212.94736809302944,16.0566867453916,0.0004997501249375312,229.29606337637202,3.8825151915106324,0.0004997501249375312,4848,4848,0.7918035039997449,,,,
S2,0.9,9600,187,3.037529402567249,225.1023215179205,15.957792771352793,0.0004997501249375312,236.57201380490224,3.8847811152829923,0.0004997501249375312,5904,4848,0.792099252999833,,,,
S2,0.9,9600,188,3.126649368290493,244.34414085556858,16.480345208215397,0.0004997501249375312,268.22871231466667,3.924568669963826,0.0004997501249375312,4848,4848,0.8459501310003361,,,,
S2,0.9,9600,189,3.1535607830411547,207.28562100886188,16.41990390271772,0.0004997501249375312,211.7976972500417,3.74783132991959,0.0004997501249375312,5568,4896,0.8227365669999926,,,,
S2,0.9,9600,190,3.346732004118152,249.37768379631967,17.425515325256995,0.0004997501249375312,246.24171187568513,3.867143903240125,0.0004997501249375312,5136,4896,0.5248939619996236,,,,
S2,0.9,9600,191,3.1329843944802116,223.46901768230552,16.872614953261102,0.0004997501249375312,231.6276813415071,3.8754832548408773,0.0004997501249375312,5040,4800,0.5087866150001901,,,,
S2,0.9,9600,192,3.103675517888095,212.2308343519427,16.692079844925658,0.0004997501249375312,228.06486195910816,3.82417218719526,0.0004997501249375312,5568,4896,0.8149256249998871,,,,
S2,0.9,9600,193,3.2034454995098622,239.5665698514106,17.054681128437842,0.0004997501249375312,247.3159953479515,3.7909124274170325,0.0004997501249375312,4944,4848,0.8120845470002678,,,,
S2,0.9,9600,194,3.158130931011403,246.30777940207784,16.60943122276407,0.0004997501249375312,263.78559032319737,3.8340617812158793,0.0004997501249375312,4848,4896,0.8558387690000018,,,,
S2,0.9,9600,195,3.0495867598594324,221.13713333411786,16.294405408002955,0.0004997501249375312,227.28622241916696,3.843995774067528,0.0004997501249375312,4848,4848,0.8723033420001229,,,,
S2,0.9,9600,196,3.16994303085216,225.59376754332303,16.729062865628094,0.0004997501249375312,239.36359312605882,3.787960200025575,0.0004997501249375312,5424,4800,0.8404256909998367,,,,
S2,0.9,9600,197,3.117777371772472,219.16796523004518,16.746783811725525,0.0004997501249375312,226.42882962955989,3.909355633978984,0.0004997501249375312,5088,4800,0.8723626669998339,,,,
S2,0.9,9600,198,3.0558146211991706,240.35429578989527,16.18556583998634,0.0004997501249375312,253.54521801374466,3.7745739505397906,0.0004997501249375312,5712,4896,0.5139899650002917,,,,
S2,0.9,9600,199,3.258487241333314,227.71821693824492,17.142277850758454,0.0004997501249375312,229.380402767155,3.7477283016784306,0.0004997501249375312,4800,4800,0.5227426769997692,,,,
S2,0.9,9600,200,3.153042694233265,200.7797013271137,17.039803703674192,0.0004997501249375312,206.83974464327628,3.7908359039050255,0.0004997501249375312,4800,4848,0.8112255930000174,,,,
S2,0.9,9600,201,3.261989835195086,232.68214880934295,17.10155250974211,0.0004997501249375312,233.25205105436166,3.779766465098279,0.0004997501249375312,4800,4800,0.8340240089996769,,,,
S2,0.9,9600,202,3.2536228344779916,224.8195687704843,16.837368015326327,0.0004997501249375312,237.81505775458254,3.7527023117483553,0.0004997501249375312,4944,4800,0.8589118869999766,,,,
S2,0.9,9600,203,3.169846348831505,219.96689357410517,17.09456731609046,0.0004997501249375312,227.08886607747624,3.788965202558357,0.0004997501249375312,4800,4800,0.868886110999938,,,,
S2,0.9,9600,204,2.9865071168174175,212.18655850806516,15.957296563025077,0.0004997501249375312,236.8233310859184,3.764734979579222,0.0004997501249375312,4848,4848,0.8586481100001038,,,,
S2,0.9,9600,205,3.2925764979707832,249.23037920566193,17.368575402525362,0.0004997501249375312,262.4538769168263,3.8243376970203204,0.0004997501249375312,4896,4848,0.8586818009998751,,,,
S2,0.9,9600,206,2.9760591994691623,204.89339535999386,16.339879079788318,0.0004997501249375312,218.89638502810882,3.9031110575828305,0.0004997501249375312,4896,4896,0.5003404109997973,,,,
S2,0.9,9600,207,3.285299007935018,246.66493292346772,16.846285413711062,0.0004997501249375312,240.60866368276245,3.7735998610873476,0.0004997501249375312,4800,4800,0.5183346070002699,,,,
S2,0.9,9600,208,3.201393346846586,217.126788016782,17.08157510167278,0.0004997501249375312,227.4457615557798,3.861188453970952,0.0004997501249375312,5136,4800,0.8000535720002517,,,,
S2,0.9,9600,209,3.2287098668959935,216.04405247391935,17.047756828036878,0.0004997501249375312,215.56749083772212,3.8793826367778173,0.0004997501249375312,4944,4896,0.8020443090003937,,,,
S2,0.9,9600,210,3.016722770890935,210.113189522732,16.35048783986687,0.0004997501249375312,223.7751742664342,3.9917061940477456,0.0004997501249375312,5232,4896,0.8550484689999394,,,,
S2,0.9,9600,211,2.9939438275137102,217.86858027175782,16.165134949839576,0.0004997501249375312,223.7589690325826,3.948970836414791,0.0004997501249375312,4992,4992,0.8543342180000764,,,,
S2,0.9,9600,212,3.1516168274368948,222.30875037169955,16.94780119182072,0.0004997501249375312,233.43969849572187,3.718240969291499,0.0004997501249375312,5376,4848,0.8664493080000284,,,,
S2,0.9,9600,213,3.1164533853832386,240.41119510902124,16.999575193160954,0.0004997501249375312,242.79752138519484,3.809200026868084,0.0004997501249375312,4848,4800,0.8510780749998048,,,,
S2,0.9,9600,214,3.0971645012817697,241.35172088804208,16.708842234349117,0.0004997501249375312,254.38238656824745,3.783815646920699,0.0004997501249375312,4944,4896,0.5134027349999997,,,,
S2,0.9,9600,215,3.25012507674989,220.72443151508472,17.20471346177427,0.0004997501249375312,221.90028530600608,3.7968899592226504,0.0004997501249375312,5184,4992,0.5225284509997437,,,,
S2,0.9,9600,216,3.275377981297395,251.66499313421147,16.98752265430251,0.0004997501249375312,231.5799155761867,3.7783986918834556,0.0004997501249375312,4992,4992,0.7894596940000156,,,,
S2,0.9,9600,217,3.22908306310968,224.66845775479953,17.110833914403173,0.0004997501249375312,225.97758269270835,3.8385589542756904,0.0004997501249375312,5328,4800,0.7905311419999634,,,,
S2,0.9,9600,218,3.159961273253904,229.97433593474503,16.985847023065844,0.0004997501249375312,240.03305067780124,3.755581786619612,0.0004997501249375312,5040,4800,0.8826803970000583,,,,
S2,0.9,9600,219,3.203421987480008,215.9434412019302,16.779156478866817,0.0004997501249375312,230.43996517496134,3.780685253016944,0.0004997501249375312,4848,4848,0.6505319860002601,,,,
S2,0.9,9600,220,3.1283786710660935,249.59795747983716,16.796483947532533,0.0004997501249375312,262.13554806249095,3.8721919053239433,0.0004997501249375312,5136,4944,0.8891752399999859,,,,
S2,0.9,9600,221,3.1945899420439274,216.5764689761628,16.390807816156975,0.0004997501249375312,217.27945420885672,3.8542374085979048,0.0004997501249375312,5328,4848,0.8085213520002981,,,,
S2,0.9,9600,222,3.0867501863485662,222.34616406946782,16.479419758401956,0.0004997501249375312,233.05304085811312,3.848183736330241,0.0004997501249375312,4896,4896,0.5125858589999552,,,,
S2,0.9,9600,223,3.316051694028928,238.19138286844515,17.316131250676154,0.0004997501249375312,234.8480804218654,3.735990833043453,0.0004997501249375312,5376,4896,0.5286748040002749,,,,
S2,0.9,9600,224,3.070675292574268,227.55066310518876,16.331541303682577,0.0004997501249375312,240.60687080831386,3.83428416802735,0.0004997501249375312,4944,4800,0.5153365499995743,,,,
S2,0.9,9600,225,3.1926477912493745,228.20675734271242,17.188937285729757,0.0004997501249375312,233.44335121981996,3.846340259814816,0.0004997501249375312,4896,4800,0.5243784750000486,,,,
S2,0.9,9600,226,3.200501739642496,227.79622370933126,16.825779804126064,0.0004997501249375312,243.51113267829632,3.8657279214839297,0.0004997501249375312,4800,4800,0.5149500990000888,,,,
S2,0.9,9600,227,3.1093289559892363,224.05306589892717,16.75449080151553,0.0004997501249375312,235.59315077458115,3.8522878437270576,0.0004997501249375312,4800,4800,0.5231435269997746,,,,
S2,0.9,9600,228,3.1217808287753983,251.27069292294573,16.230461717338997,0.0004997501249375312,249.5907940638553,3.811800164483919,0.0004997501249375312,5520,4800,0.8228125430000546,,,,
S2,0.9,9600,229,3.0429307175791624,198.6114365774192,16.078696802156802,0.0004997501249375312,210.3145843834209,3.8133199657365715,0.0004997501249375312,4800,4800,0.792115922999983,,,,
S2,0.9,9600,230,3.3546135554932532,234.9129835340138,17.377181662161146,0.0004997501249375312,250.74039219750628,3.705279329385458,0.0004997501249375312,4896,4800,0.5289373330001581,,,,
S2,0.9,9600,231,3.211187861525041,233.70438751498597,16.640478739037473,0.0004997501249375312,243.35045226436748,3.841939797152056,0.0004997501249375312,4800,4800,0.5178788309999618,,,,
S2,0.9,9600,232,3.3443174127719257,251.74010297196114,17.528467752817523,0.0004997501249375312,250.1397218314242,3.863134429565363,0.0004997501249375312,5232,4848,0.5241867610002373,,,,
S2,0.9,9600,233,2.93087521316687,216.09418847308035,15.940462499002058,0.0004997501249375312,236.0776549976324,3.7952783462412683,0.0004997501249375312,4800,4800,0.5014218809997146,,,,
S2,0.9,9600,234,3.013041439960629,223.9930262800626,16.388706547217712,0.0004997501249375312,235.0654751876485,3.856373369290753,0.0004997501249375312,4896,4896,0.5088721170000099,,,,
S2,0.9,9600,235,3.07094969092116,240.72078278312014,15.84356939451308,0.0004997501249375312,252.08863338129487,3.7972101797465654,0.0004997501249375312,4992,4800,0.5173759410004095,,,,
S2,0.9,9600,236,3.101088753553154,221.83154966020234,16.78788408646279,0.0004997501249375312,228.6764920903955,3.8207092418204667,0.0004997501249375312,5040,4800,0.800805142000172,,,,
S2,0.9,9600,237,3.2975737613606753,229.48907391818761,17.275411303293794,0.0004997501249375312,235.82512042409687,3.811385952062229,0.0004997501249375312,5184,4800,0.7919697929996801,,,,
S2,0.9,9600,238,3.0979918313455252,228.69695980953887,16.563855101761213,0.0004997501249375312,241.28354132866002,3.852353428341851,0.0004997501249375312,4992,4896,0.5114199969998481,,,,
S2,0.9,9600,239,3.1676991518890483,235.935323607226,16.55328228648162,0.0004997501249375312,238.4094428132041,3.965827376209671,0.0004997501249375312,5376,4896,0.5168241209998996,,,,
S2,0.9,9600,240,2.943400531990426,229.9352100561812,16.16460713298953,0.0004997501249375312,244.24291084547104,4.0297361939635685,0.0004997501249375312,4800,4800,0.5048943649999273,,,,
S2,0.9,9600,241,3.1647630427771687,230.41361891116807,16.972568692142104,0.0004997501249375312,239.41742196264696,3.830928411464641,0.0004997501249375312,4800,4800,0.5223753270001907,,,,
S2,0.9,9600,242,3.1629259794404962,235.59258647512632,16.684029149742596,0.0004997501249375312,252.17365538331904,3.8104542958561582,0.0004997501249375312,4848,4800,0.5084717509998882,,,,
S2,0.9,9600,243,3.121065730848974,224.0894835603212,16.597056391138683,0.0004997501249375312,230.40314616275953,3.8396481441754466,0.0004997501249375312,4848,4848,0.5216176449998784,,,,
S2,0.9,9600,244,3.0031698805224285,231.1953778345071,16.07106433981686,0.0004997501249375312,242.0505045090428,3.7542860558871007,0.0004997501249375312,4800,4800,0.7973664000001008,,,,
S2,0.9,9600,245,3.2886707022755957,252.93366312521363,16.91697676669528,0.0004997501249375312,249.81653832749993,3.769688631173407,0.0004997501249375312,4992,4896,0.7868104750000384,,,,
S2,0.9,9600,246,3.2448110857369903,244.75631297784292,17.19969433705845,0.0004997501249375312,256.39494941978967,3.87843103564356,0.0004997501249375312,4896,4896,0.5242816539998785,,,,
S2,0.9,9600,247,3.119119371985474,220.71825141684513,16.512796614250046,0.0004997501249375312,237.7460005119565,3.80543042594811,0.0004997501249375312,4800,4800,0.5090811280001617,,,,
S2,0.9,9600,248,3.1937055069030955,223.12198759782547,17.33905113145948,0.0004997501249375312,242.9068263239722,3.8181372764397654,0.0004997501249375312,4800,4800,0.5154136910000489,,,,
S2,0.9,9600,249,3.0749879899855936,191.77662909863304,16.694571174703587,0.0004997501249375312,208.76650419342937,3.801314573348411,0.0004997501249375312,4896,4896,0.5116208790000201,,,,
S2,0.9,9600,250,3.169907135031743,207.45024177451728,16.5558432559004,0.0004997501249375312,215.06995365574437,3.8512887718624094,0.0004997501249375312,4992,4848,0.5220666370000799,,,,
S2,0.9,9600,251,3.1944231292802705,214.68563205890305,16.844001550200154,0.0004997501249375312,225.43287301691544,3.7543415796503146,0.0004997501249375312,4800,4800,0.5834562449999794,,,,
S2,0.9,9600,252,3.0373448668995975,227.61397104406456,16.39829145915356,0.0004997501249375312,240.1636308523812,3.8423260948366607,0.0004997501249375312,4800,4800,0.5104407180001544,,,,
S2,0.9,9600,253,3.1377345393979987,221.6534326049824,16.74387543161023,0.0004997501249375312,239.6866843798519,3.789865102272488,0.0004997501249375312,4848,4848,0.5782034950002526,,,,
S2,0.9,9600,254,3.0192983761371908,206.77293229970428,16.20798641548645,0.0004997501249375312,212.79749567418676,3.7565236859875073,0.0004997501249375312,5232,4992,0.7967432870000266,,,,
S2,0.9,9600,255,3.2058725415940206,249.31393752544295,17.262348317470998,0.0004997501249375312,257.55142402607214,3.8207063467980564,0.0004997501249375312,4800,4896,0.8349500509998506,,,,
S2,0.9,9600,256,3.318893783878639,249.9679231876713,17.027649876282894,0.0004997501249375312,258.19720185833063,3.7545604911494888,0.0004997501249375312,4992,4896,0.814271023999936,,,,
S2,0.9,9600,257,3.2893775530431317,234.09234263747734,17.03123122353665,0.0004997501249375312,236.7457467440412,3.6876951536145923,0.0004997501249375312,5088,4992,0.823863222,,,,
S2,0.9,9600,258,3.0974379577270206,217.06881634713233,16.43170205959016,0.0004997501249375312,232.65967185810894,3.831294369316973,0.0004997501249375312,5376,4800,0.5983237599998574,,,,
S2,0.9,9600,259,3.27318494142396,229.20336656043165,16.974243243687358,0.0004997501249375312,235.2001733747994,3.912744709004564,0.0004997501249375312,5472,4848,0.5744874189999791,,,,
S2,0.9,9600,260,2.9744260499782955,200.91460375495345,16.163836518880764,0.0004997501249375312,217.16528808907705,3.8828184599982105,0.0004997501249375312,4800,4944,0.5890986770000382,,,,
S2,0.9,9600,261,3.1995710676732783,228.4154095760601,16.82116491073905,0.0004997501249375312,226.30067669712264,3.8257497452571068,0.0004997501249375312,5088,4896,0.5969545270004346,,,,
S2,0.9,9600,262,3.1990305520757216,224.01925802478013,17.232995904353324,0.0004997501249375312,234.1080338774406,3.781467647029011,0.0004997501249375312,4848,4848,0.6985628600000382,,,,
S2,0.9,9600,263,3.1782872607231076,220.1240256234723,16.65270697236217,0.0004997501249375312,231.8200263645331,3.786177261156863,0.0004997501249375312,4896,4800,0.5220439600002464,,,,
S2,0.9,9600,264,2.7766704450920145,203.28898979009944,15.645837442160673,0.0004997501249375312,223.6877336545142,3.8045612242377604,0.0004997501249375312,4896,4896,0.7503983770002378,,,,
S2,0.9,9600,265,3.1407869464407066,218.43164732114468,16.811618527024308,0.0004997501249375312,231.16993914765234,3.8445660680280533,0.0004997501249375312,4896,4848,0.8135834670001714,,,,
S2,0.9,9600,266,2.9316716275346697,193.63565793832984,15.72969396131033,0.0004997501249375312,213.39472669095085,3.786304338533295,0.0004997501249375312,5280,4848,0.5768319929998142,,,,
S2,0.9,9600,267,3.269996960677764,228.06988913254406,17.027357428065496,0.0004997501249375312,222.508408117495,3.7695108130582344,0.0004997501249375312,6000,4896,0.5642219740002474,,,,
S2,0.9,9600,268,3.2544640135206317,245.60335040375085,16.827806888048563,0.0004997501249375312,247.43066360269341,3.714063561382515,0.0004997501249375312,5376,4896,0.6027228019997892,,,,
S2,0.9,9600,269,2.9798191114863477,203.68853466710416,15.665357892737264,0.0004997501249375312,221.2246827751522,3.8739410395235594,0.0004997501249375312,5136,4896,0.6048764740003207,,,,
S2,0.9,9600,270,3.247913070800471,227.3140828812011,17.1415515624037,0.0004997501249375312,227.00090750743198,3.6500876265382067,0.0004997501249375312,5088,5088,0.7935951640001804,,,,
S2,0.9,9600,271,3.0197975073110896,205.94037720656394,15.937108689236192,0.0004997501249375312,221.35993117305307,3.8194897754961694,0.0004997501249375312,4848,4848,0.7952097509996747,,,,
S2,0.9,9600,272,3.084559270735184,234.90690154275387,16.61304982618207,0.0004997501249375312,243.62632342378703,3.914441545251699,0.0004997501249375312,5232,4800,0.5122557330000745,,,,
S2,0.9,9600,273,3.30063156169276,245.13400120612008,17.92551964773895,0.0004997501249375312,240.18960005944277,3.9303144903098852,0.0004997501249375312,4992,4848,0.5360221139999339,,,,
S2,0.9,9600,274,3.063193103964486,219.64982507260018,16.583883982609965,0.0004997501249375312,226.18532736042496,3.9079549658000645,0.0004997501249375312,4848,4800,0.5872068859998762,,,,
S2,0.9,9600,275,3.274313512701682,236.29648649608214,17.35950224938739,0.0004997501249375312,245.63042650187518,3.7958757374060506,0.0004997501249375312,5184,4848,0.6031198489999952,,,,
S2,0.9,9600,276,3.207217432503733,228.50434073150424,16.910144133715274,0.0004997501249375312,229.49346835824804,3.8013471393763285,0.0004997501249375312,5232,5040,0.6082680629997412,,,,
S2,0.9,9600,277,3.059733966390006,218.43094549762253,16.433735966126683,0.0004997501249375312,240.0659682659576,3.9039751032740724,0.0004997501249375312,4848,4848,0.6091103039998416,,,,
S2,0.9,9600,278,3.3322806480698266,229.38960143806213,17.30891126308826,0.0004997501249375312,225.54677467451367,3.7949375718462806,0.0004997501249375312,4800,4800,0.8424301750001177,,,,
S2,0.9,9600,279,3.2190049071070224,237.58435774828044,17.083603318287057,0.0004997501249375312,238.2992797776316,3.824902916183774,0.0004997501249375312,4800,4800,0.7938542710003276,,,,
S2,0.9,9600,280,3.038831838578269,214.33242915707214,16.43974879318608,0.0004997501249375312,232.18694514135063,3.866648979506962,0.0004997501249375312,4944,4944,0.5163499840000441,,,,
S2,0.9,9600,281,3.262861766601826,239.97897030411272,17.190911854824822,0.0004997501249375312,260.5498105778625,3.782749446621945,0.0004997501249375312,4944,4944,0.5289594289997694,,,,
S2,0.9,9600,282,3.22228854661264,215.08627604277726,16.88965320349492,0.0004997501249375312,217.52635269953225,3.820637645247097,0.0004997501249375312,4992,4800,0.6095448820001366,,,,
S2,0.9,9600,283,3.1270680204516226,213.45321584707068,16.340428430873946,0.0004997501249375312,221.95447107748052,3.8354340754386347,0.0004997501249375312,5040,4944,0.6017928049996044,,,,
S2,0.9,9600,284,3.106793870870478,225.46713071582016,16.434458219750475,0.0004997501249375312,235.19835067394166,3.88346648529446,0.0004997501249375312,5520,4944,0.6175585070000125,,,,
S2,0.9,9600,285,3.299597150843587,275.93833559806484,17.084274411434944,0.0004997501249375312,265.56735686463344,3.8255465527368293,0.0004997501249375312,5184,4992,0.5604064429999198,,,,
S2,0.9,9600,286,3.1570077313875227,216.72516184532782,16.55276737344949,0.0004997501249375312,227.47774945071524,3.9565631935992323,0.0004997501249375312,4800,4800,0.8053544690001218,,,,
S2,0.9,9600,287,3.053777513640223,199.37706270312177,16.404874338455375,0.0004997501249375312,220.92910094633584,3.8753819234551314,0.0004997501249375312,4800,4800,0.8186464269997487,,,,
S2,0.9,9600,288,3.1069240321368956,218.86880563910546,17.04551198560777,0.0004997501249375312,223.40929701974068,3.8617235303971684,0.0004997501249375312,5088,4848,0.5380497669998476,,,,
S2,0.9,9600,289,3.233444211668987,248.80793582992763,17.050987161710914,0.0004997501249375312,265.97529197545265,3.802717476417372,0.0004997501249375312,5088,4992,0.5182281799998236,,,,
S2,0.9,9600,290,2.9989719734484703,223.4983448651982,16.143349071278607,0.0004997501249375312,236.09859051928208,3.8407443494245896,0.0004997501249375312,5232,4896,0.5447135439999329,,,,
S2,0.9,9600,291,2.9896015729187795,209.94535530148892,15.934276562601966,0.0004997501249375312,221.93581897150514,3.805736686441188,0.0004997501249375312,4944,4800,0.5056119989999388,,,,
S2,0.9,9600,292,3.0198551862192295,221.69329779938846,16.49693968548652,0.0004997501249375312,230.40500615178863,3.938721802435803,0.0004997501249375312,4896,4848,0.5177590399998735,,,,
S2,0.9,9600,293,3.148529159389476,236.49287239441236,16.198591933109604,0.0004997501249375312,251.4476462638358,3.7047849288543153,0.0004997501249375312,4896,4896,0.5099535019999166,,,,
S2,0.9,9600,294,3.0975323857770034,231.41437692787017,16.518274966325897,0.0004997501249375312,249.0628164163885,3.820724378856127,0.0004997501249375312,5376,4896,0.5129910890000247,,,,
S2,0.9,9600,295,3.1558401595688483,239.06495049413257,16.859209831521376,0.0004997501249375312,245.55014850202696,3.903531513987759,0.0004997501249375312,4896,4896,0.5113029600001937,,,,
S2,0.9,9600,296,3.0562825563771225,203.16289072177386,16.336833006489776,0.0004997501249375312,211.66038859825338,3.8287608590933653,0.0004997501249375312,4848,4848,0.8166148989998874,,,,
S2,0.9,9600,297,3.094964785678524,230.50227861154082,16.449375052463772,0.0004997501249375312,252.11046474136717,3.771711134769071,0.0004997501249375312,4848,4848,0.8177948470001866,,,,
S2,0.9,9600,298,3.3254789262825484,237.9411812739086,17.38685514505004,0.0004997501249375312,243.965015447123,3.8031002972027133,0.0004997501249375312,4800,4944,0.5227819490000911,,,,
S2,0.9,9600,299,3.200568385600905,225.76474240384425,16.58925443347076,0.0004997501249375312,229.20869769459662,3.793739616642779,0.0004997501249375312,4848,4848,0.5265870600001108,,,,
S2,0.9,9600,300,3.025247979757842,221.93855114762187,16.063834005402914,0.0004997501249375312,243.33816001001478,3.7928459673361345,0.0004997501249375312,4800,4800,0.518657100999917,,,,
S2,0.9,9600,301,3.1165625301766346,234.66603659595577,16.482426918941066,0.0004997501249375312,256.1650542583071,3.795829782189321,0.0004997501249375312,4800,4800,0.5099267999999029,,,,
S2,0.9,9600,302,3.0813138385108205,229.08543510208688,16.373544100854527,0.0004997501249375312,247.76418996679965,3.749223621755411,0.0004997501249375312,4800,4800,0.5108205559999988,,,,
S2,0.9,9600,303,2.919520927209701,202.8652894621432,16.247072753755415,0.0004997501249375312,226.87690071500313,3.7901054741945615,0.0004997501249375312,4944,4944,0.5046379119999074,,,,
S2,0.9,9600,304,3.2988894008272593,248.0508603396589,17.197325792759234,0.0004997501249375312,253.10049141386128,3.776350856596486,0.0004997501249375312,4896,4848,0.7900380770001902,,,,
S2,0.9,9600,305,3.098956738040627,235.01802567297614,16.791863008077513,0.0004997501249375312,236.40460777277843,3.8809919718640264,0.0004997501249375312,5136,4848,0.8039871129999483,,,,
S2,0.9,9600,306,3.1281034892103885,235.69520274785248,16.445295720486037,0.0004997501249375312,251.6688748290525,3.7845206730888266,0.0004997501249375312,5376,4944,0.5112725240001055,,,,
S2,0.9,9600,307,2.997106753082748,211.9622162448507,16.51360275830285,0.0004997501249375312,224.5407894478406,3.760270236047674,0.0004997501249375312,5280,4848,0.5150775410002097,,,,
S2,0.9,9600,308,3.0252875414427804,206.7628386593078,16.098286996108445,0.0004997501249375312,211.72583455955893,3.8497926979212314,0.0004997501249375312,5040,4848,0.5165724589996898,,,,
S2,0.9,9600,309,3.1195928485669695,222.05200844527351,16.272882861457,0.0004997501249375312,228.51573555633146,3.8454308067492584,0.0004997501249375312,4896,4944,0.5168845960001818,,,,
S2,0.9,9600,310,3.0412389968272113,232.98432638066146,16.38177953775265,0.0004997501249375312,247.9905914317655,3.810731584718117,0.0004997501249375312,5088,4896,0.5195771529997728,,,,
S2,0.9,9600,311,3.1018557722410276,235.08884250227203,16.00359251252074,0.0004997501249375312,253.74557931188693,3.773961138846969,0.0004997501249375312,5136,4896,0.5154458850001902,,,,
S2,0.9,9600,312,3.084111980595307,219.21505675982684,16.441819928111688,0.0004997501249375312,232.97659632580468,3.8236352192147365,0.0004997501249375312,5088,4800,0.7883887810003216,,,,
S2,0.9,9600,313,3.1557290063962884,235.72597120933858,16.596717995880827,0.0004997501249375312,260.4841780149528,3.839917474672648,0.0004997501249375312,4848,4848,0.7970174580000275,,,,
S2,0.9,9600,314,3.2176504421902288,240.52595967707768,16.933630265613647,0.0004997501249375312,240.8007895344115,3.757966642765144,0.0004997501249375312,5088,4848,0.5207650050001575,,,,
S2,0.9,9600,315,3.031078862773076,223.62472487210937,16.445031405642943,0.0004997501249375312,236.4248891735557,3.822037431163582,0.0004997501249375312,4992,4800,0.5186525439999059,,,,
S2,0.9,9600,316,3.0365206397192233,233.15620134810348,16.410209735146186,0.0004997501249375312,260.65926080576077,3.7628825413185982,0.0004997501249375312,5184,4800,0.5116024889998698,,,,
S2,0.9,9600,317,3.164591510419984,210.1096341322116,16.620098480953907,0.0004997501249375312,219.84046290988368,3.755722144218612,0.0004997501249375312,4944,4944,0.5111034460001065,,,,
S2,0.9,9600,318,3.094712161562872,219.3611752356199,16.544516518773644,0.0004997501249375312,236.3567355030966,3.9477962348090765,0.0004997501249375312,4992,4800,0.8266195000001062,,,,
S2,0.9,9600,319,3.0665799405526024,251.04624467246052,16.698493706728947,0.0004997501249375312,265.9014391292019,3.849377382143309,0.0004997501249375312,5520,4800,0.7968297170000369,,,,
S2,0.9,9600,320,3.1168633368996486,229.3252012156505,16.131085224557044,0.0004997501249375312,236.87876052343614,3.864249820757661,0.0004997501249375312,5520,4800,0.5237171959997795,,,,
S2,0.9,9600,321,3.122227679516378,197.61257661176373,16.626173933860493,0.0004997501249375312,215.24492200431936,3.774514516821512,0.0004997501249375312,4896,4896,0.5177514179999889,,,,
S2,0.9,9600,322,3.291242598320209,229.1521198406384,17.1077807382247,0.0004997501249375312,236.90140742459317,3.6944174280641096,0.0004997501249375312,5376,4992,0.5265982430000804,,,,
S2,0.9,9600,323,3.1184813933948132,232.25537881867265,16.885803212918624,0.0004997501249375312,244.15529659772272,3.808865603267383,0.0004997501249375312,4944,4800,0.5105607360001159,,,,
S2,0.9,9600,324,3.1541663458806926,238.66727349993914,17.183660729448537,0.0004997501249375312,254.1998427444796,3.797091850253531,0.0004997501249375312,4944,4848,0.5236789780001345,,,,
S2,0.9,9600,325,3.153163455174235,209.03986410776483,16.654526630875512,0.0004997501249375312,225.60814893480756,3.7355687971623976,0.0004997501249375312,4800,4800,0.5171819819997836,,,,
S2,0.9,9600,326,3.1201018299977785,232.82771151048095,16.55794320044059,0.0004997501249375312,252.0323213501761,3.8385970219751298,0.0004997501249375312,4896,4848,0.5143041419996734,,,,
S2,0.9,9600,327,3.317933363604886,203.39818778401258,17.433432613042097,0.0004997501249375312,196.171325943793,3.839646187627456,0.0004997501249375312,4992,4800,0.5290134540000508,,,,
S2,0.9,9600,328,2.994390696194193,202.1553982478949,16.053138226357632,0.0004997501249375312,216.42208956373221,3.77480263293617,0.0004997501249375312,4848,4800,0.7964974860001348,,,,
S2,0.9,9600,329,3.0441228124577986,229.71577543112966,16.665261713864187,0.0004997501249375312,248.52478080080311,3.8104352026275365,0.0004997501249375312,4896,4896,0.7882355530000495,,,,
S2,0.9,9600,330,3.138112972437401,219.38678225973408,16.685168797524287,0.0004997501249375312,232.0912313199661,3.8133334295649117,0.0004997501249375312,5040,4848,0.5212309119997371,,,,
S2,0.9,9600,331,3.064621404790732,245.19352034613715,16.48957443072297,0.0004997501249375312,261.00509548969626,3.765369416925547,0.0004997501249375312,5088,4896,0.5209136830003445,,,,
S2,0.9,9600,332,3.165713684858575,229.61408234082054,17.054595299181297,0.0004997501249375312,236.9055362489183,3.8412371977592823,0.0004997501249375312,5040,4800,0.5170071160000589,,,,
S2,0.9,9600,333,3.2140579816462216,205.13921682612119,16.905740325292903,0.0004997501249375312,220.0626321108438,3.6665626375858213,0.0004997501249375312,4896,4896,0.5658315400000902,,,,
S2,0.9,9600,334,3.0232922832554077,219.35389366766773,16.433883932922967,0.0004997501249375312,249.30909671866905,3.7815843989340276,0.0004997501249375312,4896,4896,0.5183045490002769,,,,
S2,0.9,9600,335,3.031332729653543,220.4637417577331,16.30309480059557,0.0004997501249375312,226.40629877992447,3.888361409850193,0.0004997501249375312,4800,4800,0.6147733590000826,,,,
S2,0.9,9600,336,3.2728049466196283,241.61765788968762,17.230567218296432,0.0004997501249375312,250.94051689491778,3.74543568313502,0.0004997501249375312,5616,4848,0.8116091639999468,,,,
S2,0.9,9600,337,3.1086348145806255,228.98021191793018,16.69475204739833,0.0004997501249375312,241.18116829183504,3.814649249497289,0.0004997501249375312,4848,4896,0.8284808120001799,,,,
S2,0.9,9600,338,2.97330994959896,205.03544260676045,16.303581850351417,0.0004997501249375312,215.3300461688784,3.833166972173455,0.0004997501249375312,4944,4800,0.5227685119998569,,,,
S2,0.9,9600,339,3.1031688347442974,227.52435048348332,16.26236307600468,0.0004997501249375312,242.5054360430307,3.8015059245012917,0.0004997501249375312,4800,4800,0.5181247499999699,,,,
S2,0.9,9600,340,3.165992112936138,242.0698257183281,16.597210011614976,0.0004997501249375312,252.37958060247448,3.7614161219785465,0.0004997501249375312,5040,4896,0.6033374720000211,,,,
S2,0.9,9600,341,3.233142031728423,230.34035732055435,16.734304394796453,0.0004997501249375312,242.58340572881195,3.6934279471263354,0.0004997501249375312,5472,4800,0.5900872060001348,,,,
S2,0.9,9600,342,3.2007112806197777,215.76021586394774,17.085832752043576,0.0004997501249375312,217.2626347862394,3.776462131550424,0.0004997501249375312,4800,4800,0.581539679999878,,,,
S2,0.9,9600,343,3.151194914464465,247.2266039375771,16.6602812208844,0.0004997501249375312,251.36871241444874,3.795508092019813,0.0004997501249375312,5088,4944,0.5968440009996812,,,,
S2,0.9,9600,344,3.130779934436358,230.6950934389906,16.215808349286895,0.0004997501249375312,251.01242471912863,3.803443881546033,0.0004997501249375312,4896,4800,0.8214202889998887,,,,
S2,0.9,9600,345,3.04908800431944,222.5363190469777,16.08908680912499,0.0004997501249375312,228.45858392320253,3.7810112637766693,0.0004997501249375312,5328,4992,0.7982608689999324,,,,
S2,0.9,9600,346,2.9955940167884525,226.6844552675515,16.170696603325,0.0004997501249375312,238.457198106824,3.8234541432906703,0.0004997501249375312,4800,4800,0.5182090719999906,,,,
S2,0.9,9600,347,2.9598066642009107,227.11627013111695,15.879287144144078,0.0004997501249375312,236.18447168464022,3.865801087643485,0.0004997501249375312,4800,4800,0.5022740940003132,,,,
S2,0.9,9600,348,3.0631383775571743,218.74415263634447,16.26224255894444,0.0004997501249375312,239.3633460487854,3.800000264927626,0.0004997501249375312,4848,4848,0.5743790930000614,,,,
S2,0.9,9600,349,3.2170257192844627,227.84599399166953,16.96836724991772,0.0004997501249375312,242.69632779889545,3.9061912077579826,0.0004997501249375312,5280,4800,0.5556082130001414,,,,
S2,0.9,9600,350,3.018459492971333,217.352244672531,16.250584420809027,0.0004997501249375312,226.4784716862727,3.766289432873665,0.0004997501249375312,4896,4896,0.5688885530003063,,,,
S2,0.9,9600,351,3.1898636468420585,223.99467860145575,16.726211646926096,0.0004997501249375312,236.65263309745163,3.858752818972563,0.0004997501249375312,4896,4800,0.528014049000376,,,,
S2,0.9,9600,352,3.2602766270432864,199.17429654037093,16.983612105496416,0.0004997501249375312,206.3302297175151,3.7661874047339725,0.0004997501249375312,4800,4800,0.5928426799996487,,,,
S2,0.9,9600,353,3.1819293836174114,220.03503867448694,16.825040689153916,0.0004997501249375312,234.74108865059355,3.8767212359871954,0.0004997501249375312,4944,4800,0.8265780330002599,,,,
S2,0.9,9600,354,3.074253047993024,242.25356912907387,16.558437086120627,0.0004997501249375312,244.08568906458072,3.9019954206066148,0.0004997501249375312,4896,4896,0.8261990030000561,,,,
S2,0.9,9600,355,3.181178082545563,221.52576653977385,17.055415109096312,0.0004997501249375312,226.26220677143024,3.820779801845488,0.0004997501249375312,5088,4896,0.7976519910002935,,,,
S2,0.9,9600,356,2.889403768399168,195.803255769675,15.446857758753564,0.0004997501249375312,214.77963709632027,3.8007663184240625,0.0004997501249375312,5280,4800,0.5147128339999654,,,,
S2,0.9,9600,357,3.1701716981681933,245.46782066470598,16.836640175141568,0.0004997501249375312,255.69791352364905,3.790018570278632,0.0004997501249375312,4800,4800,0.5132780960002492,,,,
S2,0.9,9600,358,3.166654639443192,217.71850322989798,16.638118354007513,0.0004997501249375312,227.3712890303948,3.744482513515636,0.0004997501249375312,5232,4800,0.5190660429998388,,,,
S2,0.9,9600,359,3.1520884625480106,214.0666200610286,16.564321020210905,0.0004997501249375312,213.46219093341657,3.822602882910117,0.0004997501249375312,5232,4800,0.5202995300001021,,,,
S2,0.9,9600,360,3.2153697430673085,245.32321723331003,16.946690209021725,0.0004997501249375312,247.6500057171256,3.7542370809433536,0.0004997501249375312,5280,4992,0.8008127850002893,,,,
S2,0.9,9600,361,3.038080528564862,210.18654786969861,16.567578600296063,0.0004997501249375312,223.17667311973497,3.929057270000199,0.0004997501249375312,4800,4944,0.7874202810003226,,,,
S2,0.9,9600,362,3.2446291941920693,227.83715045229113,17.661486145932283,0.0004997501249375312,224.7797649850907,3.8382489505073103,0.0004997501249375312,4896,4896,0.5230608570000186,,,,
S2,0.9,9600,363,3.196451142221901,242.81642192799708,16.62980206614954,0.0004997501249375312,247.4267690285576,3.7829721628515682,0.0004997501249375312,4800,4848,0.5233843689998139,,,,
S2,0.9,9600,364,3.055605274031214,222.04123102182106,16.091211058059443,0.0004997501249375312,242.68176205191912,3.865007584913333,0.0004997501249375312,5376,4800,0.8214779729996735,,,,
S2,0.9,9600,365,3.0762627069385404,230.49818991521033,16.522239514822456,0.0004997501249375312,239.81985533641748,3.831930695239823,0.0004997501249375312,4848,4800,0.8092595020002591,,,,
S2,0.9,9600,366,3.2682172261692384,230.09193255114545,17.184917117837525,0.0004997501249375312,229.8275866662942,3.7284520116493662,0.0004997501249375312,5184,4800,0.5253371389999302,,,,
S2,0.9,9600,367,3.0311333084805177,218.85902921557897,16.33692022184123,0.0004997501249375312,239.2971670073577,3.9225035504207915,0.0004997501249375312,5712,4800,0.5204438450000453,,,,
S2,0.9,9600,368,3.0891186466698732,224.570727227426,16.529759339472893,0.0004997501249375312,230.8728341392139,3.8168058581782125,0.0004997501249375312,5424,4848,0.5176430900000923,,,,
S2,0.9,9600,369,3.21312369612489,234.249965918098,17.167581363352866,0.0004997501249375312,250.51781393340468,3.7961991032724987,0.0004997501249375312,4800,4800,0.5339594020001641,,,,
S2,0.9,9600,370,3.2322637442771076,227.30447220039363,16.824302503709436,0.0004997501249375312,228.96657626342363,3.791180909704141,0.0004997501249375312,5184,4896,0.8202954500002306,,,,
S2,0.9,9600,371,3.0700763414917307,223.3968557830174,16.263472188192967,0.0004997501249375312,226.92763726569945,3.8220770028871525,0.0004997501249375312,4800,4800,0.8283234299997275,,,,
S2,0.9,9600,372,3.0840769319357864,237.33784326466093,16.08686015095981,0.0004997501249375312,254.74102688476495,3.9210300458101104,0.0004997501249375312,4848,4848,0.8297747550000167,,,,
S2,0.9,9600,373,3.084052474738671,216.9242584700918,16.409078390055583,0.0004997501249375312,226.19390569579156,3.8705530604578735,0.0004997501249375312,4944,4800,0.8300284090000787,,,,
S2,0.9,9600,374,3.009892665238749,190.18955011315742,15.990345254887353,0.0004997501249375312,205.70484380470648,3.797385252011091,0.0004997501249375312,4992,4848,0.5268275819998962,,,,
S2,0.9,9600,375,3.2346076095173837,215.94263854959217,17.243242162703677,0.0004997501249375312,219.21177104597928,3.793652968745638,0.0004997501249375312,5040,4896,0.5145266939998692,,,,
S2,0.9,9600,376,3.0113361258081097,207.72880745134546,16.260048338100106,0.0004997501249375312,217.45077398305062,3.7687201339255902,0.0004997501249375312,4896,4800,0.5102247899999384,,,,
S2,0.9,9600,377,3.147574604560759,220.48312601775635,16.463720865279058,0.0004997501249375312,233.40717922516984,3.674770143695511,0.0004997501249375312,4800,4800,0.5220047699999668,,,,
S2,0.9,9600,378,3.050382670273839,214.07196071100003,16.060331400036027,0.0004997501249375312,228.75493321083957,3.8295351041955765,0.0004997501249375312,4800,4800,0.7929296970000905,,,,
S2,0.9,9600,379,3.0885739651505126,222.7848514209873,16.42535085593676,0.0004997501249375312,240.97439100710773,3.8687792365358322,0.0004997501249375312,4992,4896,0.8217248700002528,,,,
S2,0.9,9600,380,3.258190690335798,213.44616026712941,16.93943771110893,0.0004997501249375312,214.54468706035547,3.835807762063052,0.0004997501249375312,4800,4800,0.7888450610003019,,,,
S2,0.9,9600,381,3.1525330623637027,214.4681793900708,16.7072144826407,0.0004997501249375312,220.50380867257675,3.839473438901301,0.0004997501249375312,4944,4944,0.8184597640001812,,,,
S2,0.9,9600,382,3.2921366720257654,216.48552282528044,17.197721729927288,0.0004997501249375312,225.24709590157465,3.7624127888388506,0.0004997501249375312,4800,4800,0.5194037659998685,,,,
S2,0.9,9600,383,3.173391577923684,227.51346820119653,16.59764035772067,0.0004997501249375312,239.33691897987094,3.8039548982051716,0.0004997501249375312,5280,4896,0.5249686410002141,,,,
S2,0.9,9600,384,3.1000163073214115,203.8248085607297,16.510340210432407,0.0004997501249375312,218.2816148623542,3.8387668200545377,0.0004997501249375312,4944,4848,0.5143140079999284,,,,
S2,0.9,9600,385,3.060450373857613,211.5272124084494,16.682647579860397,0.0004997501249375312,222.34848908018347,3.7605616236828046,0.0004997501249375312,5088,4896,0.5160931770001298,,,,
S2,0.9,9600,386,3.147814282626683,229.36776280490278,16.624282083161095,0.0004997501249375312,241.73751455518624,3.875468807620831,0.0004997501249375312,5424,4896,0.8745864840002469,,,,
S2,0.9,9600,387,3.22131751019972,214.89231795306046,16.998561764734514,0.0004997501249375312,216.3623056920143,3.712123469364855,0.0004997501249375312,6144,4848,0.8440230969999902,,,,
S2,0.9,9600,388,3.214979805775124,236.98715368203176,17.117771221800744,0.0004997501249375312,246.8249821920533,3.8259141196438393,0.0004997501249375312,5280,4848,0.8542849390000811,,,,
S2,0.9,9600,389,3.093741016920795,214.94121642697323,16.342776165247734,0.0004997501249375312,228.5573729479764,3.8345651938266543,0.0004997501249375312,5520,4896,0.8681207399999948,,,,
S2,0.9,9600,390,3.213918252327051,239.62957050725217,16.798165082934485,0.0004997501249375312,249.95410824389194,3.8112250102931773,0.0004997501249375312,5664,4896,0.5223527999996804,,,,
S2,0.9,9600,391,3.116906545276379,216.73177111010062,15.989336237569791,0.0004997501249375312,235.63004111454748,3.814328344890641,0.0004997501249375312,4800,4800,0.5160508359999767,,,,
S2,0.9,9600,392,3.31273798186114,215.51004067918996,17.52371788451079,0.0004997501249375312,205.0833011936503,3.774920067714642,0.0004997501249375312,4896,4800,0.5303415220000716,,,,
S2,0.9,9600,393,3.0846709693060905,220.43677338069318,16.187619739471685,0.0004997501249375312,237.46982790343628,3.8216596558925,0.0004997501249375312,5568,4848,0.5087589889999435,,,,
S2,0.9,9600,394,3.2066774380807113,226.01223910791717,17.079434214401896,0.0004997501249375312,237.71135835169108,3.863513838955779,0.0004997501249375312,4848,4848,0.712489382000058,,,,
S2,0.9,9600,395,3.2510369976917706,223.53855547303533,17.357054283431037,0.0004997501249375312,226.88528629243183,3.8132387499354086,0.0004997501249375312,5184,4848,0.6624018640000031,,,,
S2,0.9,9600,396,2.9874247004324395,195.2814074057997,15.864325497928613,0.0004997501249375312,216.49870055272928,3.837727152158508,0.0004997501249375312,4800,4800,0.8193765149999308,,,,
S2,0.9,9600,397,3.233077263983975,226.1358156490708,16.977340455832806,0.0004997501249375312,227.37380736957616,3.8033673582401777,0.0004997501249375312,4800,4848,0.8022999519998848,,,,
S2,0.9,9600,398,3.0500758521845373,220.99603093003057,16.36420977381904,0.0004997501249375312,227.85953439319238,3.7519069737696813,0.0004997501249375312,5136,4800,0.5211621560001731,,,,
S2,0.9,9600,399,3.193950342082623,214.515117770021,16.611023989833747,0.0004997501249375312,224.0732663897581,3.8229570401987414,0.0004997501249375312,5040,5040,0.5304330740000296,,,,
S2,0.9,9600,400,3.2115091414453345,221.9813668433637,16.631113363947783,0.0004997501249375312,229.00414931396546,3.824605504746809,0.0004997501249375312,4944,4848,0.5184482650001883,,,,
S2,0.9,9600,401,3.1969040841058534,257.68177406889754,16.977176214284697,0.0004997501249375312,265.06790309287595,3.8310104953774338,0.0004997501249375312,4848,4848,0.5311523360001047,,,,
S2,0.9,9600,402,3.07216926948958,201.45793861933737,16.621258863413004,0.0004997501249375312,202.3921746241054,3.873504391325703,0.0004997501249375312,5088,4800,0.8135904269997809,,,,
S2,0.9,9600,403,3.000202160357207,209.90692886215783,16.243552767888126,0.0004997501249375312,234.08543855322876,3.8811872090135116,0.0004997501249375312,4800,4800,0.8005505870000889,,,,
S2,0.9,9600,404,2.953687192764389,221.1555814089207,16.00282922023583,0.0004997501249375312,232.91737441194326,3.82603247971866,0.0004997501249375312,4896,4848,0.8018459419999999,,,,
S2,0.9,9600,405,3.2272038771721574,235.9497411046418,17.355839844616376,0.0004997501249375312,246.56795039604134,3.7930270424766888,0.0004997501249375312,5280,4992,0.8051716049999413,,,,
S2,0.9,9600,406,3.1455825460237103,196.85865685212818,16.615496973115494,0.0004997501249375312,194.09116573984338,3.858201200009002,0.0004997501249375312,4848,4944,0.517346250999708,,,,
S2,0.9,9600,407,3.1279664019997973,225.00785453262506,16.570094497286238,0.0004997501249375312,241.03299849709106,3.8893852839948786,0.0004997501249375312,4944,4848,0.5118655559999752,,,,
S2,0.9,9600,408,3.3986972010381358,240.58620315204402,17.796154206854432,0.0004997501249375312,243.14872044921933,3.721756236522222,0.0004997501249375312,4848,4848,0.5304434800000308,,,,
S2,0.9,9600,409,3.238616776695407,241.54790190324053,16.499044940803078,0.0004997501249375312,248.96450637796292,3.822828529122562,0.0004997501249375312,5472,4800,0.5173588950001431,,,,
S2,0.9,9600,410,3.074215416759047,223.16912031596624,16.693279164409848,0.0004997501249375312,228.2617984223605,3.90535583082938,0.0004997501249375312,5088,4992,0.8166086800001722,,,,
S2,0.9,9600,411,2.977944975597254,233.82918824581967,16.227091221514574,0.0004997501249375312,247.46995166534373,3.8705654115440544,0.0004997501249375312,5040,4848,0.8163456739998765,,,,
S2,0.9,9600,412,3.0440018160180964,239.9768245592685,16.88719990211861,0.0004997501249375312,257.98273981274764,3.875499139438205,0.0004997501249375312,4848,4848,0.803659221000089,,,,
S2,0.9,9600,413,3.2649370589703315,241.22318079783653,17.11915012866703,0.0004997501249375312,253.37293154457154,3.763266059372013,0.0004997501249375312,4800,4944,0.8127090439998028,,,,
S2,0.9,9600,414,3.2061070058684003,230.85168939471978,16.934727285953404,0.0004997501249375312,244.9383649844982,3.783272776756809,0.0004997501249375312,4848,4800,0.5200035100001514,,,,
S2,0.9,9600,415,3.171113218824471,229.75560845359288,16.699540298925335,0.0004997501249375312,232.66275756757784,3.8149109162550316,0.0004997501249375312,4848,4848,0.5173366849999184,,,,
S2,0.9,9600,416,3.213908253912152,208.64533648683607,16.793588658422923,0.0004997501249375312,211.67417167233975,3.8089353254215226,0.0004997501249375312,4848,4848,0.526567458000045,,,,
S2,0.9,9600,417,3.2652588357503687,249.63151231412579,16.724359887358457,0.0004997501249375312,264.700695549876,3.8234053757891835,0.0004997501249375312,5232,4800,0.5108223499996711,,,,
S2,0.9,9600,418,3.2738252260259935,238.87484787261053,17.128154666181153,0.0004997501249375312,239.6504469073325,3.8032612343107117,0.0004997501249375312,4944,4944,0.7902445299996543,,,,
S2,0.9,9600,419,3.315345511782323,224.18006670926687,17.307852105864473,0.0004997501249375312,237.9605341339303,3.8665765204719893,0.0004997501249375312,4800,4800,0.8529377049999312,,,,
S2,0.9,9600,420,3.198162709299946,245.27622955978663,16.746168565239536,0.0004997501249375312,242.2512473941588,3.8762719105020658,0.0004997501249375312,5232,4944,0.8018859860003431,,,,
S2,0.9,9600,421,2.9454959533921943,223.10431054288742,15.700264848728175,0.0004997501249375312,240.15094744965145,3.815874133909047,0.0004997501249375312,4944,4896,0.8135804159996951,,,,
S2,0.9,9600,422,3.0863969084225817,232.9261931292923,16.8212802359158,0.0004997501249375312,247.32119167145936,3.891147474824129,0.0004997501249375312,5280,4848,0.5161638980002863,,,,
S2,0.9,9600,423,3.0747955841055763,220.3667363172003,16.5473616013181,0.0004997501249375312,234.23253240058915,3.798722944471832,0.0004997501249375312,4848,4800,0.519364348000181,,,,
S2,0.9,9600,424,3.1011434712473154,217.4090470899319,16.558497872743654,0.0004997501249375312,230.71275082492795,3.786570833559804,0.0004997501249375312,5856,4800,0.5078153949998523,,,,
S2,0.9,9600,425,3.049941602008684,236.17144633837876,16.457502995741642,0.0004997501249375312,253.5584206531565,3.786827134287152,0.0004997501249375312,4896,4896,0.5207828920001702,,,,
S2,0.9,9600,426,3.1937705448439875,209.56884309998654,16.679134769180177,0.0004997501249375312,212.54401654294773,3.6911082510889863,0.0004997501249375312,5088,4848,0.548093475999849,,,,
S2,0.9,9600,427,3.1826694198819965,240.18445258712848,16.688955275313713,0.0004997501249375312,257.91991129373235,3.7465656668765095,0.0004997501249375312,4944,4944,0.523414406000029,,,,
S2,0.9,9600,428,3.185582893631356,241.21574976862334,16.818024505845827,0.0004997501249375312,252.64182873119103,3.8617795639979793,0.0004997501249375312,4992,4848,0.512479563999932,,,,
S2,0.9,9600,429,3.1553614132484196,255.62989629598164,16.76855779002425,0.0004997501249375312,279.30372414806345,3.785978725466149,0.0004997501249375312,4944,4896,0.52203125799997,,,,
S2,0.9,9600,430,3.2295005749193626,217.47554650860758,16.830871328771764,0.0004997501249375312,220.15455999670473,3.8202502289794715,0.0004997501249375312,4896,4800,0.5242838500003018,,,,
S2,0.9,9600,431,3.1512032918934754,230.3830685933112,16.284633055827083,0.0004997501249375312,245.8438298864418,3.8169481191746653,0.0004997501249375312,4944,4944,0.512955606000105,,,,
S2,0.9,9600,432,3.165933696760085,213.72250620930083,16.822087116029365,0.0004997501249375312,216.85499996637313,3.7525865097904196,0.0004997501249375312,5472,4848,0.7901569880000352,,,,
S2,0.9,9600,433,3.202454340329128,242.58408245605594,16.98697829348633,0.0004997501249375312,248.7582098323356,3.8533888500917546,0.0004997501249375312,4800,4800,0.802619754999796,,,,
S2,0.9,9600,434,3.2272201980351323,235.41513663134907,17.31793433647261,0.0004997501249375312,237.40244013799975,3.785331011118402,0.0004997501249375312,5040,4800,0.5125593140001001,,,,
S2,0.9,9600,435,3.1216442322323643,221.14398021752044,16.83169799980377,0.0004997501249375312,231.44895651873168,3.8045649546553912,0.0004997501249375312,5712,4848,0.5069306650002545,,,,
S2,0.9,9600,436,3.299277680446948,222.10801253335333,17.2905839582217,0.0004997501249375312,222.99907243682313,3.77727496691352,0.0004997501249375312,5040,4896,0.516999591000058,,,,
S2,0.9,9600,437,3.2357598861849377,215.76110212778661,17.02145470175746,0.0004997501249375312,209.02045167474884,3.820242603028112,0.0004997501249375312,5136,4992,0.5108324269999684,,,,
S2,0.9,9600,438,3.284111338792257,230.55926912520073,17.287305821607656,0.0004997501249375312,234.3387115322393,3.7658487527684024,0.0004997501249375312,4992,4896,0.5267382950000865,,,,
S2,0.9,9600,439,3.292321893544488,231.320446425123,17.111917716094574,0.0004997501249375312,227.12090648934694,3.6950351538400645,0.0004997501249375312,5088,4944,0.6089976090001983,,,,
S2,0.9,9600,440,3.180921545068188,205.45873518303168,17.04543115092928,0.0004997501249375312,212.26590726007467,3.8039845816800812,0.0004997501249375312,4944,4848,0.8002766730000985,,,,
S2,0.9,9600,441,3.1665912602138118,215.736751086896,16.951098749184013,0.0004997501249375312,229.6949046943181,3.8087689153902096,0.0004997501249375312,5088,4848,0.7998845699999038,,,,
S2,0.9,9600,442,3.2447870260638334,218.91458058063458,17.623478369127763,0.0004997501249375312,221.85936168151443,3.8288269947785185,0.0004997501249375312,5040,4800,0.5275405249999494,,,,
S2,0.9,9600,443,3.371481593621678,228.70661449808125,17.621384345844398,0.0004997501249375312,227.52360858723426,3.8529233002345626,0.0004997501249375312,4800,4800,0.523805024000012,,,,
S2,0.9,9600,444,3.3036983741286057,253.4567564799534,17.050032610572092,0.0004997501249375312,250.7310575906755,3.8140212143050953,0.0004997501249375312,5184,4944,0.5302756809996936,,,,
S2,0.9,9600,445,3.2814484402344513,245.74530687160885,17.071573840366128,0.0004997501249375312,252.60692880209388,3.736875832659128,0.0004997501249375312,5280,4800,0.5218036870001015,,,,
S2,0.9,9600,446,3.1788016019952297,206.66151649558827,16.818363205514824,0.0004997501249375312,209.49906755744598,3.7312291256943486,0.0004997501249375312,4992,4896,0.7816932870000528,,,,
S2,0.9,9600,447,3.128057298983063,210.6283332770771,16.39884914034959,0.0004997501249375312,224.12869168477172,3.7886358454240745,0.0004997501249375312,5280,5040,0.8089694469999813,,,,
S2,0.9,9600,448,3.0137778521620358,200.9504695073801,16.43024100112131,0.0004997501249375312,213.8368384506425,3.8850662584023583,0.0004997501249375312,4800,4848,0.5131717540002683,,,,
S2,0.9,9600,449,3.15450205451539,243.08924282287936,16.9463829487836,0.0004997501249375312,243.1167587646601,3.8271004623763436,0.0004997501249375312,5232,4848,0.513648645000103,,,,
S2,0.9,9600,450,3.238455418604027,227.8069673568012,16.874867446203027,0.0004997501249375312,230.05732648349462,3.776775640763237,0.0004997501249375312,4992,4800,0.5218545460002133,,,,
S2,0.9,9600,451,3.258826996832151,230.24321543429662,17.11091394925529,0.0004997501249375312,230.62103550866166,3.805833405240712,0.0004997501249375312,5280,4992,0.5641036410002016,,,,
S2,0.9,9600,452,3.1209488618265104,239.7252419287259,16.383086701632827,0.0004997501249375312,247.00024813054685,3.772770732184308,0.0004997501249375312,5472,4896,0.5155781509997723,,,,
S2,0.9,9600,453,3.03450721586456,234.05852042479225,16.436986251370737,0.0004997501249375312,241.14363916309804,3.8978573345230134,0.0004997501249375312,4800,4800,0.5505788229997961,,,,
S2,0.9,9600,454,3.121938464533528,231.57731931345805,16.52120960725394,0.0004997501249375312,245.02051842172858,3.8087942690418974,0.0004997501249375312,4896,4800,0.8156214250002449,,,,
S2,0.9,9600,455,3.2309273351759056,213.8821315673023,16.995392677375264,0.0004997501249375312,222.2976588129966,3.7088689563444617,0.0004997501249375312,4944,4848,0.810582637999687,,,,
S2,0.9,9600,456,3.140636123313979,219.3855573250012,16.46232766545619,0.0004997501249375312,223.47421494759004,3.715548523144213,0.0004997501249375312,4800,4800,0.5095024740003282,,,,
S2,0.9,9600,457,3.186372758928581,211.3838774914368,16.59289207324026,0.0004997501249375312,222.01581771231758,3.8533451910769854,0.0004997501249375312,5040,4800,0.523398809000355,,,,
S2,0.9,9600,458,3.0387606635968774,215.10074177375458,16.525816912317964,0.0004997501249375312,227.81989071913918,3.8169016909527755,0.0004997501249375312,4800,4800,0.5241113449997101,,,,
S2,0.9,9600,459,3.2039680091094014,228.14204783730796,16.429855725893766,0.0004997501249375312,237.71895205990896,3.8027902233154096,0.0004997501249375312,4896,4896,0.557892622000054,,,,
S2,0.9,9600,460,3.014952648923256,207.67223647412942,16.3448532283715,0.0004997501249375312,219.88567035698665,3.857538787229775,0.0004997501249375312,4896,4848,0.5155058269997426,,,,
S2,0.9,9600,461,3.0819587129793766,245.40050824099774,16.474918246844336,0.0004997501249375312,266.0841377019002,3.7833331350507233,0.0004997501249375312,5232,4800,0.5206441329996778,,,,
S2,0.9,9600,462,3.1402296506271474,226.38860096256082,16.85905931043189,0.0004997501249375312,232.31598008850398,3.9102151079988885,0.0004997501249375312,4800,4800,0.8178865810000389,,,,
S2,0.9,9600,463,3.159370286949076,223.76738473601864,16.722708074807183,0.0004997501249375312,232.76235062380363,3.923409454056113,0.0004997501249375312,5232,4848,0.8221540250001453,,,,
S2,0.9,9600,464,3.200350046400239,225.39672160836867,16.676442748741092,0.0004997501249375312,233.37041068700944,3.8309632797419293,0.0004997501249375312,5184,4896,0.5323076800000308,,,,
S2,0.9,9600,465,3.0139675826304546,218.23461094833746,15.996463818504578,0.0004997501249375312,243.6291097589352,3.915270324116159,0.0004997501249375312,5136,4848,0.6173128779996659,,,,
S2,0.9,9600,466,3.1195837025378714,220.6543653451702,17.053402365577703,0.0004997501249375312,233.76363256766922,3.8079934253531427,0.0004997501249375312,5280,4800,0.6230244420003146,,,,
S2,0.9,9600,467,3.0882675056993074,244.24299173265703,16.457591014895282,0.0004997501249375312,259.31973003485143,3.8675449082953692,0.0004997501249375312,5472,4800,0.5214599139999336,,,,
S2,0.9,9600,468,2.9974972753635454,212.00368394857335,15.838686501675038,0.0004997501249375312,235.34061317142317,3.8027798760742435,0.0004997501249375312,4848,4848,0.5254737330001262,,,,
S2,0.9,9600,469,3.245862745341976,243.04975593935794,17.150565971897276,0.0004997501249375312,247.99403170135105,3.805636924006592,0.0004997501249375312,4848,4800,0.5245899319997989,,,,
S2,0.9,9600,470,3.1877977756902394,238.05414518278926,16.427165475870318,0.0004997501249375312,251.63618537109522,3.792186084141977,0.0004997501249375312,4848,4800,0.5479738300000463,,,,
S2,0.9,9600,471,3.036682990725071,211.12141757469544,16.389561406832634,0.0004997501249375312,218.70968122535433,3.8627752636846027,0.0004997501249375312,5088,5040,0.5158819100001892,,,,
S2,0.9,9600,472,3.1332554523642115,238.34616121573973,16.41438507819824,0.0004997501249375312,251.29353152770307,3.779864980250258,0.0004997501249375312,4800,4800,0.8281845249998696,,,,
S2,0.9,9600,473,3.0239888608606114,237.4229651722092,16.030873587585415,0.0004997501249375312,258.63309709911584,3.864120772154501,0.0004997501249375312,5040,4944,0.794085133000408,,,,
S2,0.9,9600,474,3.183289326533026,222.09673058311776,17.10579361750225,0.0004997501249375312,226.1422858259556,3.8563969430128147,0.0004997501249375312,5232,4800,0.5236207289999584,,,,
S2,0.9,9600,475,3.1905922166105065,241.42117809888495,16.660842547418316,0.0004997501249375312,243.67932151535305,3.771728273565345,0.0004997501249375312,6000,4800,0.5192045459998553,,,,
S2,0.9,9600,476,3.0766568112063983,213.69674545171264,16.551539296504725,0.0004997501249375312,225.38174082820862,3.965381664397585,0.0004997501249375312,4800,4800,0.5237951069998417,,,,
S2,0.9,9600,477,3.018223133200345,218.03739168721572,16.130097995118632,0.0004997501249375312,217.6450550934247,3.853860489157187,0.0004997501249375312,4944,4944,0.519189188999917,,,,
S2,0.9,9600,478,3.0887756873236567,215.9852210752474,16.346779308752513,0.0004997501249375312,226.1832032132156,3.843376483360625,0.0004997501249375312,5040,4896,0.5177989399999205,,,,
S2,0.9,9600,479,2.9129414373068694,207.61251051479832,15.863600042354634,0.0004997501249375312,231.39498557704835,3.8820484969864197,0.0004997501249375312,5136,4800,0.5145235509999111,,,,
S2,0.9,9600,480,3.253964269584441,228.4375625589351,16.906169609925612,0.0004997501249375312,230.12158954793776,3.7817791658713116,0.0004997501249375312,4896,4896,0.78797273400005,,,,
S2,0.9,9600,481,3.160097454026648,228.18921271499013,16.907683325974038,0.0004997501249375312,235.87794846335655,3.8073556431448936,0.0004997501249375312,5184,4848,0.824334719000035,,,,
S2,0.9,9600,482,3.238142448910905,221.5968458271569,17.391250375347518,0.0004997501249375312,222.87746991608702,3.8501346346833816,0.0004997501249375312,4848,4848,0.5141022699999667,,,,
S2,0.9,9600,483,3.1029813528826153,212.93323126256314,17.112609596317075,0.0004997501249375312,218.0415160479566,3.9083873176589954,0.0004997501249375312,5184,4944,0.5279781389999698,,,,
S2,0.9,9600,484,3.2035740025147184,238.3203790036401,16.56191977039393,0.0004997501249375312,256.9140021110773,3.8418126806708903,0.0004997501249375312,4944,4944,0.5168207040001107,,,,
S2,0.9,9600,485,3.2009968290075435,243.89507275040359,16.447040970613603,0.0004997501249375312,252.6422744695381,3.8373762673048777,0.0004997501249375312,4992,4944,0.5205774149999343,,,,
S2,0.9,9600,486,3.069019927974092,228.58779404845345,16.27329810777311,0.0004997501249375312,237.6696348305938,3.81911775001431,0.0004997501249375312,5136,4848,0.5193625780002549,,,,
S2,0.9,9600,487,3.1607772339411664,234.2676264418273,16.800136882267427,0.0004997501249375312,251.30091574513602,3.753285998452996,0.0004997501249375312,4800,4800,0.5282609020000564,,,,
S2,0.9,9600,488,3.252810922616456,215.48239486229062,17.309823749682025,0.0004997501249375312,215.44717111943493,3.7334989028253083,0.0004997501249375312,5040,4800,0.8310878319998665,,,,
S2,0.9,9600,489,3.2706086423211564,242.2314728120413,17.072711142767158,0.0004997501249375312,248.33093319421425,3.809038662675853,0.0004997501249375312,4992,4800,0.8021468759998243,,,,
S2,0.9,9600,490,3.210116292216765,208.5651044455659,16.693971886852044,0.0004997501249375312,220.86054700914966,3.8176228082031676,0.0004997501249375312,4800,4800,0.5304176839999855,,,,
S2,0.9,9600,491,3.0813548967625892,229.3219493652181,16.773484312029524,0.0004997501249375312,241.34703243731542,3.8859312728828814,0.0004997501249375312,4800,4800,0.5161714740002026,,,,
S2,0.9,9600,492,3.187756769906706,234.8925445319729,16.73242583835691,0.0004997501249375312,250.3564819460654,3.845754803542853,0.0004997501249375312,4800,4800,0.5193885620001311,,,,
S2,0.9,9600,493,3.2005890461705024,234.32542837217403,16.755064273822615,0.0004997501249375312,239.7764098410543,3.798296331869111,0.0004997501249375312,4896,4800,0.5302957519998017,,,,
S2,0.9,9600,494,3.2357749828712183,230.92317691638232,17.134406161733928,0.0004997501249375312,238.44602156312257,3.815221293076402,0.0004997501249375312,5232,4848,0.5239831989997583,,,,
S2,0.9,9600,495,3.1760128092813202,239.9570962575587,16.795415413914103,0.0004997501249375312,235.97868198716685,3.8696245250420964,0.0004997501249375312,5568,5088,0.5330257579998943,,,,
S2,0.9,9600,496,3.3705929028512243,253.47302907857323,17.776691500887566,0.0004997501249375312,255.66818392939254,3.792690073733822,0.0004997501249375312,5040,4800,0.5267161780002425,,,,
S2,0.9,9600,497,3.090949626674201,217.66877122733175,16.25558066827743,0.0004997501249375312,231.02191748691604,3.792902433840928,0.0004997501249375312,4944,4896,0.5184978769998452,,,,
S2,0.9,9600,498,3.2236059119927085,254.8520163655425,16.970078061860935,0.0004997501249375312,262.96543294801563,3.7995525421709315,0.0004997501249375312,4800,4800,0.7954236049999963,,,,
S2,0.9,9600,499,3.229517578663848,257.7381257325357,16.95766305866391,0.0004997501249375312,251.0472296155784,3.835174044721497,0.0004997501249375312,4992,4944,0.7945270370000799,,,,
S2,0.9,38400,0,3.1551341597134166,914.0172172244495,16.598470125929815,0.0004997501249375312,1003.6131801770871,3.7635385035065276,0.0004997501249375312,19776,19584,0.5591757429997415,,,,
S2,0.9,38400,1,3.14380665943704,906.6139245214629,16.75847177137628,0.0004997501249375312,959.805476965996,3.8901365494585702,0.0004997501249375312,19200,19200,0.5401426810003613,,,,
S2,0.9,38400,2,3.08321653575787,906.9661527065343,16.30063338945539,0.0004997501249375312,971.2196379031741,3.8318449552232177,0.0004997501249375312,20352,19392,0.5519521579999491,,,,
S2,0.9,38400,3,3.302334200662128,953.2409969561459,17.353053236211586,0.0004997501249375312,954.1937214677885,3.8079694319530013,0.0004997501249375312,19392,19392,0.558854973999587,,,,
S2,0.9,38400,4,3.1967804505059947,921.2075046916526,16.782023390074,0.0004997501249375312,951.043248114882,3.6995384295865095,0.0004997501249375312,20352,19776,0.5581605779998426,,,,
S2,0.9,38400,5,2.9980406357284477,881.1202507158569,16.253336256653917,0.0004997501249375312,897.5521086816387,3.8915434626544934,0.0004997501249375312,19584,19200,0.558752431999892,,,,
S2,0.9,38400,6,3.274161332637158,970.3446075800207,17.80896328470431,0.0004997501249375312,948.952953163984,3.757893967199514,0.0004997501249375312,19776,19200,0.8368602040000042,,,,
S2,0.9,38400,7,3.26142295717279,926.6894145151897,17.240598262433394,0.0004997501249375312,923.7750354110851,3.781593122740552,0.0004997501249375312,21312,19392,0.8490968880000764,,,,
S2,0.9,38400,8,3.059298704308177,856.0900344031083,16.224582551940994,0.0004997501249375312,883.0700483148337,3.7730384896040134,0.0004997501249375312,19776,19776,0.5468480650001766,,,,
S2,0.9,38400,9,3.129167308921415,837.7170327712226,16.732177110110108,0.0004997501249375312,885.4606166687402,3.7678445472999917,0.0004997501249375312,19968,19200,0.556219498000246,,,,
S2,0.9,38400,10,3.1942596044093974,909.6289869444064,16.552280958646573,0.0004997501249375312,944.2005400072351,3.816450922770741,0.0004997501249375312,19200,19200,0.5446740000002137,,,,
S2,0.9,38400,11,3.1643391277938333,859.9155346058674,17.475016381588354,0.0004997501249375312,885.980014736462,3.831096381542488,0.0004997501249375312,19776,19200,0.5607992719997128,,,,
S2,0.9,38400,12,3.0967397095893183,867.3522575415319,16.258750385400432,0.0004997501249375312,911.2765045315666,3.8140850415473535,0.0004997501249375312,19200,19200,0.5636898230000043,,,,
S2,0.9,38400,13,2.9569854691030204,855.6567003457925,16.01160922055595,0.0004997501249375312,934.3705985688044,3.871487702820047,0.0004997501249375312,19392,19200,0.5515397020003547,,,,
S2,0.9,38400,14,3.3176519088127163,942.2386090842662,17.069544885898722,0.0004997501249375312,948.3351730218144,3.753753228862304,0.0004997501249375312,19392,19392,0.9030120449997412,,,,
S2,0.9,38400,15,3.150499288623458,940.3809633464364,16.73023451833832,0.0004997501249375312,970.6943101470675,3.8754996180481056,0.0004997501249375312,20736,19584,0.8672080450000976,,,,
S2,0.9,38400,16,3.235283324422665,930.30450922519,17.156919672146064,0.0004997501249375312,968.1638990049232,3.804512517657865,0.0004997501249375312,19584,19392,0.5655893950001882,,,,
S2,0.9,38400,17,3.331469046958145,942.538206100005,17.453930546140572,0.0004997501249375312,948.9274845446746,3.751861933142789,0.0004997501249375312,19200,19200,0.5559855960000277,,,,
S2,0.9,38400,18,3.029093681457331,901.9476942918454,16.308954255165883,0.0004997501249375312,941.4761653888812,3.829531637660413,0.0004997501249375312,19968,19200,0.5553929860002427,,,,
S2,0.9,38400,19,3.122772358582552,881.5164598555778,16.757637733346414,0.0004997501249375312,939.254413282427,3.7813089676750327,0.0004997501249375312,19584,19584,0.5876528680000774,,,,
S2,0.9,38400,20,3.042415976342799,815.4850027199434,15.973578883988992,0.0004997501249375312,893.5341511248978,3.858975708334875,0.0004997501249375312,19776,19392,0.5393868290002501,,,,
S2,0.9,38400,21,3.1319320685640712,896.8052561154195,16.91652612086932,0.0004997501249375312,931.7914912403459,3.759709664911571,0.0004997501249375312,19200,19200,0.5498845809997874,,,,
S2,0.9,38400,22,3.1150613214931053,872.746318401741,16.746291534079266,0.0004997501249375312,905.4237719483051,3.808457419064625,0.0004997501249375312,19200,19200,0.8723677789998874,,,,
S2,0.9,38400,23,3.1348175727124055,889.8076247047203,16.65615000978289,0.0004997501249375312,934.4350167587411,3.8387583563128898,0.0004997501249375312,20160,19200,0.9577850660002696,,,,
S2,0.9,38400,24,3.2747294102016395,953.3704707630603,17.234305860796777,0.0004997501249375312,992.5269507132319,3.916747781242469,0.0004997501249375312,20544,19584,0.5498874180002531,,,,
S2,0.9,38400,25,2.903886941650133,796.5871241026804,15.95411157211269,0.0004997501249375312,890.4152706290707,3.9158239421933,0.0004997501249375312,19200,19200,0.5458580160002384,,,,
S2,0.9,38400,26,3.132366704158089,879.0603777038967,16.518307415705948,0.0004997501249375312,948.4892952760914,3.9265298214796114,0.0004997501249375312,19200,19200,0.9583350679999967,,,,
S2,0.9,38400,27,2.9884374950595953,825.4212871255817,15.945645201974862,0.0004997501249375312,877.7361672228471,3.8728904564380167,0.0004997501249375312,19200,19200,0.9305342489997201,,,,
S2,0.9,38400,28,3.2870132347476537,945.8720943498365,17.14730068740495,0.0004997501249375312,943.4274902557644,3.8245039985772733,0.0004997501249375312,19968,20160,0.5650752690003173,,,,
S2,0.9,38400,29,3.0807341175868,874.2240290364896,16.782717712601478,0.0004997501249375312,927.7414502212679,3.9656043163928265,0.0004997501249375312,19392,19200,0.5574978209997425,,,,
S2,0.9,38400,30,3.31651246435157,903.4732662974108,17.176719190305963,0.0004997501249375312,917.968956269037,3.9117298889287153,0.0004997501249375312,19200,19200,0.564007395000317,,,,
S2,0.9,38400,31,3.1193669471700414,856.2596094205779,16.387080111319598,0.0004997501249375312,896.6732877190746,3.8720606348510715,0.0004997501249375312,19392,19392,0.550859656999819,,,,
S2,0.9,38400,32,2.9709878594447803,856.9441656839549,16.137319847916434,0.0004997501249375312,956.3032202464228,3.9133551324904614,0.0004997501249375312,19584,19200,0.9159460939999917,,,,
S2,0.9,38400,33,3.1984427261406747,921.1132405882355,17.04496096852652,0.0004997501249375312,966.0685286285673,3.8382490224351775,0.0004997501249375312,20160,19584,0.8626341399999546,,,,
S2,0.9,38400,34,3.1236729445212545,878.5640402785418,16.3650959102289,0.0004997501249375312,935.5673549569289,3.7838014983796873,0.0004997501249375312,19200,19200,0.5545073220000631,,,,
S2,0.9,38400,35,3.1479323358685884,882.3091094693524,16.274578155253067,0.0004997501249375312,918.7231516448144,3.786776949538844,0.0004997501249375312,19200,19392,0.5467821970000841,,,,
S2,0.9,38400,36,3.047236184216635,870.3033647658146,16.48852974077244,0.0004997501249375312,912.9569189754047,3.87057236319409,0.0004997501249375312,19584,19392,0.7023631289998775,,,,
S2,0.9,38400,37,3.259467898037846,944.914238128894,17.416583707308973,0.0004997501249375312,1007.4295551881696,3.848344574164666,0.0004997501249375312,19968,19584,0.651888758000041,,,,
S2,0.9,38400,38,3.0857234352109963,834.1769381734916,16.1868309415581,0.0004997501249375312,902.5985183789236,3.7784756920766287,0.0004997501249375312,19968,19392,0.5817693359999794,,,,
S2,0.9,38400,39,3.005603995942023,880.7423728291677,16.17799998232121,0.0004997501249375312,931.9796725344365,3.868166053558861,0.0004997501249375312,19392,19200,0.6213117729998885,,,,
S2,0.9,38400,40,3.1505693826144143,919.810258343004,16.610742486769546,0.0004997501249375312,977.7631741370681,3.842593792864726,0.0004997501249375312,19776,19392,0.869828636999955,,,,
S2,0.9,38400,41,3.068220155897671,866.2304811673152,16.412892775580552,0.0004997501249375312,897.8192649623383,3.808420302057359,0.0004997501249375312,19200,19200,0.8853833850002957,,,,
S2,0.9,38400,42,3.285916422581129,926.9571608894211,17.229387435778303,0.0004997501249375312,971.5741903165972,3.7449456159544425,0.0004997501249375312,19200,19200,0.5624895690002631,,,,
S2,0.9,38400,43,2.9326749139611166,825.2424409859257,16.130266574054588,0.0004997501249375312,862.2212362289296,3.9968196287857936,0.0004997501249375312,20160,19200,0.5454205260002709,,,,
S2,0.9,38400,44,3.113922759821602,868.5584417679252,16.178028553796008,0.0004997501249375312,915.6372187114549,3.8300970833131815,0.0004997501249375312,19200,19392,0.6522788870001932,,,,
S2,0.9,38400,45,2.971663833921673,870.1351688726874,16.31736728754833,0.0004997501249375312,928.8388364926149,3.920599925965621,0.0004997501249375312,19200,19200,0.6315831900001285,,,,
S2,0.9,38400,46,3.0744254205391743,882.816855876131,16.592105923320997,0.0004997501249375312,948.3534132814226,3.9223595685435186,0.0004997501249375312,19584,19200,0.6564328070003285,,,,
S2,0.9,38400,47,3.1059987353254637,940.5073769470707,16.52227023507108,0.0004997501249375312,1020.2154691080192,3.797579039860505,0.0004997501249375312,19776,19200,0.6305328030002784,,,,
S2,0.9,38400,48,3.0569358938473643,878.0162640461949,16.16018593040493,0.0004997501249375312,922.8834739464681,3.868768846149032,0.0004997501249375312,20928,19968,0.858905089000018,,,,
S2,0.9,38400,49,3.1464519066601273,888.5012133831367,17.057707216427826,0.0004997501249375312,927.6705307724789,3.8571534376026957,0.0004997501249375312,19200,19200,0.8785171239996998,,,,
S2,0.9,38400,50,3.1650694997075446,894.5188102345139,16.974567857151065,0.0004997501249375312,934.423612231941,3.911229997626287,0.0004997501249375312,19776,19200,0.6109406780001336,,,,
S2,0.9,38400,51,3.1056949079069414,910.0099715172972,16.21546251746366,0.0004997501249375312,979.1894404483878,3.8189751180147424,0.0004997501249375312,20736,20160,0.6149738249996517,,,,
S2,0.9,38400,52,3.01546547764037,867.9285567722474,16.2771963462047,0.0004997501249375312,928.9058357022549,3.8883270556075256,0.0004997501249375312,19200,19200,0.5534149280001657,,,,
S2,0.9,38400,53,3.166599234424554,898.115951623401,17.055455661740947,0.0004997501249375312,958.0763079774188,3.804435409130363,0.0004997501249375312,20352,19584,0.5579081340001721,,,,
S2,0.9,38400,54,2.99294674950387,847.4201023245001,16.433074808908216,0.0004997501249375312,899.963562869007,3.857285161040852,0.0004997501249375312,19200,19200,0.626495617999808,,,,
S2,0.9,38400,55,3.2285975457051648,934.3759144471181,16.589068090309933,0.0004997501249375312,973.8464879969258,3.8142940506282574,0.0004997501249375312,20352,19392,0.6030130539998027,,,,
S2,0.9,38400,56,3.0921621484061173,891.9510433580939,16.642560401422845,0.0004997501249375312,953.0354570204253,3.879560188665155,0.0004997501249375312,19392,19200,0.8723016230001122,,,,
S2,0.9,38400,57,2.947840769448272,807.28021017346,16.037297430233245,0.0004997501249375312,905.7469899525437,3.7264780694014825,0.0004997501249375312,19776,19200,0.8691729600000144,,,,
S2,0.9,38400,58,3.10889178067513,912.2404594579901,16.809496163687076,0.0004997501249375312,961.1560904041572,3.8489230613307863,0.0004997501249375312,19392,19200,0.552960967999752,,,,
S2,0.9,38400,59,2.928006756602534,800.3009453141402,15.763802731848523,0.0004997501249375312,870.6151584346841,3.8594306224470474,0.0004997501249375312,19200,19392,0.5611734829999477,,,,
S2,0.9,38400,60,3.155442901719674,887.4925356894173,16.7859573985282,0.0004997501249375312,920.3398889669417,3.9286870044290594,0.0004997501249375312,19776,19392,0.5671839940000609,,,,
S2,0.9,38400,61,3.091528616951671,847.1500644319838,16.74151482454976,0.0004997501249375312,907.6070551716176,3.8936520615552723,0.0004997501249375312,19392,19392,0.5679938960001891,,,,
S2,0.9,38400,62,3.0865863745131263,839.4670257002216,16.35131211537756,0.0004997501249375312,885.0715551265833,3.752116842470124,0.0004997501249375312,19392,19392,0.5522543550000591,,,,
S2,0.9,38400,63,3.144286061560676,925.6919149591863,16.57214343444143,0.0004997501249375312,982.8046844006024,3.821889310560965,0.0004997501249375312,19584,19200,0.5637707689998024,,,,
S2,0.9,38400,64,3.122818536352391,881.2360925312703,16.702915814624106,0.0004997501249375312,937.5978562132972,3.8894188298759773,0.0004997501249375312,19200,19200,0.5484447759999966,,,,
S2,0.9,38400,65,3.1951027507507215,940.0778429282866,16.96506988399995,0.0004997501249375312,959.8145471604066,3.7954994620438853,0.0004997501249375312,19200,19776,0.5559693790000892,,,,
S2,0.9,38400,66,3.2724640845242305,876.0338754751766,16.893082279464636,0.0004997501249375312,899.0851278363314,3.7584875042311805,0.0004997501249375312,20544,19200,0.5630263140001261,,,,
S2,0.9,38400,67,3.125574520564314,913.2497350643916,16.41819694067139,0.0004997501249375312,964.3099858122289,3.7840806731968604,0.0004997501249375312,19776,19200,0.55715434800004,,,,
S2,0.9,38400,68,3.1426743847801832,862.3564442368746,17.283082334313953,0.0004997501249375312,883.5987932268974,3.8038838749145945,0.0004997501249375312,19200,19200,0.8750473949999105,,,,
S2,0.9,38400,69,3.144352643320788,882.33247628264,16.70508031943815,0.0004997501249375312,921.498953404415,3.825300876887187,0.0004997501249375312,19392,19200,0.8733893309999985,,,,
S2,0.9,38400,70,3.219559425958343,908.4086808461756,17.065528533026022,0.0004997501249375312,995.7206340213962,3.887642305316061,0.0004997501249375312,19584,19392,0.5739853029999722,,,,
S2,0.9,38400,71,3.0319370641707355,857.7265597361419,15.969256782437732,0.0004997501249375312,898.3985017856985,3.827678894485788,0.0004997501249375312,20736,19776,0.552994703999957,,,,
S2,0.9,38400,72,3.16667343190437,908.61483798018,16.908821764257553,0.0004997501249375312,974.3589077650097,3.6979899810385275,0.0004997501249375312,19584,19584,0.557386007000332,,,,
S2,0.9,38400,73,3.0624716620490533,885.3131717882887,16.744424899888468,0.0004997501249375312,931.3712711812204,3.813135714327462,0.0004997501249375312,20928,19392,0.5594967869997163,,,,
S2,0.9,38400,74,3.175996220484567,913.3779643308843,16.84220327595927,0.0004997501249375312,918.339147560665,3.8754310651452974,0.0004997501249375312,20160,19584,0.541376592999768,,,,
S2,0.9,38400,75,3.1529719636893234,911.9696797159435,16.84148937371811,0.0004997501249375312,963.9993200986702,3.716536430263162,0.0004997501249375312,19200,19392,0.5504672850001953,,,,
S2,0.9,38400,76,3.1194140139846995,883.6646948979649,16.722141451282265,0.0004997501249375312,986.0162025015013,3.808691860301752,0.0004997501249375312,19200,19584,0.8518118720003258,,,,
S2,0.9,38400,77,3.2909075126870384,910.4331876991637,17.6955912275166,0.0004997501249375312,938.4114279716122,3.8558164589664896,0.0004997501249375312,20160,19584,0.8556018549998043,,,,
S2,0.9,38400,78,3.169173516447482,919.580497918012,16.68206964926692,0.0004997501249375312,984.8604992144936,3.871134404687772,0.0004997501249375312,20544,19392,0.5594730650000201,,,,
S2,0.9,38400,79,3.016354086653955,875.123083067021,16.52917694427158,0.0004997501249375312,988.6643206119512,3.9401475589868595,0.0004997501249375312,19200,19200,0.5718727150001541,,,,
S2,0.9,38400,80,3.0910300728002587,848.9549908809778,16.311471804756078,0.0004997501249375312,889.8177436791151,3.8492929580191375,0.0004997501249375312,20160,19968,0.5595136530000673,,,,
S2,0.9,38400,81,3.144480662377489,883.5036971857271,16.714851065657168,0.0004997501249375312,896.4219826505308,3.826647514147715,0.0004997501249375312,20736,19392,0.5437578370001575,,,,
S2,0.9,38400,82,3.231859431529891,951.8957270034363,17.456275009768767,0.0004997501249375312,980.104239927115,3.7668273725954813,0.0004997501249375312,19392,19392,0.5693915110000489,,,,
S2,0.9,38400,83,3.0701871030145966,838.6711659440834,16.439627207649117,0.0004997501249375312,908.2813436361633,3.8722261869744385,0.0004997501249375312,19200,19200,0.5537407719998555,,,,
S2,0.9,38400,84,3.2941898988211236,959.6436494061877,17.20863048165884,0.0004997501249375312,976.5198171635894,3.7190307647255043,0.0004997501249375312,19776,19776,0.5629055290000906,,,,
S2,0.9,38400,85,3.2960923306726317,945.8011830690122,17.193359028339305,0.0004997501249375312,990.8196382393481,3.787778390788436,0.0004997501249375312,19968,19392,0.5626852919999692,,,,
S2,0.9,38400,86,2.9169897945096475,844.787097594525,15.968430743658262,0.0004997501249375312,915.4451999770977,3.879767315246169,0.0004997501249375312,19200,19200,0.8496425429998453,,,,
S2,0.9,38400,87,3.2750416096377575,932.5015702867338,17.07479085649334,0.0004997501249375312,959.4504713577414,3.701626719385123,0.0004997501249375312,19392,19392,0.549514815999828,,,,
S2,0.9,38400,88,3.0202956594237906,816.1928035991508,16.395971237741954,0.0004997501249375312,906.1990062949794,3.9699872542497454,0.0004997501249375312,19200,19200,0.5504095419996702,,,,
S2,0.9,38400,89,3.3062960461889377,930.9176565728166,17.22327288554352,0.0004997501249375312,940.9748583224022,3.7465366485264338,0.0004997501249375312,19200,19200,0.5930636409998442,,,,
S2,0.9,38400,90,3.2247349601896795,909.8423161401759,17.019924825062315,0.0004997501249375312,972.7810578221189,3.7499891434698407,0.0004997501249375312,19776,19392,0.5676183110003876,,,,
S2,0.9,38400,91,2.9405936311650294,848.4978288095458,16.395799006189417,0.0004997501249375312,905.6741885426248,3.9343339403654345,0.0004997501249375312,19584,19584,0.6287970289999976,,,,
S2,0.9,38400,92,3.0882850260841406,883.6283360901728,16.651129765792305,0.0004997501249375312,943.2038069551699,3.991722481705118,0.0004997501249375312,21888,19392,0.5436730549999993,,,,
S2,0.9,38400,93,3.0633371391122384,866.9285961274261,16.43815948189709,0.0004997501249375312,920.7852367212691,3.8207351477245273,0.0004997501249375312,19968,19584,0.5408901370001331,,,,
S2,0.9,38400,94,3.389002489908363,956.7417833447332,17.175464420552256,0.0004997501249375312,935.7576764199642,3.8352572556630595,0.0004997501249375312,20352,19200,0.54705758099999,,,,
S2,0.9,38400,95,3.2136436767493173,897.5521027753845,16.800135017737443,0.0004997501249375312,922.0147345999574,3.764943705334939,0.0004997501249375312,19776,19392,0.5559848180000699,,,,
S2,0.9,38400,96,3.1438022842024194,906.1000795377506,16.598157282190034,0.0004997501249375312,994.1629891482161,3.8118119172046696,0.0004997501249375312,19584,19200,0.6608811000000969,,,,
S2,0.9,38400,97,3.0920465827004042,874.8855003706012,16.608303422762493,0.0004997501249375312,935.0595510299509,3.765243549373727,0.0004997501249375312,19200,19200,0.6794168790002004,,,,
S2,0.9,38400,98,3.115018167342872,872.193460118572,16.597590198378803,0.0004997501249375312,933.7763257611392,3.7812341350851244,0.0004997501249375312,20736,19584,0.6742598430000726,,,,
S2,0.9,38400,99,3.201624887522366,861.0784632226341,16.9574444279163,0.0004997501249375312,909.4381501618826,3.943111567989381,0.0004997501249375312,19200,19200,0.6634050560001015,,,,
S2,0.9,38400,100,3.1010642485019937,886.1672605196105,16.231819957559814,0.0004997501249375312,1002.3909952960721,3.8220227515694987,0.0004997501249375312,19200,19200,0.5569812369999454,,,,
S2,0.9,38400,101,2.998672245293614,859.7707681558007,15.869325121681314,0.0004997501249375312,895.0702640520974,3.914362980655505,0.0004997501249375312,20352,19776,0.5596888089999084,,,,
S2,0.9,38400,102,3.271512680042459,952.8501606683542,17.19125355837001,0.0004997501249375312,969.7904046543933,3.891089955144246,0.0004997501249375312,20160,19776,0.5659912900000563,,,,
S2,0.9,38400,103,3.136276305941203,897.4422383838778,16.510205599969442,0.0004997501249375312,955.1142588778616,3.811930041214074,0.0004997501249375312,19968,19392,0.5542027569999846,,,,
S2,0.9,38400,104,3.1842593599922604,918.2231085756513,16.79218142815575,0.0004997501249375312,997.3906298024491,3.7138897937908197,0.0004997501249375312,19200,19584,0.6612944819999029,,,,
S2,0.9,38400,105,3.2421396284528385,889.990582479652,16.6473555258114,0.0004997501249375312,940.0278289459369,3.845239033269512,0.0004997501249375312,19200,19200,0.6216345120001279,,,,
S2,0.9,38400,106,3.2269946412191994,952.7743279524793,16.88595369713084,0.0004997501249375312,982.5755324329683,3.810777596843643,0.0004997501249375312,19392,19200,0.6306735680000202,,,,
S2,0.9,38400,107,3.13303699774523,894.6299719770816,16.70791852094759,0.0004997501249375312,905.7949923799248,3.8294872455225835,0.0004997501249375312,19776,19200,0.6004520800001956,,,,
S2,0.9,38400,108,3.3091132583572676,951.8189312176409,17.159181330844266,0.0004997501249375312,981.1287714474045,3.7509719781611746,0.0004997501249375312,19776,19584,0.5607786209998267,,,,
S2,0.9,38400,109,3.152980919746554,918.8336725385852,16.900263644646127,0.0004997501249375312,957.5854207189645,3.7483714126852,0.0004997501249375312,19200,19200,0.5622860129997207,,,,
S2,0.9,38400,110,3.1134981154920722,870.2869048467064,16.603209986247894,0.0004997501249375312,894.4736997778799,3.7969126042129693,0.0004997501249375312,19584,19392,0.5459546910001336,,,,
S2,0.9,38400,111,3.1769426101990814,910.7327232749668,16.758863085733392,0.0004997501249375312,988.3551136069372,3.728978986959001,0.0004997501249375312,19200,19200,0.5606848289999107,,,,
S2,0.9,38400,112,3.328164618447666,929.2042770971016,17.56985017794788,0.0004997501249375312,936.6059028146367,3.8506795675099488,0.0004997501249375312,19392,19392,0.6370334849998471,,,,
S2,0.9,38400,113,3.134787526600624,912.903194316749,16.717423564073393,0.0004997501249375312,963.2375932104915,3.811125477436848,0.0004997501249375312,19200,19200,0.6296616250001534,,,,
S2,0.9,38400,114,3.154429521851117,849.2677394023704,16.381904571264876,0.0004997501249375312,912.157653794211,3.8433977672180784,0.0004997501249375312,19584,19392,0.6135486640000636,,,,
S2,0.9,38400,115,3.1804663534254933,877.4438352199955,16.774490389877037,0.0004997501249375312,892.7882907537831,3.6647044415761503,0.0004997501249375312,19392,19584,0.6563135199999124,,,,
S2,0.9,38400,116,3.1810501361919385,912.370473203629,16.405574468742692,0.0004997501249375312,980.5827423678298,3.7518566733408116,0.0004997501249375312,19584,19392,0.5648765969999658,,,,
S2,0.9,38400,117,3.17227461261035,919.0405690625539,17.145558675673463,0.0004997501249375312,996.4335908464732,3.898652949001722,0.0004997501249375312,19200,19200,0.5673202819998551,,,,
S2,0.9,38400,118,3.247338411936485,894.2515752543741,17.0995324293162,0.0004997501249375312,902.5428681558793,3.8356104503864006,0.0004997501249375312,19968,19584,0.5702768360001755,,,,
S2,0.9,38400,119,3.2576590413405744,972.0827705231804,17.184506063624333,0.0004997501249375312,992.0019667820758,3.786716134551275,0.0004997501249375312,20928,19392,0.5734410889999708,,,,
S2,0.9,38400,120,3.3032408264634197,879.1765807901849,17.44752699900113,0.0004997501249375312,902.5818447328979,3.8077333199819083,0.0004997501249375312,19392,19392,0.6392446479999307,,,,
S2,0.9,38400,121,3.0633981919109607,863.7742642638383,16.98202578529687,0.0004997501249375312,921.8243667615827,3.917973764046294,0.0004997501249375312,19392,19392,0.6325333740001042,,,,
S2,0.9,38400,122,3.3411538898116064,946.6784662757733,17.49123677034592,0.0004997501249375312,947.2715670582414,3.746652471423916,0.0004997501249375312,19776,19776,0.6734387229998902,,,,
S2,0.9,38400,123,3.2266399046110283,891.3259528344946,17.05970851061715,0.0004997501249375312,912.0793903793616,3.7592203137311535,0.0004997501249375312,19968,19392,0.5957273509998231,,,,
S2,0.9,38400,124,3.2342135695834315,891.5465721509731,17.11236436703019,0.0004997501249375312,916.3667452604367,3.8261353131781144,0.0004997501249375312,19776,19968,0.5515713039999355,,,,
S2,0.9,38400,125,2.994799626352265,829.440067606518,15.948020379839008,0.0004997501249375312,881.7963131171854,3.7846572849322944,0.0004997501249375312,19200,19200,0.5456717780002691,,,,
S2,0.9,38400,126,3.2272830718567294,932.6332480373151,16.87081673762617,0.0004997501249375312,963.2344908258464,3.790663831705884,0.0004997501249375312,22272,19200,0.5694813340001019,,,,
S2,0.9,38400,127,3.2143148094796237,931.7163606567202,17.21921073775137,0.0004997501249375312,947.7218996241621,3.7189675680686465,0.0004997501249375312,20160,19200,0.5677648199998657,,,,
S2,0.9,38400,128,3.1921415327827893,915.9522529334585,16.98218087979651,0.0004997501249375312,921.4226705997521,3.855396304418315,0.0004997501249375312,20544,19200,0.582545706000019,,,,
S2,0.9,38400,129,2.930977822049738,850.3099290931146,15.615769789353546,0.0004997501249375312,913.2311915330523,3.840573688092774,0.0004997501249375312,19200,19200,0.5434623410001223,,,,
S2,0.9,38400,130,3.2108698143100916,908.6734129330089,16.761422990099486,0.0004997501249375312,946.3203286232833,3.841789724339141,0.0004997501249375312,19584,19392,0.5610645380002097,,,,
S2,0.9,38400,131,3.0349317780123837,879.1081213313419,15.945343515664165,0.0004997501249375312,935.5710621661981,3.841751928859402,0.0004997501249375312,19200,19200,0.5553386350002256,,,,
S2,0.9,38400,132,3.131774247867094,858.725002169983,16.632853520423236,0.0004997501249375312,891.747831813338,3.8013302479191644,0.0004997501249375312,19584,19584,0.5517504620002001,,,,
S2,0.9,38400,133,3.2554997428342882,944.7461154579515,16.95745313589806,0.0004997501249375312,973.4503139004578,3.8299663710142213,0.0004997501249375312,19392,19392,0.5709990159998597,,,,
S2,0.9,38400,134,3.033374912322516,863.8708843901985,16.443723479344328,0.0004997501249375312,967.1713824756085,3.8753668231820178,0.0004997501249375312,19392,19200,0.5537122929999896,,,,
S2,0.9,38400,135,3.095504100618435,852.9836084367702,16.321734734754994,0.0004997501249375312,879.6673836022328,3.8447094109423414,0.0004997501249375312,19200,19392,0.5553056789999573,,,,
S2,0.9,38400,136,3.1962721059365964,909.263239082722,16.470377686537127,0.0004997501249375312,961.5891638501081,3.761498476040248,0.0004997501249375312,19200,19200,0.5698360619999221,,,,
S2,0.9,38400,137,3.4111559680692873,981.2287388660593,17.889282610636375,0.0004997501249375312,994.0483542630708,3.765331835886656,0.0004997501249375312,19200,19392,0.5787728880000031,,,,
S2,0.9,38400,138,3.164773125549754,910.1198319576595,16.86700261044698,0.0004997501249375312,953.973558980516,3.696309049908877,0.0004997501249375312,19584,19584,0.5562317449998773,,,,
S2,0.9,38400,139,3.0837893996615087,861.0286813599539,16.089497464845945,0.0004997501249375312,902.9743824968355,3.8838365904090453,0.0004997501249375312,19968,19200,0.5497032399998716,,,,
S2,0.9,38400,140,3.0324795229755908,863.8977066128956,16.230964728609912,0.0004997501249375312,920.7252095992676,3.8206026775479374,0.0004997501249375312,20928,19776,0.5472465299999385,,,,
S2,0.9,38400,141,3.1817708439980925,903.3422185335298,16.21931847741312,0.0004997501249375312,972.1249465188348,3.7965552737600716,0.0004997501249375312,19968,19392,0.5574946249998902,,,,
S2,0.9,38400,142,3.1780396534170445,887.7103077909079,17.02287605733549,0.0004997501249375312,928.2594416459169,3.8466314185385566,0.0004997501249375312,19392,19392,0.5596000359996651,,,,
S2,0.9,38400,143,3.039335089118543,836.0662595832644,16.336970282120177,0.0004997501249375312,868.5101749417792,3.8646217857274685,0.0004997501249375312,19776,19392,0.5572463600001356,,,,
S2,0.9,38400,144,2.9198329587256446,844.5012800807019,15.935093320972793,0.0004997501249375312,905.1883234593324,3.8930299854281576,0.0004997501249375312,19392,19200,0.8585846380001385,,,,
S2,0.9,38400,145,3.2832021262768785,957.9813141254931,17.144981293765085,0.0004997501249375312,993.4359233921424,3.749354868009479,0.0004997501249375312,19200,19392,0.838053736999882,,,,
S2,0.9,38400,146,3.1075160927776904,884.1257468773796,16.72235500451463,0.0004997501249375312,920.4357420083728,3.854961176525482,0.0004997501249375312,20736,19392,0.5553787059998285,,,,
S2,0.9,38400,147,3.1363271995015665,905.9179057962194,16.4192843958993,0.0004997501249375312,967.4853135841475,3.814711738259705,0.0004997501249375312,19584,19392,0.5624795270000504,,,,
S2,0.9,38400,148,3.1383072071781317,890.1998587357605,16.383983217921156,0.0004997501249375312,932.4586443862985,3.7641869984854033,0.0004997501249375312,20736,19200,0.5547264990000258,,,,
S2,0.9,38400,149,3.2019376734076417,894.3599532471432,16.83345438354867,0.0004997501249375312,928.353557528466,3.882338458286419,0.0004997501249375312,20544,19392,0.5872644790001686,,,,
S2,0.9,38400,150,3.0206418199925893,799.599642921828,16.545464872246374,0.0004997501249375312,863.1379561690917,3.8745330872076535,0.0004997501249375312,19200,19584,0.5547947210002349,,,,
S2,0.9,38400,151,3.135519678872813,946.8011673237615,16.709924393577733,0.0004997501249375312,990.9055103023828,3.844638701566271,0.0004997501249375312,20736,19392,0.6058040709999659,,,,
S2,0.9,38400,152,3.3438544029403134,900.1196558970018,17.311569915153076,0.0004997501249375312,907.0821680186424,3.798578009133046,0.0004997501249375312,19968,19392,0.8466220059999614,,,,
S2,0.9,38400,153,3.1487177928122154,933.4804513864601,16.968979310837888,0.0004997501249375312,957.6460103471445,3.9223033270658325,0.0004997501249375312,20736,19584,0.8578264769998896,,,,
S2,0.9,38400,154,3.009156837617165,873.5111564492627,16.275518218530635,0.0004997501249375312,922.2170820668166,3.9231680209826307,0.0004997501249375312,19200,19200,0.558244145000117,,,,
S2,0.9,38400,155,3.2137406545596607,885.8567781798172,16.67548718048324,0.0004997501249375312,920.3455329305976,3.8459563072903693,0.0004997501249375312,19200,19200,0.5550964489998478,,,,
S2,0.9,38400,156,3.070471690996017,883.0090614124316,16.153487457218986,0.0004997501249375312,957.3547035150177,3.8306322953670007,0.0004997501249375312,19200,19200,0.5532385589999649,,,,
S2,0.9,38400,157,3.126394592678829,866.9823224020291,16.52873711001784,0.0004997501249375312,908.2263710438178,3.7292849535114185,0.0004997501249375312,19200,19584,0.7935964030002651,,,,
S2,0.9,38400,158,3.161210938050575,949.7149925897008,16.88200335631375,0.0004997501249375312,1006.6837697311772,3.6893156319145017,0.0004997501249375312,20160,19200,0.556762088999676,,,,
S2,0.9,38400,159,3.181900018397647,937.2852118289769,17.325448630768115,0.0004997501249375312,969.911444015888,3.99755602679789,0.0004997501249375312,19584,19392,0.5576234679997469,,,,
S2,0.9,38400,160,3.119932646178304,871.6326057113762,16.312463505707942,0.0004997501249375312,919.1784203478818,3.750066675270959,0.0004997501249375312,19584,19584,0.859173266000198,,,,
S2,0.9,38400,161,3.066886688334144,856.0080857094647,16.904652783999044,0.0004997501249375312,911.4281562280531,3.852327279576162,0.0004997501249375312,19200,19200,0.8628416179999476,,,,
S2,0.9,38400,162,3.2569362965678534,949.8073543962505,16.70488859394259,0.0004997501249375312,1016.7255612843796,3.792813533724115,0.0004997501249375312,19200,19200,0.5582730689998243,,,,
S2,0.9,38400,163,3.0424508437260473,859.9811621138372,16.208962207486536,0.0004997501249375312,930.5979711041164,3.7590349142019086,0.0004997501249375312,19200,19392,0.5630445130000226,,,,
S2,0.9,38400,164,2.886414206694716,798.9613221066469,15.783271727819052,0.0004997501249375312,866.0534827514904,3.839007034082764,0.0004997501249375312,19968,19200,0.8080826410000554,,,,
S2,0.9,38400,165,3.0841729073760287,874.6850244591237,16.628280777049103,0.0004997501249375312,914.2061802465942,3.8496654779553388,0.0004997501249375312,20352,19200,0.8724461930000871,,,,
S2,0.9,38400,166,3.0915044227661124,876.2533368257742,16.293632398303075,0.0004997501249375312,943.7702956953136,3.7516192745871346,0.0004997501249375312,19584,19584,0.5526818879998245,,,,
S2,0.9,38400,167,3.020477561640065,814.9192514323295,15.882330796363705,0.0004997501249375312,880.7659292368917,3.8964952337522476,0.0004997501249375312,19392,19200,0.5502923290000581,,,,
S2,0.9,38400,168,3.281531023924768,954.6482718470329,17.144088907709214,0.0004997501249375312,986.792195584113,3.747840892223274,0.0004997501249375312,19392,19584,0.8544831869999143,,,,
S2,0.9,38400,169,3.0828498684004315,877.5275132567283,16.188481445462955,0.0004997501249375312,950.5055953809409,3.8442399219150096,0.0004997501249375312,20352,19392,0.8575358479997703,,,,
S2,0.9,38400,170,3.1638848007178852,923.5427328444264,16.59458742728516,0.0004997501249375312,992.7959554483876,3.7413696744502944,0.0004997501249375312,20928,19200,0.5603020650000872,,,,
S2,0.9,38400,171,3.0223440269036206,864.3762715451453,16.639232480018887,0.0004997501249375312,927.2399838200417,3.972040554992633,0.0004997501249375312,20928,19968,0.5665343519999624,,,,
S2,0.9,38400,172,3.310650404143925,929.6943952095091,17.285545825266322,0.0004997501249375312,958.5528167733469,3.765349322576309,0.0004997501249375312,19200,19392,0.8549369020001905,,,,
S2,0.9,38400,173,3.092824872726695,866.5119531948932,16.423694858292635,0.0004997501249375312,910.4481991094043,3.806013123774994,0.0004997501249375312,19200,19200,0.6839019960002588,,,,
S2,0.9,38400,174,3.3024421502860224,894.5756585448805,17.337721109831243,0.0004997501249375312,931.1690394487304,3.765671375796165,0.0004997501249375312,19200,19968,0.5889266959998167,,,,
S2,0.9,38400,175,3.34478891099729,954.2067749516036,17.12367916481378,0.0004997501249375312,956.417621309169,3.865324402257653,0.0004997501249375312,19200,19200,0.9143313439999474,,,,
S2,0.9,38400,176,3.0894283852746085,890.6206484008878,15.990719967586084,0.0004997501249375312,940.4678432564784,3.7850326407856176,0.0004997501249375312,19968,19200,0.8622468850003315,,,,
S2,0.9,38400,177,3.27342198682331,941.7624656380764,17.226587812366308,0.0004997501249375312,958.377763253912,3.773935276599649,0.0004997501249375312,19584,19200,0.8298162619998948,,,,
S2,0.9,38400,178,3.146323729550944,874.3996282614546,16.860072569311647,0.0004997501249375312,941.1174302108426,3.8431327308456265,0.0004997501249375312,19200,19200,0.5496867560000283,,,,
S2,0.9,38400,179,3.0580302371071753,854.5885875689447,16.325698828552245,0.0004997501249375312,922.7851696896582,3.809037085557695,0.0004997501249375312,19968,19200,0.6454598370000895,,,,
S2,0.9,38400,180,3.043151444103098,871.8715409256274,16.596239629138623,0.0004997501249375312,900.1223598824868,3.8403189200952164,0.0004997501249375312,20544,19200,0.5545900750003057,,,,
S2,0.9,38400,181,3.1414297487737532,880.9439182921295,16.626547547698358,0.0004997501249375312,923.4288869935207,3.86847095828104,0.0004997501249375312,19200,19200,0.6136600569998336,,,,
S2,0.9,38400,182,3.062589880442785,853.2298144922299,16.09892206652871,0.0004997501249375312,905.0716300129834,3.779928769696902,0.0004997501249375312,21696,19584,0.8636878150000484,,,,
S2,0.9,38400,183,3.010299572275904,858.4568547054533,16.35350561064092,0.0004997501249375312,962.7405309997054,3.797803132465717,0.0004997501249375312,20160,19584,0.8384893669999656,,,,
S2,0.9,38400,184,3.13078244512381,877.0212713822531,17.014427481075472,0.0004997501249375312,923.4789807193079,3.8573010956993268,0.0004997501249375312,19200,19200,0.8537496120002288,,,,
S2,0.9,38400,185,3.1573750219881385,875.6451129700195,16.917721291693216,0.0004997501249375312,950.9773670764639,3.7972160991304302,0.0004997501249375312,21120,19200,0.870131412000319,,,,
S2,0.9,38400,186,2.938623289475408,875.14485445042,16.06371526814978,0.0004997501249375312,969.9320679312561,3.92073357560596,0.0004997501249375312,19200,19392,0.6477399350001178,,,,
S2,0.9,38400,187,3.25782609559328,896.6241036467313,16.906869862489042,0.0004997501249375312,926.2285180917403,3.762845952056335,0.0004997501249375312,19968,19200,0.6462995960000626,,,,
S2,0.9,38400,188,3.1140258224448747,859.8896323724397,16.42945984526403,0.0004997501249375312,951.0196805933994,3.9255243441228127,0.0004997501249375312,19776,19392,0.6673840429998563,,,,
S2,0.9,38400,189,3.152525446890843,909.2510678828063,17.054608431690664,0.0004997501249375312,923.8326588048004,3.8654763760762925,0.0004997501249375312,20544,19200,0.5950550279999334,,,,
S2,0.9,38400,190,3.228011258562742,917.4593853585383,16.54978836732512,0.0004997501249375312,983.6536320764395,3.806554196738123,0.0004997501249375312,20352,19200,0.8497002560002329,,,,
S2,0.9,38400,191,3.0914570421676792,904.6131343175006,16.757166988225357,0.0004997501249375312,965.0947231674045,3.874029613613647,0.0004997501249375312,19968,19200,0.8759775159996934,,,,
S2,0.9,38400,192,3.2542770368980434,928.0283348990156,17.05720195203319,0.0004997501249375312,986.2504238671814,3.833694923714791,0.0004997501249375312,19584,19392,0.8442888810000113,,,,
S2,0.9,38400,193,3.053517746083815,849.6584190992883,16.453704231899003,0.0004997501249375312,906.3616595054102,3.8415281691399445,0.0004997501249375312,19584,19200,0.8638470659998347,,,,
S2,0.9,38400,194,3.164286171803778,897.2131618006384,16.638264180337924,0.0004997501249375312,963.024005090419,3.837924662279149,0.0004997501249375312,19776,19584,0.5981879219998518,,,,
S2,0.9,38400,195,3.063259885090748,886.7135783374323,16.270243705773975,0.0004997501249375312,921.9122565671139,3.8151540914352653,0.0004997501249375312,19200,19392,0.5494039049999628,,,,
S2,0.9,38400,196,3.2004264107046194,917.1258168874691,16.776476166735392,0.0004997501249375312,972.8169157694923,3.779178512052145,0.0004997501249375312,19584,19200,0.590079385000081,,,,
S2,0.9,38400,197,3.1836564637884326,928.5550086755542,16.584506707772363,0.0004997501249375312,975.1162136832949,3.806315687522679,0.0004997501249375312,19584,19584,0.5593468389997724,,,,
S2,0.9,38400,198,3.107763051261825,858.0943372477183,16.366527000778955,0.0004997501249375312,923.1918355380949,3.7719854060337523,0.0004997501249375312,20544,19584,0.8660560399998758,,,,
S2,0.9,38400,199,3.0879357996125996,885.6589675612264,16.293914089331928,0.0004997501249375312,978.1651359799397,3.778177622608791,0.0004997501249375312,19584,19392,0.8497630470001241,,,,
S2,0.9,38400,200,3.235624073999738,913.6318257792207,17.368416666189198,0.0004997501249375312,923.1491254080229,3.8240947534584424,0.0004997501249375312,19968,19200,0.5537897750000411,,,,
S2,0.9,38400,201,3.110183014333213,875.5982421214469,16.544061738942805,0.0004997501249375312,899.6870328034638,3.8222074238343042,0.0004997501249375312,19200,19392,0.5520366690002447,,,,
S2,0.9,38400,202,3.284565845247661,924.4935010009726,16.952529810234118,0.0004997501249375312,975.9639563151976,3.7373336148188594,0.0004997501249375312,19200,19200,0.8475714010000956,,,,
S2,0.9,38400,203,3.1612502418073847,906.8334133289995,16.733098041858064,0.0004997501249375312,965.9457850232782,3.817226528565048,0.0004997501249375312,19968,19584,0.8850875679995625,,,,
S2,0.9,38400,204,3.2194359996095825,927.9108185933353,17.107732987157426,0.0004997501249375312,979.1591035501958,3.8549844906759314,0.0004997501249375312,19200,19200,0.5600196469999901,,,,
S2,0.9,38400,205,3.2125638672927215,914.8861651417349,17.115452624441357,0.0004997501249375312,977.1746383701131,3.841445090201864,0.0004997501249375312,19776,19392,0.5604556940002112,,,,
S2,0.9,38400,206,3.199311627119638,956.175329011171,16.765566263310365,0.0004997501249375312,989.8158230088416,3.791128883906629,0.0004997501249375312,19200,19584,0.8688345230002597,,,,
S2,0.9,38400,207,3.100837671166457,888.542899478373,16.53126627424578,0.0004997501249375312,886.714585095022,3.7715019317496914,0.0004997501249375312,20736,19200,0.8968536719999065,,,,
S2,0.9,38400,208,3.1208707666423963,886.7997843651383,16.717551948854606,0.0004997501249375312,897.0664548834501,3.8358818077956442,0.0004997501249375312,20928,19200,0.5726525329996548,,,,
S2,0.9,38400,209,3.2119125631427248,857.1690616813869,17.020368081749865,0.0004997501249375312,854.4156994514148,3.871707622923066,0.0004997501249375312,20160,19584,0.5927383739999641,,,,
S2,0.9,38400,210,3.199726533433659,907.1134866469748,16.975042060041748,0.0004997501249375312,954.5224700116775,3.7072724367660896,0.0004997501249375312,19200,19200,0.8902411970002504,,,,
S2,0.9,38400,211,3.194379991159361,893.0393450503686,17.13009035649798,0.0004997501249375312,914.1404741257076,3.846720576767553,0.0004997501249375312,19200,19200,0.8537176290001298,,,,
S2,0.9,38400,212,3.312572188047074,919.7143699507982,17.527322678661733,0.0004997501249375312,931.7105114055618,3.765343151264917,0.0004997501249375312,22272,19200,0.5992861679997077,,,,
S2,0.9,38400,213,3.2282813107039283,896.2035140668122,17.353969731902456,0.0004997501249375312,892.4929812754098,3.7894087470621747,0.0004997501249375312,20544,19200,0.6537351669999225,,,,
S2,0.9,38400,214,3.3069983518700616,943.0057774194296,17.03380447882717,0.0004997501249375312,953.6155077753409,3.8534617824465953,0.0004997501249375312,19392,19392,0.8496027090000098,,,,
S2,0.9,38400,215,3.27824338260986,917.3614293439923,17.230905411319675,0.0004997501249375312,924.8369082666597,3.8077292662725464,0.0004997501249375312,19584,19584,0.8483487079997758,,,,
S2,0.9,38400,216,3.1459303181813345,899.5243804162868,16.8626153818947,0.0004997501249375312,935.6441712855764,3.8561843648179477,0.0004997501249375312,19200,19200,0.6319244450000951,,,,
S2,0.9,38400,217,3.1569767789030023,888.4147537511733,16.87063744756955,0.0004997501249375312,917.6281245387769,3.8576701709615833,0.0004997501249375312,20736,19200,0.6274086309999802,,,,
S2,0.9,38400,218,3.0756622326335625,884.8313400906934,16.722689646067295,0.0004997501249375312,939.9047443457706,3.780508674773936,0.0004997501249375312,19392,19200,0.8654506550001315,,,,
S2,0.9,38400,219,3.0977676598676624,905.0112109765649,16.367207317484777,0.0004997501249375312,942.7152031387466,3.821052154315742,0.0004997501249375312,19200,19200,0.8831580979999671,,,,
S2,0.9,38400,220,3.315523697976304,940.4266281449967,17.376368239381623,0.0004997501249375312,965.4117161580243,3.731274235422612,0.0004997501249375312,19392,19584,0.6125207999998565,,,,
S2,0.9,38400,221,3.1129258128547583,880.9941032192256,16.18169371109874,0.0004997501249375312,917.8807221622326,3.8677153122660095,0.0004997501249375312,19200,19200,0.6726319300000796,,,,
S2,0.9,38400,222,2.9968024132637527,833.8836106375376,16.12636467417607,0.0004997501249375312,922.6702541825281,3.822742157463911,0.0004997501249375312,20160,19200,0.8655770099999245,,,,
S2,0.9,38400,223,3.1026550208723243,923.8972606272752,16.84904261021422,0.0004997501249375312,959.9911952507184,3.8399449841313715,0.0004997501249375312,20352,19776,0.8912800019998031,,,,
S2,0.9,38400,224,3.3107493124198526,944.1338684240606,17.428087514216195,0.0004997501249375312,986.9161353891666,3.757851660607901,0.0004997501249375312,19200,19200,0.701467837999644,,,,
S2,0.9,38400,225,3.1885324491130564,899.8668169256318,16.394969452433255,0.0004997501249375312,914.8487252147328,3.7755449911823633,0.0004997501249375312,19584,19200,0.6526990649999789,,,,
S2,0.9,38400,226,3.354482957688108,930.3929176600711,17.37570782900075,0.0004997501249375312,933.243932130016,3.775439047424123,0.0004997501249375312,19584,19200,0.860599781000019,,,,
S2,0.9,38400,227,3.1416714777613937,928.2832888166541,16.888618347871837,0.0004997501249375312,976.5259650326544,3.847414922825197,0.0004997501249375312,19584,19584,0.8605330189998313,,,,
S2,0.9,38400,228,3.1364253305603866,907.9701364173767,16.29493189005007,0.0004997501249375312,900.6359242362305,3.8191629513625305,0.0004997501249375312,19776,19584,0.664801197000088,,,,
S2,0.9,38400,229,3.0973028733727466,889.7696920352587,16.62806720056681,0.0004997501249375312,908.4405040045993,3.9268413066372356,0.0004997501249375312,19200,19200,0.5604272929999752,,,,
S2,0.9,38400,230,3.028744682664754,856.6480865568439,15.965183373692184,0.0004997501249375312,915.1698601031469,3.832520347336128,0.0004997501249375312,19584,19776,0.5658073029999287,,,,
S2,0.9,38400,231,3.181505690444009,922.7983573684867,16.503257834540246,0.0004997501249375312,978.3364579261271,3.838978252937693,0.0004997501249375312,19200,19584,0.564597004999996,,,,
S2,0.9,38400,232,3.2583581347919996,930.7655947046293,17.05457177294351,0.0004997501249375312,959.4202500755932,3.887620094654392,0.0004997501249375312,19392,19392,0.8402818199997455,,,,
S2,0.9,38400,233,3.1882261894583066,899.1849560697955,16.582742114265738,0.0004997501249375312,954.6575016668818,3.86212665382972,0.0004997501249375312,19584,19392,0.870471913000074,,,,
S2,0.9,38400,234,3.1610341507831854,913.0263252983241,16.670941399461665,0.0004997501249375312,932.8212783270629,3.8536105377801224,0.0004997501249375312,19200,19200,0.8613964239998495,,,,
S2,0.9,38400,235,3.1827821189034453,901.0862434143547,16.828075848003238,0.0004997501249375312,955.365767809939,3.7774567752950645,0.0004997501249375312,19200,19200,0.8455897700000605,,,,
S2,0.9,38400,236,3.0505783337935917,857.9470905143515,16.416328075945987,0.0004997501249375312,893.2115382725096,3.890754604317828,0.0004997501249375312,19392,19200,0.55195678400014,,,,
S2,0.9,38400,237,3.398769254249935,968.5984229107802,17.92171569516393,0.0004997501249375312,946.9484830946112,3.8551847057445925,0.0004997501249375312,20352,19200,0.5602481060000173,,,,
S2,0.9,38400,238,3.088682680248307,850.9986775509759,16.29323717102636,0.0004997501249375312,931.8519116113018,3.767938484803154,0.0004997501249375312,19200,19200,0.5890870069997618,,,,
S2,0.9,38400,239,3.3760891121773082,965.9640002283234,17.82855677459858,0.0004997501249375312,972.2793206201599,3.765351231167885,0.0004997501249375312,19584,19200,0.5582804269997723,,,,
S2,0.9,38400,240,3.1192663200579136,871.561552542659,16.546503283646228,0.0004997501249375312,929.6305039431787,3.83006414643791,0.0004997501249375312,19968,19200,0.88126503400008,,,,
S2,0.9,38400,241,3.245834743030379,952.0559110567461,17.19486817342743,0.0004997501249375312,979.0662857787438,3.829200562679649,0.0004997501249375312,19200,19200,0.8549502670002767,,,,
S2,0.9,38400,242,3.0288909155364827,865.7074559535695,16.109131457945594,0.0004997501249375312,916.6646836106682,3.893226273823262,0.0004997501249375312,20160,19200,0.8592919220000113,,,,
S2,0.9,38400,243,3.2128476845028433,946.8126006923313,17.342083633539247,0.0004997501249375312,993.4792463130567,3.8396056777037826,0.0004997501249375312,19200,19200,0.8456297360003191,,,,
S2,0.9,38400,244,3.1558227572506374,895.3065686182317,16.653746338828306,0.0004997501249375312,943.8058364473234,3.7762579413156323,0.0004997501249375312,19392,19200,0.5480275139998412,,,,
S2,0.9,38400,245,3.162138586616803,875.5785165001697,16.47820396116642,0.0004997501249375312,884.3996191457823,3.7212801396887345,0.0004997501249375312,19200,19584,0.5529872029997023,,,,
S2,0.9,38400,246,3.3181073120301354,938.7332640743522,17.386346636882145,0.0004997501249375312,977.853850924399,3.8723489147140002,0.0004997501249375312,19584,19584,0.5510805710000568,,,,
S2,0.9,38400,247,3.2488207935249727,952.8002421883558,17.00231579988106,0.0004997501249375312,965.4148236957152,3.8064274980798984,0.0004997501249375312,19392,19392,0.5542822979996345,,,,
S2,0.9,38400,248,2.9747607684781783,844.5709497893831,15.915795373234376,0.0004997501249375312,912.0786673816751,3.826630572594746,0.0004997501249375312,19584,19392,0.8665831829998751,,,,
S2,0.9,38400,249,3.200631746843082,942.9379935925537,17.09000630966137,0.0004997501249375312,973.1295274227755,3.8188158597479718,0.0004997501249375312,19776,19200,0.8550831919997108,,,,
S2,0.9,38400,250,3.2693013369304267,933.6078910953532,16.93648747741095,0.0004997501249375312,955.0454540487864,3.834762395555333,0.0004997501249375312,19776,19584,0.5575429230002555,,,,
S2,0.9,38400,251,3.305769551964239,976.9479354545552,17.359587990489928,0.0004997501249375312,1007.3826050792848,3.769594274270828,0.0004997501249375312,19200,19200,0.5582897489998686,,,,
S2,0.9,38400,252,3.0619030772062166,883.328384894895,16.468663080981457,0.0004997501249375312,929.1149064330303,3.8204117034788907,0.0004997501249375312,20160,19200,0.844698089999838,,,,
S2,0.9,38400,253,3.0869285866869243,886.2517936066837,16.646998109381148,0.0004997501249375312,969.3800077001724,3.780678450256349,0.0004997501249375312,19200,19200,0.8633539630000087,,,,
S2,0.9,38400,254,3.251951059169262,918.535127222458,16.98708213879995,0.0004997501249375312,974.5470233648404,3.8669080459479757,0.0004997501249375312,19200,19200,0.5484984019999501,,,,
S2,0.9,38400,255,3.0636170028448624,932.0493650630578,16.03957546999548,0.0004997501249375312,1025.6054178194547,3.863599372306004,0.0004997501249375312,19776,19200,0.548057555000014,,,,
S2,0.9,38400,256,3.2702086878607717,902.8149204064541,16.776318319842524,0.0004997501249375312,958.2502514509974,3.760175509459242,0.0004997501249375312,19584,19200,0.8450106619998223,,,,
S2,0.9,38400,257,3.0307566822997045,772.2797255792386,16.384376332013833,0.0004997501249375312,813.252583491726,3.8382459835769125,0.0004997501249375312,19200,19200,0.8415095000000292,,,,
S2,0.9,38400,258,3.16761185366936,877.0067586853636,16.910441214641224,0.0004997501249375312,928.5068046996971,3.8146555322219258,0.0004997501249375312,19776,19776,0.8364726240001801,,,,
S2,0.9,38400,259,2.9346502467665316,841.5234716026895,15.824188398960487,0.0004997501249375312,910.1358715634648,3.879118366451978,0.0004997501249375312,19776,19392,0.8392042559999027,,,,
S2,0.9,38400,260,3.18544415234183,870.041348779951,16.793444597301015,0.0004997501249375312,865.5828201136758,3.8240696490524324,0.0004997501249375312,19392,19392,0.5628401539997867,,,,
S2,0.9,38400,261,3.1142100990723858,889.2658671662523,16.701866565102726,0.0004997501249375312,950.8299919921617,3.80810156961475,0.0004997501249375312,19776,19584,0.5468456640001023,,,,
S2,0.9,38400,262,3.296018254242878,929.6386371363141,16.962062607936698,0.0004997501249375312,975.9421073877825,3.7963898986331137,0.0004997501249375312,20544,19776,0.5590888840001753,,,,
S2,0.9,38400,263,3.247884458885909,891.9396836294382,17.390504494273813,0.0004997501249375312,942.8542813456099,3.8147909343170787,0.0004997501249375312,19584,19584,0.5554915979996622,,,,
S2,0.9,38400,264,3.0705264281212585,905.6089682436848,16.547549285079835,0.0004997501249375312,979.4244860698677,3.926996946426067,0.0004997501249375312,19392,19200,0.8633476659997541,,,,
S2,0.9,38400,265,3.1800777673931657,905.5100427668265,16.77166857611766,0.0004997501249375312,967.9626892634911,3.7838072479379288,0.0004997501249375312,19200,19392,0.8551067270000203,,,,
S2,0.9,38400,266,3.1993525656421014,932.6344486466346,16.93264335286654,0.0004997501249375312,983.5978321846018,3.7526838239179625,0.0004997501249375312,20352,19392,0.8592896119998841,,,,
S2,0.9,38400,267,3.249471636330347,884.7013455603815,17.005302621216703,0.0004997501249375312,938.0262376054529,3.8471766390580084,0.0004997501249375312,19200,19392,0.8680576480001037,,,,
S2,0.9,38400,268,3.0705835549610367,942.1017573275072,16.182073086078532,0.0004997501249375312,995.5217529663596,3.7586522813192524,0.0004997501249375312,19584,19584,0.548145717999887,,,,
S2,0.9,38400,269,3.1379252903920953,894.1931837043869,17.010171759725313,0.0004997501249375312,945.1037798701892,3.8578920955150338,0.0004997501249375312,19584,19200,0.5483084289999169,,,,
S2,0.9,38400,270,3.1190839324722184,848.1670995490664,16.6737214299479,0.0004997501249375312,949.2916597114349,3.7493440694035742,0.0004997501249375312,20160,19392,0.5603767029997471,,,,
S2,0.9,38400,271,3.0652385637105684,865.9394375876717,16.046618034186352,0.0004997501249375312,932.3639291046416,3.8110267392391166,0.0004997501249375312,19776,19392,0.5512300380000852,,,,
S2,0.9,38400,272,3.162633969108674,917.3017887799497,16.75590895884412,0.0004997501249375312,952.5394227654989,3.895188124881112,0.0004997501249375312,19776,19584,0.864521803000116,,,,
S2,0.9,38400,273,3.1140271701394373,896.6557815691746,16.630660983881047,0.0004997501249375312,925.9934079901975,3.910543215195837,0.0004997501249375312,19584,19200,0.867890738999904,,,,
S2,0.9,38400,274,3.067986333881185,886.3737905089146,16.647484572063213,0.0004997501249375312,912.6535127356759,3.9112730824771056,0.0004997501249375312,19776,19200,0.5552916289998393,,,,
S2,0.9,38400,275,3.072813915541213,889.7022993127674,16.139184092676953,0.0004997501249375312,956.4913767514619,3.76839360073534,0.0004997501249375312,19392,19200,0.5645573950000653,,,,
S2,0.9,38400,276,3.0160160472829727,851.3778964251071,16.402227733497657,0.0004997501249375312,902.3603720881474,3.9115796715203226,0.0004997501249375312,19968,19392,0.8521920719999798,,,,
S2,0.9,38400,277,3.294691497548409,935.2176825415636,17.265177723057157,0.0004997501249375312,951.269547922194,3.800990373989196,0.0004997501249375312,20352,19200,0.8458991139996215,,,,
S2,0.9,38400,278,3.139715284997329,905.8868368421297,16.915935125375974,0.0004997501249375312,930.8856888564015,3.8938736236675573,0.0004997501249375312,19776,19776,0.5450125470001694,,,,
S2,0.9,38400,279,3.2172509508250298,922.1785566133104,17.091197331979842,0.0004997501249375312,928.2297550949963,3.835629084382658,0.0004997501249375312,19776,19200,0.6157873470001505,,,,
S2,0.9,38400,280,3.062517513875834,869.6999527561613,16.47961182397935,0.0004997501249375312,951.0514224040287,3.8816434814161718,0.0004997501249375312,20352,19200,0.8476689869999063,,,,
S2,0.9,38400,281,3.1228702348395787,857.8900660107242,16.471930096269723,0.0004997501249375312,915.8114034510561,3.8022240755794,0.0004997501249375312,20160,19392,0.8846073139998225,,,,
S2,0.9,38400,282,3.225764321873163,890.9634713338844,16.906671165827042,0.0004997501249375312,906.1886123126963,3.8240730178198463,0.0004997501249375312,19392,19392,0.7058211479998135,,,,
S2,0.9,38400,283,3.216692484810538,944.3232889295405,17.07208475338172,0.0004997501249375312,950.664509841425,3.8522535304546484,0.0004997501249375312,20160,20160,0.7052153760000692,,,,
S2,0.9,38400,284,3.1423606087971065,880.2241980052372,16.6043043646761,0.0004997501249375312,917.7804199143952,3.8782659851534316,0.0004997501249375312,19392,19776,0.883903528999781,,,,
S2,0.9,38400,285,3.1332735454401854,877.2889790276149,16.430685156266474,0.0004997501249375312,913.3408033773159,3.7822909391154793,0.0004997501249375312,20160,19200,0.8751473580000493,,,,
S2,0.9,38400,286,3.1629024418787526,931.7326200531198,16.727425207253766,0.0004997501249375312,1018.1162473669527,3.8505384549159283,0.0004997501249375312,19200,19200,0.7083855750001931,,,,
S2,0.9,38400,287,3.309178739771067,938.080430206486,17.184380183942242,0.0004997501249375312,928.8412315453274,3.7868844580895176,0.0004997501249375312,19200,19584,0.6838288079998165,,,,
S2,0.9,38400,288,3.280705385065607,923.9492554447793,16.853708356738284,0.0004997501249375312,929.2674986151414,3.8404605491533252,0.0004997501249375312,19200,19200,0.8525272279998717,,,,
S2,0.9,38400,289,3.3067801123250757,942.6155976779938,16.776747129914764,0.0004997501249375312,934.7015710224831,3.8126445156343034,0.0004997501249375312,19200,19200,0.8743719049998617,,,,
S2,0.9,38400,290,3.2164457567221634,916.5090848624857,17.25911915024177,0.0004997501249375312,975.1927395348058,3.7790084841407605,0.0004997501249375312,20160,19392,0.6346429440000065,,,,
S2,0.9,38400,291,3.086290325288968,902.0990244226729,16.28035657240563,0.0004997501249375312,936.8544413356077,3.699216554386778,0.0004997501249375312,19584,19776,0.6123862790000203,,,,
S2,0.9,38400,292,3.1314784301869256,919.660987196292,16.73989863419649,0.0004997501249375312,970.1445250533121,3.787836639822439,0.0004997501249375312,19200,19392,0.6254325189997871,,,,
S2,0.9,38400,293,3.137358438333001,901.1877672252842,16.20601438005662,0.0004997501249375312,960.7129463822729,3.7223388033078275,0.0004997501249375312,19392,19392,0.6477523479998126,,,,
S2,0.9,38400,294,2.942450734708052,823.154345205087,15.692871997664632,0.0004997501249375312,921.6497805451403,3.8664026985643174,0.0004997501249375312,19968,19200,0.8457890160002535,,,,
S2,0.9,38400,295,3.052730237803482,872.6626848976582,16.48557813769695,0.0004997501249375312,907.0832513491173,3.939183794620613,0.0004997501249375312,20160,19776,0.8757142919998842,,,,
S2,0.9,38400,296,3.213227707725172,932.356650396652,17.004659101797973,0.0004997501249375312,998.1938620769018,3.7963583331638526,0.0004997501249375312,19776,19200,0.6393645070002094,,,,
S2,0.9,38400,297,3.082001318180331,868.189504152636,16.433235861888424,0.0004997501249375312,955.2476532986425,3.776167163647245,0.0004997501249375312,19200,19200,0.6245992509998359,,,,
S2,0.9,38400,298,3.008679981759461,862.6002768373295,16.424555824019567,0.0004997501249375312,949.8740194937187,3.7685321451401803,0.0004997501249375312,19968,19392,0.8425823990000936,,,,
S2,0.9,38400,299,3.1013457495275105,876.2786782200891,16.407540593686253,0.0004997501249375312,919.8041063861043,3.8096051729278826,0.0004997501249375312,19200,19392,0.8520503150002696,,,,
S2,0.9,38400,300,3.2758112392209884,960.2972712655118,17.23706337948828,0.0004997501249375312,978.6435535745784,3.800841233444514,0.0004997501249375312,19584,19776,0.6231205070002943,,,,
S2,0.9,38400,301,3.044323306735018,864.030194666184,16.442002811964734,0.0004997501249375312,926.6169507322892,3.845015042824817,0.0004997501249375312,20160,19392,0.5808336729996881,,,,
S2,0.9,38400,302,3.0826013042232083,909.7395725577408,16.38283686506124,0.0004997501249375312,979.7755862297809,3.7535477263116315,0.0004997501249375312,19776,19200,0.8612865029999739,,,,
S2,0.9,38400,303,3.226655231278545,911.3099491685584,17.2008682380161,0.0004997501249375312,921.5649749490199,3.7900165116754847,0.0004997501249375312,19584,19776,0.9130683659996066,,,,
S2,0.9,38400,304,3.2170973232056483,916.8021075077974,16.811227602097564,0.0004997501249375312,955.7120004790374,3.769672952166119,0.0004997501249375312,19200,19392,0.8995472880001216,,,,
S2,0.9,38400,305,3.1010199011629793,877.6033508012916,16.837048664978695,0.0004997501249375312,880.950150575323,3.8756317521107118,0.0004997501249375312,20928,19392,0.9112713510003232,,,,
S2,0.9,38400,306,3.2719211047301355,956.7670721235513,17.511299813045106,0.0004997501249375312,998.8211936708107,3.885275388270129,0.0004997501249375312,19776,19392,0.8514822299998741,,,,
S2,0.9,38400,307,3.2191587606724275,934.046245353872,17.01909804979223,0.0004997501249375312,970.3923882560872,3.8246551127777195,0.0004997501249375312,20352,19200,0.8388920460001827,,,,
S2,0.9,38400,308,3.2316781543941553,903.906553588465,17.11757931938818,0.0004997501249375312,917.3081089544424,3.7157629380785497,0.0004997501249375312,20928,19200,0.5446494190000521,,,,
S2,0.9,38400,309,3.097395590239425,857.7088200905895,16.216455101834587,0.0004997501249375312,885.9022845568717,3.832322530387863,0.0004997501249375312,19584,19776,0.5523778450001373,,,,
S2,0.9,38400,310,3.075345923487721,857.3228499578395,16.522925558395446,0.0004997501249375312,927.903190407443,3.7925770844053015,0.0004997501249375312,20544,19584,0.8801424059997771,,,,
S2,0.9,38400,311,3.1821086656666004,869.1131449627378,16.970171166588145,0.0004997501249375312,896.6778386650228,3.799869984757183,0.0004997501249375312,19776,19392,0.8938734270000168,,,,
S2,0.9,38400,312,2.987537254932422,877.7892889560933,15.956643692739643,0.0004997501249375312,937.7320772117862,3.9305064139557917,0.0004997501249375312,20544,19200,0.8969081059999553,,,,
S2,0.9,38400,313,3.209636936342916,893.6585343578548,16.927724479434588,0.0004997501249375312,904.2833617769409,3.936926851347964,0.0004997501249375312,19584,19200,0.8836773580001136,,,,
S2,0.9,38400,314,3.232125826546358,911.2979770526105,17.013360054138374,0.0004997501249375312,925.0491334926304,3.7520424112927575,0.0004997501249375312,19392,19392,0.8520157809998636,,,,
S2,0.9,38400,315,3.0874334637551604,857.5067861219111,16.65401459123736,0.0004997501249375312,923.9588454954621,3.799268635191306,0.0004997501249375312,19200,19200,0.9315288540001347,,,,
S2,0.9,38400,316,2.996312165399711,845.0750045236703,16.190019664924897,0.0004997501249375312,924.1511190941577,3.849002547792246,0.0004997501249375312,19200,19200,0.9120013689998814,,,,
S2,0.9,38400,317,3.1255930086568426,888.0937197578198,16.457074825878145,0.0004997501249375312,935.7358654551689,3.777484118456236,0.0004997501249375312,19392,19392,0.8944876659998044,,,,
S2,0.9,38400,318,3.1788377916611554,893.9112176573681,17.297004505274735,0.0004997501249375312,950.5146672547615,3.801833458976183,0.0004997501249375312,20160,19584,0.8908977670002969,,,,
S2,0.9,38400,319,3.2151853968022954,899.2714851170122,16.884853399226145,0.0004997501249375312,969.2419871918938,3.8308629906840728,0.0004997501249375312,19968,19584,0.9035327289998349,,,,
S2,0.9,38400,320,3.08608386324699,879.4272627494452,16.019340170415536,0.0004997501249375312,913.9336115369031,3.867211664973146,0.0004997501249375312,20544,19200,0.9250104059997284,,,,
S2,0.9,38400,321,2.9029716808658796,839.2375826575764,15.925359789333942,0.0004997501249375312,908.0726559779625,3.893691271905425,0.0004997501249375312,21888,19392,0.846892454999761,,,,
S2,0.9,38400,322,3.1509086706365754,879.0315053614923,16.35265503636498,0.0004997501249375312,945.1385308998722,3.812041884057403,0.0004997501249375312,20544,19200,0.660891157000151,,,,
S2,0.9,38400,323,3.218375864908782,915.4772723654921,16.781927034295784,0.0004997501249375312,957.3571047936531,3.7680264630030433,0.0004997501249375312,19968,19200,0.5537813009996171,,,,
S2,0.9,38400,324,3.140576911441091,859.9176749703162,17.088295718915166,0.0004997501249375312,928.6282745049459,3.807203064444472,0.0004997501249375312,19200,19200,0.8566208389997882,,,,
S2,0.9,38400,325,3.252375947091459,908.9371527648605,17.1144535889215,0.0004997501249375312,946.1409974036013,3.7927470987128418,0.0004997501249375312,20736,19584,0.8450266700001521,,,,
S2,0.9,38400,326,3.0241604903685344,902.1166729170363,16.378694034281374,0.0004997501249375312,985.6640370380597,3.8844456455597935,0.0004997501249375312,19584,19392,0.8816643589998421,,,,
S2,0.9,38400,327,3.16520772580896,908.7738389465248,16.93827811669343,0.0004997501249375312,936.1009549067477,3.7798737147733115,0.0004997501249375312,19392,19200,0.9397087289999035,,,,
S2,0.9,38400,328,2.9818340602532425,856.359437184929,15.933590749876032,0.0004997501249375312,945.1566546849324,3.8890135666632064,0.0004997501249375312,19584,19584,0.9080821009997635,,,,
S2,0.9,38400,329,3.188864924833016,890.2134436027964,17.218577995733455,0.0004997501249375312,926.8230538964837,3.829096431365571,0.0004997501249375312,19584,19392,0.9681849010003134,,,,
S2,0.9,38400,330,3.0740472499164895,845.0628641721153,16.507653235621223,0.0004997501249375312,917.2118698023875,3.825088532976566,0.0004997501249375312,19200,19200,0.8583250699998644,,,,
S2,0.9,38400,331,3.095834367721647,866.861185852248,16.659999465325377,0.0004997501249375312,920.5971879375256,3.7623883061923546,0.0004997501249375312,19968,19584,0.9670550480000202,,,,
S2,0.9,38400,332,3.134690545214289,910.1425453915283,16.938830118271447,0.0004997501249375312,947.62034572005,3.8715462617306837,0.0004997501249375312,19200,19200,0.8650794809996114,,,,
S2,0.9,38400,333,3.2647981673949213,911.5281431861978,16.829243986548224,0.0004997501249375312,901.1385204893586,3.8407997396741864,0.0004997501249375312,19392,19200,0.8558708240002488,,,,
S2,0.9,38400,334,3.1443153071454724,882.9710705274597,16.74251477466761,0.0004997501249375312,884.6805755210742,3.836636287429742,0.0004997501249375312,20928,19776,0.9692753989997982,,,,
S2,0.9,38400,335,3.216808832609074,899.5142882232888,16.844798225508253,0.0004997501249375312,930.0868917717997,3.7932671221410943,0.0004997501249375312,19584,19392,0.9619132269999682,,,,
S2,0.9,38400,336,3.0485876955276683,839.129081447299,16.419387601358924,0.0004997501249375312,904.7335207377948,3.7501630473960925,0.0004997501249375312,19584,19392,0.955581150999933,,,,
S2,0.9,38400,337,3.132714776219616,880.0623211344753,16.82767100384182,0.0004997501249375312,924.8396682500675,3.8215726542763493,0.0004997501249375312,20352,19584,0.966979813999842,,,,
S2,0.9,38400,338,3.211761031496584,905.6040024000993,17.11938984880632,0.0004997501249375312,955.6019207855371,3.824074949534795,0.0004997501249375312,19200,19392,0.9167392489998747,,,,
S2,0.9,38400,339,3.1490665230629578,906.4558323439292,16.44772550602268,0.0004997501249375312,960.2567699558215,3.7740504978453386,0.0004997501249375312,19392,19200,0.9612043430001904,,,,
S2,0.9,38400,340,3.20479255684794,935.7894771961616,17.2825056790855,0.0004997501249375312,965.1839444895451,3.8714511261346,0.0004997501249375312,19392,19392,0.842400090999945,,,,
S2,0.9,38400,341,3.092931898645092,900.7549280024023,16.440758837080576,0.0004997501249375312,989.5237639014365,3.841565280255148,0.0004997501249375312,19200,19392,0.8587955549996877,,,,
S2,0.9,38400,342,3.13828701004764,920.0368036787842,16.48119734116324,0.0004997501249375312,950.2989797833989,3.904903198486348,0.0004997501249375312,20928,19584,0.984183819000009,,,,
S2,0.9,38400,343,3.0083103725599116,855.1002804433624,16.10869488068507,0.0004997501249375312,908.1477083075974,3.8281470405858493,0.0004997501249375312,19392,19392,0.9504556580000099,,,,
S2,0.9,38400,344,3.16441617399127,865.8677220258312,17.10104796591256,0.0004997501249375312,889.8366795252755,3.7186753729921165,0.0004997501249375312,19200,19392,0.9312882250001167,,,,
S2,0.9,38400,345,3.0461544154748355,868.5106072427434,16.068281286494006,0.0004997501249375312,903.6592814709916,3.782065825048277,0.0004997501249375312,20160,19584,0.900811786000304,,,,
S2,0.9,38400,346,3.1916155483232633,911.1903657760278,16.977701282879906,0.0004997501249375312,971.3793010617446,3.817160064191009,0.0004997501249375312,19392,19392,0.850149151000096,,,,
S2,0.9,38400,347,3.2858011026333953,887.2858248183343,17.464646253471923,0.0004997501249375312,936.2505365251274,3.7787535967795325,0.0004997501249375312,20736,19584,0.8498830500002441,,,,
S2,0.9,38400,348,3.060846726291863,859.9593285947378,16.568345002448247,0.0004997501249375312,912.6030887562005,3.8320987177050725,0.0004997501249375312,19200,19200,0.9576610689996414,,,,
S2,0.9,38400,349,3.0477928110570156,866.8666387735959,16.12200049937027,0.0004997501249375312,892.3640013278037,3.8580109650117613,0.0004997501249375312,19968,19392,0.7956970300001558,,,,
S2,0.9,38400,350,3.1034674011829013,857.9078956848662,16.796032288378775,0.0004997501249375312,899.8510607045836,3.85235188992872,0.0004997501249375312,19200,19584,0.9457537540001795,,,,
S2,0.9,38400,351,3.2098203257294773,912.1943959875068,16.91332270856661,0.0004997501249375312,941.9568638780273,3.8354476072261843,0.0004997501249375312,19584,19200,0.8743749830000525,,,,
S2,0.9,38400,352,3.13042062162173,886.9427380229004,16.61350527585616,0.0004997501249375312,915.6558630580454,3.7431120148741517,0.0004997501249375312,21120,19584,0.9082920319997356,,,,
S2,0.9,38400,353,3.4357273132263018,959.8457960276501,17.87492607891466,0.0004997501249375312,931.4556454398236,3.818923062866806,0.0004997501249375312,19392,19392,0.9524892869999348,,,,
S2,0.9,38400,354,3.252857084741128,973.3013751086268,17.05824250867347,0.0004997501249375312,992.4693883282187,3.7507426852315118,0.0004997501249375312,19776,19776,0.8425284060003833,,,,
S2,0.9,38400,355,3.239592113853506,933.218134904067,17.17029830638207,0.0004997501249375312,969.6734873378952,3.8176547670030336,0.0004997501249375312,20160,19584,0.8507919250000668,,,,
S2,0.9,38400,356,3.0936541603055496,889.3968199995207,16.386861132326565,0.0004997501249375312,961.1622838938296,3.8225351597920243,0.0004997501249375312,19968,19584,0.546125032999953,,,,
S2,0.9,38400,357,3.174759591792003,899.9497674806719,16.95198652009132,0.0004997501249375312,933.677198752129,3.727968737168817,0.0004997501249375312,19200,19200,0.5582763479997084,,,,
S2,0.9,38400,358,3.0921825270416488,867.722941336587,15.994490734211718,0.0004997501249375312,891.850301736729,3.8269461800949784,0.0004997501249375312,20160,19584,0.9322130319997086,,,,
S2,0.9,38400,359,3.359577186925981,944.535472275113,17.93399179535653,0.0004997501249375312,940.4784614433034,3.7963257035447713,0.0004997501249375312,20352,19200,0.9495042760004253,,,,
S2,0.9,38400,360,3.047340786842167,906.8267603834906,15.853047477302601,0.0004997501249375312,983.4424098086057,3.869304755226602,0.0004997501249375312,20544,19584,0.846886368000014,,,,
S2,0.9,38400,361,3.0917316675398188,879.6930116415629,16.404133341392328,0.0004997501249375312,916.3088376407874,3.7810726500740417,0.0004997501249375312,20544,19200,0.864535745000012,,,,
S2,0.9,38400,362,3.139373681960383,916.8904203928254,16.658857038226195,0.0004997501249375312,960.0359950605242,3.7353369127655895,0.0004997501249375312,21504,20160,0.9336518239997531,,,,
S2,0.9,38400,363,3.2271836101433355,950.5985014014811,16.73578383153914,0.0004997501249375312,963.2285775984919,3.7874772968884103,0.0004997501249375312,19200,19392,0.9025724029997946,,,,
S2,0.9,38400,364,3.1385024456472936,889.42219986502,16.45351607355777,0.0004997501249375312,964.7384788429849,3.8629438286437208,0.0004997501249375312,20160,19200,0.5463521510000646,,,,
S2,0.9,38400,365,3.19138115849714,914.4048085516205,16.824876602672084,0.0004997501249375312,954.9166681148765,3.814944319841602,0.0004997501249375312,19392,19584,0.555605094999919,,,,
S2,0.9,38400,366,3.1434239655575364,895.9472124452672,16.615535572269287,0.0004997501249375312,933.2181501809024,3.7404766814376385,0.0004997501249375312,19776,19776,0.9159764080000059,,,,
S2,0.9,38400,367,3.0666276015820912,851.7486751501232,16.511952986296567,0.0004997501249375312,934.9282111516166,3.891753053747529,0.0004997501249375312,19968,19200,0.9060278040001322,,,,
S2,0.9,38400,368,3.1780435210242026,894.0253981930497,17.053623109487287,0.0004997501249375312,905.7246856677384,3.8126904648939988,0.0004997501249375312,19584,19200,0.847685974000342,,,,
S2,0.9,38400,369,2.936078875258029,827.6529706655936,15.655743377526688,0.0004997501249375312,921.1318433065153,3.8545583162304697,0.0004997501249375312,19200,19392,0.9069707670000753,,,,
S2,0.9,38400,370,3.182840064929922,949.2919532246788,16.61227443515201,0.0004997501249375312,978.8966024213127,3.8109750931623982,0.0004997501249375312,19200,19584,0.9094590489999064,,,,
S2,0.9,38400,371,3.2105897592086348,857.4462757247384,16.770643846864743,0.0004997501249375312,853.932053898992,3.7828993019912334,0.0004997501249375312,20352,19200,0.8991992280002705,,,,
S2,0.9,38400,372,3.144443761438287,904.5070410616347,16.256726629424477,0.0004997501249375312,966.179839125785,3.897468606976359,0.0004997501249375312,19200,19392,0.5914238710001882,,,,
S2,0.9,38400,373,3.261266574821716,959.2707333204293,17.45085209962827,0.0004997501249375312,1015.3786765188447,3.7953738393580996,0.0004997501249375312,19584,19392,0.9232417260000148,,,,
S2,0.9,38400,374,3.0384846331456057,830.8539223309642,16.126725318991962,0.0004997501249375312,905.5512652242222,3.798618783217363,0.0004997501249375312,19584,19392,0.8698985340001855,,,,
S2,0.9,38400,375,3.124443462605879,880.6462295870062,16.80876532948863,0.0004997501249375312,927.9575066979876,3.81770831988723,0.0004997501249375312,19200,19200,0.941192527000112,,,,
S2,0.9,38400,376,3.252886568487649,964.4273325791461,17.266814828525426,0.0004997501249375312,976.3028324650936,3.8032659839585956,0.0004997501249375312,19392,19200,0.8930539069997394,,,,
S2,0.9,38400,377,3.179005745652664,908.1552022520754,16.561295323392372,0.0004997501249375312,932.8864765897779,3.7561318943036515,0.0004997501249375312,19200,19200,0.8595876730000782,,,,
S2,0.9,38400,378,2.990581004073168,815.1980824549033,16.175955893340397,0.0004997501249375312,888.3774232098657,3.7287977345115744,0.0004997501249375312,19776,19584,0.9186386360001961,,,,
S2,0.9,38400,379,3.146697885684104,849.7987890165608,16.572502676427057,0.0004997501249375312,920.2474892024121,3.856650856230688,0.0004997501249375312,19776,19584,0.9278947209995749,,,,
S2,0.9,38400,380,3.194449869421355,905.7083583948876,16.70423986851451,0.0004997501249375312,921.8599473865769,3.850681546626998,0.0004997501249375312,19392,19200,0.8374402089998512,,,,
S2,0.9,38400,381,3.2298700054904934,944.8574935413175,17.201358011726857,0.0004997501249375312,980.4145231949497,3.7947329524415108,0.0004997501249375312,19584,19200,0.5601021150000633,,,,
S2,0.9,38400,382,3.1886685293196932,878.5693356381736,16.801161725281297,0.0004997501249375312,940.8426160204467,3.7638718612393873,0.0004997501249375312,19392,19392,0.9131239059997824,,,,
S2,0.9,38400,383,3.2088097807307303,904.2537822077594,17.221890038280634,0.0004997501249375312,954.2647468063769,3.764991555903346,0.0004997501249375312,19776,19392,0.9377530249998927,,,,
S2,0.9,38400,384,3.1182939642045318,879.0215832341033,16.30221500607528,0.0004997501249375312,929.5113444684259,3.8215552909630013,0.0004997501249375312,19200,19968,0.8602868569996645,,,,
S2,0.9,38400,385,3.0864224895164334,860.1495110105959,16.508199580912795,0.0004997501249375312,895.2226549682481,3.8849401476057306,0.0004997501249375312,20160,19392,0.8366223359998912,,,,
S2,0.9,38400,386,3.147356596763604,892.6798936917027,16.646749971212568,0.0004997501249375312,971.532612155455,3.871573525801637,0.0004997501249375312,19392,19584,0.9349092259999452,,,,
S2,0.9,38400,387,3.183757295709057,896.6614827512855,16.866888814883488,0.0004997501249375312,903.3849499169538,3.757939105403592,0.0004997501249375312,21504,19392,0.9201537260000805,,,,
S2,0.9,38400,388,3.1772154929651446,929.6397084053382,16.94373531037681,0.0004997501249375312,990.9879693375605,3.837819634575557,0.0004997501249375312,19200,19392,0.552919779000149,,,,
S2,0.9,38400,389,3.165941728132907,905.8154231894254,16.852729189061556,0.0004997501249375312,963.700329459209,3.887521727512498,0.0004997501249375312,19776,19200,0.5527598319999925,,,,
S2,0.9,38400,390,3.1346782580454087,917.9366390305972,16.760189405482773,0.0004997501249375312,1021.8275690729816,3.8942915694790883,0.0004997501249375312,19200,19200,0.9216452919999938,,,,
S2,0.9,38400,391,3.301754054579281,903.8268038879937,17.357962926298587,0.0004997501249375312,924.2745184869672,3.8333487716265946,0.0004997501249375312,20544,19200,0.867735625000023,,,,
S2,0.9,38400,392,3.2990499176408985,908.9611852804363,17.489495437736124,0.0004997501249375312,869.999434280324,3.7801487347817564,0.0004997501249375312,19392,19200,0.552589732999877,,,,
S2,0.9,38400,393,3.0730312534526307,883.5573526506511,16.170892667523827,0.0004997501249375312,969.1246857304011,3.82953890787601,0.0004997501249375312,19776,19392,0.5457755490001546,,,,
S2,0.9,38400,394,3.1316058370173034,861.7420257090515,16.25922487050083,0.0004997501249375312,904.7168122681963,3.838447046595811,0.0004997501249375312,19200,19392,0.8967423700000836,,,,
S2,0.9,38400,395,3.23755405951588,916.6522845968607,17.227766875174606,0.0004997501249375312,960.1781726412161,3.7761173102665415,0.0004997501249375312,19392,19392,0.9151893040002506,,,,
S2,0.9,38400,396,3.161844754815374,904.6976872827541,16.649379446983623,0.0004997501249375312,1000.7503997150687,3.8370974781399636,0.0004997501249375312,19584,19200,0.5499596879999444,,,,
S2,0.9,38400,397,3.207691350763347,948.6065459435671,16.678466683695785,0.0004997501249375312,1021.0644518835885,3.7598723610374023,0.0004997501249375312,20736,19392,0.5586678700001357,,,,
S2,0.9,38400,398,3.004220201718509,875.0263455566056,16.605439216060503,0.0004997501249375312,944.9208796186907,3.869856027079131,0.0004997501249375312,19392,19392,0.9027503400002388,,,,
S2,0.9,38400,399,3.040468145936737,835.913196225854,16.345304432209485,0.0004997501249375312,930.0616926391239,3.83064287916411,0.0004997501249375312,19776,19776,0.8676526019999073,,,,
S2,0.9,38400,400,3.3073468920641966,932.2860471612388,16.934335588783433,0.0004997501249375312,953.5891606609529,3.790391580709974,0.0004997501249375312,19776,19392,0.5624320509996323,,,,
S2,0.9,38400,401,2.978791983553818,854.2779396067658,15.911284181883723,0.0004997501249375312,938.1294178586786,3.8717275051925193,0.0004997501249375312,19200,19200,0.5427826039999673,,,,
S2,0.9,38400,402,3.0355772181545824,838.6002283223525,16.190257207138743,0.0004997501249375312,898.3470871114926,3.9266849210162498,0.0004997501249375312,19584,19200,0.8652872299999217,,,,
S2,0.9,38400,403,3.109231075614045,902.3067927870075,16.692987558669596,0.0004997501249375312,933.088899480515,3.915396733482124,0.0004997501249375312,20160,19392,0.8762046070000906,,,,
S2,0.9,38400,404,2.9222107497479453,803.3601460085204,15.855479293603437,0.0004997501249375312,864.9824834646412,3.8385503684651323,0.0004997501249375312,19392,19200,0.5467673050002304,,,,
S2,0.9,38400,405,3.2695003395063496,918.9129043197962,17.547499608184083,0.0004997501249375312,973.3270358876296,3.797022847887557,0.0004997501249375312,20160,19200,0.5591123270000935,,,,
S2,0.9,38400,406,3.269976400832776,919.5850378124646,16.635271201981393,0.0004997501249375312,924.1898904644397,3.7576921761388538,0.0004997501249375312,19200,19200,0.8522758720000638,,,,
S2,0.9,38400,407,3.11726774755511,927.4172675689272,16.4656831348291,0.0004997501249375312,1010.8187586736094,3.8738572288788387,0.0004997501249375312,19200,19200,0.8695221119996859,,,,
S2,0.9,38400,408,2.985137210909382,836.3458893659242,16.184373922500125,0.0004997501249375312,908.1355767636738,3.9115423244229763,0.0004997501249375312,19200,19200,0.5391162200003237,,,,
S2,0.9,38400,409,3.2306996643470227,894.240157632683,16.45115004075326,0.0004997501249375312,958.8834253697886,3.8217876947460323,0.0004997501249375312,19200,19200,0.5596354640001664,,,,
S2,0.9,38400,410,3.2065820240757756,904.9016600108,17.062673716060832,0.0004997501249375312,942.8219811374553,3.855265404294907,0.0004997501249375312,20736,19392,0.8464348249999603,,,,
S2,0.9,38400,411,2.971534640287694,885.3938314425392,16.193298555377662,0.0004997501249375312,955.6116278077553,3.871207289935622,0.0004997501249375312,19776,19392,0.8572275420001461,,,,
S2,0.9,38400,412,3.0940130039588634,853.8461253048267,16.80782307297195,0.0004997501249375312,905.6540208928125,3.849044598995078,0.0004997501249375312,19584,19968,0.5697915939999803,,,,
S2,0.9,38400,413,3.003738115128001,885.1780341394218,15.7853531265808,0.0004997501249375312,942.3018243318625,3.887267297960176,0.0004997501249375312,20544,19392,0.6365083470000172,,,,
S2,0.9,38400,414,3.1869402627141907,929.4905303629872,16.822915090835203,0.0004997501249375312,993.30253195992,3.7870307504668514,0.0004997501249375312,20352,19200,0.6011862259997542,,,,
S2,0.9,38400,415,2.9973447749741293,832.2214250197106,15.9916484794413,0.0004997501249375312,916.1719880542089,3.893187404866372,0.0004997501249375312,19200,19200,0.6216755450000164,,,,
S2,0.9,38400,416,3.120631882524182,865.4102992563708,16.3357564224267,0.0004997501249375312,876.1092615795384,3.8208286061736514,0.0004997501249375312,19200,19200,0.862025337000432,,,,
S2,0.9,38400,417,3.045586973408188,892.1420892179327,16.45814378788124,0.0004997501249375312,986.970819967452,3.8585041890783502,0.0004997501249375312,19200,19200,0.8485321980001572,,,,
S2,0.9,38400,418,2.970049533263565,873.8317378348246,16.13432640073176,0.0004997501249375312,929.7735025625976,3.8033315231399762,0.0004997501249375312,19392,19200,0.8760291140001755,,,,
S2,0.9,38400,419,3.052332842700988,871.6541650369408,16.301531750342733,0.0004997501249375312,953.1889186658879,3.8109040567839094,0.0004997501249375312,19968,19584,0.8654599399997096,,,,
S2,0.9,38400,420,3.2804779833040887,910.8819643049628,17.064996107978214,0.0004997501249375312,905.9101543537924,3.8256117790177284,0.0004997501249375312,19200,19200,0.6930713870001455,,,,
S2,0.9,38400,421,3.3529320421919486,954.7409211625308,17.730149361118695,0.0004997501249375312,971.4765977627803,3.776673644352915,0.0004997501249375312,19200,19200,0.6866358810002566,,,,
S2,0.9,38400,422,3.177408995597796,913.5124995032527,17.14203777177672,0.0004997501249375312,931.8686785351165,3.741474659523542,0.0004997501249375312,19200,19392,0.6890157230000113,,,,
S2,0.9,38400,423,3.118222441044867,907.5479714832877,16.72616205670264,0.0004997501249375312,953.0101683780982,3.7950560729943157,0.0004997501249375312,19584,19200,0.667849773999933,,,,
S2,0.9,38400,424,3.2101653164866106,907.3428876392612,16.921659956153906,0.0004997501249375312,950.6343805915099,3.765763607266729,0.0004997501249375312,19968,19200,0.8906644810003854,,,,
S2,0.9,38400,425,3.243499973398895,931.301369227333,17.14902439114273,0.0004997501249375312,991.078427254061,3.8079930578329884,0.0004997501249375312,19200,19200,0.8475548059996072,,,,
S2,0.9,38400,426,3.0846333432415327,838.5245001227472,16.392495131181917,0.0004997501249375312,871.9464057976295,3.7237734361410997,0.0004997501249375312,19392,19200,0.6168520619999072,,,,
S2,0.9,38400,427,3.2099361478676327,885.5023791976913,16.793969074934093,0.0004997501249375312,946.2743658076089,3.7624175650075653,0.0004997501249375312,19392,19584,0.6622105790002024,,,,
S2,0.9,38400,428,2.9944890187128412,907.5408115908239,15.659055748927615,0.0004997501249375312,983.8867014103406,3.828373324920248,0.0004997501249375312,20544,19200,0.8794536099999277,,,,
S2,0.9,38400,429,3.1765280599763517,929.138071985018,17.0774665659851,0.0004997501249375312,938.6828875955019,3.7620643019745494,0.0004997501249375312,19584,19584,0.9023839980000048,,,,
S2,0.9,38400,430,3.124350427930059,865.4111104369719,16.70847588580079,0.0004997501249375312,957.8516101682051,3.8050163631139022,0.0004997501249375312,19200,19200,0.6242236250000133,,,,
S2,0.9,38400,431,2.9907242285130784,853.1825301086769,16.494350478585485,0.0004997501249375312,859.7374172598529,3.9222420057408334,0.0004997501249375312,19200,19200,0.6589578899997832,,,,
S2,0.9,38400,432,3.208847776202234,890.1975361085435,17.006759483513203,0.0004997501249375312,913.3748389703032,3.7335457142200013,0.0004997501249375312,19392,19392,0.8637135310000303,,,,
S2,0.9,38400,433,3.104507305066761,902.5433956305534,16.579087099042713,0.0004997501249375312,931.3096957037784,3.846506905245663,0.0004997501249375312,19200,19392,0.8720548619999136,,,,
S2,0.9,38400,434,3.0748915214691963,890.6239933103575,16.76057630105916,0.0004997501249375312,930.1071480397366,3.7835671896891374,0.0004997501249375312,19392,19392,0.6512275229997613,,,,
S2,0.9,38400,435,3.327196052484774,927.9677536097927,17.520409663121324,0.0004997501249375312,952.9889430248669,3.73186922195928,0.0004997501249375312,19584,19776,0.6703026169998338,,,,
S2,0.9,38400,436,3.0419706374567514,830.4766264152678,16.093619051911034,0.0004997501249375312,911.1848817984092,3.7943946652419283,0.0004997501249375312,19584,19200,0.6432602390000284,,,,
S2,0.9,38400,437,3.1493372068188092,914.0944554377279,16.835272217071346,0.0004997501249375312,917.3456542569328,3.8294762949784444,0.0004997501249375312,19584,19392,0.6592219449998993,,,,
S2,0.9,38400,438,3.15673606565345,892.4197415834977,16.67292990231257,0.0004997501249375312,940.3333245335014,3.8785584935294084,0.0004997501249375312,20352,19584,0.8720660510002745,,,,
S2,0.9,38400,439,3.047790706174039,888.1533069503178,16.237043728809315,0.0004997501249375312,937.3535066809015,3.8392110992147765,0.0004997501249375312,19200,19200,0.8546604269999989,,,,
S2,0.9,38400,440,3.055109378082103,884.9581968640422,16.14213652777287,0.0004997501249375312,930.3284917750891,3.859537280241509,0.0004997501249375312,19200,19392,0.8758909119997043,,,,
S2,0.9,38400,441,3.153244157637749,883.4970374316862,16.983488984138813,0.0004997501249375312,943.87740380581,3.8492312873805363,0.0004997501249375312,19968,19200,0.8668347420002647,,,,
S2,0.9,38400,442,3.1125048869129435,912.2017259639423,16.162177926675074,0.0004997501249375312,980.3384152832167,3.8618272195097343,0.0004997501249375312,19776,19584,0.5739688629996635,,,,
S2,0.9,38400,443,3.2707710729927806,920.0885389590559,16.875137957955342,0.0004997501249375312,1005.2291373531593,3.764171875148757,0.0004997501249375312,19776,19392,0.5568723540000065,,,,
S2,0.9,38400,444,3.0169128180395726,847.2072270983704,16.255456913369144,0.0004997501249375312,934.6320745692116,3.8054378062500263,0.0004997501249375312,20544,19392,0.5486104070000692,,,,
S2,0.9,38400,445,3.001499599153807,887.6266691517156,15.933123175626971,0.0004997501249375312,952.6755982104261,3.9462494494427194,0.0004997501249375312,19776,19200,0.5418243109998002,,,,
S2,0.9,38400,446,3.1187304100767816,869.7332341425039,16.413400654336712,0.0004997501249375312,924.4400634794976,3.7911998982615356,0.0004997501249375312,19200,19200,0.8738585040000544,,,,
S2,0.9,38400,447,3.281596032069722,922.591887598008,17.1611622043262,0.0004997501249375312,917.0156765490384,3.8457716346995166,0.0004997501249375312,19968,19200,0.8530393089999961,,,,
S2,0.9,38400,448,3.1718410662066936,869.8639255382359,16.519525759307875,0.0004997501249375312,915.337511660769,3.845890690213343,0.0004997501249375312,20928,19200,0.552018721999957,,,,
S2,0.9,38400,449,3.3800346832370787,1014.739123719893,17.561463801897993,0.0004997501249375312,1005.0342145465604,3.8786480710420914,0.0004997501249375312,19392,19200,0.5659405999999763,,,,
S2,0.9,38400,450,3.160489968291385,837.9657985810326,16.632035476478244,0.0004997501249375312,862.9419039285607,3.7645631914407702,0.0004997501249375312,19200,19200,0.8522959540000556,,,,
S2,0.9,38400,451,3.3461749673224057,941.2474627597045,17.356790337161865,0.0004997501249375312,934.634857242033,3.7401023735592434,0.0004997501249375312,19584,19200,0.8809143220000806,,,,
S2,0.9,38400,452,2.9903976096148357,865.1324320240029,16.28207617443905,0.0004997501249375312,950.5530659011953,3.784944558232403,0.0004997501249375312,19968,19392,0.5504271339996194,,,,
S2,0.9,38400,453,3.2608771045184315,928.8697923982085,17.355756272398192,0.0004997501249375312,955.278350107765,3.8103872484615664,0.0004997501249375312,19200,19200,0.5657469560001118,,,,
S2,0.9,38400,454,3.0663927562173003,915.1036972436466,16.331605958079088,0.0004997501249375312,968.6651286036231,3.8222700900418025,0.0004997501249375312,21312,19200,0.8791993540003205,,,,
S2,0.9,38400,455,3.2178704459953584,876.8176499025969,16.966037544556688,0.0004997501249375312,925.9236957979643,3.7178756806327025,0.0004997501249375312,19200,19200,0.864626799999769,,,,
S2,0.9,38400,456,3.0951499670222042,858.7614274087571,16.299738267985806,0.0004997501249375312,883.8631168538017,3.734751310544557,0.0004997501249375312,19200,19392,0.5480306800000108,,,,
S2,0.9,38400,457,2.9561805893226873,853.5724128488445,16.060422113497406,0.0004997501249375312,892.9642668950676,3.893948741520641,0.0004997501249375312,19968,19200,0.5441306199995779,,,,
S2,0.9,38400,458,2.9675074420059095,845.1617881035787,16.40559741977837,0.0004997501249375312,886.1412142600363,3.8902328611427217,0.0004997501249375312,19200,19200,0.5382689680000112,,,,
S2,0.9,38400,459,3.1757606715590034,930.3536606928745,16.33138328578816,0.0004997501249375312,973.3109178044307,3.8100708380598243,0.0004997501249375312,20352,19584,0.5543521059998966,,,,
S2,0.9,38400,460,3.0667015663603356,899.7558216871695,16.543628304511582,0.0004997501249375312,961.8011613944765,3.8113288839636223,0.0004997501249375312,19584,19200,0.8581755049999629,,,,
S2,0.9,38400,461,3.092643386709951,873.8324340362764,16.511057614124017,0.0004997501249375312,956.6552895703203,3.7739264964507395,0.0004997501249375312,20352,19200,0.8550964890000614,,,,
S2,0.9,38400,462,3.023435709014205,849.0924157392186,16.76165692643745,0.0004997501249375312,863.4260748050239,3.7843799544043324,0.0004997501249375312,19200,19200,0.837542828000096,,,,
S2,0.9,38400,463,3.193556067456468,924.0235512130482,16.96901175728333,0.0004997501249375312,980.9082360181088,3.92520043451402,0.0004997501249375312,20160,19776,0.8473999999996522,,,,
S2,0.9,38400,464,3.0909706701652353,818.4037910705342,16.266876697300432,0.0004997501249375312,872.768510862864,3.7828125692435948,0.0004997501249375312,19584,19584,0.8477181339999333,,,,
S2,0.9,38400,465,3.152004809491253,907.9306437083897,16.494128943391914,0.0004997501249375312,959.7476546295342,3.750444453251893,0.0004997501249375312,20736,19584,0.8699064560000807,,,,
S2,0.9,38400,466,3.1204930120080827,901.9225089116532,17.049783935291693,0.0004997501249375312,971.8693301367537,3.8061585357973216,0.0004997501249375312,19200,19200,0.5460772470000848,,,,
S2,0.9,38400,467,3.172771225535224,931.0029102815832,16.996371194624565,0.0004997501249375312,968.9207006935015,3.9099689107881774,0.0004997501249375312,19200,19200,0.5583770200000799,,,,
S2,0.9,38400,468,3.1160336291165245,912.4818672434286,16.52214965061061,0.0004997501249375312,958.8184102366208,3.790741164669152,0.0004997501249375312,20736,19200,0.5488564779998342,,,,
S2,0.9,38400,469,3.255034470196528,947.2376132152814,17.175549204090853,0.0004997501249375312,966.3073747481557,3.8002055263501204,0.0004997501249375312,20736,19200,0.5620863959998132,,,,
S2,0.9,38400,470,3.3071939330095614,939.8403025566129,16.952910023368037,0.0004997501249375312,975.945616412936,3.7700021287671115,0.0004997501249375312,19584,19200,0.8513230539997494,,,,
S2,0.9,38400,471,3.1563845546467304,887.9347859428719,16.625126494201247,0.0004997501249375312,895.092928113076,3.7827671601575377,0.0004997501249375312,19200,19968,0.8816210690001753,,,,
S2,0.9,38400,472,3.0592877169100685,888.3901291538072,16.175836862432355,0.0004997501249375312,968.2342333587931,3.829485802389202,0.0004997501249375312,19776,19200,0.8469034999998257,,,,
S2,0.9,38400,473,3.0456826758139743,832.8461011650774,16.152531529707716,0.0004997501249375312,915.4844579681343,3.8499094785985055,0.0004997501249375312,19200,19200,0.7166402859998016,,,,
S2,0.9,38400,474,3.050153139964641,857.0392399433847,16.2448824208707,0.0004997501249375312,917.594110362394,3.7855606541906086,0.0004997501249375312,20160,19200,0.5536436819998016,,,,
S2,0.9,38400,475,3.1981384740973096,923.1192342555001,16.800285711971696,0.0004997501249375312,957.7653606151825,3.7826070414700013,0.0004997501249375312,19392,19392,0.5659984399999303,,,,
S2,0.9,38400,476,3.2060379640839547,927.4813047656128,16.76094507727094,0.0004997501249375312,966.0961812385729,3.7242199602161334,0.0004997501249375312,19584,19200,0.5623470320001616,,,,
S2,0.9,38400,477,3.036766204779974,851.6538896438853,16.21911565475307,0.0004997501249375312,866.5274273215973,3.8263655398124237,0.0004997501249375312,19392,19392,0.6374938650001241,,,,
S2,0.9,38400,478,3.116203812789861,907.5005305031942,16.407943638560774,0.0004997501249375312,952.9954721800199,3.8262695860874,0.0004997501249375312,20160,19584,0.8610067810000146,,,,
S2,0.9,38400,479,3.220327388116545,885.2880389022513,17.282124490389812,0.0004997501249375312,958.8140751477409,3.7968066350373912,0.0004997501249375312,22272,19392,0.8471766809998371,,,,
S2,0.9,38400,480,3.3676181109039636,955.9507204762255,16.94088821238868,0.0004997501249375312,987.5486654908555,3.6788643611538863,0.0004997501249375312,19776,19392,0.5548552979998931,,,,
S2,0.9,38400,481,3.121551716394931,886.6638461248451,16.733734112853515,0.0004997501249375312,938.9417994516831,3.7849797815749118,0.0004997501249375312,19776,19200,0.565788010000233,,,,
S2,0.9,38400,482,2.9810137424230803,886.6479440126028,15.705560752385756,0.0004997501249375312,964.3228499931436,3.748041693628743,0.0004997501249375312,19200,19392,0.5401892600002611,,,,
S2,0.9,38400,483,3.351608139188796,980.3416484132717,17.741542127282937,0.0004997501249375312,987.6786135267383,3.763868699590734,0.0004997501249375312,20160,19200,0.5735390469999402,,,,
S2,0.9,38400,484,3.121558527966408,901.5634791184978,16.28612007200845,0.0004997501249375312,991.1478232068374,3.858253688467795,0.0004997501249375312,19968,19200,0.8630112109999573,,,,
S2,0.9,38400,485,2.982155187283497,849.4842663233271,15.972129387829275,0.0004997501249375312,907.1610236935383,3.9304270514698887,0.0004997501249375312,19200,19200,0.8601412000002711,,,,
S2,0.9,38400,486,3.1061365906990965,847.0840187278693,16.331609608557812,0.0004997501249375312,919.714603928394,3.7863165843976114,0.0004997501249375312,20352,19392,0.8817452829998729,,,,
S2,0.9,38400,487,2.978279797199207,869.8711725271577,16.1784553381732,0.0004997501249375312,935.9154328925049,3.8816430189935702,0.0004997501249375312,19776,19584,0.8342719550000766,,,,
S2,0.9,38400,488,3.1176772520727427,883.1846155013721,16.735164239234408,0.0004997501249375312,911.2816838266017,3.7354976735528433,0.0004997501249375312,19200,19200,0.5525563129999682,,,,
S2,0.9,38400,489,3.1368963674400283,914.7239909837339,16.39347772867007,0.0004997501249375312,983.1695374642165,3.8463505792213644,0.0004997501249375312,19200,19200,0.5527353190000213,,,,
S2,0.9,38400,490,3.193215485874348,899.876956202802,16.61120041462213,0.0004997501249375312,955.2520282515621,3.820685404320113,0.0004997501249375312,19584,19200,0.5633126069997161,,,,
S2,0.9,38400,491,3.013397598067314,863.4523233568975,16.561247757059068,0.0004997501249375312,921.4405057004985,3.8651501356392783,0.0004997501249375312,19968,19584,0.5575406590000966,,,,
S2,0.9,38400,492,3.046123293825768,835.8675005890767,16.312141989598953,0.0004997501249375312,918.4409867190777,3.884986123679342,0.0004997501249375312,19584,19200,0.8333490620002522,,,,
S2,0.9,38400,493,3.34487905418323,937.7857446834439,17.555512967118045,0.0004997501249375312,929.9761308121323,3.7367221616394786,0.0004997501249375312,19584,19584,0.8879133890000048,,,,
S2,0.9,38400,494,3.271858545204376,939.839095121049,17.279503826072723,0.0004997501249375312,967.21480206305,3.8411170797389724,0.0004997501249375312,20544,19392,0.8523566200001369,,,,
S2,0.9,38400,495,3.210124290909582,899.2781763841018,16.95547836492119,0.0004997501249375312,909.4011706906014,3.851327073194878,0.0004997501249375312,19392,19392,0.8296994239999549,,,,
S2,0.9,38400,496,3.1157278747266073,881.1785562288123,16.75885038174799,0.0004997501249375312,925.3790166245639,3.9000330042846327,0.0004997501249375312,20160,19200,0.540054064999822,,,,
S2,0.9,38400,497,3.329989622359688,955.3561095303069,17.185773824588637,0.0004997501249375312,971.680828560326,3.8637825820355105,0.0004997501249375312,20352,19392,0.5466351619998022,,,,
S2,0.9,38400,498,3.2507324011958447,963.7970098852747,17.176204464731388,0.0004997501249375312,989.8332044167934,3.806635401604399,0.0004997501249375312,19200,19200,0.5476290100000369,,,,
S2,0.9,38400,499,3.3553255289350297,971.522303411873,17.206596817605334,0.0004997501249375312,1015.0410574829955,3.783164426420956,0.0004997501249375312,19968,19392,0.5466461129999516,,,,
